MeshVersionFormatted 1

Dimension
2

Identifier
";2, Date: 26/03/29 18:36 42s"

Geometry
"Maillage.mesh.gmsh"

Vertices
2125
0.027 0.000276 4
0.027 0.002484 19
0.027 0 3
0.0268838851713 0.000133134644068 0
0.0267744436215 0.000276 4
0.027 0.00276 20
0.0268838851713 0.00262686532163 0
0.0267744436215 0.002484 18
0.027 0.00179351244953 11
0.027 0.00158675622476 11
0.0267756790257 0 2
0.0266699469531 0.000137999976765 0
0.0265629795249 0.000276 4
0.0267756790257 0.00276 20
0.0266699469531 0.00262199998894 0
0.0265629795249 0.002484 18
0.027 0.002208 12
0.027 0.00200026867429 11
0.0267880898474 0.00189737808884 0
0.0268409431667 0.00174206716285 0
0.0268585609398 0.00151799999889 0
0.027 0.00138 11
0.027 0.000759731325707 11
0.027 0.000552 11
0.027 0.00117324377524 11
0.027 0.000966487550471 11
0.0268587265696 0.000828325009955 0
0.0265654503334 0 2
0.0264591005734 0.000137999976765 0
0.0263515154283 0.000276 4
0.0265654503334 0.00276 20
0.0264591005734 0.00262199998894 0
0.0263515154283 0.002484 18
0.0267885866818 0.002208 12
0.0267174531253 0.00206983747594 0
0.0268585609398 0.00124199999447 0
0.026618263636 0.00187679997422 0
0.0267171219211 0.00165599998728 0
0.0267406950632 0.0014029999763 0
0.0267885866818 0.000552 10
0.0266821347642 0.00070731092322 0
0.0267455090861 0.0010487999886 0
0.0266818863472 0.000862621876866 0
0.0263552216412 0 2
0.0262482541661 0.000137999976765 0
0.0261400513317 0.000276 4
0.0263552216412 0.00276 20
0.0262482541661 0.00262199998894 0
0.0261400513317 0.002484 18
0.0265761797145 0.002208 12
0.0265228295554 0.00205268904248 0
0.0264342438283 0.0019319999917 0
0.0265992560168 0.00112699997188 0
0.0266228292143 0.00128799995372 0
0.0263841197766 0.00174799993343 0
0.0265019856532 0.00163299996616 0
0.0265624074061 0.00146049991845 0
0.0265761797145 0.000552 10
0.026491018186 0.000717599994357 0
0.0265756828747 0.000965999990042 0
0.0261449929489 0 2
0.0260374077864 0.000137999976765 0
0.0259285872351 0.000276 4
0.0261449929489 0.00276 20
0.0260374077864 0.00262199998894 0
0.0259285872351 0.002484 18
0.0263637727472 0.002208 12
0.0262928048096 0.00206999998008 0
0.0262662539276 0.00186299998368 0
0.0264342438283 0.00110399997842 0
0.0263870974888 0.00133399994062 0
0.0262868493853 0.00160999997271 0
0.0263637727472 0.000552 10
0.0262928048096 0.000689999985617 0
0.026363524319 0.000965999990042 0
0.0259347642566 0 2
0.025826561379 0.000137999976765 0
0.0257171231385 0.000276 4
0.0259347642566 0.00276 20
0.025826561379 0.00262199998894 0
0.0257171231385 0.002484 18
0.0261513657799 0.002208 12
0.0261248149089 0.00200099999972 0
0.026098264027 0.00179399997566 0
0.026071713145 0.00158699997925 0
0.0262264276047 0.00113849998244 0
0.0261513657632 0.00137999998285 0
0.0261513657632 0.000758999993638 0
0.0261513657799 0.000552 10
0.0261513657632 0.000965999990042 0
0.0257245355643 0 2
0.0256157149993 0.000137999976765 0
0.0255056590419 0.000276 4
0.0257245355643 0.00276 20
0.0256157149993 0.00262199998894 0
0.0255056590419 0.002484 18
0.0259389587905 0.00200099999972 0
0.0259389588127 0.002208 12
0.0259389587905 0.00179399997566 0
0.0258991324676 0.00158699997925 0
0.0259389588127 0.000552 10
0.0259389587905 0.00137999998285 0
0.0257265518178 0.00137999998285 0
0.0260186114087 0.00117299998645 0
0.0259389587905 0.000965999990042 0
0.0259389587905 0.000758999993638 0
0.025514306872 0 2
0.025404868592 0.000137999976765 0
0.0252941949453 0.000276 4
0.025514306872 0.00276 20
0.025404868592 0.00262199998894 0
0.0252941949453 0.002484 18
0.0257265518178 0.00179399997566 0
0.0257265518454 0.002208 12
0.0257265518178 0.00200099999972 0
0.0257265518178 0.00158699997925 0
0.0257265518454 0.000552 10
0.0255672465814 0.00137999992753 0
0.0257265518178 0.00117299998645 0
0.0257265518178 0.000965999990042 0
0.0257265518178 0.000758999993638 0
0.0253040781797 0 2
0.0251940222123 0.000137999976765 0
0.0250827308487 0.000276 4
0.0253040781797 0.00276 20
0.0251940222123 0.00262199998894 0
0.0250827308487 0.002484 18
0.0255141448727 0.00200099999972 0
0.0255141448727 0.00179399997566 0
0.0255141448781 0.002208 12
0.0253813905183 0.00169049996363 0
0.0255141448727 0.00158699997925 0
0.0255141448781 0.000552 10
0.0254079413726 0.00137999998285 0
0.0255141448727 0.00117299998645 0
0.025567246609 0.000965999990042 0
0.0254875939908 0.000758999993638 0
0.0250938494874 0 2
0.024983175805 0.000137999976765 0
0.0248712667522 0.000276 4
0.0250938494874 0.00276 20
0.024983175805 0.00262199998894 0
0.0248712667522 0.002484 18
0.0253282887543 0.00200099999972 0
0.0252486361638 0.00179399997566 0
0.0253017379108 0.002208 12
0.0252220852818 0.00158699997925 0
0.0253017379 0.000758999993638 0
0.0253017379108 0.000552 10
0.0251955343998 0.00137999998285 0
0.0253017379 0.00117299998645 0
0.0253017379 0.000965999990042 0
0.0248836207951 0 2
0.0247723294253 0.000137999976765 0
0.0246598026556 0.000276 4
0.0248836207951 0.00276 20
0.0247723294253 0.00262199998894 0
0.0246598026556 0.002484 18
0.0250893309436 0.002208 12
0.0250893309273 0.00179399997566 0
0.0250893309273 0.00200099999972 0
0.0250495046044 0.00158699997925 0
0.0250893309273 0.000758999993638 0
0.0250893309436 0.000552 10
0.0249831274548 0.00137999998285 0
0.0250893309273 0.00117299998645 0
0.0250893309273 0.000965999990042 0
0.0246733921028 0 2
0.0245614830179 0.000137999976765 0
0.024448338559 0.000276 4
0.0246733921028 0.00276 20
0.0245614830179 0.00262199998894 0
0.024448338559 0.002484 18
0.0248769239546 0.00200099999972 0
0.0248769239763 0.002208 12
0.0248769239546 0.00158699997925 0
0.0248769239546 0.00179399997566 0
0.024664517009 0.000552 10
0.0249034748366 0.000758999993638 0
0.0248769239763 0.000552 10
0.0248238221907 0.00137999992753 0
0.0248769239546 0.00117299998645 0
0.0248238222183 0.000965999990042 0
0.0244631634105 0 2
0.0242368744624 0.000276 4
0.0243506366382 0.000137999976765 0
0.0244631634105 0.00276 20
0.0243506366382 0.00262199998894 0
0.0242368744624 0.002484 18
0.0246645169819 0.00200099999972 0
0.024664517009 0.002208 12
0.0246645169819 0.00158699997925 0
0.0246114152456 0.00179399997566 0
0.0244521100417 0.000552 10
0.0246645169819 0.000758999993638 0
0.0246645169819 0.00137999998285 0
0.0247043432772 0.00117299998645 0
0.0246645169819 0.000965999990042 0
0.0245052117454 0.00137999992753 0
0.0242529347182 0 2
0.0240254103658 0.000276 4
0.0241397902309 0.000137999976765 0
0.0242529347182 0.00276 20
0.0241397902309 0.00262199998894 0
0.0240254103658 0.002484 18
0.0242397030745 0.000552 10
0.0244521100417 0.002208 12
0.0244521100368 0.00200099999972 0
0.0244521100368 0.00179399997566 0
0.0244521100368 0.00158699997925 0
0.0244255591549 0.000758999993638 0
0.0244521100368 0.000965999990042 0
0.0245317626274 0.00117299998645 0
0.0242397030641 0.000758999993638 0
0.0243459065366 0.00137999998285 0
0.0240427060259 0 2
0.0238160671507 0.000275969591606 4
0.0239289661177 0.000137999976765 0
0.0240427060259 0.00276 20
0.0239289661177 0.00262199998894 0
0.0238160671507 0.00248403040839 18
0.0240272961072 0.000552 10
0.0242397030745 0.002208 12
0.0242397030641 0.00158699997925 0
0.0242131521822 0.00200099999972 0
0.0242397030641 0.00179399997566 0
0.0242397030641 0.000965999990042 0
0.0242397030641 0.00117299998645 0
0.0240009989649 0.000758996480783 0
0.0240272960914 0.000965999990042 0
0.0241334995639 0.00137999998285 0
0.0238325218851 0 2
0.023625 0.000276 5
0.0237205335677 0.000137984791271 0
0.0238325218851 0.00276 20
0.0237205335677 0.00262201520209 0
0.023625 0.002484 18
0.0238169190989 0.000552027980989 10
0.0240272961072 0.002208 12
0.0240272960914 0.00200099999972 0
0.0240272960914 0.00158699997925 0
0.0240272960914 0.00179399997566 0
0.023816919079 0.000759020960131 0
0.0240272960914 0.00117299998645 0
0.023816919079 0.000966013986144 0
0.0239221075852 0.00137998598675 0
0.0238169190989 0.00220797201901 12
0.023625 0 2
0.0234640510889 0.000284071178893 5
0.0235405632527 0.000149028932746 0
0.023625 0.00276 21
0.0234640510889 0.00247592882111 17
0.0235405632527 0.00261097106062 0
0.0236447250646 0.000722197520219 0
0.023625 0.000552 10
0.0238432162056 0.00200097549271 0
0.0237493835445 0.00162524219793 0
0.0238695133321 0.00179397900917 0
0.0235928102034 0.00088481421779 0
0.023816919079 0.0011730069845 0
0.0236853016727 0.00107231258238 0
0.0237275361273 0.00143673199263 0
0.0236249999931 0.002042399999 0
0.023625 0.002208 13
0.0234222236828 0 1
0.0232964079822 0.000300083509913 6
0.0233593158073 0.000150041741576 0
0.0232964079822 0.00245991649009 17
0.0234222236828 0.00276 21
0.0232592333889 0.00260995822413 0
0.0234640510721 0.0007111430338 0
0.0234640510889 0.000543928821107 9
0.0234640510721 0.000878357284893 0
0.0236249999931 0.00187679997422 0
0.0236249999931 0.00154559997997 0
0.0236249999931 0.0017111999771 0
0.0234640510721 0.00104557150833 0
0.0234197586097 0.00117358818231 0
0.0235445255326 0.00138403556245 0
0.0235606204136 0.00121762846601 0
0.0234640510721 0.0020488569319 0
0.0234640510889 0.00221607117889 13
0.0231097510492 0.00032601208087 6
0.0232964079822 0.000527916490087 9
0.0232220588248 0 1
0.0231644628507 0.000167192166572 0
0.0231097510492 0.00243398791913 16
0.0231160025648 0.002589694192 0
0.0232220588248 0.00276 21
0.0230226180557 0.000178575644367 0
0.0233160451986 0.000725662025671 0
0.023296407976 0.000906620255236 0
0.0234640510721 0.00171442845738 0
0.0234287026443 0.00186011487812 0
0.0234640510721 0.00154721423394 0
0.023296407976 0.00109597216288 0
0.0233737360796 0.00130660525414 0
0.0232964079822 0.00223208350991 14
0.023296407976 0.00204273161811 0
0.0231097510492 0.00225801208087 14
0.0229415010595 0.000359234663707 7
0.0231097510492 0.00050198791913 8
0.02313012477 0.000690829130185 0
0.0230218939667 0 1
0.0229415010595 0.00240076533629 16
0.0229794581434 0.00257037614146 0
0.0230218939667 0.00276 21
0.0228849513184 0.000189623824242 0
0.0230777307497 0.000842506214481 0
0.0231097510372 0.00102879516096 0
0.0232541700639 0.00184058647115 0
0.023296407976 0.00166402783048 0
0.023296407976 0.00147467592284 0
0.0231912460237 0.00125735280549 0
0.0231097510372 0.00208240965429 0
0.0231097510372 0.00190680722951 0
0.0229415010595 0.00229123466371 15
0.022956117071 0.00213580107667 0
0.0227650116952 0.000272921846154 0
0.022797 0.000414 7
0.0229415010595 0.000468765336293 8
0.0229415010469 0.000634444339909 0
0.0229415010469 0.000800123390114 0
0.0227969999798 0.000711230744549 0
0.0228217291086 0 1
0.022797 0.002346 15
0.0228085744795 0.00253977322203 0
0.0228217291086 0.00276 21
0.0226961760723 0.00014195578412 0
0.0229415010469 0.000965802412659 0
0.0230463483635 0.00117624063725 0
0.0231097510372 0.00173120480474 0
0.0231512214042 0.00158108045795 0
0.0231097510372 0.00137999998285 0
0.0229053757801 0.00182192598847 0
0.0229707331228 0.00198036753266 0
0.0228933340153 0.00166548975929 0
0.0227969999798 0.00204876922115 0
0.0227969999798 0.002197384589 0
0.0227969999798 0.00100846153557 0
0.0226510243708 0.000352086039146 0
0.0227347987858 0.000563497684327 0
0.0228331252466 0.000883308641062 0
0.0226725108214 0.000713203973639 0
0.0226215642506 0 1
0.0226796340351 0.00226620444562 0
0.0226822471018 0.00247248458322 0
0.0226851285839 0.00260999838685 0
0.0226215642506 0.00276 21
0.0225574880067 0.000150001578849 0
0.0227969999798 0.00115707690342 0
0.0229182628154 0.0011663965647 0
0.0229415010469 0.00129716045775 0
0.0230155674225 0.00150357922868 0
0.0227969999798 0.00175153845779 0
0.0227969999798 0.00190015382564 0
0.0226774642797 0.00170869611319 0
0.0227969999798 0.00160292306228 0
0.0226404815996 0.0020438686216 0
0.022571933201 0.00216334745212 0
0.0224987850083 0.000287515382481 0
0.02267243766 0.00101601315173 0
0.0225534182114 0.000577822252087 0
0.0225261016099 0.000432668817284 0
0.022608051442 0.000868129121693 0
0.0225422888762 0.000709094098522 0
0.0224213993925 0 1
0.0225568077298 0.00233822614566 0
0.0225275122012 0.00253977322203 0
0.0224213993925 0.00276 21
0.0223401373674 0.000220226743674 0
0.0226404419901 0.00117032634373 0
0.0227969999798 0.00130569229893 0
0.0227969999798 0.00145430766678 0
0.0226294205577 0.00183041246678 0
0.022553678135 0.00166433037863 0
0.022650866237 0.0015738555097 0
0.0225100413318 0.00187706241496 0
0.0224766479327 0.00203873899492 0
0.022452828863 0.00222377094761 0
0.0224083776305 0.000385253702766 0
0.0225432633479 0.00102384438566 0
0.0224152042431 0.000628158651808 0
0.0224628302672 0.000817080442089 0
0.0222212345344 0 1
0.0223401373674 0.00253977322203 0
0.0224284027331 0.00241351903345 0
0.0223292932927 0.00228726484488 0
0.0222212345344 0.00276 21
0.0221745662476 0.00260999838685 0
0.0221745662476 0.000150001578849 0
0.0221740431364 0.000338968289425 0
0.0226083707523 0.0013254245345 0
0.0224765458386 0.00118419684033 0
0.0226296184947 0.0014496400221 0
0.0224537887854 0.00175731998196 0
0.0223969630626 0.00163468414532 0
0.0224986185488 0.00154357187289 0
0.0223575515608 0.00186479165069 0
0.0223049906937 0.00207307737991 0
0.0222836583939 0.000544382024063 0
0.0223748519046 0.00101495467577 0
0.0223122497747 0.000764147876101 0
0.0220210696764 0 1
0.0221981003611 0.0022008246151 0
0.0221985295103 0.00237558691418 0
0.0220764620925 0.00250005159325 0
0.0220210696764 0.00276 21
0.0221448157627 0.000504243250592 0
0.0220014706187 0.00026956366682 0
0.0220010107666 0.000462669931994 0
0.0223225963793 0.00113759161882 0
0.0224091129791 0.00134626865803 0
0.022269924622 0.00168080143948 0
0.0223401373674 0.00151204830868 0
0.0221255718141 0.00202774682711 0
0.0221986909911 0.00185200823078 0
0.0221620763309 0.00108899731889 0
0.0221547944578 0.000708798631406 0
0.0221985754541 0.000911579162662 0
0.0218209048183 0 1
0.0218209048056 0.00019714285659 0
0.0219760014474 0.0020000984682 0
0.0220516853962 0.00220532945137 0
0.0219759357542 0.00238739021971 0
0.0218209048183 0.00276 21
0.0218209048056 0.00256285713677 0
0.0219911640386 0.000651278663219 0
0.0218209048056 0.000591428565343 0
0.0218209048056 0.000394285697136 0
0.0221920810138 0.00122299558385 0
0.0222220856967 0.00135699387647 0
0.0220200030067 0.00118206832642 0
0.0221254274827 0.00158400179847 0
0.0219791611089 0.00181403044438 0
0.0218209048056 0.00197142855981 0
0.0220139229174 0.000995902827775 0
0.0220139229174 0.000851437608411 0
0.0216207399602 0 1
0.0216350374294 0.00019714285659 0
0.0217780123405 0.00216857142802 0
0.0218209048056 0.00236571426856 0
0.0216207399602 0.00276 21
0.0216207399411 0.00256285713677 0
0.0218209048056 0.00078857140589 0
0.0215921449644 0.000394285697136 0
0.0216636324061 0.000591428565343 0
0.0220260830959 0.00136823382507 0
0.0218651095573 0.00118245808744 0
0.0219195873372 0.00161289727645 0
0.0217494173639 0.0017742856916 0
0.0216207399411 0.00197142855981 0
0.0218209048056 0.000985714274097 0
0.0214205751022 0 1
0.0214205750766 0.00019714285659 0
0.0214205750766 0.000394285697136 0
0.0216207399411 0.00216857142802 0
0.0216207399411 0.00236571426856 0
0.0214205751022 0.00276 21
0.0214062775882 0.00256285713677 0
0.0216207399411 0.00078857140589 0
0.0214205750766 0.000591428565343 0
0.0213061951698 0.00049285711741 0
0.0214777650576 0.00197142855981 0
0.0216135911969 0.00167571424367 0
0.0217065248988 0.0011828571423 0
0.0218209048056 0.00137999998285 0
0.0217351198755 0.00157714285106 0
0.021492062546 0.0017742856916 0
0.0215492524994 0.000985714274097 0
0.0212204102441 0 1
0.0212204102398 0.00019714285659 0
0.0211918152631 0.000394285697136 0
0.0214634675693 0.00216857142802 0
0.0213419388907 0.00206999998008 0
0.0213919800999 0.00236571426856 0
0.0212204102398 0.00236571426856 0
0.0212204102441 0.00276 21
0.0212204102398 0.00256285713677 0
0.0214205750766 0.00078857140589 0
0.021299046398 0.000689999985617 0
0.0211775177471 0.000591428565343 0
0.0213490876349 0.00187285711188 0
0.0215063600343 0.00157714285106 0
0.021534955011 0.0011828571423 0
0.0216207399411 0.00137999998285 0
0.021356236379 0.00167571424367 0
0.0213776826116 0.00108428569437 0
0.021020245386 0 1
0.0210202453753 0.00019714285659 0
0.0210202453753 0.000394285697136 0
0.0212204102398 0.00197142855981 0
0.0212204102398 0.00216857142802 0
0.021048840352 0.00236571426856 0
0.021020245386 0.00276 21
0.0210345428636 0.00256285713677 0
0.0212204102398 0.000985714274097 0
0.0211632202587 0.00078857140589 0
0.0210202453753 0.000591428565343 0
0.0212204102398 0.0017742856916 0
0.0213204926582 0.00137999998285 0
0.0212204102398 0.00157714285106 0
0.0212204102398 0.0011828571423 0
0.020820080528 0 1
0.0208343779991 0.00019714285659 0
0.0208629729758 0.000591428565343 0
0.0208486754875 0.000394285697136 0
0.0210774353287 0.00197142855981 0
0.0210202453753 0.00216857142802 0
0.0208200805108 0.00236571426856 0
0.020820080528 0.00276 21
0.0208200805108 0.00256285713677 0
0.0210559890961 0.000985714274097 0
0.0208772704642 0.00078857140589 0
0.0210202453753 0.00078857140589 0
0.0210202453753 0.0017742856916 0
0.0211203277937 0.00137999998285 0
0.0210202453753 0.00157714285106 0
0.0210202453753 0.0011828571423 0
0.0206199156699 0 1
0.0206342131346 0.00019714285659 0
0.020662808139 0.000591428565343 0
0.0205913206696 0.000394285697136 0
0.0207771880457 0.00216857142802 0
0.0208200805108 0.00197142855981 0
0.0206199156463 0.00256285713677 0
0.0206199156463 0.00236571426856 0
0.0206199156699 0.00276 21
0.0207485930414 0.000887142826163 0
0.0206199156463 0.00078857140589 0
0.0208915679525 0.000985714274097 0
0.0207485930691 0.0017742856916 0
0.0208844192083 0.00167571424367 0
0.0209201629569 0.00137999998285 0
0.0208629729482 0.0011828571423 0
0.0204197508118 0 1
0.0204197508095 0.00019714285659 0
0.0204197508095 0.000394285697136 0
0.0204197508095 0.000591428565343 0
0.0204197508095 0.00078857140589 0
0.0206199156463 0.00216857142802 0
0.0206199156463 0.00197142855981 0
0.0204340482978 0.00256285713677 0
0.0204197508095 0.00236571426856 0
0.0204197508118 0.00276 21
0.0206199156463 0.000985714274097 0
0.0204197508095 0.000985714274097 0
0.020705700604 0.0011828571423 0
0.0206270643905 0.00167571424367 0
0.0207342955807 0.00157714285106 0
0.0207199980924 0.00137999998285 0
0.020305370875 0.00049285711741 0
0.0202195859538 0 1
0.020219585945 0.00019714285659 0
0.0201909909683 0.000394285697136 0
0.0201766934799 0.000591428565343 0
0.0202767758983 0.00078857140589 0
0.0204769407628 0.00197142855981 0
0.0204197508095 0.00216857142802 0
0.0204197508095 0.0017742856916 0
0.0202195859538 0.00276 21
0.020219585945 0.00236571426856 0
0.020219585945 0.00256285713677 0
0.020219585945 0.000985714274097 0
0.0204197508095 0.0011828571423 0
0.0205198332279 0.00137999998285 0
0.0205055357395 0.00157714285106 0
0.0200194210957 0 1
0.0200551648013 0.000985714274097 0
0.0200194210805 0.00019714285659 0
0.0200194210805 0.000591428565343 0
0.0200194210805 0.000394285697136 0
0.0200194210805 0.00078857140589 0
0.0203339658517 0.00157714285106 0
0.020219585945 0.00216857142802 0
0.020219585945 0.0017742856916 0
0.020219585945 0.00197142855981 0
0.0200194210957 0.00276 21
0.0200194210805 0.00236571426856 0
0.0200051235921 0.00256285713677 0
0.020219585945 0.0011828571423 0
0.0203196683634 0.00137999998285 0
0.0198192562376 0 1
0.019819256216 0.00019714285659 0
0.0200194210805 0.0011828571423 0
0.0198907436854 0.000985714274097 0
0.019819256216 0.000394285697136 0
0.019862148681 0.000591428565343 0
0.019819256216 0.00078857140589 0
0.0201052060105 0.00157714285106 0
0.0199765286154 0.00216857142802 0
0.0200194210805 0.00197142855981 0
0.0200194210805 0.0017742856916 0
0.0198192562376 0.00276 21
0.019819256216 0.00256285713677 0
0.019819256216 0.00216857142802 0
0.019819256216 0.00236571426856 0
0.0200194210805 0.00137999998285 0
0.0196190913796 0 1
0.0196190913791 0.00019714285659 0
0.0196190913791 0.000394285697136 0
0.019819256216 0.0011828571423 0
0.0197477687743 0.000985714274097 0
0.0196190913791 0.00078857140589 0
0.0196190913791 0.000591428565343 0
0.0199336361504 0.00157714285106 0
0.019819256216 0.00197142855981 0
0.019819256216 0.0017742856916 0
0.0196190913796 0.00276 21
0.0196333888675 0.00256285713677 0
0.0196190913791 0.00236571426856 0
0.0196619838442 0.00216857142802 0
0.019819256216 0.00137999998285 0
0.0194189265215 0 1
0.019433224003 0.00019714285659 0
0.0194189265147 0.000394285697136 0
0.0196619838165 0.0011828571423 0
0.0195833476306 0.000985714274097 0
0.0193760340496 0.000591428565343 0
0.019476116468 0.00078857140589 0
0.0197048763092 0.00157714285106 0
0.0195476039098 0.0017742856916 0
0.0196190913791 0.00197142855981 0
0.0194189265215 0.00276 21
0.0194189265147 0.00256285713677 0
0.0194189265147 0.00236571426856 0
0.0194189265147 0.00216857142802 0
0.0192973978361 0.00206999998008 0
0.0195190089331 0.00137999998285 0
0.0192187616634 0 1
0.0192187616502 0.00019714285659 0
0.0192187616502 0.000394285697136 0
0.0195047114447 0.0011828571423 0
0.0194189265147 0.000985714274097 0
0.0192187616502 0.000591428565343 0
0.0192187616502 0.00078857140589 0
0.0194189265147 0.00157714285106 0
0.0193831827661 0.0017742856916 0
0.0194189265147 0.00197142855981 0
0.0192187616634 0.00276 21
0.0192044641618 0.00256285713677 0
0.0192187616502 0.00236571426856 0
0.0191758691851 0.00216857142802 0
0.0191615716968 0.00197142855981 0
0.0193188440686 0.00137999998285 0
0.019032894274 0.00019714285659 0
0.0190185968054 0 1
0.0190185967857 0.000591428565343 0
0.0190471917624 0.000394285697136 0
0.0192187616502 0.0011828571423 0
0.0192187616502 0.000985714274097 0
0.0190757867391 0.00078857140589 0
0.0192187616502 0.00157714285106 0
0.0192187616502 0.0017742856916 0
0.0190185968054 0.00276 21
0.0190185967857 0.00256285713677 0
0.0190185967857 0.00216857142802 0
0.018990001809 0.00236571426856 0
0.0190185967857 0.00197142855981 0
0.0191186792317 0.00137999998285 0
0.0188327294095 0.00019714285659 0
0.0188184319473 0 1
0.0190185967857 0.0011828571423 0
0.0188613244139 0.000591428565343 0
0.0187898369445 0.000394285697136 0
0.0188899193629 0.000887142826163 0
0.0190185967857 0.000985714274097 0
0.0190185967857 0.00157714285106 0
0.0189471093439 0.0017742856916 0
0.0188184319212 0.00197142855981 0
0.0188184319212 0.00236571426856 0
0.0188184319212 0.00256285713677 0
0.0188184319473 0.00276 21
0.0188184319212 0.00216857142802 0
0.0186182670892 0.00276 21
0.0189185143673 0.00137999998285 0
0.0186182670892 0 1
0.0186182670843 0.00019714285659 0
0.0186182670843 0.000394285697136 0
0.0188184319212 0.0011828571423 0
0.0187612419678 0.00078857140589 0
0.0186182670843 0.000591428565343 0
0.0187469444795 0.000985714274097 0
0.0188184319212 0.00157714285106 0
0.0186897545261 0.0017742856916 0
0.0186754570377 0.00197142855981 0
0.018646862061 0.00236571426856 0
0.0186325645727 0.00256285713677 0
0.0186182670843 0.00216857142802 0
0.0182179373731 0.00276 21
0.0184181022312 0.00276 21
0.0184181022199 0.00256285713677 0
0.0187183495028 0.00137999998285 0
0.0184181022312 0 1
0.0184323997082 0.00019714285659 0
0.0183895072432 0.000394285697136 0
0.0184181022199 0.000591428565343 0
0.0186182670843 0.0011828571423 0
0.0186182670843 0.00078857140589 0
0.0185825233082 0.000985714274097 0
0.018017772515 0.00276 21
0.0186182670843 0.00157714285106 0
0.018546779615 0.0017742856916 0
0.0184181022199 0.00197142855981 0
0.0184181022199 0.00216857142802 0
0.0184181022199 0.00236571426856 0
0.0182179373554 0.00256285713677 0
0.0185181846383 0.00137999998285 0
0.0182179373731 0 1
0.0182179373554 0.00019714285659 0
0.0182179373554 0.000394285697136 0
0.0182179373554 0.000591428565343 0
0.0183609122665 0.00078857140589 0
0.0184181022199 0.0011828571423 0
0.0184181022199 0.000985714274097 0
0.017817607657 0.00276 21
0.0176174427989 0.00276 21
0.0174172779408 0.00276 21
0.0180177724909 0.00256285713677 0
0.017817607654 0.00256285713677 0
0.0184181022199 0.00157714285106 0
0.0182894247971 0.0017742856916 0
0.0182751273087 0.00197142855981 0
0.0181393011418 0.00206999998008 0
0.0182608298204 0.00216857142802 0
0.0180177724909 0.00236571426856 0
0.0181893423787 0.00236571426856 0
0.0183180198014 0.00137999998285 0
0.018017772515 0 1
0.0180177724909 0.000394285697136 0
0.0180034750025 0.00019714285659 0
0.0172171130828 0.00276 21
0.0182179373554 0.0011828571423 0
0.0180177724909 0.000591428565343 0
0.0182179373554 0.00078857140589 0
0.0182179373554 0.000985714274097 0
0.0176174427896 0.00256285713677 0
0.0174315754134 0.00256285713677 0
0.017817607654 0.00236571426856 0
0.0182179373554 0.00157714285106 0
0.0181464499136 0.0017742856916 0
0.0180177724909 0.00197142855981 0
0.0180177724909 0.00216857142802 0
0.0181178549369 0.00137999998285 0
0.017817607657 0 1
0.017817607654 0.00019714285659 0
0.017817607654 0.000394285697136 0
0.0170169482247 0.00276 21
0.0172028155722 0.00256285713677 0
0.017817607654 0.000591428565343 0
0.0180177724909 0.0011828571423 0
0.0179605825375 0.00078857140589 0
0.0180177724909 0.000985714274097 0
0.0174172779251 0.00236571426856 0
0.0176174427896 0.00236571426856 0
0.0177747151613 0.00216857142802 0
0.0176174427896 0.00216857142802 0
0.0180177724909 0.00157714285106 0
0.01798202877 0.0017742856916 0
0.017817607654 0.00197142855981 0
0.017817607654 0.0017742856916 0
0.0179176900725 0.00137999998285 0
0.0172171130606 0.00236571426856 0
0.0168167833666 0.00276 21
0.017817607654 0.00078857140589 0
0.0176174427989 0 1
0.0176317402779 0.00019714285659 0
0.0175745503245 0.000591428565343 0
0.0176174427896 0.000394285697136 0
0.0170169482237 0.00256285713677 0
0.0170169482237 0.00236571426856 0
0.0176746327429 0.00078857140589 0
0.0178605000914 0.0011828571423 0
0.017817607654 0.000985714274097 0
0.0174601703901 0.00216857142802 0
0.0176174427896 0.00197142855981 0
0.017817607654 0.00157714285106 0
0.0176531864828 0.0017742856916 0
0.017717525208 0.00137999998285 0
0.0171742205955 0.00216857142802 0
0.0168024858709 0.00256285713677 0
0.0166166185086 0.00276 21
0.0174172779251 0.000591428565343 0
0.0174172779251 0.00078857140589 0
0.0174172779408 0 1
0.0174172779251 0.00019714285659 0
0.0174172779251 0.000394285697136 0
0.0168453783359 0.00236571426856 0
0.0170169482237 0.00216857142802 0
0.0175602528085 0.00128142853492 0
0.0176174427896 0.000985714274097 0
0.0177032277196 0.0011828571423 0
0.0173600879717 0.00197142855981 0
0.0174887653668 0.0017742856916 0
0.0176174427896 0.00157714285106 0
0.0171599231072 0.00197142855981 0
0.0166166184948 0.00256285713677 0
0.0166166184948 0.00236571426856 0
0.0164164536505 0.00276 21
0.0174172779251 0.000985714274097 0
0.0172528567814 0.000985714274097 0
0.0172171130606 0.00078857140589 0
0.0172171130606 0.000591428565343 0
0.0172171130828 0 1
0.0172171130606 0.000394285697136 0
0.0172171130606 0.00019714285659 0
0.0168954195451 0.00206999998008 0
0.0167738908942 0.00216857142802 0
0.0170169482237 0.00197142855981 0
0.0174172779251 0.00137999998285 0
0.0174172779251 0.0011828571423 0
0.0172171130606 0.0017742856916 0
0.0174172779251 0.00157714285106 0
0.0170169482237 0.0017742856916 0
0.0166166184948 0.00216857142802 0
0.0164164536303 0.00256285713677 0
0.0164593460953 0.00216857142802 0
0.0164450486069 0.00236571426856 0
0.0162162887658 0.00256285713677 0
0.0162162887924 0.00276 21
0.0172171130606 0.0011828571423 0
0.0170884356655 0.000985714274097 0
0.0169597582427 0.00078857140589 0
0.0170598406888 0.000591428565343 0
0.0170169482247 0 1
0.0170169482237 0.000394285697136 0
0.0170169482237 0.00019714285659 0
0.0166166184948 0.00197142855981 0
0.0167595934059 0.00197142855981 0
0.0168167833592 0.0017742856916 0
0.0169025682893 0.00157714285106 0
0.0172171130606 0.00137999998285 0
0.0171313281305 0.00157714285106 0
0.0164736435836 0.00197142855981 0
0.0163378174167 0.00206999998008 0
0.0162162887658 0.00236571426856 0
0.0163306686725 0.00226714284829 0
0.0160161239344 0.00276 21
0.0160161239289 0.00256285713677 0
0.0170169482237 0.0011828571423 0
0.0169454607543 0.000985714274097 0
0.0168167833592 0.00078857140589 0
0.0168167833666 0 1
0.0168167833592 0.000394285697136 0
0.0168167833592 0.000591428565343 0
0.0168167833592 0.00019714285659 0
0.0166166184948 0.0017742856916 0
0.0167309984015 0.00157714285106 0
0.0169168657777 0.00137999998285 0
0.0164164536303 0.0017742856916 0
0.0160161239289 0.00236571426856 0
0.0162162887658 0.00197142855981 0
0.0162162887658 0.00216857142802 0
0.0158159590644 0.00236571426856 0
0.0158159590763 0.00276 21
0.0158159590644 0.00256285713677 0
0.0168167833592 0.0011828571423 0
0.0166881059365 0.000985714274097 0
0.0166166184948 0.00078857140589 0
0.0166166185086 0 1
0.0166166184948 0.000394285697136 0
0.0165737260297 0.000591428565343 0
0.0166023210064 0.00019714285659 0
0.0162162887658 0.0017742856916 0
0.016502238588 0.00157714285106 0
0.0166166184948 0.00137999998285 0
0.0163306687002 0.00157714285106 0
0.0159732314639 0.00216857142802 0
0.0160161239289 0.00197142855981 0
0.0158159590644 0.00216857142802 0
0.0156157942 0.00236571426856 0
0.0156157942182 0.00276 21
0.0156014967116 0.00256285713677 0
0.0166166184948 0.0011828571423 0
0.0164164536303 0.0011828571423 0
0.0164164536303 0.00078857140589 0
0.0164164536303 0.000985714274097 0
0.0164164536303 0.000591428565343 0
0.0164164536505 0 1
0.0164164536303 0.000394285697136 0
0.0164164536303 0.00019714285659 0
0.0160161239289 0.0017742856916 0
0.0161733963007 0.00157714285106 0
0.0163163712118 0.00137999998285 0
0.0156944303859 0.00206999998008 0
0.0158159590644 0.00197142855981 0
0.0158517027853 0.0017742856916 0
0.0155729017349 0.00216857142802 0
0.0154156293355 0.00256285713677 0
0.0154156293355 0.00236571426856 0
0.0154156293602 0.00276 21
0.0162162887658 0.0011828571423 0
0.0162734787468 0.00078857140589 0
0.0162162887658 0.000985714274097 0
0.0162591812585 0.000591428565343 0
0.0162162887924 0 1
0.0161876937891 0.000394285697136 0
0.0162162887658 0.00019714285659 0
0.0160161239289 0.00157714285106 0
0.0161162063474 0.00137999998285 0
0.0155586042466 0.00197142855981 0
0.0156872816417 0.0017742856916 0
0.0158159590644 0.00157714285106 0
0.0153727368704 0.00216857142802 0
0.0152154644986 0.00236571426856 0
0.0152154644986 0.00256285713677 0
0.0152154645021 0.00276 21
0.0160590163663 0.0011828571423 0
0.0161376525799 0.000689999985617 0
0.0160161239289 0.00078857140589 0
0.0160161239289 0.000985714274097 0
0.0159017439945 0.0011828571423 0
0.0160161239289 0.000591428565343 0
0.0160161239344 0 1
0.0160161239289 0.000394285697136 0
0.0160161239289 0.00019714285659 0
0.0153584393821 0.00197142855981 0
0.0158159590644 0.00137999998285 0
0.0154156293355 0.0017742856916 0
0.0156157942 0.00157714285106 0
0.0152154644986 0.00197142855981 0
0.0152154644986 0.00216857142802 0
0.0150438946108 0.00236571426856 0
0.0150295971225 0.00256285713677 0
0.015015299644 0.00276 21
0.0158731490178 0.00078857140589 0
0.0158159590644 0.000985714274097 0
0.0157301741344 0.0011828571423 0
0.0158588515295 0.000591428565343 0
0.0158159590763 0 1
0.0158159590644 0.00019714285659 0
0.0158159590644 0.000394285697136 0
0.0152512081918 0.0017742856916 0
0.0155157117815 0.00137999998285 0
0.0154156293355 0.00157714285106 0
0.0150867870759 0.0017742856916 0
0.0150152996341 0.00197142855981 0
0.0150152996341 0.00216857142802 0
0.0148151347696 0.00236571426856 0
0.014815134786 0.00276 21
0.0148151347696 0.00256285713677 0
0.0157373228509 0.000689999985617 0
0.0155014142932 0.0011828571423 0
0.0156157942 0.00078857140589 0
0.0156157942 0.000985714274097 0
0.0156157942 0.000394285697136 0
0.0156157942 0.000591428565343 0
0.0156157942182 0 1
0.0156157942 0.00019714285659 0
0.0152154644986 0.00157714285106 0
0.015315546917 0.00137999998285 0
0.0150152996341 0.00157714285106 0
0.0149438121924 0.0017742856916 0
0.0148151347696 0.00197142855981 0
0.0148151347696 0.00216857142802 0
0.0146435648818 0.00236571426856 0
0.0146149699279 0.00276 21
0.0146149699052 0.00256285713677 0
0.0154156293355 0.000985714274097 0
0.0153012494287 0.0011828571423 0
0.0154156293602 0 1
0.0154156293355 0.000591428565343 0
0.0154156293355 0.00078857140589 0
0.0154442243398 0.000394285697136 0
0.0154156293355 0.00019714285659 0
0.0151296795409 0.0011828571423 0
0.0150152996341 0.00137999998285 0
0.0148151347696 0.00157714285106 0
0.0146864573745 0.0017742856916 0
0.0146721598862 0.00197142855981 0
0.0145434824634 0.00187285711188 0
0.0145720774401 0.00216857142802 0
0.0144148050683 0.00256285713677 0
0.0144148050683 0.00216857142802 0
0.0144148050683 0.00236571426856 0
0.0144148050698 0.00276 21
0.0152154644986 0.000985714274097 0
0.0152154645021 0 1
0.0152154644986 0.00019714285659 0
0.0152583569637 0.000591428565343 0
0.0151582745176 0.00078857140589 0
0.0151868695219 0.000394285697136 0
0.0150152996341 0.000985714274097 0
0.0149009196997 0.0011828571423 0
0.0147150523512 0.00137999998285 0
0.0145291849751 0.00157714285106 0
0.0144148050683 0.0017742856916 0
0.0144148050683 0.00197142855981 0
0.0142932763897 0.00206999998008 0
0.0141717477388 0.00216857142802 0
0.0142289376922 0.00256285713677 0
0.0142146402038 0.00236571426856 0
0.0142146402118 0.00276 21
0.0140144753537 0.00276 21
0.0150152996341 0.00078857140589 0
0.015015299644 0 1
0.0150152996341 0.00019714285659 0
0.0150152996341 0.000394285697136 0
0.0150152996341 0.000591428565343 0
0.014872324723 0.00078857140589 0
0.0148151347696 0.000985714274097 0
0.0146149699052 0.0011828571423 0
0.0145148874867 0.00137999998285 0
0.0143719125756 0.00157714285106 0
0.0142146402038 0.0017742856916 0
0.0141574502505 0.00197142855981 0
0.0140144753393 0.00216857142802 0
0.0140144753393 0.00236571426856 0
0.0140144753393 0.00256285713677 0
0.0138143104956 0.00276 21
0.0138000129865 0.00256285713677 0
0.0148151347696 0.000591428565343 0
0.014815134786 0 1
0.014829432258 0.00019714285659 0
0.0148151347696 0.000394285697136 0
0.0146149699052 0.000985714274097 0
0.0146149699052 0.00078857140589 0
0.0144148050683 0.0011828571423 0
0.0143147226222 0.00137999998285 0
0.0142146402038 0.00157714285106 0
0.0140502190602 0.0017742856916 0
0.0140144753393 0.00197142855981 0
0.0138143104748 0.00216857142802 0
0.0138143104748 0.00236571426856 0
0.0136141456104 0.00236571426856 0
0.0136141456376 0.00276 21
0.0136141456104 0.00256285713677 0
0.0146149699052 0.000591428565343 0
0.0143433175989 0.000985714274097 0
0.0146149699279 0 1
0.0146149699052 0.00019714285659 0
0.0146149699052 0.000394285697136 0
0.0144148050683 0.00078857140589 0
0.0144576975334 0.000591428565343 0
0.0142146402038 0.0011828571423 0
0.0134139807795 0.00276 21
0.0141145577578 0.00137999998285 0
0.0140144753393 0.00157714285106 0
0.0137571205215 0.00197142855981 0
0.0138857979442 0.0017742856916 0
0.0136141456104 0.00216857142802 0
0.0134425757502 0.00236571426856 0
0.0134282782619 0.00256285713677 0
0.0141788964553 0.000985714274097 0
0.0142146402038 0.00078857140589 0
0.0144148050698 0 1
0.0144148050683 0.00019714285659 0
0.014386210064 0.000394285697136 0
0.0142146402038 0.000591428565343 0
0.0139286904093 0.0011828571423 0
0.0140144753393 0.000985714274097 0
0.0132138159214 0.00276 21
0.013213815909 0.00256285713677 0
0.0139143929209 0.00137999998285 0
0.0138143104748 0.00157714285106 0
0.0136141456104 0.00197142855981 0
0.0137428230331 0.0017742856916 0
0.0134711707269 0.00197142855981 0
0.0133710883085 0.00216857142802 0
0.013213815909 0.00216857142802 0
0.013213815909 0.00236571426856 0
0.0140716652927 0.00078857140589 0
0.0142146402038 0.000394285697136 0
0.0142146402118 0 1
0.0142146402038 0.00019714285659 0
0.0139715828743 0.000591428565343 0
0.014043070316 0.000394285697136 0
0.0137714180098 0.0011828571423 0
0.0138500541957 0.000985714274097 0
0.0138143104748 0.00078857140589 0
0.0130136510634 0.00276 21
0.0130136510445 0.00236571426856 0
0.0130136510445 0.00256285713677 0
0.0137142280564 0.00137999998285 0
0.0136141456104 0.00157714285106 0
0.0134854682152 0.0017742856916 0
0.0133424933041 0.0017742856916 0
0.013213815909 0.00197142855981 0
0.0130136510445 0.00216857142802 0
0.0138143104748 0.000591428565343 0
0.0140144753537 0 1
0.0140287728277 0.00019714285659 0
0.0138143104748 0.000394285697136 0
0.0136141456104 0.000591428565343 0
0.0136141456104 0.0011828571423 0
0.0136856330797 0.000985714274097 0
0.013556955657 0.00078857140589 0
0.0128134862053 0.00276 21
0.01281348618 0.00256285713677 0
0.0128420811844 0.00236571426856 0
0.0135140631919 0.00137999998285 0
0.0134139807735 0.00157714285106 0
0.013213815909 0.00157714285106 0
0.0131423284673 0.0017742856916 0
0.0130136510445 0.00197142855981 0
0.01281348618 0.00216857142802 0
0.0138143104956 0 1
0.0138143104748 0.00019714285659 0
0.0134139807735 0.0011828571423 0
0.0135855506337 0.000394285697136 0
0.013599848122 0.00019714285659 0
0.0134139807735 0.000591428565343 0
0.0134139807735 0.000985714274097 0
0.0134139807735 0.00078857140589 0
0.0126133213432 0.00256285713677 0
0.0126133213472 0.00276 21
0.0126133213432 0.00236571426856 0
0.013213815909 0.00137999998285 0
0.0130136510445 0.00157714285106 0
0.0128849736494 0.0017742856916 0
0.0127562962267 0.00197142855981 0
0.0126133213432 0.00216857142802 0
0.013213815909 0.0011828571423 0
0.0136141456376 0 1
0.013213815909 0.000985714274097 0
0.0134139807795 0 1
0.0134139807735 0.000394285697136 0
0.0134139807735 0.00019714285659 0
0.0132567083741 0.000591428565343 0
0.013213815909 0.00078857140589 0
0.0130136510445 0.0011828571423 0
0.0124274539671 0.00256285713677 0
0.0124131564892 0.00276 21
0.0124131564787 0.00236571426856 0
0.0129135686261 0.00137999998285 0
0.01281348618 0.00157714285106 0
0.0124917926646 0.00206999998008 0
0.0123702640137 0.00216857142802 0
0.0126133213432 0.0017742856916 0
0.0126133213432 0.00197142855981 0
0.0130136510445 0.000985714274097 0
0.0132138159214 0 1
0.013213815909 0.00019714285659 0
0.013213815909 0.000394285697136 0
0.01281348618 0.0011828571423 0
0.0129564610912 0.00078857140589 0
0.0130565435096 0.000591428565343 0
0.01281348618 0.000985714274097 0
0.0122129916311 0.00276 21
0.0122129916142 0.00256285713677 0
0.0122129916142 0.00236571426856 0
0.0127134037616 0.00137999998285 0
0.0126133213432 0.00157714285106 0
0.0122129916142 0.00216857142802 0
0.0123559665253 0.00197142855981 0
0.0124131564787 0.0017742856916 0
0.01281348618 0.00078857140589 0
0.0130136510634 0 1
0.0129993535562 0.00019714285659 0
0.0129850560678 0.000394285697136 0
0.0126133213432 0.0011828571423 0
0.0126133213432 0.000985714274097 0
0.01281348618 0.000591428565343 0
0.0126705112966 0.00078857140589 0
0.0120414217264 0.00236571426856 0
0.012012826773 0.00276 21
0.0120128267497 0.00256285713677 0
0.0119270418197 0.00226714284829 0
0.0120557192424 0.00216857142802 0
0.0125132388971 0.00137999998285 0
0.0124131564787 0.00157714285106 0
0.0122129916142 0.00197142855981 0
0.0120128267497 0.00197142855981 0
0.0122129916142 0.0017742856916 0
0.0122129916142 0.00157714285106 0
0.0118126619129 0.00197142855981 0
0.0128134862053 0 1
0.01281348618 0.00019714285659 0
0.01281348618 0.000394285697136 0
0.0124131564787 0.0011828571423 0
0.0124131564787 0.000985714274097 0
0.0124131564787 0.00078857140589 0
0.0125346851297 0.000689999985617 0
0.0126562138083 0.000591428565343 0
0.011812661915 0.00276 21
0.0118126619129 0.00236571426856 0
0.0118126619129 0.00256285713677 0
0.0118126619129 0.00216857142802 0
0.0116696870018 0.00197142855981 0
0.0122129916142 0.00137999998285 0
0.0120128267497 0.00157714285106 0
0.0120128267497 0.0017742856916 0
0.0118126619129 0.0017742856916 0
0.0126133213472 0 1
0.0125990238549 0.00019714285659 0
0.0125847263665 0.000394285697136 0
0.0121272066842 0.0011828571423 0
0.0122129916142 0.000985714274097 0
0.0122129916142 0.00078857140589 0
0.0124131564787 0.000591428565343 0
0.0116124970569 0.00276 21
0.0116124970484 0.00236571426856 0
0.0116124970484 0.00256285713677 0
0.0115696045834 0.00216857142802 0
0.0115124146023 0.00197142855981 0
0.0116124970484 0.0017742856916 0
0.0119127443313 0.00137999998285 0
0.0118126619129 0.00157714285106 0
0.0124131564787 0.000394285697136 0
0.011898446843 0.0011828571423 0
0.0124131564892 0 1
0.0124131564787 0.00019714285659 0
0.0120128267497 0.000985714274097 0
0.0120128267497 0.00078857140589 0
0.0122129916142 0.000394285697136 0
0.0121700991492 0.000591428565343 0
0.0114123321988 0.00276 21
0.0114123321839 0.00236571426856 0
0.0113980346956 0.00256285713677 0
0.0116124970484 0.00157714285106 0
0.0113694397189 0.00216857142802 0
0.0113551422305 0.00197142855981 0
0.0114123321839 0.0017742856916 0
0.0117268769552 0.0011828571423 0
0.0117125794668 0.00137999998285 0
0.0118126619129 0.000985714274097 0
0.0122129916311 0 1
0.0121986941259 0.00019714285659 0
0.0116124970484 0.000985714274097 0
0.0118698518663 0.00078857140589 0
0.0120128267497 0.000591428565343 0
0.0120128267497 0.000394285697136 0
0.0112121673408 0.00276 21
0.0112121673194 0.00236571426856 0
0.0112121673194 0.00256285713677 0
0.0115124146023 0.00137999998285 0
0.0113265472539 0.00157714285106 0
0.0112121673194 0.00197142855981 0
0.0112121673194 0.00216857142802 0
0.0112121673194 0.0017742856916 0
0.011498117114 0.0011828571423 0
0.0120128267497 0.00019714285659 0
0.0116124970484 0.00078857140589 0
0.012012826773 0 1
0.0114695221373 0.00078857140589 0
0.0114123321839 0.000985714274097 0
0.0118126619129 0.000591428565343 0
0.0118126619129 0.000394285697136 0
0.0118269594013 0.00019714285659 0
0.0110120024827 0.00276 21
0.0110405974593 0.00236571426856 0
0.0110120024826 0.00256285713677 0
0.0113122497655 0.00137999998285 0
0.0111692748544 0.00157714285106 0
0.011069192436 0.00197142855981 0
0.0110120024826 0.00216857142802 0
0.0110120024826 0.0017742856916 0
0.0112121673194 0.0011828571423 0
0.0116124970484 0.000591428565343 0
0.011812661915 0 1
0.011455224649 0.000591428565343 0
0.0112121673194 0.000985714274097 0
0.0113122497378 0.00078857140589 0
0.0116124970484 0.000394285697136 0
0.0116124970484 0.00019714285659 0
0.0108118376246 0.00276 21
0.0108118376181 0.00256285713677 0
0.0108118376181 0.00236571426856 0
0.0108118376181 0.00216857142802 0
0.011112084901 0.00137999998285 0
0.0110120024826 0.00157714285106 0
0.0110120024826 0.0011828571423 0
0.0108547300831 0.00157714285106 0
0.0108118376181 0.00197142855981 0
0.0108118376181 0.0017742856916 0
0.0110120024826 0.000985714274097 0
0.0116124970569 0 1
0.0114123321839 0.000394285697136 0
0.0110120024826 0.00078857140589 0
0.0112550597845 0.000591428565343 0
0.0111549773661 0.00078857140589 0
0.0114123321988 0 1
0.0114123321839 0.00019714285659 0
0.0108690275715 0.00078857140589 0
0.0106116727666 0.00276 21
0.0106116727536 0.00256285713677 0
0.0106116727536 0.00236571426856 0
0.0106545652187 0.00216857142802 0
0.0109119200365 0.00137999998285 0
0.0108118376181 0.0011828571423 0
0.0106974576837 0.00157714285106 0
0.0106116727536 0.00197142855981 0
0.0105401853119 0.0017742856916 0
0.0107403501487 0.000985714274097 0
0.0112121673194 0.000394285697136 0
0.0110120024826 0.000591428565343 0
0.0111978698311 0.00019714285659 0
0.0112121673408 0 1
0.0106116727536 0.00078857140589 0
0.0107689451531 0.000591428565343 0
0.0104115078891 0.00236571426856 0
0.0104115079085 0.00276 21
0.0104115078891 0.00256285713677 0
0.0104115078891 0.00216857142802 0
0.0106116727536 0.0011828571423 0
0.0106116727536 0.00137999998285 0
0.0105258878235 0.00157714285106 0
0.0104115078891 0.00197142855981 0
0.0104186566333 0.00167571424367 0
0.0104829953309 0.000985714274097 0
0.0102113430504 0.00276 21
0.0108976225482 0.00049285711741 0
0.0110120024826 0.00019714285659 0
0.0110120024826 0.000394285697136 0
0.0110120024827 0 1
0.0107832426414 0.000394285697136 0
0.0106116727536 0.000591428565343 0
0.0103400204197 0.000887142826163 0
0.0104686978425 0.00078857140589 0
0.0106116727536 0.000394285697136 0
0.010239938029 0.00236571426856 0
0.010225640513 0.00256285713677 0
0.0102685330057 0.00197142855981 0
0.0101684505596 0.00216857142802 0
0.0104115078891 0.0011828571423 0
0.0102971279824 0.00157714285106 0
0.0103114254707 0.00137999998285 0
0.0102113430246 0.0017742856916 0
0.0101255580946 0.00157714285106 0
0.0102113430246 0.000985714274097 0
0.0100111781924 0.00276 21
0.0100111781878 0.00256285713677 0
0.0108261351065 0.00019714285659 0
0.0108118376246 0 1
0.0106116727536 0.00019714285659 0
0.0104115078891 0.000591428565343 0
0.0102113430246 0.00078857140589 0
0.0104258053775 0.00019714285659 0
0.0103829129124 0.000394285697136 0
0.0100111781878 0.00216857142802 0
0.0100111781878 0.00236571426856 0
0.0100111781878 0.00197142855981 0
0.0102113430246 0.0011828571423 0
0.0101112606062 0.00137999998285 0
0.00995756257885 0.00152785709943 0
0.010004029416 0.00167571424367 0
0.00988250076504 0.0017742856916 0
0.0100111781878 0.000985714274097 0
0.0100111781878 0.00078857140589 0
0.0098110133343 0.00276 21
0.00979671583497 0.00256285713677 0
0.0106116727666 0 1
0.0102113430246 0.000591428565343 0
0.0102113430246 0.000394285697136 0
0.0104115079085 0 1
0.0102113430246 0.00019714285659 0
0.0100111781878 0.000591428565343 0
0.00985390578835 0.00216857142802 0
0.00978241834662 0.00236571426856 0
0.00981101332331 0.00197142855981 0
0.00973952588159 0.0017742856916 0
0.00992539323007 0.0011828571423 0
0.00991109574173 0.00137999998285 0
0.00981101332331 0.00157714285106 0
0.00981101332331 0.00078857140589 0
0.00981101332331 0.000985714274097 0
0.00981101332331 0.000591428565343 0
0.00961084847623 0.00276 21
0.00961084845882 0.00256285713677 0
0.00961084845882 0.00236571426856 0
0.0100397731645 0.000394285697136 0
0.0102113430504 0 1
0.0100111781878 0.00019714285659 0
0.00981101332331 0.000394285697136 0
0.00961084845882 0.00216857142802 0
0.00955365850544 0.00197142855981 0
0.00957510473796 0.0017742856916 0
0.00961084845882 0.00157714285106 0
0.00976812083062 0.0011828571423 0
0.0097109309049 0.00137999998285 0
0.0096680384122 0.00078857140589 0
0.00961084845882 0.000985714274097 0
0.00961084845882 0.000591428565343 0
0.00941068359433 0.00256285713677 0
0.00941068361816 0.00276 21
0.00941068359433 0.00236571426856 0
0.00981101332331 0.00019714285659 0
0.0100111781924 0 1
0.0098110133343 0 1
0.00961084845882 0.000394285697136 0
0.00962514594716 0.00019714285659 0
0.00941068359433 0.000394285697136 0
0.00941068359433 0.00197142855981 0
0.00941068359433 0.00216857142802 0
0.00929630365991 0.00226714284829 0
0.00941068359433 0.0017742856916 0
0.00941068359433 0.00157714285106 0
0.0095107660404 0.00137999998285 0
0.00961084845882 0.0011828571423 0
0.00941068359433 0.000985714274097 0
0.00936779112929 0.000591428565343 0
0.00946787357537 0.00078857140589 0
0.0092105187601 0.00276 21
0.0092105187575 0.00256285713677 0
0.00918192375315 0.00236571426856 0
0.00961084847623 0 1
0.00941068359433 0.00019714285659 0
0.0092105187575 0.000591428565343 0
0.0092105187575 0.000394285697136 0
0.0092105187575 0.00019714285659 0
0.00927485742739 0.00167571424367 0
0.00926770871088 0.00197142855981 0
0.0091676262648 0.00216857142802 0
0.00913903128811 0.0017742856916 0
0.0092105187575 0.000985714274097 0
0.00931060117591 0.00137999998285 0
0.00932489866426 0.0011828571423 0
0.0092105187575 0.00078857140589 0
0.00901035390203 0.00276 21
0.009010353893 0.00256285713677 0
0.009010353893 0.00236571426856 0
0.00941068361816 0 1
0.0092105187601 0 1
0.00901035390203 0 1
0.00905324635804 0.000591428565343 0
0.009010353893 0.000394285697136 0
0.00899605640466 0.00019714285659 0
0.00912473379977 0.00157714285106 0
0.00901750260952 0.00167571424367 0
0.009010353893 0.00197142855981 0
0.009010353893 0.00216857142802 0
0.00888167647024 0.0017742856916 0
0.009010353893 0.000985714274097 0
0.00911043631142 0.00137999998285 0
0.00909613882308 0.0011828571423 0
0.00895316393962 0.00078857140589 0
0.00881018904396 0.00276 21
0.00879589154017 0.00256285713677 0
0.0088387840052 0.00236571426856 0
0.00881018904396 0 1
0.00881018902851 0.00019714285659 0
0.00881018902851 0.000591428565343 0
0.00881018902851 0.000394285697136 0
0.00889597395858 0.00157714285106 0
0.00881018902851 0.00197142855981 0
0.00876729656348 0.00216857142802 0
0.00873870158679 0.0017742856916 0
0.00884593274938 0.000985714274097 0
0.00892456893527 0.0011828571423 0
0.00891027144693 0.00137999998285 0
0.00881018902851 0.00078857140589 0
0.00868151163341 0.000985714274097 0
0.00861002416402 0.00216857142802 0
0.00861002416402 0.00256285713677 0
0.00861002418589 0.00276 21
0.00861002416402 0.00236571426856 0
0.00861002418589 0 1
0.00861002416402 0.00019714285659 0
0.00861002416402 0.000394285697136 0
0.00865291662906 0.000591428565343 0
0.0087101066101 0.00137999998285 0
0.00872440409844 0.00157714285106 0
0.00861002416402 0.00197142855981 0
0.00857428044316 0.0017742856916 0
0.00869580912175 0.0011828571423 0
0.0085385367223 0.000985714274097 0
0.00861002416402 0.00078857140589 0
0.00845275179222 0.00216857142802 0
0.00840985932719 0.00236571426856 0
0.00840985932783 0.00276 21
0.00842415681553 0.00256285713677 0
0.00840985932783 0 1
0.00840985932719 0.000394285697136 0
0.00840985932719 0.00019714285659 0
0.00840985932719 0.000591428565343 0
0.00835266934615 0.00197142855981 0
0.0082096944627 0.00197142855981 0
0.00850994174561 0.00137999998285 0
0.00849564425726 0.00157714285106 0
0.00840985932719 0.0017742856916 0
0.00840985932719 0.0011828571423 0
0.00837411557867 0.000985714274097 0
0.00840985932719 0.00078857140589 0
0.0082096944627 0.00216857142802 0
0.00820969446976 0.00276 21
0.0082096944627 0.00236571426856 0
0.0082096944627 0.00256285713677 0
0.0082883306486 0.000689999985617 0
0.00820969446976 0 1
0.0082096944627 0.00019714285659 0
0.0082096944627 0.000394285697136 0
0.00816680199766 0.000591428565343 0
0.00806671955159 0.00197142855981 0
0.0082096944627 0.0017742856916 0
0.00830977688111 0.00137999998285 0
0.0082096944627 0.00157714285106 0
0.0082096944627 0.0011828571423 0
0.0082096944627 0.000985714274097 0
0.00815250450932 0.00078857140589 0
0.00800952959821 0.00216857142802 0
0.00800952961169 0.00276 21
0.00798093462152 0.00236571426856 0
0.00799523210986 0.00256285713677 0
0.00800952961169 0 1
0.00800952959821 0.00019714285659 0
0.00800952959821 0.000394285697136 0
0.00800952959821 0.000591428565343 0
0.00807386829576 0.00167571424367 0
0.00790944715213 0.00197142855981 0
0.00793804215648 0.0017742856916 0
0.00805242206324 0.0011828571423 0
0.00810961201662 0.00137999998285 0
0.00804527331907 0.000985714274097 0
0.00800952959821 0.00078857140589 0
0.00775217478033 0.00197142855981 0
0.00780936473371 0.00216857142802 0
0.00780936475363 0.00276 21
0.00778076975702 0.00236571426856 0
0.00779506724537 0.00256285713677 0
0.00780936475363 0 1
0.00782366222206 0.00019714285659 0
0.0078379597104 0.000394285697136 0
0.00780936473371 0.000591428565343 0
0.00789514969144 0.0011828571423 0
0.00792374466814 0.00157714285106 0
0.00773787729199 0.0017742856916 0
0.00790944717979 0.00137999998285 0
0.00788085217544 0.000985714274097 0
0.00780936473371 0.00078857140589 0
0.0077450260085 0.00108428569437 0
0.00760919986922 0.00197142855981 0
0.00760919986922 0.00216857142802 0
0.00760919989556 0.00276 21
0.00760919986922 0.00236571426856 0
0.00760919986922 0.00256285713677 0
0.00760919989556 0 1
0.00762349738523 0.00019714285659 0
0.00760919986922 0.000394285697136 0
0.00756630740419 0.000591428565343 0
0.00766638985026 0.00078857140589 0
0.00757345614836 0.0017742856916 0
0.0077092823153 0.00137999998285 0
0.00772357980364 0.00157714285106 0
0.00760919986922 0.000985714274097 0
0.00760919986922 0.0011828571423 0
0.00740903503239 0.0017742856916 0
0.00746622498577 0.00197142855981 0
0.00733039881883 0.00206999998008 0
0.00745192749743 0.00216857142802 0
0.00740903503239 0.00256285713677 0
0.00740903503749 0.00276 21
0.00740903503239 0.00236571426856 0
0.00740903503749 0 1
0.00740903503239 0.00019714285659 0
0.00740903503239 0.000591428565343 0
0.00740903503239 0.000394285697136 0
0.00740903503239 0.000985714274097 0
0.00740903503239 0.00078857140589 0
0.00749481996246 0.00157714285106 0
0.00750911745081 0.00137999998285 0
0.00732325007466 0.00157714285106 0
0.00724461388876 0.0017742856916 0
0.00740903503239 0.0011828571423 0
0.0072088701679 0.00236571426856 0
0.0072088701679 0.00197142855981 0
0.0072088701679 0.00216857142802 0
0.00720887017943 0.00276 21
0.0072088701679 0.00256285713677 0
0.00720887017943 0 1
0.00719457267955 0.00019714285659 0
0.00718027519121 0.000394285697136 0
0.00725176263293 0.000591428565343 0
0.00715168021452 0.00078857140589 0
0.0072088701679 0.000985714274097 0
0.00730895258631 0.00137999998285 0
0.0071659776752 0.00157714285106 0
0.00708019274513 0.0017742856916 0
0.00712308523783 0.0011828571423 0
0.0070373002801 0.00236571426856 0
0.00680854043892 0.00197142855981 0
0.00700870530341 0.00197142855981 0
0.00700870530341 0.00216857142802 0
0.00700870532136 0.00276 21
0.00699440781506 0.00256285713677 0
0.00700870532136 0 1
0.00700870530341 0.000394285697136 0
0.00700870530341 0.00019714285659 0
0.00700870530341 0.000591428565343 0
0.00700870530341 0.00078857140589 0
0.00700870530341 0.000985714274097 0
0.00710878774948 0.00137999998285 0
0.00700870530341 0.00157714285106 0
0.00693721786168 0.0017742856916 0
0.00696581283837 0.0011828571423 0
0.00667986304381 0.0017742856916 0
0.00660837560208 0.00197142855981 0
0.00680854043892 0.00236571426856 0
0.00680854043892 0.00216857142802 0
0.00680854046329 0.00276 21
0.00680854043892 0.00256285713677 0
0.00680854046329 0 1
0.00683713541561 0.000394285697136 0
0.00679424295057 0.00019714285659 0
0.00680854043892 0.000591428565343 0
0.00675135048553 0.00078857140589 0
0.00680854043892 0.000985714274097 0
0.00690862288499 0.00137999998285 0
0.00680854043892 0.00157714285106 0
0.00680854043892 0.0011828571423 0
0.00660837560208 0.00157714285106 0
0.0065368881327 0.0017742856916 0
0.00660837560523 0.00276 21
0.00640821073759 0.00197142855981 0
0.00656548310939 0.00216857142802 0
0.00660837560208 0.00236571426856 0
0.00660837560208 0.00256285713677 0
0.00660837560208 0.0011828571423 0
0.00660837560208 0.00019714285659 0
0.00660837560523 0 1
0.00660837560208 0.00078857140589 0
0.00660837560208 0.000394285697136 0
0.00660837560208 0.000591428565343 0
0.00660837560208 0.000985714274097 0
0.00660837560208 0.00137999998285 0
0.00645110320263 0.00157714285106 0
0.00627953331483 0.0017742856916 0
0.00640821073759 0.00256285713677 0
0.00640821074716 0.00276 21
0.00626523582648 0.00197142855981 0
0.00640821073759 0.00216857142802 0
0.00640821073759 0.00236571426856 0
0.00640821073759 0.0011828571423 0
0.00642250822594 0.00019714285659 0
0.00640821074716 0 1
0.00646540069097 0.00078857140589 0
0.0063796157609 0.000394285697136 0
0.00640821073759 0.000591428565343 0
0.00633672329587 0.000985714274097 0
0.00630812829152 0.00137999998285 0
0.00629383080317 0.00157714285106 0
0.00613655843137 0.0017742856916 0
0.00610796342702 0.00197142855981 0
0.00620804588909 0.00276 21
0.00622234336145 0.00256285713677 0
0.00616515340806 0.00216857142802 0
0.0062080458731 0.00236571426856 0
0.0062080458731 0.0011828571423 0
0.0062080458731 0.000394285697136 0
0.00620804588909 0 1
0.0062080458731 0.00019714285659 0
0.0062080458731 0.00078857140589 0
0.0062080458731 0.000591428565343 0
0.00607936847799 0.000985714274097 0
0.00612226094303 0.00157714285106 0
0.00610796345468 0.00137999998285 0
0.00597213728775 0.0017742856916 0
0.00595069105523 0.00197142855981 0
0.00600788103103 0.00276 21
0.00596498854357 0.00216857142802 0
0.00599358352026 0.00256285713677 0
0.00600788100861 0.00236571426856 0
0.00600788100861 0.0011828571423 0
0.00600788103103 0 1
0.0060364759853 0.000394285697136 0
0.00600788100861 0.00019714285659 0
0.00600788100861 0.00078857140589 0
0.00600788100861 0.000591428565343 0
0.0058792036135 0.000985714274097 0
0.00596498854357 0.00157714285106 0
0.00590779859019 0.00137999998285 0
0.00580771617178 0.00216857142802 0
0.00580771617178 0.0017742856916 0
0.00580771617178 0.00197142855981 0
0.00580771617178 0.00256285713677 0
0.00580771617296 0.00276 21
0.00580771617178 0.00236571426856 0
0.00580771617178 0.0011828571423 0
0.00580771617296 0 1
0.00580771617178 0.000394285697136 0
0.00580771617178 0.00019714285659 0
0.00586490612516 0.00078857140589 0
0.00576482367908 0.000591428565343 0
0.00573622870239 0.000985714274097 0
0.00580771617178 0.00157714285106 0
0.00560755130728 0.00137999998285 0
0.00565044377232 0.00216857142802 0
0.00560755130728 0.0017742856916 0
0.0055503613539 0.00197142855981 0
0.00560755131489 0.00276 21
0.00562184879563 0.00256285713677 0
0.00560755130728 0.00236571426856 0
0.00560755130728 0.0011828571423 0
0.00560755130728 0.000394285697136 0
0.00560755131489 0 1
0.00560755130728 0.00019714285659 0
0.00560755130728 0.000591428565343 0
0.00560755130728 0.00078857140589 0
0.00547887388452 0.000985714274097 0
0.00552176634955 0.00157714285106 0
0.00546457639617 0.00128142853492 0
0.00540738644279 0.00216857142802 0
0.00540738644279 0.00197142855981 0
0.00540738644279 0.0017742856916 0
0.00540738645683 0.00276 21
0.00540738644279 0.00256285713677 0
0.00540738644279 0.00236571426856 0
0.00548602262869 0.000689999985617 0
0.00532160151272 0.0011828571423 0
0.00543598141948 0.000394285697136 0
0.00540738645683 0 1
0.00542168393114 0.00019714285659 0
0.00536449397776 0.000591428565343 0
0.00535019648941 0.00078857140589 0
0.0052072215783 0.000985714274097 0
0.00529300653603 0.00157714285106 0
0.00530730402438 0.00137999998285 0
0.00513573413658 0.0017742856916 0
0.00525011404334 0.00216857142802 0
0.0052072215783 0.00197142855981 0
0.00520722159876 0.00276 21
0.00519292408996 0.00256285713677 0
0.00517862660161 0.00236571426856 0
0.0052072215783 0.00078857140589 0
0.00509284167154 0.0011828571423 0
0.00520722159876 0 1
0.0052072215783 0.000394285697136 0
0.0052072215783 0.00019714285659 0
0.0052072215783 0.000591428565343 0
0.00500705671381 0.000985714274097 0
0.00506424669485 0.00078857140589 0
0.00500705671381 0.00157714285106 0
0.00510713915989 0.00137999998285 0
0.00500705671381 0.00197142855981 0
0.0048783793187 0.0017742856916 0
0.00500705671381 0.00216857142802 0
0.00489267680705 0.00226714284829 0
0.00500705674069 0.00276 21
0.00500705671381 0.00236571426856 0
0.00500705671381 0.00256285713677 0
0.00492127178374 0.0011828571423 0
0.00500705674069 0 1
0.00503565171816 0.000394285697136 0
0.00499275922546 0.00019714285659 0
0.00500705671381 0.000591428565343 0
0.00480689187698 0.000985714274097 0
0.00480689187698 0.00078857140589 0
0.00480689187698 0.00157714285106 0
0.00480689187698 0.00137999998285 0
0.00480689187698 0.00197142855981 0
0.00473540440759 0.0017742856916 0
0.00476399941194 0.00216857142802 0
0.00480689188263 0.00276 21
0.00477829690029 0.00236571426856 0
0.00480689187698 0.00256285713677 0
0.00469251194256 0.0011828571423 0
0.00480689187698 0.000591428565343 0
0.00480689187698 0.00019714285659 0
0.00480689188263 0 1
0.00468536319838 0.000689999985617 0
0.00480689187698 0.000394285697136 0
0.00460672701249 0.000985714274097 0
0.00454953705911 0.00078857140589 0
0.00460672701249 0.00157714285106 0
0.00450664459407 0.00137999998285 0
0.00460672701249 0.00197142855981 0
0.00457098326396 0.0017742856916 0
0.00460672702456 0.00276 21
0.00460672701249 0.00216857142802 0
0.00460672701249 0.00236571426856 0
0.00460672701249 0.00256285713677 0
0.00452094208242 0.0011828571423 0
0.00469251194256 0.00049285711741 0
0.00462102450083 0.00019714285659 0
0.00460672702456 0 1
0.00456383454745 0.000591428565343 0
0.0045781320358 0.000394285697136 0
0.00440656214799 0.00078857140589 0
0.00440656214799 0.000591428565343 0
0.00440656214799 0.000985714274097 0
0.00429218224123 0.0011828571423 0
0.00440656214799 0.00157714285106 0
0.00430647972958 0.00137999998285 0
0.00440656214799 0.0017742856916 0
0.00446375210137 0.00197142855981 0
0.00440656216649 0.00276 21
0.00444945461303 0.00216857142802 0
0.00432792593444 0.00206999998008 0
0.0043779671713 0.00236571426856 0
0.00440656214799 0.00256285713677 0
0.00440656216649 0 1
0.00440656214799 0.00019714285659 0
0.00440656214799 0.000394285697136 0
0.00426358726454 0.00078857140589 0
0.0042492897762 0.000591428565343 0
0.0042063972835 0.000985714274097 0
0.00400623244667 0.0011828571423 0
0.00410631486509 0.00137999998285 0
0.0042063972835 0.0017742856916 0
0.00412061235343 0.00157714285106 0
0.0042063972835 0.00197142855981 0
0.00420639730843 0.00276 21
0.00416350481847 0.00216857142802 0
0.0042063972835 0.00236571426856 0
0.0042063972835 0.00256285713677 0
0.00420639730843 0 1
0.0042063972835 0.00019714285659 0
0.0042063972835 0.000394285697136 0
0.00404912491171 0.000591428565343 0
0.00406342240005 0.00078857140589 0
0.00400623244667 0.000985714274097 0
0.00384896004721 0.0011828571423 0
0.00390615000059 0.00137999998285 0
0.00400623244667 0.0017742856916 0
0.00389185251225 0.00157714285106 0
0.00400623244667 0.00216857142802 0
0.0038775550239 0.00187285711188 0
0.00400623244667 0.00197142855981 0
0.00400623245036 0.00276 21
0.00400623244667 0.00236571426856 0
0.00400623244667 0.00256285713677 0
0.00392759623311 0.000689999985617 0
0.00372028265211 0.00157714285106 0
0.00400623245036 0 1
0.00400623244667 0.00019714285659 0
0.00400623244667 0.000394285697136 0
0.00380606758218 0.000591428565343 0
0.00380606758218 0.00078857140589 0
0.00369168764776 0.0011828571423 0
0.00380606758218 0.000985714274097 0
0.00360590271769 0.00137999998285 0
0.00373458014045 0.0017742856916 0
0.00384896004721 0.00216857142802 0
0.0037488776288 0.00197142855981 0
0.00380606759229 0.00276 21
0.00380606758218 0.00236571426856 0
0.00379177009383 0.00256285713677 0
0.00380606758218 0.000394285697136 0
0.00356301025265 0.00157714285106 0
0.00380606759229 0 1
0.00380606758218 0.00019714285659 0
0.00360590271769 0.000394285697136 0
0.00356301025265 0.000591428565343 0
0.00352011778762 0.0011828571423 0
0.00360590271769 0.00078857140589 0
0.00360590271769 0.000985714274097 0
0.0034057378532 0.00137999998285 0
0.00347722532258 0.0017742856916 0
0.00360590271769 0.00197142855981 0
0.00360590271769 0.00216857142802 0
0.00360590273423 0.00276 21
0.00360590271769 0.00236571426856 0
0.00360590271769 0.00256285713677 0
0.0034057378532 0.00157714285106 0
0.00336284538816 0.0011828571423 0
0.00360590273423 0 1
0.00359160522934 0.00019714285659 0
0.0034057378532 0.000394285697136 0
0.0034057378532 0.000591428565343 0
0.0034057378532 0.00078857140589 0
0.0034057378532 0.000985714274097 0
0.00324846545374 0.00157714285106 0
0.00320557301636 0.00137999998285 0
0.00320557301636 0.0017742856916 0
0.0034057378532 0.00197142855981 0
0.00344863031823 0.00216857142802 0
0.00320557301636 0.00197142855981 0
0.00340573787616 0.00276 21
0.00337714287651 0.00236571426856 0
0.00339144036485 0.00256285713677 0
0.00320557301636 0.0011828571423 0
0.00327706043043 0.000887142826163 0
0.00340573787616 0 1
0.0034057378532 0.00019714285659 0
0.00323416799305 0.000394285697136 0
0.00320557301636 0.000591428565343 0
0.00314838303532 0.00078857140589 0
0.00313408554698 0.000985714274097 0
0.00300540815187 0.0011828571423 0
0.00309119308194 0.00157714285106 0
0.0029053257058 0.00137999998285 0
0.00300540815187 0.0017742856916 0
0.00306259810525 0.00197142855981 0
0.00320557301636 0.00216857142802 0
0.00320557301636 0.00236571426856 0
0.00320557301809 0.00276 21
0.00320557301636 0.00256285713677 0
0.00320557301809 0 1
0.00320557301636 0.00019714285659 0
0.00300540815187 0.000394285697136 0
0.00300540815187 0.00078857140589 0
0.00300540815187 0.000591428565343 0
0.00287673072911 0.000985714274097 0
0.00280524328738 0.0011828571423 0
0.00280524328738 0.00157714285106 0
0.00280524328738 0.0017742856916 0
0.00270516086896 0.00137999998285 0
0.00280524328738 0.00197142855981 0
0.00300540815187 0.00236571426856 0
0.00300540815187 0.00216857142802 0
0.00300540816003 0.00276 21
0.00299111066353 0.00256285713677 0
0.00288387947328 0.000689999985617 0
0.00300540816003 0 1
0.00300540815187 0.00019714285659 0
0.00283383826407 0.000394285697136 0
0.002748053334 0.00078857140589 0
0.00276235082234 0.000591428565343 0
0.00266226837627 0.00197142855981 0
0.00264797088792 0.0011828571423 0
0.00260507842289 0.000985714274097 0
0.00260507842289 0.00157714285106 0
0.00260507842289 0.0017742856916 0
0.00250499600447 0.00137999998285 0
0.00280524328738 0.00256285713677 0
0.00280524328738 0.00216857142802 0
0.00280524328738 0.00236571426856 0
0.00280524330196 0.00276 21
0.00260507842289 0.00078857140589 0
0.00280524330196 0 1
0.00280524328738 0.00019714285659 0
0.00260507842289 0.000394285697136 0
0.00260507842289 0.000591428565343 0
0.00246210353944 0.00078857140589 0
0.00250499597681 0.00197142855981 0
0.00256218595785 0.00216857142802 0
0.00249069851613 0.0011828571423 0
0.0024049135584 0.000985714274097 0
0.0024049135584 0.00157714285106 0
0.0024049135584 0.0017742856916 0
0.00230483113998 0.00137999998285 0
0.00260507842289 0.00256285713677 0
0.00260507842289 0.00236571426856 0
0.00260507844389 0.00276 21
0.00220474872156 0.00157714285106 0
0.00260507844389 0 1
0.00260507842289 0.00019714285659 0
0.0024049135584 0.000591428565343 0
0.00243350856275 0.000394285697136 0
0.00230483113998 0.00078857140589 0
0.0024049135584 0.00236571426856 0
0.00234772360502 0.00197142855981 0
0.0024049135584 0.00216857142802 0
0.00220474872156 0.0011828571423 0
0.00220474872156 0.000985714274097 0
0.00220474872156 0.0017742856916 0
0.00210466627549 0.00137999998285 0
0.00240491358583 0.00276 21
0.0024049135584 0.00256285713677 0
0.00220474872156 0.00197142855981 0
0.00200458385707 0.00157714285106 0
0.00240491358583 0 1
0.0024192110744 0.00019714285659 0
0.00214755876818 0.00078857140589 0
0.00220474872156 0.000394285697136 0
0.0022476411866 0.000591428565343 0
0.00220474872156 0.00236571426856 0
0.00220474872156 0.00216857142802 0
0.00204747632211 0.00108428569437 0
0.00189020395031 0.0011828571423 0
0.00200458385707 0.00078857140589 0
0.00206177381045 0.00197142855981 0
0.00200458385707 0.0017742856916 0
0.00180441899258 0.00137999998285 0
0.00220474872156 0.00256285713677 0
0.00220474872776 0.00276 21
0.00184731145762 0.00157714285106 0
0.00220474872776 0 1
0.00220474872156 0.00019714285659 0
0.00200458385707 0.000394285697136 0
0.00200458385707 0.000591428565343 0
0.00203317883376 0.00236571426856 0
0.00196169139204 0.00216857142802 0
0.00187590643431 0.000985714274097 0
0.00171863406251 0.0011828571423 0
0.00180441899258 0.00078857140589 0
0.00180441899258 0.00197142855981 0
0.00180441899258 0.0017742856916 0
0.00160425412809 0.00137999998285 0
0.00169003908582 0.00157714285106 0
0.00199028636873 0.00256285713677 0
0.00200458386969 0.00276 21
0.00200458386969 0 1
0.00200458385707 0.00019714285659 0
0.00183301396927 0.000394285697136 0
0.00176152652755 0.000591428565343 0
0.00180441899258 0.00236571426856 0
0.00180441899258 0.00216857142802 0
0.00148987422133 0.0011828571423 0
0.00160425412809 0.000985714274097 0
0.00160425412809 0.00078857140589 0
0.00160425412809 0.00197142855981 0
0.00160425412809 0.0017742856916 0
0.00140408929126 0.00137999998285 0
0.00151846919802 0.00157714285106 0
0.00180441899258 0.00256285713677 0
0.00180441901163 0.00276 21
0.00160425412809 0.000591428565343 0
0.00180441901163 0 1
0.00179012150424 0.00019714285659 0
0.00160425412809 0.000394285697136 0
0.00134932251675 0.00124681230241 0
0.00156136166305 0.00216857142802 0
0.00163284913244 0.00236571426856 0
0.00120877081217 0.00131076746251 0
0.00140408929126 0.000985714274097 0
0.00140408929126 0.00078857140589 0
0.00144698175629 0.000591428565343 0
0.00140408929126 0.00197142855981 0
0.00140408929126 0.0017742856916 0
0.00124993719272 0.00151617325865 0
0.00125013584886 0.00169871061363 0
0.00160425412809 0.00256285713677 0
0.00160425415356 0.00276 21
0.00160425412809 0.00019714285659 0
0.00140408929126 0.00216857142802 0
0.00160425415356 0 1
0.0014183867796 0.00019714285659 0
0.00140408929126 0.000394285697136 0
0.00121008497976 0.00111241824649 0
0.00140408929126 0.00236571426856 0
0.00104263622481 0.00140030882463 0
0.00101345236075 0.00124153496983 0
0.001211399175 0.000914069030471 0
0.00126570999745 0.000672204965444 0
0.00121796658306 0.000515450338779 0
0.00125033450499 0.00209481941147 0
0.00125033450499 0.00188124796861 0
0.00107182011653 0.0015590827071 0
0.00109598375032 0.00183488394475 0
0.00140408929126 0.00256285713677 0
0.00140408929549 0.00276 21
0.00125033450499 0.0022591051027 0
0.00140408929549 0 1
0.00126570999745 0.000146490714767 0
0.00112733070364 0.00029298141349 0
0.00101345236075 0.00100496356118 0
0.00125033450499 0.00242339084926 0
0.000861909705412 0.00141046330085 0
0.000905685556825 0.00164862409688 0
0.000818133881658 0.00117230250481 0
0.00101870905875 0.000842423814506 0
0.00103507783188 0.000653499009255 0
0.000988951409831 0.000439472139874 0
0.00109657974639 0.00221821029079 0
0.00109657971873 0.00198821027327 0
0.000941633023314 0.00178851992089 0
0.00125033450499 0.00262053371747 0
0.00120392443743 0.00276 21
0.000661925600853 0.00124944625262 0
0.000942824960121 0.00209517257793 0
0.00120392443743 0 1
0.0009402529966 0.000278932535746 0
0.00107208869785 0.000139466248234 0
0.000818133881658 0.00101458823238 0
0.00109657974639 0.00248106742996 0
0.00071383542797 0.00139949533579 0
0.000765745255086 0.00154954447427 0
0.000739550969461 0.00173816548666 0
0.000622815430232 0.00110307001213 0
0.000826018942498 0.00077077857088 0
0.000850572116022 0.000585962838598 0
0.000758978886631 0.000392057163658 0
0.000942824987781 0.0023416011701 0
0.000826018942498 0.00198922136716 0
0.00100375957936 0.00276 21
0.000505717347707 0.00132659000042 0
0.000789070201515 0.00220213488259 0
0.00100375957936 0 1
0.00086243812741 0.000149355102773 0
0.000646565238569 0.000928669952093 0
0.000671598262639 0.000139295833246 0
0.00086243812741 0.00261064486293 0
0.000544530032011 0.00157094960361 0
0.000573416382096 0.00182770687645 0
0.000427496978806 0.00103383754712 0
0.000388503009024 0.00121878563384 0
0.000579795257682 0.000448065331554 0
0.000676581538773 0.000557865083109 0
0.000633328853905 0.000699133354914 0
0.000539601855157 0.00027859167811 0
0.000758978886631 0.00236794280204 0
0.000633328853905 0.00206086661079 0
0.000803594721293 0.00276 21
0.000349509094562 0.00140373374823 0
0.000610663688146 0.00223725707695 0
0.000803594721293 0 1
0.000474996623141 0.000842751699471 0
0.00041233560458 0.00169639558645 0
0.000603429863226 0 1
0.000454753059619 0.00015651610045 0
0.00059036640836 0.00248140825993 0
0.000671598262639 0.00262070413246 0
0.000142498974495 0.00133554136507 0
0.00031051515244 0.00158868183495 0
0.000407281822392 0.00191724829389 0
0.000407605420014 0.000417887550633 0
0.000158332189273 0.00112998836092 0
0.000271521210318 0.000986370016367 0
0.000436586174636 0.000599415416015 0
0.000306076258287 0.000208176846741 0
0.00050913455408 0.00234211244273 0
0.000436586174636 0.00216058454969 0
0.000603429863226 0.00276 21
0.000305461370252 0.000791667393425 0
0.000271521210318 0.00177362994933 0
0 0.00127360672116 22
0.000403265005159 0 1
0.000454753059619 0.00260348389291 0
0.000136422591737 0.000279544132208 0
0 0.00148639327884 22
0.000145528715658 0.00185298140243 0
0.000158332189273 0.00163001160478 0
0.000169783490076 0.00205540920979 0
0.000153103040907 0.00047407127833 0
0 0.00106082016348 22
0.000145528715658 0.000907018563275 0
0.000169783490076 0.000704590755916 0
0.000203100147093 0 1
0.000326222651243 0.00238263414512 0
0.000271852220895 0.00219885207752 0
0.000403265005159 0.00276 21
0.000306076258287 0.00255182311896 0
0 0.0019119663942 22
0 0.000422460490437 22
0 0.000209711988153 22
0 0.00169917983652 22
0 0.00212475295188 22
0 0.000635247048118 22
0 0.000848033605798 22
0 0 22
0.000153103040907 0.00244472674492 0
0 0.00233753950956 22
0.000203100147093 0.00276 21
0 0.00255028801185 22
0 0.00276 22

Edges
375
2125 2124 22
2124 2122 22
2122 2117 22
2117 2113 22
2113 2116 22
2116 2100 22
2100 2096 22
2096 2105 22
2105 2119 22
2119 2118 22
2118 2114 22
2114 2115 22
2115 2120 22
251 269 21
269 289 21
289 307 21
307 328 21
328 349 21
349 370 21
370 389 21
389 408 21
408 426 21
426 443 21
443 459 21
459 478 21
478 495 21
495 511 21
511 528 21
528 545 21
545 561 21
561 578 21
578 594 21
594 609 21
609 624 21
624 640 21
640 655 21
655 673 21
673 675 21
675 691 21
691 690 21
690 701 21
701 716 21
716 717 21
717 718 21
718 732 21
732 748 21
748 764 21
764 782 21
782 799 21
799 820 21
820 838 21
838 855 21
855 872 21
872 891 21
891 907 21
907 925 21
925 940 21
940 957 21
957 976 21
976 993 21
993 994 21
994 1010 21
1010 1026 21
1026 1036 21
1036 1052 21
1052 1071 21
1071 1088 21
1088 1106 21
1106 1123 21
1123 1139 21
1139 1156 21
1156 1175 21
1175 1191 21
1191 1207 21
1207 1223 21
1223 1240 21
1240 1256 21
1256 1275 21
1275 1292 21
1292 1301 21
1301 1321 21
1321 1340 21
1340 1358 21
1358 1375 21
1375 1393 21
1393 1409 21
1409 1427 21
1427 1445 21
1445 1460 21
1460 1475 21
1475 1491 21
1491 1507 21
1507 1523 21
1523 1541 21
1541 1557 21
1557 1573 21
1573 1589 21
1589 1602 21
1602 1618 21
1618 1633 21
1633 1648 21
1648 1665 21
1665 1679 21
1679 1694 21
1694 1710 21
1710 1727 21
1727 1742 21
1742 1757 21
1757 1775 21
1775 1791 21
1791 1808 21
1808 1824 21
1824 1840 21
1840 1857 21
1857 1875 21
1875 1890 21
1890 1907 21
1907 1923 21
1923 1937 21
1937 1955 21
1955 1971 21
1971 1986 21
1986 2003 21
2003 2021 21
2021 2038 21
2038 2055 21
2055 2073 21
2073 2093 21
2093 2111 21
2111 2123 21
2123 2125 21
6 14 20
14 31 20
31 47 20
47 64 20
64 79 20
79 94 20
94 110 20
110 125 20
125 141 20
141 156 20
156 171 20
171 187 20
187 203 20
203 219 20
219 235 20
235 251 20
2 6 19
237 221 18
221 205 18
205 189 18
189 173 18
173 158 18
158 143 18
143 127 18
127 112 18
112 96 18
96 81 18
81 66 18
66 49 18
49 33 18
33 16 18
16 8 18
8 2 18
268 252 17
252 237 17
305 287 16
287 268 16
317 326 15
326 305 15
298 300 14
300 317 14
264 282 13
282 298 13
17 34 12
34 50 12
50 67 12
67 82 12
82 98 12
98 114 12
114 130 12
130 146 12
146 159 12
159 175 12
175 191 12
191 207 12
207 223 12
223 239 12
239 247 12
247 264 12
24 23 11
23 26 11
26 25 11
25 22 11
22 10 11
10 9 11
9 18 11
18 17 11
255 238 10
238 222 10
222 206 10
206 194 10
194 178 10
178 180 10
180 164 10
164 149 10
149 133 10
133 117 10
117 101 10
101 89 10
89 73 10
73 58 10
58 40 10
40 24 10
284 272 9
272 255 9
321 302 8
302 284 8
301 320 7
320 321 7
266 283 6
283 301 6
233 249 5
249 266 5
1 5 4
5 13 4
13 30 4
30 46 4
46 63 4
63 78 4
78 93 4
93 109 4
109 124 4
124 140 4
140 155 4
155 170 4
170 185 4
185 201 4
201 217 4
217 233 4
3 1 3
248 232 2
232 216 2
216 200 2
200 184 2
184 168 2
168 153 2
153 138 2
138 122 2
122 107 2
107 91 2
91 76 2
76 61 2
61 44 2
44 28 2
28 11 2
11 3 2
2120 2108 1
2108 2097 1
2097 2079 1
2079 2076 1
2076 2058 1
2058 2041 1
2041 2023 1
2023 2006 1
2006 1988 1
1988 1972 1
1972 1957 1
1957 1941 1
1941 1925 1
1925 1909 1
1909 1893 1
1893 1877 1
1877 1862 1
1862 1845 1
1845 1829 1
1829 1813 1
1813 1795 1
1795 1780 1
1780 1764 1
1764 1748 1
1748 1731 1
1731 1715 1
1715 1700 1
1700 1684 1
1684 1668 1
1668 1653 1
1653 1639 1
1639 1624 1
1624 1609 1
1609 1591 1
1591 1575 1
1575 1559 1
1559 1543 1
1543 1526 1
1526 1510 1
1510 1494 1
1494 1479 1
1479 1462 1
1462 1447 1
1447 1430 1
1430 1414 1
1414 1413 1
1413 1412 1
1412 1396 1
1396 1379 1
1379 1378 1
1378 1362 1
1362 1345 1
1345 1342 1
1342 1324 1
1324 1305 1
1305 1288 1
1288 1272 1
1272 1267 1
1267 1250 1
1250 1234 1
1234 1217 1
1217 1201 1
1201 1184 1
1184 1167 1
1167 1148 1
1148 1132 1
1132 1116 1
1116 1114 1
1114 1097 1
1097 1081 1
1081 1064 1
1064 1046 1
1046 1030 1
1030 1013 1
1013 996 1
996 978 1
978 961 1
961 948 1
948 930 1
930 914 1
914 896 1
896 879 1
879 860 1
860 843 1
843 825 1
825 804 1
804 785 1
785 766 1
766 745 1
745 729 1
729 709 1
709 694 1
694 677 1
677 662 1
662 647 1
647 630 1
630 614 1
614 599 1
599 583 1
583 568 1
568 553 1
553 536 1
536 520 1
520 504 1
504 489 1
489 471 1
471 454 1
454 439 1
439 421 1
421 404 1
404 385 1
385 367 1
367 345 1
345 325 1
325 304 1
304 285 1
285 265 1
265 248 1

Triangles
3873
2125 2124 2123 0
2109 2091 2098 0
2112 2109 2098 0
2122 2121 2124 0
2122 2110 2121 0
2110 2092 2109 0
2110 2109 2121 0
2121 2123 2124 0
2122 2117 2110 0
2081 2071 2082 0
2098 2081 2082 0
2091 2071 2081 0
2098 2091 2081 0
2093 2098 2082 0
2111 2123 2112 0
2092 2085 2072 0
2103 2085 2092 0
2116 2101 2113 0
2116 2100 2102 0
2101 2103 2113 0
2103 2110 2117 0
2113 2103 2117 0
2101 2085 2103 0
2057 2071 2075 0
2054 2057 2072 0
2085 2064 2072 0
2016 2035 2017 0
2053 2071 2057 0
2040 2053 2057 0
2022 2027 2034 0
2005 2022 2016 0
2005 2010 2022 0
2045 2053 2034 0
2045 2062 2053 0
2027 2020 2037 0
1992 2010 2005 0
1993 2002 2010 0
2037 2055 2045 0
2098 2093 2111 0
2062 2082 2071 0
2073 2093 2082 0
2112 2121 2109 0
2111 2112 2098 0
2123 2121 2112 0
2095 2085 2101 0
2102 2095 2101 0
2066 2083 2087 0
2030 2028 2046 0
2063 2064 2078 0
2116 2102 2101 0
2066 2065 2049 0
2096 2083 2100 0
2011 2012 1994 0
2029 2028 2018 0
2029 2047 2028 0
2074 2083 2066 0
2050 2044 2060 0
2029 2048 2047 0
2065 2077 2060 0
2087 2088 2066 0
2050 2069 2051 0
2032 2031 2050 0
2033 2032 2051 0
2015 2014 2032 0
2060 2049 2065 0
2031 2044 2050 0
2030 2049 2044 0
2062 2045 2055 0
2082 2062 2073 0
2071 2053 2062 0
2088 2094 2077 0
2065 2088 2077 0
2087 2105 2106 0
2096 2087 2083 0
2105 2119 2106 0
2060 2069 2050 0
2049 2060 2044 0
2077 2069 2060 0
1991 1994 2009 0
1978 1991 1995 0
1978 1983 1991 0
2001 1984 1999 0
2011 1994 2000 0
1983 1984 2000 0
1968 1983 1978 0
1984 1982 1999 0
2120 2108 2115 0
2090 2099 2108 0
2080 2090 2097 0
2079 2080 2097 0
2061 2070 2080 0
2086 2099 2090 0
2097 2090 2108 0
2089 2086 2067 0
2094 2089 2077 0
2067 2070 2052 0
2089 2067 2068 0
2086 2070 2067 0
2061 2080 2079 0
2080 2070 2090 0
2076 2059 2061 0
2068 2069 2089 0
2033 2051 2052 0
1996 2013 2014 0
2052 2051 2068 0
2014 2015 1997 0
2013 2031 2014 0
1995 2013 1996 0
1995 1991 2009 0
2031 2032 2014 0
2107 2118 2104 0
2089 2107 2104 0
2094 2088 2106 0
2059 2058 2043 0
2061 2059 2052 0
2070 2061 2052 0
2068 2067 2052 0
2086 2090 2070 0
2079 2076 2061 0
2076 2058 2059 0
2099 2115 2108 0
2104 2099 2086 0
2104 2114 2099 0
2052 2059 2042 0
2104 2118 2114 0
2115 2099 2114 0
2086 2089 2104 0
2042 2033 2052 0
2043 2042 2059 0
2043 2025 2042 0
2041 2043 2058 0
2041 2023 2024 0
2106 2088 2087 0
2107 2106 2119 0
2107 2094 2106 0
2118 2107 2119 0
1998 1999 1982 0
2034 2040 2035 0
1999 2017 2001 0
2036 2054 2048 0
2018 2036 2029 0
2035 2040 2054 0
2019 2035 2036 0
2018 2019 2036 0
2017 2035 2019 0
2018 2000 2001 0
1999 1998 2017 0
2016 2034 2035 0
2005 2016 1998 0
2022 2010 2027 0
2000 2018 2011 0
2001 2000 1984 0
2019 2001 2017 0
2019 2018 2001 0
2078 2085 2095 0
2078 2064 2085 0
2102 2084 2095 0
2074 2056 2063 0
2084 2074 2063 0
2095 2084 2078 0
2102 2083 2084 0
2039 2049 2030 0
2063 2056 2046 0
2048 2063 2047 0
2078 2084 2063 0
2056 2049 2039 0
2048 2054 2064 0
2084 2083 2074 0
2029 2036 2048 0
2017 1998 2016 0
2054 2072 2064 0
2092 2110 2103 0
2075 2092 2072 0
2075 2091 2092 0
2102 2100 2083 0
2107 2089 2094 0
1996 1997 1980 0
2032 2050 2051 0
2009 2026 2013 0
1995 2009 2013 0
1994 2012 2009 0
2026 2030 2044 0
2032 2033 2015 0
2007 2023 2006 0
2007 2024 2023 0
1990 2007 2004 0
2008 2024 2007 0
1989 1990 2004 0
2015 2033 2025 0
1997 2015 2008 0
1997 1996 2014 0
2043 2041 2024 0
2096 2105 2087 0
2065 2066 2088 0
2004 2006 1989 0
2055 2073 2062 0
1998 1982 1981 0
1964 1963 1949 0
1969 1968 1953 0
1979 1980 1965 0
1978 1979 1964 0
1995 1980 1979 0
1996 1980 1995 0
2025 2024 2008 0
2042 2025 2033 0
2043 2024 2025 0
1990 1974 1975 0
1987 1990 1975 0
2008 2007 1990 0
1965 1950 1963 0
1975 1965 1980 0
1987 1975 1980 0
1997 1987 1980 0
1997 1990 1987 0
1974 1959 1960 0
1960 1959 1944 0
1943 1960 1945 0
1950 1965 1960 0
1948 1950 1934 0
1968 1978 1964 0
1953 1968 1964 0
1978 1995 1979 0
1984 1983 1968 0
2056 2074 2066 0
2049 2056 2066 0
2039 2046 2056 0
2046 2047 2063 0
2030 2046 2039 0
2028 2047 2046 0
2012 2028 2030 0
2011 2018 2028 0
2048 2064 2063 0
1979 1965 1963 0
1973 1958 1959 0
1974 1973 1959 0
1972 1958 1973 0
1972 1957 1958 0
2027 2045 2034 0
2016 2022 2034 0
2010 2020 2027 0
2002 2020 2010 0
1976 1985 1993 0
2003 2020 2002 0
2021 2038 2037 0
2037 2038 2055 0
2027 2037 2045 0
2020 2021 2037 0
1989 2006 1988 0
1972 1973 1988 0
1974 1990 1989 0
1903 1899 1886 0
1920 1916 1903 0
1917 1913 1900 0
1943 1929 1934 0
1933 1936 1948 0
1973 1989 1988 0
1945 1960 1944 0
1974 1989 1973 0
1899 1883 1886 0
1900 1899 1916 0
1900 1883 1899 0
1917 1900 1916 0
1908 1896 1900 0
2020 2003 2021 0
1992 1993 2010 0
1998 1992 2005 0
1947 1939 1931 0
1946 1947 1932 0
1946 1961 1947 0
1966 1981 1967 0
1976 1977 1962 0
1992 1981 1977 0
1952 1940 1935 0
1962 1977 1966 0
1982 1984 1969 0
2002 1985 1986 0
1970 1971 1986 0
1985 1976 1970 0
1986 1985 1970 0
2002 1993 1985 0
1954 1938 1955 0
1961 1954 1970 0
1930 1932 1915 0
1946 1930 1938 0
1946 1932 1930 0
1961 1946 1954 0
1961 1962 1947 0
1911 1926 1910 0
1897 1911 1895 0
1881 1897 1895 0
1896 1908 1912 0
1928 1942 1926 0
1912 1928 1911 0
1927 1945 1928 0
1958 1942 1944 0
1959 1958 1944 0
1957 1941 1958 0
1941 1925 1942 0
1950 1943 1934 0
1975 1960 1965 0
1975 1974 1960 0
1941 1942 1958 0
1929 1913 1917 0
1945 1929 1943 0
1945 1927 1929 0
1942 1928 1944 0
1928 1926 1911 0
2003 2002 1986 0
1971 1970 1954 0
1929 1927 1913 0
1950 1960 1943 0
1944 1928 1945 0
1909 1926 1925 0
1929 1917 1934 0
1911 1897 1912 0
1900 1882 1883 0
1927 1912 1913 0
1896 1882 1900 0
1912 1897 1896 0
1913 1912 1908 0
1927 1928 1912 0
1881 1866 1880 0
1955 1938 1937 0
1956 1940 1952 0
1969 1956 1967 0
1969 1953 1956 0
1964 1979 1963 0
2009 2012 2026 0
1983 1994 1991 0
1983 2000 1994 0
2069 2068 2051 0
2026 2031 2013 0
2030 2026 2012 0
2044 2031 2026 0
2077 2089 2069 0
1933 1920 1936 0
1949 1948 1936 0
1934 1917 1933 0
1956 1953 1940 0
1982 1969 1967 0
1984 1968 1969 0
1942 1925 1926 0
1936 1940 1953 0
1949 1936 1953 0
1964 1949 1953 0
1948 1934 1933 0
1963 1948 1949 0
1963 1950 1948 0
1920 1918 1924 0
1917 1916 1933 0
1903 1886 1901 0
1914 1919 1902 0
1947 1931 1932 0
1947 1951 1939 0
1976 1962 1961 0
1976 1993 1977 0
1952 1967 1956 0
1951 1952 1935 0
1951 1966 1952 0
1914 1902 1898 0
1939 1935 1931 0
1918 1902 1919 0
1924 1918 1935 0
1936 1924 1940 0
1936 1920 1924 0
1920 1903 1918 0
1899 1903 1916 0
1868 1870 1883 0
1885 1902 1901 0
1935 1919 1931 0
1951 1935 1939 0
1940 1924 1935 0
1923 1937 1938 0
1900 1913 1908 0
1879 1881 1895 0
1894 1879 1895 0
1894 1878 1879 0
1921 1938 1922 0
1906 1921 1922 0
1923 1938 1921 0
1923 1921 1907 0
1878 1893 1877 0
1862 1878 1877 0
1864 1865 1879 0
1884 1869 1871 0
1883 1870 1886 0
1884 1871 1885 0
1852 1869 1870 0
1852 1836 1851 0
1873 1889 1872 0
1856 1873 1872 0
1853 1856 1872 0
1854 1873 1856 0
1855 1858 1873 0
1873 1874 1889 0
1838 1855 1854 0
1841 1859 1858 0
1876 1875 1890 0
1858 1876 1874 0
1859 1875 1876 0
1857 1859 1842 0
1876 1890 1891 0
1888 1876 1891 0
2035 2054 2036 0
2053 2040 2034 0
2057 2054 2040 0
2075 2072 2057 0
2091 2075 2071 0
2091 2109 2092 0
2012 2011 2028 0
1997 2008 1990 0
2015 2025 2008 0
2007 2006 2004 0
1935 1918 1919 0
1976 1961 1970 0
1992 1977 1993 0
1981 1982 1967 0
1966 1977 1981 0
1952 1966 1967 0
1951 1962 1966 0
1992 1998 1981 0
1885 1871 1887 0
1884 1886 1870 0
1918 1901 1902 0
1918 1903 1901 0
1853 1837 1854 0
1856 1853 1854 0
1871 1869 1853 0
1868 1852 1870 0
1882 1868 1883 0
1882 1880 1867 0
1871 1853 1872 0
1833 1820 1836 0
1841 1825 1826 0
1859 1841 1842 0
1855 1839 1841 0
1821 1838 1837 0
1843 1828 1837 0
1804 1803 1821 0
1803 1788 1790 0
1806 1821 1803 0
1807 1806 1803 0
1823 1821 1806 0
1839 1823 1822 0
1838 1821 1823 0
1804 1789 1803 0
1835 1850 1834 0
1818 1835 1819 0
1833 1850 1835 0
1789 1788 1803 0
1915 1922 1930 0
1931 1914 1932 0
1898 1887 1905 0
1954 1955 1971 0
1863 1847 1864 0
1862 1863 1878 0
1846 1847 1863 0
1898 1902 1885 0
1905 1915 1898 0
1889 1905 1887 0
1906 1922 1905 0
1905 1922 1915 0
1888 1906 1889 0
1904 1907 1921 0
1938 1954 1946 0
1951 1947 1962 0
1914 1915 1932 0
1919 1914 1931 0
1898 1915 1914 0
1922 1938 1930 0
1888 1889 1874 0
1876 1888 1874 0
1891 1906 1888 0
1907 1891 1890 0
1904 1921 1906 0
1891 1904 1906 0
1891 1907 1904 0
1830 1845 1829 0
1830 1846 1845 0
1814 1830 1829 0
1815 1798 1816 0
1827 1815 1816 0
1831 1827 1816 0
1830 1815 1827 0
1814 1797 1815 0
1832 1847 1831 0
1846 1863 1862 0
1863 1864 1878 0
1865 1848 1849 0
1816 1832 1831 0
1861 1850 1867 0
1849 1861 1866 0
1849 1850 1861 0
1865 1849 1866 0
1848 1832 1849 0
1816 1834 1832 0
1817 1819 1834 0
1848 1864 1847 0
1832 1848 1847 0
1866 1881 1865 0
1910 1926 1909 0
1893 1910 1909 0
1895 1911 1910 0
1879 1878 1864 0
1893 1894 1910 0
1893 1878 1894 0
1881 1880 1892 0
1865 1881 1879 0
1880 1882 1896 0
1892 1880 1896 0
1897 1892 1896 0
1897 1881 1892 0
1866 1867 1880 0
1862 1845 1846 0
1813 1814 1829 0
1859 1857 1875 0
1796 1814 1795 0
1780 1796 1795 0
1797 1798 1815 0
1782 1797 1796 0
1782 1768 1784 0
1867 1866 1861 0
1860 1867 1850 0
1833 1844 1850 0
1852 1868 1860 0
1868 1882 1867 0
1916 1920 1933 0
1894 1895 1910 0
1814 1813 1795 0
1797 1814 1796 0
1784 1783 1799 0
1765 1768 1782 0
1765 1752 1768 0
1827 1831 1830 0
1811 1816 1798 0
1799 1811 1798 0
1817 1816 1811 0
1817 1834 1816 0
1831 1846 1830 0
1840 1857 1842 0
1840 1842 1826 0
1779 1778 1759 0
1854 1837 1838 0
1839 1855 1838 0
1823 1839 1838 0
1822 1825 1839 0
1884 1885 1901 0
1886 1884 1901 0
1870 1869 1884 0
1851 1853 1869 0
1852 1851 1869 0
1843 1853 1851 0
1872 1887 1871 0
1855 1873 1854 0
1887 1898 1885 0
1889 1887 1872 0
1889 1906 1905 0
1784 1798 1797 0
1782 1784 1797 0
1768 1783 1784 0
1767 1783 1768 0
1752 1767 1768 0
1752 1769 1767 0
1769 1770 1785 0
1847 1846 1831 0
1721 1707 1724 0
1800 1817 1799 0
1785 1800 1799 0
1800 1801 1819 0
1719 1736 1720 0
1781 1796 1780 0
1764 1781 1780 0
1782 1796 1781 0
1826 1824 1840 0
1841 1826 1842 0
1825 1809 1810 0
1839 1825 1841 0
1823 1806 1807 0
1805 1809 1822 0
1830 1814 1815 0
1764 1763 1781 0
1752 1751 1769 0
1783 1767 1769 0
1749 1746 1736 0
1766 1765 1782 0
1781 1766 1782 0
1763 1750 1766 0
1781 1763 1766 0
1717 1731 1715 0
1750 1733 1732 0
1750 1763 1747 0
1714 1698 1706 0
1719 1714 1730 0
1704 1698 1714 0
1719 1704 1714 0
1735 1719 1730 0
1745 1735 1730 0
1749 1752 1765 0
1762 1749 1765 0
1736 1752 1749 0
1734 1736 1746 0
1735 1751 1736 0
1720 1704 1719 0
1735 1736 1719 0
1734 1718 1720 0
1713 1718 1703 0
1824 1826 1810 0
1802 1804 1812 0
1801 1802 1818 0
1819 1801 1818 0
1786 1802 1801 0
1786 1787 1802 0
1763 1764 1748 0
1762 1746 1749 0
1750 1762 1766 0
1750 1746 1762 0
1747 1733 1750 0
1748 1747 1763 0
1748 1733 1747 0
1732 1734 1750 0
1775 1760 1757 0
1775 1791 1779 0
1742 1757 1760 0
1731 1733 1748 0
1717 1733 1731 0
1700 1717 1715 0
1716 1732 1717 0
1701 1699 1716 0
1700 1701 1717 0
1700 1684 1701 0
1762 1765 1766 0
1734 1746 1750 0
1734 1720 1736 0
1701 1684 1685 0
1799 1817 1811 0
1784 1799 1798 0
1785 1770 1786 0
1783 1785 1799 0
1783 1769 1785 0
1745 1761 1751 0
1835 1818 1833 0
1800 1819 1817 0
1800 1786 1801 0
1785 1786 1800 0
1761 1770 1769 0
1751 1761 1769 0
1745 1754 1761 0
1772 1787 1770 0
1802 1789 1804 0
1770 1787 1786 0
1772 1789 1787 0
1820 1833 1818 0
1812 1820 1802 0
1821 1812 1804 0
1821 1837 1828 0
1844 1852 1860 0
1828 1836 1820 0
1843 1851 1836 0
1828 1843 1836 0
1812 1828 1820 0
1812 1821 1828 0
1837 1853 1843 0
1849 1834 1850 0
1864 1848 1865 0
1832 1834 1849 0
1819 1835 1834 0
1844 1836 1852 0
1850 1844 1860 0
1833 1836 1844 0
1802 1820 1818 0
1860 1868 1867 0
1743 1744 1760 0
1744 1727 1742 0
1760 1744 1742 0
1729 1711 1727 0
1743 1728 1744 0
1726 1725 1728 0
1743 1726 1728 0
1743 1741 1726 0
1686 1683 1672 0
1729 1727 1744 0
1661 1647 1649 0
1708 1725 1709 0
1802 1787 1789 0
1761 1754 1770 0
1735 1745 1751 0
1738 1753 1754 0
1756 1753 1740 0
1754 1753 1771 0
1770 1754 1772 0
1745 1738 1754 0
1737 1721 1724 0
1738 1737 1753 0
1738 1721 1737 0
1771 1788 1789 0
1754 1771 1772 0
1756 1740 1755 0
1774 1756 1755 0
1773 1771 1756 0
1759 1778 1776 0
1793 1809 1792 0
1776 1778 1792 0
1779 1791 1794 0
1858 1855 1841 0
1876 1858 1859 0
1874 1873 1858 0
1807 1790 1792 0
1822 1807 1805 0
1803 1790 1807 0
1825 1810 1826 0
1822 1809 1825 0
1805 1792 1809 0
1823 1807 1822 0
1807 1792 1805 0
1773 1774 1790 0
1771 1773 1788 0
1771 1753 1756 0
1777 1792 1790 0
1778 1779 1794 0
1792 1778 1793 0
1776 1758 1759 0
1794 1791 1808 0
1793 1794 1809 0
1793 1778 1794 0
1775 1779 1760 0
1810 1808 1824 0
1794 1810 1809 0
1794 1808 1810 0
1752 1736 1751 0
1722 1730 1714 0
1690 1689 1706 0
1721 1738 1722 0
1738 1745 1730 0
1723 1739 1724 0
1725 1723 1709 0
1725 1739 1723 0
1771 1789 1772 0
1656 1657 1642 0
1706 1722 1714 0
1690 1706 1698 0
1705 1722 1706 0
1689 1705 1706 0
1674 1689 1675 0
1677 1693 1689 0
1693 1709 1707 0
1718 1732 1716 0
1721 1722 1705 0
1697 1702 1686 0
1703 1697 1687 0
1703 1702 1697 0
1704 1703 1688 0
1713 1720 1718 0
1704 1713 1703 0
1704 1720 1713 0
1718 1702 1703 0
1732 1718 1734 0
1716 1702 1718 0
1670 1685 1668 0
1716 1699 1702 0
1716 1717 1701 0
1689 1674 1677 0
1688 1682 1690 0
1688 1703 1687 0
1641 1642 1627 0
1637 1643 1628 0
1656 1642 1641 0
1628 1643 1641 0
1671 1657 1656 0
1675 1667 1660 0
1660 1674 1675 0
1682 1667 1675 0
1645 1637 1629 0
1696 1691 1681 0
1695 1696 1681 0
1695 1711 1696 0
1677 1678 1693 0
1705 1689 1693 0
1674 1662 1677 0
1661 1676 1663 0
1647 1661 1663 0
1649 1666 1661 0
1660 1645 1659 0
1570 1585 1583 0
1605 1604 1588 0
1603 1619 1616 0
1604 1603 1586 0
1620 1619 1603 0
1685 1699 1701 0
1668 1685 1684 0
1683 1699 1685 0
1669 1683 1685 0
1669 1672 1683 0
1653 1655 1668 0
1657 1671 1672 0
1655 1653 1639 0
1626 1638 1640 0
1670 1668 1655 0
1669 1670 1655 0
1669 1685 1670 0
1759 1743 1760 0
1779 1759 1760 0
1758 1741 1759 0
1774 1758 1776 0
1741 1743 1759 0
1755 1741 1758 0
1739 1725 1741 0
1741 1725 1726 0
1774 1755 1758 0
1723 1724 1707 0
1740 1724 1739 0
1740 1737 1724 0
1755 1740 1739 0
1741 1755 1739 0
1774 1773 1756 0
1777 1774 1776 0
1792 1777 1776 0
1790 1774 1777 0
1790 1788 1773 0
1707 1705 1693 0
1723 1707 1709 0
1721 1705 1707 0
1753 1737 1740 0
1738 1730 1722 0
1692 1709 1693 0
1678 1692 1693 0
1678 1691 1692 0
1712 1711 1729 0
1708 1712 1725 0
1708 1691 1696 0
1692 1691 1708 0
1712 1708 1696 0
1709 1692 1708 0
1678 1676 1691 0
1728 1729 1744 0
1712 1728 1725 0
1712 1729 1728 0
1694 1710 1695 0
1710 1727 1711 0
1711 1695 1710 0
1640 1655 1639 0
1624 1640 1639 0
1623 1626 1640 0
1646 1647 1662 0
1679 1680 1665 0
1679 1694 1695 0
1665 1680 1664 0
1686 1687 1697 0
1699 1686 1702 0
1672 1687 1686 0
1657 1672 1669 0
1671 1687 1672 0
1683 1686 1699 0
1673 1687 1671 0
1688 1698 1704 0
1673 1688 1687 0
1690 1675 1689 0
1688 1690 1698 0
1682 1675 1690 0
1673 1682 1688 0
1673 1658 1667 0
1732 1733 1717 0
1623 1624 1609 0
1593 1611 1608 0
1654 1642 1657 0
1669 1654 1657 0
1655 1640 1654 0
1608 1611 1623 0
1627 1642 1626 0
1591 1593 1609 0
1655 1654 1669 0
1638 1626 1642 0
1654 1638 1642 0
1654 1640 1638 0
1612 1594 1595 0
1625 1612 1610 0
1611 1594 1612 0
1623 1611 1626 0
1592 1594 1611 0
1625 1641 1627 0
1611 1612 1627 0
1576 1578 1592 0
1593 1577 1592 0
1561 1562 1578 0
1612 1625 1627 0
1595 1610 1612 0
1578 1579 1594 0
1607 1599 1614 0
1622 1607 1614 0
1613 1599 1607 0
1579 1596 1595 0
1580 1584 1596 0
1613 1622 1628 0
1595 1613 1610 0
1596 1599 1613 0
1652 1637 1645 0
1643 1637 1652 0
1658 1643 1652 0
1656 1641 1643 0
1622 1613 1607 0
1644 1630 1631 0
1646 1644 1631 0
1632 1646 1631 0
1662 1674 1659 0
1630 1645 1629 0
1659 1645 1644 0
1660 1652 1645 0
1671 1656 1658 0
1613 1628 1625 0
1600 1615 1614 0
1637 1628 1622 0
1658 1656 1643 0
1667 1658 1652 0
1660 1667 1652 0
1682 1673 1667 0
1673 1671 1658 0
1625 1610 1613 0
1617 1618 1634 0
1588 1587 1605 0
1602 1618 1606 0
1650 1634 1633 0
1665 1664 1650 0
1621 1605 1606 0
1636 1621 1634 0
1636 1620 1621 0
1615 1629 1614 0
1601 1615 1600 0
1630 1629 1615 0
1617 1606 1618 0
1621 1617 1634 0
1621 1606 1617 0
1695 1680 1679 0
1712 1696 1711 0
1681 1680 1695 0
1676 1681 1691 0
1663 1676 1678 0
1677 1663 1678 0
1649 1651 1666 0
1676 1661 1666 0
1647 1632 1649 0
1649 1635 1651 0
1662 1647 1663 0
1677 1662 1663 0
1659 1644 1646 0
1662 1659 1646 0
1674 1660 1659 0
1619 1620 1635 0
1632 1619 1635 0
1646 1632 1647 0
1631 1619 1632 0
1631 1616 1619 0
1666 1680 1681 0
1621 1620 1604 0
1650 1636 1634 0
1635 1620 1636 0
1651 1635 1636 0
1633 1648 1650 0
1666 1681 1676 0
1650 1666 1651 0
1664 1680 1666 0
1649 1632 1635 0
1650 1648 1665 0
1666 1650 1664 0
1651 1636 1650 0
1591 1577 1593 0
1577 1576 1592 0
1560 1577 1575 0
1560 1561 1577 0
1569 1572 1556 0
1587 1588 1572 0
1574 1587 1569 0
1590 1605 1587 0
1604 1620 1603 0
1588 1604 1586 0
1605 1621 1604 0
1633 1634 1618 0
1616 1631 1630 0
1615 1616 1630 0
1601 1603 1616 0
1586 1601 1585 0
1586 1603 1601 0
1606 1589 1602 0
1574 1573 1589 0
1546 1545 1562 0
1528 1546 1544 0
1528 1529 1546 0
1564 1563 1548 0
1579 1580 1596 0
1548 1563 1562 0
1564 1580 1563 0
1627 1626 1611 0
1640 1624 1623 0
1623 1609 1608 0
1577 1591 1575 0
1611 1593 1592 0
1608 1609 1593 0
1575 1559 1560 0
1544 1559 1543 0
1644 1645 1630 0
1622 1629 1637 0
1622 1614 1629 0
1597 1614 1599 0
1597 1598 1614 0
1600 1598 1585 0
1616 1615 1601 0
1614 1598 1600 0
1584 1597 1599 0
1552 1567 1566 0
1555 1552 1536 0
1555 1567 1552 0
1597 1582 1598 0
1581 1565 1566 0
1570 1588 1586 0
1585 1570 1586 0
1571 1588 1570 0
1583 1567 1571 0
1598 1583 1585 0
1598 1582 1583 0
1601 1600 1585 0
1597 1581 1582 0
1583 1582 1567 0
1584 1568 1581 0
1596 1584 1599 0
1580 1568 1584 0
1568 1564 1553 0
1597 1584 1581 0
1580 1564 1568 0
1613 1595 1596 0
1563 1578 1562 0
1548 1530 1534 0
1547 1548 1534 0
1564 1547 1553 0
1564 1548 1547 0
1555 1538 1556 0
1549 1536 1551 0
1531 1516 1521 0
1549 1531 1536 0
1549 1533 1531 0
1587 1574 1590 0
1572 1569 1587 0
1571 1572 1588 0
1571 1556 1572 0
1554 1542 1558 0
1556 1554 1569 0
1556 1542 1554 0
1641 1625 1628 0
1578 1576 1561 0
1579 1578 1563 0
1580 1579 1563 0
1595 1594 1579 0
1594 1592 1578 0
1521 1537 1531 0
1522 1521 1505 0
1537 1536 1531 0
1522 1537 1521 0
1538 1555 1537 0
1539 1538 1537 0
1539 1556 1538 0
1565 1553 1550 0
1519 1530 1513 0
1504 1519 1513 0
1520 1514 1532 0
1504 1518 1519 0
1503 1489 1488 0
1489 1504 1497 0
1504 1489 1503 0
1517 1532 1514 0
1486 1498 1502 0
1500 1516 1515 0
1553 1565 1568 0
1520 1532 1535 0
1565 1551 1566 0
1568 1565 1581 0
1550 1549 1565 0
1512 1511 1495 0
1513 1512 1497 0
1513 1528 1512 0
1512 1527 1511 0
1529 1528 1513 0
1546 1562 1561 0
1529 1545 1546 0
1529 1548 1545 0
1560 1544 1546 0
1576 1577 1561 0
1559 1544 1560 0
1543 1526 1544 0
1526 1510 1527 0
1508 1522 1506 0
1493 1509 1492 0
1476 1493 1492 0
1491 1507 1493 0
1524 1522 1508 0
1557 1558 1541 0
1556 1539 1542 0
1558 1573 1574 0
1590 1574 1589 0
1606 1590 1589 0
1606 1605 1590 0
1533 1515 1516 0
1534 1530 1519 0
1535 1553 1534 0
1520 1535 1534 0
1518 1520 1534 0
1518 1514 1520 0
1532 1550 1535 0
1553 1547 1534 0
1485 1468 1469 0
1487 1485 1502 0
1487 1471 1485 0
1469 1470 1486 0
1453 1470 1454 0
1466 1484 1470 0
1536 1552 1551 0
1451 1468 1455 0
1454 1469 1452 0
1453 1454 1437 0
1470 1469 1454 0
1470 1484 1486 0
1500 1484 1483 0
1499 1505 1516 0
1490 1499 1483 0
1506 1505 1499 0
1565 1549 1551 0
1535 1550 1553 0
1532 1533 1550 0
1517 1515 1533 0
1501 1517 1514 0
1502 1515 1517 0
1533 1549 1550 0
1517 1533 1532 0
1516 1531 1533 0
1486 1485 1469 0
1500 1498 1484 0
1502 1485 1486 0
1527 1544 1526 0
1527 1510 1511 0
1558 1569 1554 0
1558 1557 1573 0
1569 1558 1574 0
1542 1540 1558 0
1511 1510 1494 0
1479 1480 1494 0
1560 1546 1561 0
1490 1506 1499 0
1524 1542 1539 0
1525 1524 1508 0
1525 1542 1524 0
1509 1525 1508 0
1492 1509 1508 0
1507 1523 1509 0
1523 1541 1525 0
1505 1521 1516 0
1524 1539 1522 0
1583 1571 1570 0
1566 1567 1582 0
1581 1566 1582 0
1551 1552 1566 0
1555 1571 1567 0
1537 1555 1536 0
1556 1571 1555 0
1480 1479 1462 0
1449 1463 1464 0
1481 1496 1495 0
1464 1480 1462 0
1447 1464 1462 0
1465 1473 1478 0
1481 1465 1482 0
1463 1449 1465 0
1464 1463 1481 0
1449 1450 1465 0
1448 1449 1464 0
1447 1448 1464 0
1447 1431 1448 0
1472 1473 1456 0
1471 1472 1456 0
1488 1473 1472 0
1501 1488 1487 0
1502 1501 1487 0
1514 1518 1503 0
1489 1473 1488 0
1478 1473 1489 0
1482 1478 1489 0
1482 1465 1478 0
1496 1481 1482 0
1512 1496 1497 0
1512 1495 1496 0
1480 1464 1481 0
1487 1472 1471 0
1465 1481 1463 0
1497 1482 1489 0
1497 1496 1482 0
1465 1457 1473 0
1433 1450 1449 0
1438 1426 1423 0
1450 1441 1457 0
1432 1426 1441 0
1458 1466 1453 0
1443 1458 1453 0
1436 1443 1453 0
1436 1446 1443 0
1459 1476 1474 0
1512 1528 1527 0
1519 1518 1534 0
1528 1544 1527 0
1530 1529 1513 0
1548 1562 1545 0
1540 1542 1525 0
1541 1540 1525 0
1541 1558 1540 0
1509 1523 1525 0
1430 1431 1447 0
1431 1449 1448 0
1417 1431 1430 0
1417 1416 1433 0
1498 1500 1515 0
1502 1498 1515 0
1486 1484 1498 0
1466 1467 1484 0
1403 1395 1411 0
1477 1460 1475 0
1537 1522 1539 0
1500 1499 1516 0
1506 1522 1505 0
1500 1483 1499 0
1490 1492 1506 0
1467 1474 1483 0
1484 1467 1483 0
1466 1458 1474 0
1492 1508 1506 0
1477 1493 1476 0
1493 1507 1509 0
1471 1468 1485 0
1457 1465 1450 0
1504 1513 1497 0
1502 1517 1501 0
1548 1529 1530 0
1495 1494 1480 0
1481 1495 1480 0
1511 1494 1495 0
1400 1414 1413 0
1432 1433 1416 0
1430 1414 1417 0
1461 1444 1445 0
1491 1493 1477 0
1474 1490 1483 0
1477 1476 1459 0
1460 1477 1461 0
1475 1491 1477 0
1492 1490 1476 0
1474 1476 1490 0
1466 1474 1467 0
1458 1459 1474 0
1443 1446 1458 0
1461 1477 1459 0
1416 1415 1432 0
1397 1382 1400 0
1412 1397 1400 0
1412 1396 1397 0
1391 1392 1408 0
1398 1391 1408 0
1415 1398 1408 0
1415 1399 1398 0
1382 1373 1391 0
1503 1518 1504 0
1501 1503 1488 0
1501 1514 1503 0
1400 1399 1416 0
1414 1400 1417 0
1413 1412 1400 0
1420 1404 1402 0
1442 1455 1456 0
1457 1442 1456 0
1438 1423 1439 0
1441 1438 1442 0
1441 1426 1438 0
1339 1347 1343 0
1338 1339 1320 0
1356 1371 1355 0
1369 1389 1372 0
1353 1369 1352 0
1370 1389 1369 0
1372 1392 1371 0
1408 1392 1390 0
1423 1408 1405 0
1398 1399 1391 0
1416 1399 1415 0
1433 1431 1417 0
1450 1433 1432 0
1449 1431 1433 0
1417 1400 1416 0
1399 1382 1391 0
1357 1364 1347 0
1318 1316 1299 0
1332 1318 1313 0
1319 1316 1318 0
1336 1319 1318 0
1354 1336 1337 0
1354 1353 1335 0
1351 1354 1337 0
1353 1352 1334 0
1333 1320 1315 0
1317 1333 1315 0
1296 1317 1315 0
1316 1319 1334 0
1352 1338 1333 0
1384 1403 1402 0
1410 1395 1394 0
1421 1429 1436 0
1410 1411 1395 0
1410 1429 1411 0
1460 1461 1445 0
1435 1437 1422 0
1461 1459 1446 0
1466 1470 1453 0
1382 1399 1400 0
1381 1380 1397 0
1380 1373 1382 0
1338 1356 1339 0
1333 1338 1320 0
1352 1356 1338 0
1408 1423 1426 0
1397 1396 1381 0
1428 1445 1444 0
1425 1405 1407 0
1439 1423 1425 0
1451 1455 1440 0
1434 1452 1440 0
1452 1469 1468 0
1441 1450 1432 0
1438 1439 1455 0
1456 1473 1457 0
1471 1456 1455 0
1472 1487 1488 0
1426 1415 1408 0
1441 1442 1457 0
1432 1415 1426 0
1370 1368 1388 0
1349 1348 1331 0
1359 1349 1341 0
1365 1348 1349 0
1374 1376 1359 0
1366 1350 1365 0
1422 1420 1435 0
1452 1434 1437 0
1404 1420 1422 0
1419 1404 1422 0
1418 1419 1434 0
1418 1404 1419 0
1424 1418 1434 0
1424 1406 1418 0
1401 1386 1404 0
1365 1350 1348 0
1386 1366 1383 0
1402 1386 1383 0
1387 1368 1367 0
1351 1337 1350 0
1367 1351 1366 0
1386 1367 1366 0
1386 1387 1367 0
1368 1354 1351 0
1410 1409 1427 0
1410 1394 1409 0
1428 1429 1410 0
1445 1428 1427 0
1444 1446 1428 0
1435 1453 1437 0
1421 1435 1420 0
1436 1453 1435 0
1421 1436 1435 0
1403 1421 1420 0
1403 1411 1421 0
1429 1446 1436 0
1427 1428 1410 0
1446 1459 1458 0
1428 1446 1429 0
1444 1461 1446 0
1381 1396 1379 0
1363 1377 1379 0
1380 1382 1397 0
1385 1376 1395 0
1366 1384 1383 0
1365 1376 1384 0
1375 1374 1359 0
1394 1395 1376 0
1375 1394 1374 0
1393 1409 1394 0
1363 1378 1362 0
1343 1361 1344 0
1377 1381 1379 0
1364 1377 1363 0
1364 1381 1377 0
1346 1363 1362 0
1345 1346 1362 0
1328 1329 1346 0
1341 1340 1358 0
1375 1359 1358 0
1291 1294 1277 0
1276 1291 1277 0
1311 1314 1294 0
1293 1311 1291 0
1312 1331 1311 0
1321 1322 1301 0
1311 1294 1291 0
1348 1330 1331 0
1360 1376 1365 0
1359 1360 1349 0
1359 1376 1360 0
1350 1332 1348 0
1332 1336 1318 0
1297 1316 1317 0
1281 1297 1296 0
1281 1283 1297 0
1282 1283 1265 0
1264 1259 1278 0
1247 1264 1265 0
1245 1246 1264 0
1278 1294 1282 0
1294 1314 1313 0
1429 1421 1411 0
1434 1419 1422 0
1437 1434 1422 0
1440 1424 1434 0
1402 1403 1420 0
1368 1351 1367 0
1360 1365 1349 0
1394 1376 1374 0
1385 1403 1384 0
1376 1385 1384 0
1395 1403 1385 0
1336 1332 1337 0
1383 1384 1402 0
1404 1386 1402 0
1366 1365 1384 0
1358 1359 1341 0
1375 1393 1394 0
1455 1468 1471 0
1439 1440 1455 0
1442 1438 1455 0
1425 1440 1439 0
1405 1425 1423 0
1424 1440 1425 0
1406 1424 1425 0
1406 1387 1401 0
1407 1406 1425 0
1390 1407 1405 0
1390 1389 1407 0
1408 1390 1405 0
1369 1356 1352 0
1392 1372 1390 0
1355 1357 1339 0
1356 1355 1339 0
1371 1357 1355 0
1372 1371 1356 0
1373 1380 1364 0
1392 1373 1371 0
1392 1391 1373 0
1401 1404 1418 0
1406 1401 1418 0
1387 1386 1401 0
1451 1452 1468 0
1440 1452 1451 0
1437 1454 1452 0
1300 1315 1320 0
1289 1300 1309 0
1284 1295 1300 0
1322 1341 1331 0
1345 1328 1346 0
1324 1323 1325 0
1322 1340 1341 0
1328 1345 1342 0
1326 1329 1310 0
1308 1327 1309 0
1300 1308 1309 0
1320 1327 1308 0
1329 1328 1310 0
1343 1329 1326 0
1361 1364 1363 0
1344 1361 1346 0
1329 1344 1346 0
1329 1343 1344 0
1330 1314 1331 0
1332 1330 1348 0
1332 1314 1330 0
1337 1332 1350 0
1313 1314 1332 0
1299 1298 1318 0
1298 1282 1294 0
1318 1298 1313 0
1283 1282 1298 0
1298 1294 1313 0
1264 1278 1282 0
1265 1264 1282 0
1246 1241 1258 0
1277 1294 1278 0
1293 1276 1292 0
1311 1293 1312 0
1291 1276 1293 0
1259 1258 1278 0
1322 1312 1301 0
1340 1322 1321 0
1331 1312 1322 0
1349 1331 1341 0
1314 1311 1331 0
1312 1292 1301 0
1325 1328 1342 0
1324 1325 1342 0
1310 1328 1325 0
1323 1306 1325 0
1305 1323 1324 0
1302 1286 1290 0
1304 1302 1306 0
1304 1286 1302 0
1290 1307 1310 0
1303 1304 1323 0
1305 1303 1323 0
1287 1304 1303 0
1312 1293 1292 0
1276 1256 1275 0
1292 1276 1275 0
1277 1278 1258 0
1287 1305 1288 0
1180 1187 1170 0
1230 1212 1228 0
1179 1195 1196 0
1230 1228 1245 0
1244 1230 1247 0
1260 1244 1261 0
1227 1230 1244 0
1227 1213 1230 0
1249 1233 1235 0
1254 1249 1251 0
1237 1233 1249 0
1216 1233 1220 0
1236 1231 1248 0
1253 1236 1252 0
1219 1231 1236 0
1216 1219 1233 0
1216 1214 1219 0
1204 1203 1220 0
1215 1226 1231 0
1242 1225 1240 0
1242 1241 1225 0
1256 1242 1240 0
1257 1276 1277 0
1256 1257 1242 0
1256 1276 1257 0
1208 1211 1194 0
1176 1192 1178 0
1194 1179 1178 0
1208 1194 1192 0
1211 1212 1195 0
1196 1183 1179 0
1274 1284 1289 0
1306 1302 1290 0
1266 1284 1274 0
1263 1281 1279 0
1247 1263 1261 0
1265 1281 1263 0
1289 1284 1300 0
1327 1326 1309 0
1327 1343 1326 0
1339 1327 1320 0
1339 1343 1327 0
1361 1363 1346 0
1347 1361 1343 0
1347 1364 1361 0
1372 1389 1390 0
1335 1319 1336 0
1354 1335 1336 0
1353 1334 1335 0
1333 1334 1352 0
1333 1317 1334 0
1389 1388 1407 0
1407 1388 1406 0
1356 1369 1372 0
1370 1388 1389 0
1353 1354 1370 0
1369 1353 1370 0
1334 1319 1335 0
1368 1387 1388 0
1354 1368 1370 0
1351 1350 1366 0
1387 1406 1388 0
1363 1379 1378 0
1357 1373 1364 0
1339 1357 1347 0
1371 1373 1357 0
1380 1381 1364 0
1227 1226 1210 0
1227 1243 1226 0
1212 1230 1213 0
1244 1260 1243 0
1279 1280 1262 0
1263 1279 1261 0
1281 1296 1279 0
1279 1296 1280 0
1283 1281 1265 0
1299 1316 1297 0
1283 1299 1297 0
1283 1298 1299 0
1300 1320 1308 0
1297 1317 1296 0
1317 1316 1334 0
1244 1243 1227 0
1279 1260 1261 0
1262 1266 1248 0
1260 1262 1248 0
1280 1266 1262 0
1248 1231 1243 0
1248 1266 1252 0
1326 1307 1309 0
1274 1269 1266 0
1307 1290 1289 0
1309 1307 1289 0
1326 1310 1307 0
1248 1252 1236 0
1260 1248 1243 0
1260 1279 1262 0
1284 1266 1280 0
1295 1284 1280 0
1296 1295 1280 0
1315 1300 1295 0
1289 1290 1274 0
1271 1252 1266 0
1286 1285 1270 0
1306 1323 1304 0
1310 1306 1290 0
1310 1325 1306 0
1287 1285 1304 0
1273 1255 1254 0
1270 1285 1268 0
1235 1253 1251 0
1271 1269 1286 0
1287 1288 1273 0
1255 1272 1267 0
1269 1271 1266 0
1290 1286 1274 0
1286 1270 1271 0
1274 1286 1269 0
1304 1285 1286 0
1273 1285 1287 0
1268 1254 1251 0
1273 1272 1255 0
1303 1305 1287 0
1288 1272 1273 0
1210 1215 1198 0
1191 1177 1175 0
1213 1227 1210 0
1258 1257 1277 0
1246 1258 1259 0
1241 1242 1258 0
1295 1296 1315 0
1042 1061 1059 0
1052 1053 1036 0
1023 1041 1039 0
989 988 974 0
1006 989 990 0
1006 988 989 0
1042 1043 1061 0
1041 1042 1059 0
1027 1043 1042 0
1025 1027 1042 0
1041 1025 1042 0
1024 1011 1025 0
1025 1011 1027 0
1007 1024 1023 0
1009 1011 1024 0
1009 1010 1011 0
1011 1010 1026 0
1078 1095 1094 0
1073 1089 1090 0
1072 1073 1090 0
1079 1072 1090 0
1061 1073 1072 0
1053 1071 1073 0
1144 1141 1159 0
1123 1122 1106 0
1181 1182 1198 0
1160 1161 1180 0
1164 1162 1182 0
1146 1164 1165 0
1146 1145 1164 0
1112 1128 1127 0
1090 1107 1096 0
1122 1140 1124 0
1159 1178 1163 0
1183 1198 1182 0
1179 1183 1166 0
1196 1198 1183 0
1129 1146 1143 0
1111 1130 1129 0
1162 1164 1145 0
1161 1160 1143 0
1146 1161 1143 0
1165 1180 1161 0
1160 1170 1151 0
1146 1165 1161 0
1180 1170 1160 0
1181 1180 1165 0
1203 1216 1220 0
1187 1203 1188 0
1200 1216 1203 0
1197 1200 1187 0
1197 1215 1214 0
1198 1215 1197 0
1166 1183 1182 0
1210 1226 1215 0
1196 1210 1198 0
1196 1213 1210 0
1219 1236 1235 0
1233 1219 1235 0
1226 1243 1231 0
1120 1137 1119 0
1115 1131 1120 0
1099 1115 1103 0
1121 1131 1115 0
1153 1147 1154 0
1169 1153 1174 0
1137 1136 1153 0
1131 1136 1120 0
1103 1115 1120 0
1121 1138 1131 0
1138 1152 1154 0
1131 1138 1136 0
1135 1125 1142 0
1170 1171 1152 0
1205 1218 1202 0
1190 1206 1205 0
1221 1204 1220 0
1222 1221 1237 0
1206 1204 1221 0
1199 1190 1205 0
1189 1204 1206 0
1153 1154 1174 0
1138 1147 1136 0
1138 1154 1147 0
1135 1142 1151 0
1171 1188 1172 0
1152 1171 1172 0
1170 1188 1171 0
1120 1136 1137 0
1085 1074 1091 0
1103 1085 1099 0
1069 1051 1050 0
1086 1069 1068 0
1086 1070 1069 0
1151 1170 1152 0
1138 1151 1152 0
1142 1160 1151 0
1258 1242 1257 0
1250 1255 1267 0
1225 1209 1223 0
1240 1225 1223 0
1209 1208 1193 0
1224 1208 1209 0
1241 1224 1225 0
1241 1246 1229 0
1212 1229 1228 0
1239 1255 1250 0
1218 1222 1232 0
1203 1187 1200 0
1172 1188 1189 0
1170 1187 1188 0
1220 1237 1221 0
1188 1203 1204 0
1189 1188 1204 0
1180 1197 1187 0
1237 1238 1222 0
1233 1237 1220 0
1249 1235 1251 0
1214 1200 1197 0
1219 1214 1231 0
1216 1200 1214 0
1214 1215 1231 0
1181 1165 1182 0
1197 1181 1198 0
1197 1180 1181 0
1252 1271 1253 0
1253 1235 1236 0
1270 1253 1271 0
1270 1251 1253 0
1268 1251 1270 0
1273 1268 1285 0
1273 1254 1268 0
1254 1237 1249 0
1238 1254 1255 0
1238 1237 1254 0
1232 1239 1234 0
1178 1179 1166 0
1193 1192 1177 0
1191 1193 1177 0
1191 1207 1193 0
1264 1246 1259 0
1261 1244 1247 0
1228 1229 1245 0
1247 1230 1245 0
1264 1247 1245 0
1265 1263 1247 0
1211 1208 1224 0
1229 1211 1224 0
1241 1229 1224 0
1246 1245 1229 0
1195 1179 1194 0
1211 1195 1194 0
1212 1213 1195 0
1196 1195 1213 0
1212 1211 1229 0
1209 1225 1224 0
1192 1193 1208 0
1207 1223 1209 0
1239 1238 1255 0
1234 1239 1250 0
1232 1222 1239 0
1218 1232 1234 0
1218 1205 1222 0
1202 1217 1201 0
1222 1238 1239 0
1206 1222 1205 0
1206 1221 1222 0
1234 1217 1218 0
1201 1185 1202 0
1156 1175 1177 0
1157 1155 1140 0
1177 1157 1156 0
1177 1176 1157 0
1207 1209 1193 0
1178 1166 1163 0
1176 1178 1158 0
1157 1176 1155 0
1177 1192 1176 0
1192 1194 1178 0
1157 1140 1156 0
1127 1145 1130 0
1112 1127 1130 0
1128 1145 1127 0
1141 1128 1124 0
1144 1145 1128 0
1144 1162 1145 0
1141 1144 1128 0
1159 1162 1144 0
1158 1159 1155 0
1176 1158 1155 0
1178 1159 1158 0
1163 1162 1159 0
1182 1163 1166 0
1182 1162 1163 0
1182 1165 1164 0
1129 1130 1146 0
1126 1129 1143 0
1110 1111 1129 0
1095 1111 1110 0
1130 1145 1146 0
1096 1112 1111 0
1112 1107 1124 0
1111 1112 1130 0
1096 1107 1112 0
1202 1218 1217 0
1184 1185 1201 0
1199 1205 1202 0
1186 1199 1202 0
1186 1174 1190 0
1184 1168 1185 0
1190 1189 1206 0
1190 1172 1189 0
1186 1190 1199 0
1173 1172 1190 0
1174 1173 1190 0
1174 1154 1173 0
1154 1152 1172 0
1168 1169 1185 0
1149 1168 1167 0
1149 1150 1168 0
1140 1122 1123 0
1156 1140 1139 0
1141 1124 1140 0
1155 1141 1140 0
1155 1159 1141 0
1112 1124 1128 0
1089 1107 1090 0
1105 1122 1107 0
1133 1149 1148 0
1148 1132 1133 0
1123 1139 1140 0
1105 1106 1122 0
1124 1107 1122 0
1089 1088 1105 0
1107 1089 1105 0
1073 1061 1053 0
1133 1132 1116 0
1114 1101 1116 0
1149 1167 1148 0
1134 1149 1133 0
1185 1186 1202 0
1167 1168 1184 0
1169 1186 1185 0
1150 1169 1168 0
1134 1150 1149 0
1137 1153 1150 0
1153 1136 1147 0
1102 1104 1119 0
1174 1186 1169 0
1150 1153 1169 0
1154 1172 1173 0
1053 1043 1036 0
1071 1053 1052 0
1061 1043 1053 0
1090 1096 1079 0
1088 1089 1071 0
1088 1106 1105 0
1039 1040 1022 0
1023 1039 1022 0
1056 1076 1057 0
1041 1056 1039 0
1024 1041 1023 0
1059 1058 1041 0
1079 1060 1061 0
1072 1079 1061 0
1096 1111 1095 0
1058 1056 1041 0
1077 1094 1093 0
1058 1077 1076 0
1078 1094 1077 0
1060 1078 1059 0
1061 1060 1059 0
1079 1078 1060 0
1095 1110 1094 0
1079 1095 1078 0
1079 1096 1095 0
1125 1126 1142 0
1108 1125 1121 0
1077 1092 1076 0
1108 1093 1109 0
1108 1092 1093 0
1076 1092 1075 0
1055 1057 1075 0
1058 1078 1077 0
1117 1102 1119 0
1118 1117 1134 0
1100 1102 1117 0
1118 1100 1117 0
1097 1098 1114 0
1083 1082 1067 0
1114 1098 1101 0
1097 1081 1098 0
1070 1080 1066 0
1051 1070 1062 0
1086 1087 1070 0
1098 1083 1101 0
1071 1089 1073 0
1043 1026 1036 0
1118 1101 1100 0
1116 1118 1133 0
1116 1101 1118 0
1083 1067 1066 0
1084 1083 1080 0
1098 1082 1083 0
1081 1082 1098 0
1081 1064 1082 0
1057 1040 1039 0
1056 1057 1039 0
1076 1075 1057 0
1050 1051 1035 0
985 1003 1002 0
1004 1020 1019 0
987 1004 986 0
987 1005 1004 0
1037 1035 1019 0
1087 1086 1103 0
1101 1083 1100 0
1066 1062 1070 0
1049 1045 1062 0
1067 1049 1066 0
1063 1048 1049 0
1065 1063 1067 0
1048 1034 1049 0
1069 1050 1068 0
1070 1051 1069 0
1067 1063 1049 0
1044 1029 1035 0
1062 1044 1051 0
1045 1029 1044 0
1044 1035 1051 0
1033 1016 1029 0
1065 1082 1064 0
1046 1047 1064 0
1041 1024 1025 0
1027 1026 1043 0
1009 991 993 0
1010 1009 994 0
1007 1022 1006 0
1009 1008 992 0
1023 1022 1007 0
1065 1067 1082 0
1047 1065 1064 0
1047 1048 1065 0
1047 1030 1031 0
1008 1024 1007 0
990 1008 1007 0
1009 1024 1008 0
973 975 958 0
976 973 958 0
991 975 973 0
994 1009 993 0
1027 1011 1026 0
1021 1006 1022 0
1055 1054 1038 0
988 970 972 0
1020 1004 1005 0
952 967 950 0
936 952 950 0
968 967 952 0
986 968 969 0
1003 1019 1018 0
986 1003 985 0
986 1004 1003 0
954 969 953 0
955 954 937 0
955 972 970 0
974 972 975 0
992 974 975 0
988 987 971 0
990 989 974 0
1006 1005 988 0
954 953 937 0
971 969 970 0
988 971 970 0
987 969 971 0
987 986 969 0
1014 1031 1013 0
979 996 978 0
961 979 978 0
1034 1028 1017 0
1045 1049 1033 0
1029 1045 1033 0
1062 1066 1049 0
1048 1032 1034 0
1065 1048 1063 0
1032 1031 1015 0
1030 1047 1046 0
1049 1034 1033 0
1031 1014 1015 0
1047 1031 1032 0
1030 1013 1031 0
1012 1000 1017 0
998 999 1015 0
1014 998 1015 0
982 999 998 0
965 964 982 0
981 977 983 0
999 981 995 0
943 945 928 0
951 943 934 0
959 945 943 0
963 959 977 0
963 945 959 0
1001 983 984 0
999 995 1000 0
1015 999 1012 0
980 981 999 0
980 963 981 0
1045 1044 1062 0
1084 1087 1102 0
1100 1084 1102 0
1080 1070 1084 0
1099 1108 1113 0
1113 1108 1121 0
1115 1113 1121 0
1115 1099 1113 0
1086 1085 1103 0
1091 1108 1099 0
1093 1094 1109 0
1056 1058 1076 0
1109 1110 1126 0
1092 1077 1093 0
1058 1059 1078 0
1142 1143 1160 0
1135 1121 1125 0
1138 1135 1151 0
1138 1121 1135 0
1126 1143 1142 0
1109 1094 1110 0
1125 1109 1126 0
1125 1108 1109 0
1110 1129 1126 0
1134 1133 1118 0
1137 1134 1119 0
1137 1150 1134 0
982 998 997 0
941 957 958 0
993 991 976 0
988 1005 987 0
990 1007 1006 0
992 990 974 0
992 1008 990 0
991 992 975 0
991 1009 992 0
1022 1040 1021 0
952 953 968 0
973 976 991 0
1054 1055 1074 0
1068 1054 1074 0
1037 1038 1054 0
1018 1019 1035 0
1038 1040 1055 0
1019 1020 1037 0
1021 1040 1038 0
1020 1021 1038 0
1005 1006 1021 0
931 949 930 0
916 931 930 0
932 949 931 0
947 964 946 0
979 961 965 0
983 995 981 0
1016 1017 1001 0
1012 999 1000 0
883 864 882 0
900 883 899 0
867 864 883 0
924 939 923 0
958 956 941 0
976 958 957 0
975 956 958 0
975 972 956 0
983 966 984 0
1000 983 1001 0
977 966 983 0
963 977 981 0
960 966 977 0
928 934 943 0
935 920 919 0
951 935 950 0
934 920 935 0
959 943 960 0
928 918 934 0
903 920 918 0
899 903 918 0
899 882 887 0
952 936 953 0
966 951 967 0
933 936 950 0
935 933 950 0
919 917 933 0
902 919 920 0
901 888 904 0
902 901 919 0
902 886 901 0
955 956 972 0
967 984 966 0
960 951 966 0
953 969 968 0
968 985 967 0
1018 1029 1016 0
1002 1003 1018 0
1035 1029 1018 0
1020 1038 1037 0
1003 1004 1019 0
1005 1021 1020 0
1104 1103 1120 0
1104 1087 1103 0
1119 1104 1120 0
1102 1087 1104 0
1134 1117 1119 0
1100 1083 1084 0
1084 1070 1087 0
1083 1066 1080 0
1074 1055 1075 0
1099 1085 1091 0
1050 1037 1054 0
1037 1050 1035 0
1091 1092 1108 0
1068 1074 1085 0
1086 1068 1085 0
1050 1054 1068 0
1075 1092 1091 0
1074 1075 1091 0
1055 1040 1057 0
1001 1017 1000 0
1014 1013 996 0
997 1014 996 0
979 997 996 0
982 980 999 0
979 982 997 0
979 965 982 0
1032 1028 1034 0
1047 1032 1048 0
1015 1028 1032 0
997 998 1014 0
1012 1028 1015 0
939 956 955 0
938 939 955 0
941 956 939 0
924 941 939 0
940 957 941 0
931 916 932 0
906 891 907 0
906 923 905 0
925 924 907 0
925 941 924 0
899 918 900 0
882 899 883 0
869 882 864 0
869 886 887 0
902 920 903 0
887 902 903 0
899 887 903 0
882 869 887 0
868 886 869 0
853 868 869 0
851 856 854 0
885 901 886 0
870 885 886 0
888 901 885 0
935 919 933 0
930 914 916 0
916 915 932 0
898 916 914 0
898 897 916 0
928 945 927 0
918 928 912 0
918 920 934 0
948 965 961 0
960 977 959 0
1001 984 1002 0
1016 1001 1002 0
1018 1016 1002 0
1017 1028 1012 0
1033 1017 1016 0
1033 1034 1017 0
1000 995 983 0
890 873 889 0
904 890 905 0
873 871 856 0
889 906 890 0
891 889 873 0
891 906 889 0
898 914 896 0
880 862 878 0
944 942 926 0
962 947 963 0
980 962 963 0
980 964 962 0
932 929 947 0
946 932 947 0
949 946 964 0
949 932 946 0
948 949 965 0
948 930 949 0
915 929 932 0
880 861 862 0
895 880 878 0
881 863 880 0
964 947 962 0
982 964 980 0
965 949 964 0
897 895 913 0
944 963 947 0
942 944 947 0
929 942 947 0
929 926 942 0
945 963 944 0
881 896 879 0
865 847 850 0
814 796 809 0
813 812 833 0
794 793 812 0
850 834 852 0
815 817 834 0
829 815 828 0
808 798 815 0
781 798 788 0
837 836 853 0
835 837 853 0
818 836 837 0
797 818 798 0
797 799 816 0
864 867 850 0
835 817 837 0
834 835 852 0
834 817 835 0
887 886 902 0
871 890 888 0
872 873 856 0
872 891 873 0
923 938 922 0
938 955 937 0
922 938 937 0
923 939 938 0
906 924 923 0
890 906 905 0
907 924 906 0
925 940 941 0
970 969 954 0
955 970 954 0
972 974 988 0
985 984 967 0
986 985 968 0
1002 984 985 0
936 937 953 0
951 934 935 0
967 951 950 0
960 943 951 0
917 904 922 0
921 917 922 0
937 921 922 0
937 936 921 0
919 901 917 0
900 884 883 0
901 904 917 0
851 839 856 0
853 851 868 0
836 839 851 0
933 917 921 0
890 904 888 0
933 921 936 0
905 922 904 0
905 923 922 0
896 881 898 0
799 797 782 0
884 867 883 0
892 884 900 0
875 866 884 0
892 875 884 0
912 908 900 0
910 926 913 0
894 910 893 0
911 926 910 0
841 823 822 0
796 812 793 0
814 830 831 0
831 849 833 0
814 831 833 0
848 849 831 0
847 848 830 0
866 849 848 0
884 866 865 0
841 842 823 0
874 858 857 0
866 874 857 0
875 877 874 0
876 893 878 0
862 876 878 0
859 877 876 0
866 875 874 0
810 790 795 0
870 888 885 0
868 870 886 0
868 851 854 0
863 879 860 0
844 826 845 0
861 844 845 0
846 826 844 0
863 846 861 0
843 825 846 0
926 927 944 0
913 926 929 0
911 927 926 0
893 895 878 0
894 911 910 0
892 894 877 0
892 908 894 0
877 894 893 0
858 859 842 0
915 897 913 0
897 898 880 0
916 897 915 0
898 881 880 0
861 845 862 0
900 918 912 0
841 858 842 0
840 841 822 0
857 858 841 0
840 857 841 0
821 840 822 0
821 832 840 0
849 866 857 0
908 911 894 0
900 908 892 0
912 911 908 0
846 860 843 0
852 869 864 0
850 852 864 0
853 869 852 0
818 837 817 0
836 851 853 0
798 818 817 0
856 855 872 0
854 870 868 0
871 854 856 0
871 870 854 0
890 871 873 0
888 870 871 0
839 855 856 0
819 839 836 0
838 855 839 0
839 820 838 0
827 846 825 0
806 825 804 0
816 799 820 0
818 816 836 0
818 797 816 0
781 797 798 0
770 781 788 0
764 782 781 0
819 820 839 0
816 819 836 0
816 820 819 0
776 794 778 0
732 748 749 0
852 835 853 0
847 834 850 0
828 815 834 0
847 828 834 0
867 865 850 0
830 829 847 0
829 808 815 0
865 866 848 0
847 865 848 0
867 884 865 0
809 796 789 0
782 797 781 0
847 829 828 0
833 812 814 0
832 833 849 0
832 810 813 0
809 829 830 0
814 809 830 0
848 831 830 0
812 796 814 0
780 763 771 0
789 780 771 0
788 789 771 0
808 807 789 0
796 793 780 0
775 763 780 0
815 798 817 0
807 808 829 0
809 807 829 0
809 789 807 0
788 798 808 0
786 804 785 0
767 746 747 0
786 767 769 0
766 745 767 0
863 881 879 0
846 863 860 0
861 880 863 0
844 861 846 0
805 824 826 0
842 859 845 0
927 912 928 0
944 927 945 0
911 912 927 0
909 895 893 0
913 909 910 0
913 895 909 0
915 913 929 0
909 893 910 0
859 862 845 0
874 877 858 0
876 862 859 0
877 893 876 0
858 877 859 0
875 892 877 0
895 897 880 0
764 781 770 0
823 842 845 0
824 823 845 0
826 824 845 0
803 802 824 0
783 787 768 0
787 786 769 0
768 787 769 0
805 806 787 0
803 805 787 0
803 824 805 0
827 806 826 0
846 827 826 0
825 806 827 0
804 786 806 0
785 766 786 0
840 832 849 0
801 800 811 0
802 801 822 0
802 784 801 0
811 832 821 0
857 840 849 0
802 822 823 0
822 801 821 0
746 767 745 0
729 731 745 0
779 773 762 0
795 790 779 0
773 753 751 0
791 774 792 0
791 772 774 0
731 730 747 0
745 731 746 0
729 709 710 0
765 752 774 0
770 748 764 0
771 763 749 0
808 789 788 0
789 796 780 0
749 748 770 0
767 786 766 0
747 769 767 0
731 747 746 0
734 752 750 0
786 787 806 0
784 800 801 0
765 774 772 0
792 811 791 0
740 721 722 0
744 740 758 0
744 728 740 0
813 794 812 0
832 813 833 0
810 795 813 0
777 795 779 0
762 777 779 0
758 759 777 0
778 794 795 0
777 778 795 0
761 760 778 0
755 737 738 0
775 755 754 0
757 756 755 0
749 754 738 0
788 771 770 0
738 737 717 0
732 749 738 0
754 755 738 0
763 754 749 0
770 771 749 0
780 793 775 0
756 776 760 0
737 755 739 0
775 776 757 0
763 775 754 0
793 776 775 0
692 706 688 0
675 692 688 0
707 727 706 0
701 707 690 0
759 760 761 0
723 742 741 0
743 760 742 0
790 811 792 0
779 790 792 0
810 811 790 0
794 813 795 0
832 811 810 0
744 733 728 0
695 694 677 0
679 682 697 0
665 679 678 0
665 682 679 0
710 709 694 0
696 710 695 0
711 730 710 0
679 695 678 0
712 696 697 0
711 710 696 0
757 755 775 0
756 739 755 0
776 756 757 0
760 743 756 0
724 725 743 0
723 724 742 0
723 725 724 0
722 723 741 0
758 740 741 0
703 704 722 0
670 669 659 0
727 726 743 0
716 720 719 0
742 760 759 0
739 756 743 0
776 778 760 0
732 738 718 0
720 737 739 0
719 720 739 0
716 737 720 0
717 718 738 0
793 794 776 0
712 697 713 0
734 712 735 0
711 696 712 0
729 710 731 0
710 694 695 0
678 677 662 0
679 697 696 0
681 682 664 0
699 697 682 0
695 677 678 0
719 707 701 0
716 719 701 0
726 727 719 0
739 726 719 0
739 743 726 0
690 707 691 0
646 630 631 0
632 616 619 0
649 632 635 0
649 631 632 0
648 649 635 0
646 647 630 0
649 646 631 0
661 647 646 0
671 687 674 0
672 671 658 0
672 687 671 0
675 688 673 0
675 691 692 0
661 678 662 0
647 661 662 0
665 678 661 0
649 665 661 0
664 682 665 0
715 713 699 0
700 715 699 0
683 700 699 0
683 698 700 0
714 736 715 0
737 716 717 0
800 791 811 0
821 801 811 0
784 791 800 0
750 765 772 0
769 750 768 0
747 734 750 0
774 752 753 0
768 750 772 0
753 736 751 0
773 774 753 0
762 773 751 0
792 774 773 0
752 735 753 0
750 752 765 0
734 711 712 0
735 752 734 0
736 735 713 0
736 753 735 0
707 692 691 0
4 3 1 0
5 4 1 0
11 3 4 0
12 4 5 0
12 11 4 0
12 28 11 0
13 12 5 0
13 29 12 0
29 28 12 0
30 29 13 0
44 28 29 0
30 45 29 0
45 44 29 0
45 61 44 0
46 45 30 0
46 62 45 0
62 76 61 0
45 62 61 0
46 63 62 0
63 77 62 0
77 76 62 0
78 77 63 0
91 76 77 0
78 92 77 0
92 107 91 0
77 92 91 0
78 93 92 0
92 93 108 0
108 107 92 0
109 108 93 0
122 107 108 0
108 109 123 0
123 138 122 0
108 123 122 0
109 124 123 0
124 139 123 0
139 138 123 0
140 139 124 0
153 138 139 0
139 140 154 0
154 153 139 0
155 154 140 0
168 153 154 0
155 169 154 0
169 168 154 0
170 169 155 0
184 168 169 0
170 186 169 0
186 184 169 0
185 186 170 0
200 184 186 0
202 186 185 0
202 200 186 0
201 202 185 0
216 200 202 0
201 218 202 0
218 216 202 0
217 218 201 0
232 216 218 0
217 234 218 0
234 232 218 0
234 248 232 0
233 234 217 0
233 250 234 0
250 249 267 0
234 250 248 0
233 249 250 0
248 250 265 0
249 266 267 0
267 265 250 0
286 267 266 0
285 265 267 0
286 266 283 0
301 308 290 0
285 267 286 0
285 286 304 0
290 283 301 0
290 304 286 0
283 290 286 0
308 304 290 0
319 301 320 0
341 319 320 0
325 304 308 0
329 341 350 0
345 329 350 0
308 301 319 0
319 329 308 0
350 371 367 0
329 319 341 0
325 329 345 0
325 308 329 0
361 371 350 0
341 361 350 0
341 342 364 0
367 345 350 0
392 410 391 0
409 419 428 0
381 401 392 0
381 364 383 0
411 430 410 0
401 403 419 0
429 430 411 0
24 23 40 0
25 42 26 0
27 40 23 0
27 43 41 0
26 27 23 0
26 42 27 0
59 58 41 0
42 25 36 0
41 58 40 0
100 85 99 0
103 100 116 0
102 85 100 0
119 102 103 0
54 71 70 0
36 54 53 0
36 22 39 0
102 87 85 0
86 90 75 0
71 86 70 0
104 90 86 0
106 90 105 0
56 38 37 0
87 71 72 0
36 53 42 0
72 71 57 0
87 104 86 0
57 71 54 0
39 57 54 0
56 72 57 0
53 60 42 0
70 53 54 0
70 60 53 0
87 86 71 0
75 74 59 0
86 75 70 0
90 88 75 0
43 27 42 0
41 43 59 0
41 40 27 0
21 10 20 0
38 57 39 0
22 10 21 0
59 73 58 0
22 36 25 0
119 103 118 0
105 119 120 0
104 102 119 0
18 17 34 0
35 18 34 0
50 35 34 0
51 52 37 0
51 35 50 0
67 51 50 0
37 38 19 0
35 37 19 0
52 55 37 0
35 19 18 0
67 68 51 0
87 102 104 0
55 69 72 0
56 55 72 0
56 37 55 0
99 97 115 0
100 99 113 0
84 97 99 0
67 82 68 0
20 38 21 0
19 20 9 0
19 38 20 0
18 19 9 0
35 51 37 0
68 83 69 0
51 68 52 0
82 98 83 0
69 55 52 0
85 72 84 0
85 87 72 0
22 21 39 0
10 9 20 0
60 43 42 0
39 21 38 0
56 57 38 0
54 36 39 0
60 75 59 0
98 97 83 0
59 74 73 0
98 114 115 0
128 130 144 0
129 128 144 0
115 130 128 0
135 136 119 0
137 136 152 0
137 121 136 0
60 59 43 0
105 90 104 0
70 75 60 0
89 74 88 0
89 73 74 0
88 74 75 0
106 88 90 0
106 89 88 0
106 117 101 0
89 106 101 0
105 120 106 0
161 146 159 0
131 129 145 0
150 134 147 0
162 150 147 0
165 166 150 0
99 85 84 0
118 116 132 0
103 102 100 0
130 146 144 0
181 192 196 0
150 162 165 0
177 192 176 0
121 117 106 0
120 121 106 0
120 136 121 0
148 137 152 0
163 148 152 0
163 149 148 0
133 117 121 0
129 115 128 0
145 129 144 0
132 116 129 0
118 103 116 0
135 118 134 0
135 119 118 0
150 151 134 0
136 120 119 0
133 121 137 0
105 104 119 0
137 148 149 0
174 161 175 0
190 174 175 0
177 161 174 0
215 199 210 0
197 183 182 0
212 198 213 0
212 211 195 0
214 211 227 0
230 214 227 0
206 211 214 0
194 178 195 0
199 192 210 0
197 196 213 0
181 165 176 0
197 181 196 0
182 165 181 0
224 215 210 0
118 132 134 0
177 160 161 0
166 151 150 0
69 84 72 0
68 69 52 0
83 84 69 0
82 83 68 0
97 84 83 0
115 97 98 0
113 116 100 0
115 113 99 0
115 129 113 0
130 115 114 0
129 116 113 0
193 210 192 0
162 160 177 0
165 162 176 0
147 160 162 0
133 137 149 0
177 193 192 0
162 177 176 0
145 160 147 0
131 145 147 0
132 131 147 0
132 129 131 0
144 161 145 0
161 159 175 0
145 161 160 0
144 146 161 0
175 191 190 0
190 193 177 0
174 190 177 0
191 208 190 0
183 179 167 0
192 181 176 0
197 182 181 0
198 197 213 0
198 183 197 0
183 167 182 0
207 208 191 0
212 213 228 0
211 212 227 0
211 194 195 0
195 183 198 0
164 179 180 0
167 152 166 0
182 167 166 0
163 152 167 0
164 163 179 0
164 149 163 0
166 165 182 0
179 163 167 0
134 132 147 0
151 135 134 0
152 151 166 0
152 135 151 0
152 136 135 0
225 208 223 0
240 239 256 0
258 240 256 0
225 239 240 0
195 180 179 0
214 230 229 0
195 179 183 0
212 195 198 0
178 180 195 0
246 231 241 0
213 215 228 0
199 196 192 0
213 199 215 0
213 196 199 0
256 239 247 0
264 263 247 0
274 276 258 0
312 295 293 0
209 226 210 0
208 209 193 0
208 226 209 0
193 209 210 0
239 225 223 0
240 258 242 0
244 260 245 0
227 244 230 0
231 246 244 0
244 246 260 0
224 231 215 0
224 241 231 0
241 257 246 0
242 241 224 0
240 242 225 0
258 241 242 0
274 258 256 0
257 241 258 0
295 275 276 0
275 262 257 0
228 244 227 0
212 228 227 0
215 231 228 0
263 281 274 0
256 263 274 0
264 281 263 0
245 260 261 0
194 211 206 0
244 228 231 0
226 225 242 0
210 226 224 0
208 225 226 0
190 208 193 0
207 223 208 0
245 261 259 0
254 243 259 0
230 244 245 0
224 226 242 0
254 271 255 0
254 259 271 0
238 254 255 0
238 229 243 0
277 296 292 0
261 277 259 0
280 279 297 0
261 280 277 0
261 260 280 0
275 295 279 0
262 275 279 0
280 262 279 0
246 257 262 0
257 276 275 0
310 314 331 0
292 296 310 0
291 292 309 0
291 271 273 0
280 260 262 0
229 230 245 0
222 229 238 0
222 206 214 0
333 313 312 0
332 333 312 0
354 334 333 0
278 297 296 0
277 278 296 0
277 280 278 0
295 312 313 0
279 295 297 0
278 280 297 0
260 246 262 0
293 294 312 0
276 293 295 0
276 274 293 0
274 281 294 0
257 258 276 0
256 247 263 0
299 282 298 0
293 274 294 0
264 282 281 0
313 297 295 0
332 354 333 0
334 314 313 0
331 314 334 0
373 352 353 0
310 296 314 0
352 330 331 0
353 352 331 0
351 340 352 0
309 292 310 0
296 297 314 0
299 281 282 0
299 294 281 0
300 315 298 0
311 294 299 0
298 315 299 0
332 312 311 0
229 222 214 0
354 374 353 0
313 333 334 0
337 358 354 0
255 271 272 0
243 254 238 0
245 243 229 0
245 259 243 0
311 312 294 0
291 272 271 0
315 316 299 0
318 315 300 0
318 336 315 0
317 318 300 0
291 303 284 0
273 277 292 0
309 303 291 0
338 356 336 0
339 338 318 0
317 339 318 0
368 346 347 0
380 368 387 0
380 360 368 0
339 346 359 0
386 387 369 0
380 400 379 0
406 388 387 0
406 424 405 0
273 292 291 0
259 273 271 0
259 277 273 0
330 323 309 0
362 343 340 0
322 342 321 0
365 344 343 0
342 341 320 0
344 342 324 0
343 344 324 0
365 366 344 0
364 381 361 0
341 364 361 0
420 402 418 0
438 420 437 0
429 428 445 0
428 411 409 0
438 428 419 0
429 411 428 0
409 411 392 0
401 409 392 0
401 419 409 0
420 419 403 0
438 445 428 0
342 363 364 0
403 402 420 0
403 384 402 0
438 419 420 0
383 363 366 0
384 383 366 0
401 381 383 0
366 365 384 0
291 284 272 0
323 303 309 0
302 284 303 0
322 302 303 0
405 424 416 0
388 405 400 0
388 406 405 0
390 406 386 0
425 424 406 0
390 407 406 0
389 390 386 0
408 427 407 0
442 441 424 0
427 442 425 0
427 444 442 0
443 427 426 0
444 458 442 0
7 14 15 0
6 7 2 0
6 14 7 0
8 2 7 0
31 15 14 0
15 31 32 0
8 15 16 0
8 7 15 0
32 47 48 0
15 32 16 0
31 47 32 0
32 33 16 0
47 64 48 0
48 64 65 0
33 48 49 0
33 32 48 0
65 79 80 0
48 65 49 0
64 79 65 0
49 65 66 0
80 79 94 0
95 80 94 0
66 65 80 0
66 80 81 0
95 110 111 0
80 95 81 0
94 110 95 0
81 95 96 0
111 110 125 0
126 111 125 0
96 95 111 0
96 111 112 0
126 141 142 0
111 126 112 0
125 141 126 0
112 126 127 0
142 127 126 0
156 142 141 0
156 157 142 0
127 142 143 0
157 156 171 0
172 157 171 0
143 142 157 0
143 157 158 0
172 187 188 0
157 172 158 0
171 187 172 0
173 158 172 0
188 203 204 0
172 188 173 0
187 203 188 0
173 188 189 0
204 219 220 0
188 204 189 0
203 219 204 0
204 205 189 0
220 219 235 0
236 220 235 0
205 204 220 0
221 205 220 0
236 251 253 0
220 236 221 0
235 251 236 0
237 221 236 0
253 237 236 0
269 253 251 0
252 237 253 0
269 270 253 0
270 252 253 0
269 289 270 0
288 289 307 0
268 270 288 0
268 252 270 0
288 307 306 0
288 270 289 0
287 288 306 0
287 268 288 0
327 306 328 0
327 326 305 0
306 327 305 0
287 306 305 0
307 328 306 0
328 349 348 0
370 386 369 0
348 327 328 0
370 369 349 0
347 326 327 0
369 347 348 0
349 369 348 0
400 405 416 0
423 424 441 0
451 435 436 0
416 424 423 0
414 396 399 0
369 387 368 0
417 400 416 0
360 380 379 0
346 360 359 0
346 368 360 0
326 346 339 0
326 347 346 0
390 389 408 0
426 427 408 0
444 443 459 0
442 458 441 0
443 444 427 0
460 476 458 0
474 464 457 0
458 474 457 0
476 477 493 0
510 524 509 0
496 510 494 0
512 526 510 0
596 607 591 0
598 606 613 0
598 582 590 0
602 598 613 0
593 576 577 0
598 590 606 0
574 567 560 0
582 574 590 0
582 567 574 0
585 581 598 0
549 550 532 0
542 549 532 0
567 550 549 0
576 574 560 0
577 576 560 0
593 590 576 0
566 551 567 0
316 335 332 0
406 387 386 0
399 400 417 0
359 379 378 0
356 359 375 0
338 339 359 0
347 369 368 0
380 388 400 0
359 360 379 0
387 388 380 0
327 348 347 0
370 389 386 0
469 452 464 0
450 451 468 0
467 450 468 0
434 417 435 0
436 452 451 0
352 340 330 0
373 351 352 0
374 373 353 0
395 377 398 0
373 395 393 0
374 377 395 0
393 413 394 0
372 393 394 0
382 372 394 0
362 351 372 0
373 374 395 0
402 384 382 0
394 402 382 0
438 453 445 0
418 437 420 0
449 448 467 0
418 433 437 0
418 431 433 0
342 320 321 0
330 309 310 0
324 323 343 0
322 303 323 0
407 427 425 0
406 407 425 0
390 408 407 0
494 477 479 0
512 510 496 0
509 493 494 0
371 385 367 0
342 344 363 0
410 422 404 0
371 392 391 0
430 422 410 0
316 332 311 0
299 316 311 0
336 356 335 0
326 339 317 0
335 337 332 0
336 335 316 0
315 336 316 0
318 338 336 0
356 355 335 0
359 356 338 0
423 435 416 0
435 451 450 0
313 314 297 0
337 354 332 0
353 331 334 0
354 353 334 0
330 343 323 0
331 330 310 0
340 343 330 0
372 351 373 0
448 434 450 0
441 436 423 0
441 457 452 0
425 442 424 0
451 452 469 0
441 452 436 0
457 464 452 0
487 500 502 0
465 469 484 0
468 465 484 0
468 451 465 0
483 500 487 0
464 483 469 0
464 475 483 0
322 324 342 0
302 322 321 0
323 324 322 0
444 459 460 0
460 459 478 0
461 453 470 0
429 445 447 0
430 429 447 0
411 410 392 0
384 365 382 0
403 401 383 0
363 344 366 0
440 430 446 0
456 455 446 0
439 421 440 0
391 385 371 0
462 447 461 0
499 482 498 0
456 446 462 0
479 478 496 0
495 496 478 0
391 410 404 0
385 391 404 0
383 364 363 0
371 381 392 0
371 361 381 0
511 512 495 0
455 472 454 0
471 472 489 0
526 512 528 0
545 543 528 0
544 541 527 0
505 507 521 0
472 490 489 0
472 473 490 0
563 545 561 0
510 527 524 0
578 580 563 0
577 560 558 0
559 577 558 0
541 559 558 0
575 579 591 0
544 562 559 0
544 563 562 0
592 593 577 0
491 499 506 0
490 491 507 0
473 482 491 0
554 555 570 0
537 554 553 0
537 538 554 0
505 490 507 0
504 505 521 0
504 489 505 0
552 539 556 0
538 552 555 0
538 539 552 0
523 538 537 0
523 539 538 0
543 544 527 0
528 543 526 0
545 563 543 0
579 580 597 0
543 563 544 0
561 578 563 0
537 536 520 0
580 578 594 0
609 610 594 0
575 591 592 0
559 575 577 0
562 579 575 0
594 610 595 0
512 496 495 0
528 512 511 0
510 509 494 0
527 541 524 0
526 527 510 0
526 543 527 0
541 558 542 0
540 547 557 0
539 540 557 0
530 547 540 0
535 534 551 0
531 535 548 0
519 534 535 0
547 564 557 0
565 547 546 0
565 564 547 0
548 565 546 0
566 582 565 0
567 582 566 0
582 598 581 0
440 455 439 0
455 456 472 0
439 455 454 0
440 446 455 0
422 430 440 0
421 422 440 0
421 404 422 0
531 513 519 0
481 462 480 0
491 482 499 0
473 463 482 0
513 503 519 0
480 497 498 0
488 485 501 0
480 488 497 0
470 485 488 0
446 447 462 0
486 467 468 0
501 486 484 0
466 467 486 0
453 466 470 0
449 437 433 0
486 468 484 0
449 433 448 0
453 449 466 0
453 437 449 0
435 417 416 0
436 435 423 0
450 434 435 0
434 414 417 0
467 448 450 0
448 432 434 0
397 398 376 0
434 432 415 0
466 449 467 0
431 412 413 0
448 431 432 0
418 412 431 0
413 393 395 0
403 383 384 0
355 337 335 0
397 414 415 0
398 397 415 0
396 414 397 0
376 396 397 0
377 376 398 0
377 358 357 0
378 379 399 0
396 378 399 0
375 359 378 0
358 337 355 0
376 375 396 0
374 354 358 0
393 372 373 0
372 382 362 0
432 431 413 0
415 432 413 0
448 433 431 0
415 414 434 0
437 453 438 0
412 402 394 0
413 412 394 0
418 402 412 0
362 340 351 0
365 362 382 0
365 343 362 0
357 376 377 0
375 357 355 0
375 376 357 0
356 375 355 0
399 417 414 0
375 378 396 0
379 400 399 0
413 398 415 0
357 358 355 0
413 395 398 0
374 358 377 0
530 522 514 0
547 530 546 0
539 522 530 0
520 521 537 0
507 522 523 0
515 531 514 0
499 515 514 0
498 497 513 0
485 486 501 0
503 488 501 0
470 466 485 0
525 509 524 0
518 502 516 0
532 533 516 0
534 517 518 0
548 546 531 0
551 548 535 0
550 551 534 0
550 567 551 0
566 565 548 0
469 465 451 0
487 484 469 0
483 487 469 0
502 501 487 0
486 485 466 0
503 501 517 0
503 497 488 0
493 474 476 0
500 492 508 0
475 474 493 0
483 475 492 0
464 474 475 0
525 508 509 0
541 542 524 0
532 516 525 0
492 493 508 0
493 477 494 0
508 493 509 0
492 475 493 0
458 476 474 0
441 458 457 0
444 460 458 0
460 479 476 0
479 496 494 0
476 479 477 0
460 478 479 0
500 483 492 0
516 500 508 0
525 516 508 0
533 534 518 0
487 501 484 0
516 502 500 0
517 501 502 0
521 523 537 0
504 521 520 0
507 523 521 0
489 490 505 0
529 514 531 0
530 529 546 0
530 514 529 0
463 462 481 0
456 463 473 0
456 462 463 0
472 456 473 0
491 490 473 0
471 454 472 0
461 445 453 0
480 461 470 0
447 445 461 0
480 462 461 0
488 480 470 0
481 482 463 0
498 481 480 0
498 482 481 0
446 430 447 0
529 531 546 0
506 514 522 0
507 506 522 0
499 514 506 0
499 498 515 0
589 573 586 0
553 554 570 0
553 536 537 0
570 568 553 0
572 587 570 0
556 572 555 0
571 588 572 0
584 568 570 0
610 611 597 0
624 625 609 0
624 640 625 0
725 723 705 0
778 777 761 0
702 708 693 0
685 702 684 0
721 708 702 0
744 762 751 0
721 740 728 0
758 762 744 0
759 758 741 0
742 759 741 0
761 777 759 0
744 751 733 0
777 762 758 0
779 792 773 0
708 698 693 0
637 622 638 0
641 640 655 0
643 642 658 0
625 640 641 0
609 625 610 0
656 655 673 0
642 656 658 0
641 655 656 0
584 583 568 0
555 572 570 0
556 571 572 0
589 604 605 0
600 583 584 0
604 603 618 0
619 605 620 0
589 603 604 0
615 614 599 0
601 615 600 0
616 632 631 0
712 713 735 0
730 711 734 0
747 730 734 0
731 710 730 0
696 695 679 0
681 699 682 0
648 652 664 0
667 680 683 0
664 652 666 0
651 650 667 0
659 669 654 0
657 659 644 0
657 674 659 0
698 680 693 0
715 700 714 0
699 681 683 0
645 629 637 0
660 645 653 0
660 650 645 0
700 698 714 0
666 683 681 0
680 698 683 0
674 657 658 0
706 689 687 0
685 703 702 0
670 685 669 0
686 703 685 0
689 686 674 0
687 689 674 0
705 704 689 0
704 723 722 0
689 704 686 0
705 723 704 0
721 703 722 0
741 740 722 0
702 693 684 0
728 708 721 0
728 714 708 0
668 653 654 0
684 668 669 0
693 680 676 0
676 660 668 0
645 650 633 0
668 660 653 0
676 663 660 0
684 676 668 0
680 663 676 0
651 634 650 0
593 606 590 0
608 621 606 0
607 623 608 0
622 621 608 0
627 639 623 0
637 621 622 0
645 637 653 0
629 621 637 0
629 613 621 0
736 713 715 0
733 736 714 0
728 733 714 0
751 736 733 0
784 772 791 0
803 784 802 0
768 772 784 0
783 768 784 0
803 783 784 0
803 787 783 0
823 824 802 0
826 806 805 0
769 747 750 0
611 610 625 0
639 622 623 0
643 628 627 0
644 654 639 0
595 580 594 0
597 595 610 0
597 580 595 0
596 591 597 0
612 596 597 0
612 623 607 0
627 612 611 0
625 626 611 0
628 644 639 0
627 628 639 0
643 644 628 0
607 608 592 0
591 607 592 0
596 612 607 0
627 623 612 0
622 608 623 0
579 563 580 0
591 579 597 0
611 612 597 0
592 577 575 0
562 575 559 0
697 699 713 0
599 600 615 0
625 641 642 0
698 708 714 0
663 650 660 0
667 663 680 0
667 650 663 0
670 659 674 0
686 670 674 0
686 685 670 0
684 669 685 0
721 702 703 0
693 676 684 0
644 643 657 0
668 654 669 0
638 622 639 0
654 638 639 0
654 653 638 0
659 654 644 0
653 637 638 0
642 641 656 0
627 642 643 0
626 625 642 0
627 626 642 0
627 611 626 0
727 707 719 0
725 727 743 0
742 724 743 0
705 706 725 0
706 687 688 0
707 706 692 0
705 689 706 0
703 686 704 0
725 706 727 0
605 601 587 0
620 605 604 0
619 616 605 0
602 603 586 0
585 602 586 0
613 629 617 0
605 588 589 0
615 601 616 0
600 584 601 0
618 620 604 0
634 651 636 0
652 651 667 0
666 652 667 0
683 666 667 0
681 664 666 0
648 635 652 0
665 649 664 0
632 619 635 0
569 573 564 0
636 619 620 0
636 635 619 0
634 636 620 0
652 635 636 0
648 664 649 0
616 601 605 0
573 589 588 0
571 573 588 0
587 572 588 0
556 573 571 0
552 556 555 0
557 573 556 0
557 564 573 0
586 603 589 0
600 599 583 0
634 633 650 0
652 636 651 0
633 629 645 0
618 633 634 0
620 618 634 0
603 602 617 0
617 602 613 0
618 617 633 0
618 603 617 0
633 617 629 0
587 601 584 0
570 587 584 0
588 605 587 0
585 598 602 0
569 585 586 0
573 569 586 0
564 581 569 0
581 565 582 0
569 581 585 0
564 565 581 0
539 530 540 0
539 523 522 0
556 539 557 0
555 554 538 0
507 491 506 0
559 541 544 0
563 579 562 0
533 550 534 0
516 533 518 0
532 550 533 0
542 532 525 0
542 560 549 0
576 590 574 0
608 593 592 0
608 606 593 0
542 525 524 0
560 542 558 0
560 567 549 0
535 531 519 0
519 503 517 0
534 519 517 0
502 518 517 0
551 566 548 0
513 515 498 0
503 513 497 0
531 515 513 0
606 621 613 0
646 649 661 0
614 631 630 0
615 616 631 0
672 656 673 0
688 672 673 0
688 687 672 0
674 658 671 0
657 643 658 0
614 615 631 0
658 656 672 0

SubDomainFromMesh
1
3 1 1 0

SubDomainFromGeom
1
2 131 1 0

VertexOnGeometricVertex
375
 1 1
 2 2
 3 3
 5 4
 6 5
 8 6
 9 7
 10 8
 11 9
 13 10
 14 11
 16 12
 17 13
 18 14
 22 15
 23 16
 24 17
 25 18
 26 19
 28 20
 30 21
 31 22
 33 23
 34 24
 40 25
 44 26
 46 27
 47 28
 49 29
 50 30
 58 31
 61 32
 63 33
 64 34
 66 35
 67 36
 73 37
 76 38
 78 39
 79 40
 81 41
 82 42
 89 43
 91 44
 93 45
 94 46
 96 47
 98 48
 101 49
 107 50
 109 51
 110 52
 112 53
 114 54
 117 55
 122 56
 124 57
 125 58
 127 59
 130 60
 133 61
 138 62
 140 63
 141 64
 143 65
 146 66
 149 67
 153 68
 155 69
 156 70
 158 71
 159 72
 164 73
 168 74
 170 75
 171 76
 173 77
 175 78
 178 79
 180 80
 184 81
 185 82
 187 83
 189 84
 191 85
 194 86
 200 87
 201 88
 203 89
 205 90
 206 91
 207 92
 216 93
 217 94
 219 95
 221 96
 222 97
 223 98
 232 99
 233 100
 235 101
 237 102
 238 103
 239 104
 247 105
 248 106
 249 107
 251 108
 252 109
 255 110
 264 111
 265 112
 266 113
 268 114
 269 115
 272 116
 282 117
 283 118
 284 119
 285 120
 287 121
 289 122
 298 123
 300 124
 301 125
 302 126
 304 127
 305 128
 307 129
 317 130
 320 131
 321 132
 325 133
 326 134
 328 135
 345 136
 349 137
 367 138
 370 139
 385 140
 389 141
 404 142
 408 143
 421 144
 426 145
 439 146
 443 147
 454 148
 459 149
 471 150
 478 151
 489 152
 495 153
 504 154
 511 155
 520 156
 528 157
 536 158
 545 159
 553 160
 561 161
 568 162
 578 163
 583 164
 594 165
 599 166
 609 167
 614 168
 624 169
 630 170
 640 171
 647 172
 655 173
 662 174
 673 175
 675 176
 677 177
 690 178
 691 179
 694 180
 701 181
 709 182
 716 183
 717 184
 718 185
 729 186
 732 187
 745 188
 748 189
 764 190
 766 191
 782 192
 785 193
 799 194
 804 195
 820 196
 825 197
 838 198
 843 199
 855 200
 860 201
 872 202
 879 203
 891 204
 896 205
 907 206
 914 207
 925 208
 930 209
 940 210
 948 211
 957 212
 961 213
 976 214
 978 215
 993 216
 994 217
 996 218
 1010 219
 1013 220
 1026 221
 1030 222
 1036 223
 1046 224
 1052 225
 1064 226
 1071 227
 1081 228
 1088 229
 1097 230
 1106 231
 1114 232
 1116 233
 1123 234
 1132 235
 1139 236
 1148 237
 1156 238
 1167 239
 1175 240
 1184 241
 1191 242
 1201 243
 1207 244
 1217 245
 1223 246
 1234 247
 1240 248
 1250 249
 1256 250
 1267 251
 1272 252
 1275 253
 1288 254
 1292 255
 1301 256
 1305 257
 1321 258
 1324 259
 1340 260
 1342 261
 1345 262
 1358 263
 1362 264
 1375 265
 1378 266
 1379 267
 1393 268
 1396 269
 1409 270
 1412 271
 1413 272
 1414 273
 1427 274
 1430 275
 1445 276
 1447 277
 1460 278
 1462 279
 1475 280
 1479 281
 1491 282
 1494 283
 1507 284
 1510 285
 1523 286
 1526 287
 1541 288
 1543 289
 1557 290
 1559 291
 1573 292
 1575 293
 1589 294
 1591 295
 1602 296
 1609 297
 1618 298
 1624 299
 1633 300
 1639 301
 1648 302
 1653 303
 1665 304
 1668 305
 1679 306
 1684 307
 1694 308
 1700 309
 1710 310
 1715 311
 1727 312
 1731 313
 1742 314
 1748 315
 1757 316
 1764 317
 1775 318
 1780 319
 1791 320
 1795 321
 1808 322
 1813 323
 1824 324
 1829 325
 1840 326
 1845 327
 1857 328
 1862 329
 1875 330
 1877 331
 1890 332
 1893 333
 1907 334
 1909 335
 1923 336
 1925 337
 1937 338
 1941 339
 1955 340
 1957 341
 1971 342
 1972 343
 1986 344
 1988 345
 2003 346
 2006 347
 2021 348
 2023 349
 2038 350
 2041 351
 2055 352
 2058 353
 2073 354
 2076 355
 2079 356
 2093 357
 2096 358
 2097 359
 2100 360
 2105 361
 2108 362
 2111 363
 2113 364
 2114 365
 2115 366
 2116 367
 2117 368
 2118 369
 2119 370
 2120 371
 2122 372
 2123 373
 2124 374
 2125 375

VertexOnGeometricEdge
0

EdgeOnGeometricEdge
375
1 1
2 2
3 3
4 4
5 5
6 6
7 7
8 8
9 9
10 10
11 11
12 12
13 13
14 14
15 15
16 16
17 17
18 18
19 19
20 20
21 21
22 22
23 23
24 24
25 25
26 26
27 27
28 28
29 29
30 30
31 31
32 32
33 33
34 34
35 35
36 36
37 37
38 38
39 39
40 40
41 41
42 42
43 43
44 44
45 45
46 46
47 47
48 48
49 49
50 50
51 51
52 52
53 53
54 54
55 55
56 56
57 57
58 58
59 59
60 60
61 61
62 62
63 63
64 64
65 65
66 66
67 67
68 68
69 69
70 70
71 71
72 72
73 73
74 74
75 75
76 76
77 77
78 78
79 79
80 80
81 81
82 82
83 83
84 84
85 85
86 86
87 87
88 88
89 89
90 90
91 91
92 92
93 93
94 94
95 95
96 96
97 97
98 98
99 99
100 100
101 101
102 102
103 103
104 104
105 105
106 106
107 107
108 108
109 109
110 110
111 111
112 112
113 113
114 114
115 115
116 116
117 117
118 118
119 119
120 120
121 121
122 122
123 123
124 124
125 125
126 126
127 127
128 128
129 129
130 130
131 131
132 132
133 133
134 134
135 135
136 136
137 137
138 138
139 139
140 140
141 141
142 142
143 143
144 144
145 145
146 146
147 147
148 148
149 149
150 150
151 151
152 152
153 153
154 154
155 155
156 156
157 157
158 158
159 159
160 160
161 161
162 162
163 163
164 164
165 165
166 166
167 167
168 168
169 169
170 170
171 171
172 172
173 173
174 174
175 175
176 176
177 177
178 178
179 179
180 180
181 181
182 182
183 183
184 184
185 185
186 186
187 187
188 188
189 189
190 190
191 191
192 192
193 193
194 194
195 195
196 196
197 197
198 198
199 199
200 200
201 201
202 202
203 203
204 204
205 205
206 206
207 207
208 208
209 209
210 210
211 211
212 212
213 213
214 214
215 215
216 216
217 217
218 218
219 219
220 220
221 221
222 222
223 223
224 224
225 225
226 226
227 227
228 228
229 229
230 230
231 231
232 232
233 233
234 234
235 235
236 236
237 237
238 238
239 239
240 240
241 241
242 242
243 243
244 244
245 245
246 246
247 247
248 248
249 249
250 250
251 251
252 252
253 253
254 254
255 255
256 256
257 257
258 258
259 259
260 260
261 261
262 262
263 263
264 264
265 265
266 266
267 267
268 268
269 269
270 270
271 271
272 272
273 273
274 274
275 275
276 276
277 277
278 278
279 279
280 280
281 281
282 282
283 283
284 284
285 285
286 286
287 287
288 288
289 289
290 290
291 291
292 292
293 293
294 294
295 295
296 296
297 297
298 298
299 299
300 300
301 301
302 302
303 303
304 304
305 305
306 306
307 307
308 308
309 309
310 310
311 311
312 312
313 313
314 314
315 315
316 316
317 317
318 318
319 319
320 320
321 321
322 322
323 323
324 324
325 325
326 326
327 327
328 328
329 329
330 330
331 331
332 332
333 333
334 334
335 335
336 336
337 337
338 338
339 339
340 340
341 341
342 342
343 343
344 344
345 345
346 346
347 347
348 348
349 349
350 350
351 351
352 352
353 353
354 354
355 355
356 356
357 357
358 358
359 359
360 360
361 361
362 362
363 363
364 364
365 365
366 366
367 367
368 368
369 369
370 370
371 371
372 372
373 373
374 374
375 375

End
