N,I,R_coil,spacing,z_coil,L,score,iteration
30,0.005,0.0001,0.0005,0.01,0.02,-12,1
30,0.005,0.0001,0.0005,0.01,0.027,-12,2
30,0.005,0.0001,0.0005,0.01,0.035,-12,3
30,0.005,0.0001,0.0005,0.01,0.045,-12,4
30,0.005,0.0001,0.0005,0.0,0.02,-12,5
30,0.005,0.0001,0.0005,0.0,0.027,-12,6
30,0.005,0.0001,0.0005,0.0,0.035,-12,7
30,0.005,0.0001,0.0005,0.0,0.045,-12,8
30,0.005,0.0001,0.0005,0.005,0.02,-12,9
30,0.005,0.0001,0.0005,0.005,0.027,-12,10
30,0.005,0.0001,0.0005,0.005,0.035,-12,11
30,0.005,0.0001,0.0005,0.005,0.045,-12,12
30,0.005,0.0001,0.0025,0.01,0.02,-12,13
30,0.005,0.0001,0.0025,0.01,0.027,-12,14
30,0.005,0.0001,0.0025,0.01,0.035,-12,15
30,0.005,0.0001,0.0025,0.01,0.045,-12,16
30,0.005,0.0001,0.0025,0.0,0.02,-8,17
30,0.005,0.0001,0.0025,0.0,0.027,-8,18
30,0.005,0.0001,0.0025,0.0,0.035,-8,19
30,0.005,0.0001,0.0025,0.0,0.045,-8,20
30,0.005,0.0001,0.0025,0.005,0.02,-8,21
30,0.005,0.0001,0.0025,0.005,0.027,-8,22
30,0.005,0.0001,0.0025,0.005,0.035,-8,23
30,0.005,0.0001,0.0025,0.005,0.045,-8,24
30,0.005,0.0001,0.001,0.01,0.02,-8,25
30,0.005,0.0001,0.001,0.01,0.027,-8,26
30,0.005,0.0001,0.001,0.01,0.035,-8,27
30,0.005,0.0001,0.001,0.01,0.045,-8,28
30,0.005,0.0001,0.001,0.0,0.02,-8,29
30,0.005,0.0001,0.001,0.0,0.027,-8,30
30,0.005,0.0001,0.001,0.0,0.035,-3,31
30,0.005,0.0001,0.001,0.0,0.045,-8,32
30,0.005,0.0001,0.001,0.005,0.02,-8,33
30,0.005,0.0001,0.001,0.005,0.027,-3,34
30,0.005,0.0001,0.001,0.005,0.035,-3,35
30,0.005,0.0001,0.001,0.005,0.045,-3,36
30,0.005,0.0005,0.0005,0.01,0.02,-3,37
30,0.005,0.0005,0.0005,0.01,0.027,-3,38
30,0.005,0.0005,0.0005,0.01,0.035,-3,39
30,0.005,0.0005,0.0005,0.01,0.045,-3,40
30,0.005,0.0005,0.0005,0.0,0.02,-3,41
30,0.005,0.0005,0.0005,0.0,0.027,-5,42
30,0.005,0.0005,0.0005,0.0,0.035,-1,43
30,0.005,0.0005,0.0005,0.0,0.045,0,44
30,0.005,0.0005,0.0005,0.005,0.02,-3,45
30,0.005,0.0005,0.0005,0.005,0.027,-2,46
30,0.005,0.0005,0.0005,0.005,0.035,0,47
30,0.005,0.0005,0.0005,0.005,0.045,0,48
30,0.005,0.0005,0.0025,0.01,0.02,-5,49
30,0.005,0.0005,0.0025,0.01,0.027,-5,50
30,0.005,0.0005,0.0025,0.01,0.035,-5,51
30,0.005,0.0005,0.0025,0.01,0.045,-3,52
30,0.005,0.0005,0.0025,0.0,0.02,-5,53
30,0.005,0.0005,0.0025,0.0,0.027,-11,54
30,0.005,0.0005,0.0025,0.0,0.035,-5,55
30,0.005,0.0005,0.0025,0.0,0.045,-5,56
30,0.005,0.0005,0.0025,0.005,0.02,-5,57
30,0.005,0.0005,0.0025,0.005,0.027,-5,58
30,0.005,0.0005,0.0025,0.005,0.035,-11,59
30,0.005,0.0005,0.0025,0.005,0.045,-5,60
30,0.005,0.0005,0.001,0.01,0.02,-5,61
30,0.005,0.0005,0.001,0.01,0.027,-5,62
30,0.005,0.0005,0.001,0.01,0.035,-5,63
30,0.005,0.0005,0.001,0.01,0.045,-5,64
30,0.005,0.0005,0.001,0.0,0.02,-11,65
30,0.005,0.0005,0.001,0.0,0.027,-11,66
30,0.005,0.0005,0.001,0.0,0.035,-11,67
30,0.005,0.0005,0.001,0.0,0.045,-5,68
30,0.005,0.0005,0.001,0.005,0.02,-11,69
30,0.005,0.0005,0.001,0.005,0.027,-14,70
30,0.005,0.0005,0.001,0.005,0.035,-11,71
30,0.005,0.0005,0.001,0.005,0.045,-5,72
30,0.005,0.002,0.0005,0.01,0.02,-5,73
30,0.005,0.002,0.0005,0.01,0.027,-3,74
30,0.005,0.002,0.0005,0.01,0.035,1,75
30,0.005,0.002,0.0005,0.01,0.045,-6,76
30,0.005,0.002,0.0005,0.0,0.02,4,77
30,0.005,0.002,0.0005,0.0,0.027,7,78
30,0.005,0.002,0.0005,0.0,0.035,7,79
30,0.005,0.002,0.0005,0.0,0.045,6,80
30,0.005,0.002,0.0005,0.005,0.02,5,81
30,0.005,0.002,0.0005,0.005,0.027,6,82
30,0.005,0.002,0.0005,0.005,0.035,7,83
30,0.005,0.002,0.0005,0.005,0.045,6,84
30,0.005,0.002,0.0025,0.01,0.02,-5,85
30,0.005,0.002,0.0025,0.01,0.027,-8,86
30,0.005,0.002,0.0025,0.01,0.035,-6,87
30,0.005,0.002,0.0025,0.01,0.045,-6,88
30,0.005,0.002,0.0025,0.0,0.02,-10,89
30,0.005,0.002,0.0025,0.0,0.027,-10,90
30,0.005,0.002,0.0025,0.0,0.035,1,91
30,0.005,0.002,0.0025,0.0,0.045,-6,92
30,0.005,0.002,0.0025,0.005,0.02,-12,93
30,0.005,0.002,0.0025,0.005,0.027,-10,94
30,0.005,0.002,0.0025,0.005,0.035,-8,95
30,0.005,0.002,0.0025,0.005,0.045,-6,96
30,0.005,0.002,0.001,0.01,0.02,-6,97
30,0.005,0.002,0.001,0.01,0.027,-4,98
30,0.005,0.002,0.001,0.01,0.035,4,99
30,0.005,0.002,0.001,0.01,0.045,4,100
30,0.005,0.002,0.001,0.0,0.02,-4,101
30,0.005,0.002,0.001,0.0,0.027,4,102
30,0.005,0.002,0.001,0.0,0.035,4,103
30,0.005,0.002,0.001,0.0,0.045,4,104
30,0.005,0.002,0.001,0.005,0.02,-4,105
30,0.005,0.002,0.001,0.005,0.027,4,106
30,0.005,0.002,0.001,0.005,0.035,4,107
30,0.005,0.002,0.001,0.005,0.045,6,108
30,0.005,0.0001,0.0005,0.01,0.02,-11,1
30,0.005,0.0001,0.0005,0.01,0.027,-11,2
30,0.005,0.0001,0.0005,0.01,0.035,-11,3
30,0.005,0.0001,0.0005,0.01,0.045,-11,4
30,0.005,0.0001,0.0005,0.0,0.02,-11,5
30,0.005,0.0001,0.0005,0.0,0.027,-11,6
30,0.005,0.0001,0.0005,0.0,0.035,-11,7
30,0.005,0.0001,0.0005,0.0,0.045,-11,8
30,0.005,0.0001,0.0005,0.005,0.02,-11,9
30,0.005,0.0001,0.0005,0.005,0.027,-11,10
30,0.005,0.0001,0.0005,0.005,0.035,-11,11
30,0.005,0.0001,0.0005,0.005,0.045,-11,12
30,0.005,0.0001,0.0025,0.01,0.02,-11,13
30,0.005,0.0001,0.0025,0.01,0.027,-11,14
30,0.005,0.0001,0.0025,0.01,0.035,-11,15
30,0.005,0.0001,0.0025,0.01,0.045,-11,16
30,0.005,0.0001,0.0025,0.0,0.02,-9,17
30,0.005,0.0001,0.0025,0.0,0.027,-9,18
30,0.005,0.0001,0.0025,0.0,0.035,-9,19
30,0.005,0.0001,0.0025,0.0,0.045,-9,20
30,0.005,0.0001,0.0025,0.005,0.02,-9,21
30,0.005,0.0001,0.0025,0.005,0.027,-9,22
30,0.005,0.0001,0.0025,0.005,0.035,-9,23
30,0.005,0.0001,0.0025,0.005,0.045,-9,24
30,0.005,0.0001,0.001,0.01,0.02,-9,25
30,0.005,0.0001,0.001,0.01,0.027,-9,26
30,0.005,0.0001,0.001,0.01,0.035,-9,27
30,0.005,0.0001,0.001,0.01,0.045,-9,28
30,0.005,0.0001,0.001,0.0,0.02,-9,29
30,0.005,0.0001,0.001,0.0,0.027,-9,30
30,0.005,0.0001,0.001,0.0,0.035,-9,31
30,0.005,0.0001,0.001,0.0,0.045,-9,32
30,0.005,0.0001,0.001,0.005,0.02,-11,33
30,0.005,0.0001,0.001,0.005,0.027,-11,34
30,0.005,0.0001,0.001,0.005,0.035,-11,35
30,0.005,0.0001,0.001,0.005,0.045,-11,36
30,0.005,0.0005,0.0005,0.01,0.02,-11,37
30,0.005,0.0005,0.0005,0.01,0.027,-12,38
30,0.005,0.0005,0.0005,0.01,0.035,-9,39
30,0.005,0.0005,0.0005,0.01,0.045,-9,40
30,0.005,0.0005,0.0005,0.0,0.02,-11,41
30,0.005,0.0005,0.0005,0.0,0.027,-11,42
30,0.005,0.0005,0.0005,0.0,0.035,-7,43
30,0.005,0.0005,0.0005,0.0,0.045,-9,44
30,0.005,0.0005,0.0005,0.005,0.02,-11,45
30,0.005,0.0005,0.0005,0.005,0.027,-11,46
30,0.005,0.0005,0.0005,0.005,0.035,-7,47
30,0.005,0.0005,0.0005,0.005,0.045,-7,48
30,0.005,0.0005,0.0025,0.01,0.02,-12,49
30,0.005,0.0005,0.0025,0.01,0.027,-12,50
30,0.005,0.0005,0.0025,0.01,0.035,-12,51
30,0.005,0.0005,0.0025,0.01,0.045,-9,52
30,0.005,0.0005,0.0025,0.0,0.02,-10,53
30,0.005,0.0005,0.0025,0.0,0.027,-9,54
30,0.005,0.0005,0.0025,0.0,0.035,-12,55
30,0.005,0.0005,0.0025,0.0,0.045,-7,56
30,0.005,0.0005,0.0025,0.005,0.02,-11,57
30,0.005,0.0005,0.0025,0.005,0.027,-12,58
30,0.005,0.0005,0.0025,0.005,0.035,-12,59
30,0.005,0.0005,0.0025,0.005,0.045,-12,60
30,0.005,0.0005,0.001,0.01,0.02,-11,61
30,0.005,0.0005,0.001,0.01,0.027,-12,62
30,0.005,0.0005,0.001,0.01,0.035,-7,63
30,0.005,0.0005,0.001,0.01,0.045,-7,64
30,0.005,0.0005,0.001,0.0,0.02,-12,65
30,0.005,0.0005,0.001,0.0,0.027,-12,66
30,0.005,0.0005,0.001,0.0,0.035,-7,67
30,0.005,0.0005,0.001,0.0,0.045,-12,68
30,0.005,0.0005,0.001,0.005,0.02,-9,69
30,0.005,0.0005,0.001,0.005,0.027,-9,70
30,0.005,0.0005,0.001,0.005,0.035,-12,71
30,0.005,0.0005,0.001,0.005,0.045,-11,72
30,0.005,0.002,0.0005,0.01,0.02,-12,73
30,0.005,0.002,0.0005,0.01,0.027,-11,74
30,0.005,0.002,0.0005,0.01,0.035,-7,75
30,0.005,0.002,0.0005,0.01,0.045,-4,76
30,0.005,0.002,0.0005,0.0,0.02,-2,77
30,0.005,0.002,0.0005,0.0,0.027,7,78
30,0.005,0.002,0.0005,0.0,0.035,6,79
30,0.005,0.002,0.0005,0.0,0.045,7,80
30,0.005,0.002,0.0005,0.005,0.02,3,81
30,0.005,0.002,0.0005,0.005,0.027,6,82
30,0.005,0.002,0.0005,0.005,0.035,7,83
30,0.005,0.002,0.0005,0.005,0.045,7,84
30,0.005,0.002,0.0025,0.01,0.02,-8,85
30,0.005,0.002,0.0025,0.01,0.027,-6,86
30,0.005,0.002,0.0025,0.01,0.035,-7,87
30,0.005,0.002,0.0025,0.01,0.045,-3,88
30,0.005,0.002,0.0025,0.0,0.02,-8,89
30,0.005,0.002,0.0025,0.0,0.027,-7,90
30,0.005,0.002,0.0025,0.0,0.035,-5,91
30,0.005,0.002,0.0025,0.0,0.045,-3,92
30,0.005,0.002,0.0025,0.005,0.02,-7,93
30,0.005,0.002,0.0025,0.005,0.027,-9,94
30,0.005,0.002,0.0025,0.005,0.035,-5,95
30,0.005,0.002,0.0025,0.005,0.045,-3,96
30,0.005,0.002,0.001,0.01,0.02,-1,97
30,0.005,0.002,0.001,0.01,0.027,-1,98
30,0.005,0.002,0.001,0.01,0.035,1,99
30,0.005,0.002,0.001,0.01,0.045,7,100
30,0.005,0.002,0.001,0.0,0.02,-1,101
30,0.005,0.002,0.001,0.0,0.027,-1,102
30,0.005,0.002,0.001,0.0,0.035,3,103
30,0.005,0.002,0.001,0.0,0.045,3,104
30,0.005,0.002,0.001,0.005,0.02,1,105
30,0.005,0.002,0.001,0.005,0.027,-1,106
30,0.005,0.002,0.001,0.005,0.035,3,107
30,0.005,0.002,0.001,0.005,0.045,3,108
30,0.001,0.0001,0.0005,0.01,0.02,-14,109
30,0.001,0.0001,0.0005,0.01,0.027,-5,110
30,0.001,0.0001,0.0005,0.01,0.035,-5,111
30,0.001,0.0001,0.0005,0.01,0.045,-14,112
30,0.001,0.0001,0.0005,0.0,0.02,-5,113
30,0.001,0.0001,0.0005,0.0,0.027,-5,114
30,0.001,0.0001,0.0005,0.0,0.035,-14,115
30,0.001,0.0001,0.0005,0.0,0.045,-7,116
30,0.001,0.0001,0.0005,0.005,0.02,-14,117
30,0.001,0.0001,0.0005,0.005,0.027,-5,118
30,0.001,0.0001,0.0005,0.005,0.035,-14,119
30,0.001,0.0001,0.0005,0.005,0.045,-7,120
30,0.001,0.0001,0.0025,0.01,0.02,-5,121
30,0.001,0.0001,0.0025,0.01,0.027,-5,122
30,0.001,0.0001,0.0025,0.01,0.035,-5,123
30,0.001,0.0001,0.0025,0.01,0.045,-7,124
30,0.001,0.0001,0.0025,0.0,0.02,-5,125
30,0.001,0.0001,0.0025,0.0,0.027,-5,126
30,0.001,0.0001,0.0025,0.0,0.035,-7,127
30,0.001,0.0001,0.0025,0.0,0.045,-7,128
30,0.001,0.0001,0.0025,0.005,0.02,-14,129
30,0.001,0.0001,0.0025,0.005,0.027,-7,130
30,0.001,0.0001,0.0025,0.005,0.035,-5,131
30,0.001,0.0001,0.0025,0.005,0.045,-7,132
30,0.001,0.0001,0.001,0.01,0.02,-9,133
30,0.001,0.0001,0.001,0.01,0.027,-5,134
30,0.001,0.0001,0.001,0.01,0.035,-7,135
30,0.001,0.0001,0.001,0.01,0.045,-5,136
30,0.001,0.0001,0.001,0.0,0.02,-7,137
30,0.001,0.0001,0.001,0.0,0.027,-5,138
30,0.001,0.0001,0.001,0.0,0.035,-7,139
30,0.001,0.0001,0.001,0.0,0.045,-7,140
30,0.001,0.0001,0.001,0.005,0.02,-7,141
30,0.001,0.0001,0.001,0.005,0.027,-9,142
30,0.001,0.0001,0.001,0.005,0.035,-9,143
30,0.001,0.0001,0.001,0.005,0.045,-9,144
30,0.001,0.0005,0.0005,0.01,0.02,-9,145
30,0.001,0.0005,0.0005,0.01,0.027,-9,146
30,0.001,0.0005,0.0005,0.01,0.035,-7,147
30,0.001,0.0005,0.0005,0.01,0.045,-9,148
30,0.001,0.0005,0.0005,0.0,0.02,-7,149
30,0.001,0.0005,0.0005,0.0,0.027,-9,150
30,0.001,0.0005,0.0005,0.0,0.035,-9,151
30,0.001,0.0005,0.0005,0.0,0.045,-7,152
30,0.001,0.0005,0.0005,0.005,0.02,-12,153
30,0.001,0.0005,0.0005,0.005,0.027,-9,154
30,0.001,0.0005,0.0005,0.005,0.035,-9,155
30,0.001,0.0005,0.0005,0.005,0.045,-7,156
30,0.001,0.0005,0.0025,0.01,0.02,-9,157
30,0.001,0.0005,0.0025,0.01,0.027,-9,158
30,0.001,0.0005,0.0025,0.01,0.035,-9,159
30,0.001,0.0005,0.0025,0.01,0.045,-9,160
30,0.001,0.0005,0.0025,0.0,0.02,-9,161
30,0.001,0.0005,0.0025,0.0,0.027,-9,162
30,0.001,0.0005,0.0025,0.0,0.035,-9,163
30,0.001,0.0005,0.0025,0.0,0.045,-9,164
30,0.001,0.0005,0.0025,0.005,0.02,-13,165
30,0.001,0.0005,0.0025,0.005,0.027,-9,166
30,0.001,0.0005,0.0025,0.005,0.035,-9,167
30,0.001,0.0005,0.0025,0.005,0.045,-9,168
30,0.001,0.0005,0.001,0.01,0.02,-9,169
30,0.001,0.0005,0.001,0.01,0.027,-12,170
30,0.001,0.0005,0.001,0.01,0.035,-9,171
30,0.001,0.0005,0.001,0.01,0.045,-12,172
30,0.001,0.0005,0.001,0.0,0.02,-9,173
30,0.001,0.0005,0.001,0.0,0.027,-9,174
30,0.001,0.0005,0.001,0.0,0.035,-12,175
30,0.001,0.0005,0.001,0.0,0.045,-12,176
30,0.001,0.0005,0.001,0.005,0.02,-9,177
30,0.001,0.0005,0.001,0.005,0.027,-12,178
30,0.001,0.0005,0.001,0.005,0.035,-9,179
30,0.001,0.0005,0.001,0.005,0.045,-12,180
30,0.001,0.002,0.0005,0.01,0.02,-12,181
30,0.001,0.002,0.0005,0.01,0.027,-5,182
30,0.001,0.002,0.0005,0.01,0.035,-14,183
30,0.001,0.002,0.0005,0.01,0.045,-9,184
30,0.001,0.002,0.0005,0.0,0.02,-10,185
30,0.001,0.002,0.0005,0.0,0.027,-10,186
30,0.001,0.002,0.0005,0.0,0.035,-2,187
30,0.001,0.002,0.0005,0.0,0.045,-8,188
30,0.001,0.002,0.0005,0.005,0.02,-9,189
30,0.001,0.002,0.0005,0.005,0.027,-10,190
30,0.001,0.002,0.0005,0.005,0.035,-12,191
30,0.001,0.002,0.0005,0.005,0.045,-13,192
30,0.001,0.002,0.0025,0.01,0.02,-9,193
30,0.001,0.002,0.0025,0.01,0.027,-13,194
30,0.001,0.002,0.0025,0.01,0.035,-12,195
30,0.001,0.002,0.0025,0.01,0.045,-10,196
30,0.001,0.002,0.0025,0.0,0.02,-13,197
30,0.001,0.002,0.0025,0.0,0.027,-13,198
30,0.001,0.002,0.0025,0.0,0.035,-9,199
30,0.001,0.002,0.0025,0.0,0.045,-5,200
30,0.001,0.002,0.0025,0.005,0.02,-12,201
30,0.001,0.002,0.0025,0.005,0.027,-12,202
30,0.001,0.002,0.0025,0.005,0.035,-9,203
30,0.001,0.002,0.0025,0.005,0.045,-12,204
30,0.001,0.002,0.001,0.01,0.02,-5,205
30,0.001,0.002,0.001,0.01,0.027,-4,206
30,0.001,0.002,0.001,0.01,0.035,-4,207
30,0.001,0.002,0.001,0.01,0.045,-12,208
30,0.001,0.002,0.001,0.0,0.02,-12,209
30,0.001,0.002,0.001,0.0,0.027,-4,210
30,0.001,0.002,0.001,0.0,0.035,-4,211
30,0.001,0.002,0.001,0.0,0.045,-4,212
30,0.001,0.002,0.001,0.005,0.02,-12,213
30,0.001,0.002,0.001,0.005,0.027,-6,214
30,0.001,0.002,0.001,0.005,0.035,-10,215
30,0.001,0.002,0.001,0.005,0.045,-8,216
30,0.01,0.0001,0.0005,0.01,0.02,-7,217
30,0.01,0.0001,0.0005,0.01,0.027,-13,218
30,0.01,0.0001,0.0005,0.01,0.035,-11,219
30,0.01,0.0001,0.0005,0.01,0.045,-13,220
30,0.01,0.0001,0.0005,0.0,0.02,-11,221
30,0.01,0.0001,0.0005,0.0,0.027,-11,222
30,0.01,0.0001,0.0005,0.0,0.035,-7,223
30,0.01,0.0001,0.0005,0.0,0.045,-11,224
30,0.01,0.0001,0.0005,0.005,0.02,-11,225
30,0.01,0.0001,0.0005,0.005,0.027,-7,226
30,0.01,0.0001,0.0005,0.005,0.035,-7,227
30,0.01,0.0001,0.0005,0.005,0.045,-11,228
30,0.01,0.0001,0.0025,0.01,0.02,-11,229
30,0.01,0.0001,0.0025,0.01,0.027,-7,230
30,0.01,0.0001,0.0025,0.01,0.035,-6,231
30,0.01,0.0001,0.0025,0.01,0.045,-6,232
30,0.01,0.0001,0.0025,0.0,0.02,-13,233
30,0.01,0.0001,0.0025,0.0,0.027,-5,234
30,0.01,0.0001,0.0025,0.0,0.035,-7,235
30,0.01,0.0001,0.0025,0.0,0.045,-6,236
30,0.01,0.0001,0.0025,0.005,0.02,-11,237
30,0.01,0.0001,0.0025,0.005,0.027,-6,238
30,0.01,0.0001,0.0025,0.005,0.035,-7,239
30,0.01,0.0001,0.0025,0.005,0.045,-6,240
30,0.01,0.0001,0.001,0.01,0.02,-11,241
30,0.01,0.0001,0.001,0.01,0.027,-6,242
30,0.01,0.0001,0.001,0.01,0.035,-11,243
30,0.01,0.0001,0.001,0.01,0.045,-6,244
30,0.01,0.0001,0.001,0.0,0.02,-5,245
30,0.01,0.0001,0.001,0.0,0.027,-6,246
30,0.01,0.0001,0.001,0.0,0.035,-11,247
30,0.01,0.0001,0.001,0.0,0.045,-11,248
30,0.01,0.0001,0.001,0.005,0.02,-7,249
30,0.01,0.0001,0.001,0.005,0.027,-9,250
30,0.01,0.0001,0.001,0.005,0.035,-6,251
30,0.01,0.0001,0.001,0.005,0.045,-11,252
30,0.01,0.0005,0.0005,0.01,0.02,-5,253
30,0.01,0.0005,0.0005,0.01,0.027,-5,254
30,0.01,0.0005,0.0005,0.01,0.035,-5,255
30,0.01,0.0005,0.0005,0.01,0.045,-6,256
30,0.01,0.0005,0.0005,0.0,0.02,-7,257
30,0.01,0.0005,0.0005,0.0,0.027,-2,258
30,0.01,0.0005,0.0005,0.0,0.035,3,259
30,0.01,0.0005,0.0005,0.0,0.045,3,260
30,0.01,0.0005,0.0005,0.005,0.02,3,261
30,0.01,0.0005,0.0005,0.005,0.027,-7,262
30,0.01,0.0005,0.0005,0.005,0.035,-5,263
30,0.01,0.0005,0.0005,0.005,0.045,-3,264
30,0.01,0.0005,0.0025,0.01,0.02,-7,265
30,0.01,0.0005,0.0025,0.01,0.027,-6,266
30,0.01,0.0005,0.0025,0.01,0.035,-6,267
30,0.01,0.0005,0.0025,0.01,0.045,-5,268
30,0.01,0.0005,0.0025,0.0,0.02,-5,269
30,0.01,0.0005,0.0025,0.0,0.027,-6,270
30,0.01,0.0005,0.0025,0.0,0.035,-9,271
30,0.01,0.0005,0.0025,0.0,0.045,-6,272
30,0.01,0.0005,0.0025,0.005,0.02,-9,273
30,0.01,0.0005,0.0025,0.005,0.027,-5,274
30,0.01,0.0005,0.0025,0.005,0.035,-5,275
30,0.01,0.0005,0.0025,0.005,0.045,-6,276
30,0.01,0.0005,0.001,0.01,0.02,-9,277
30,0.01,0.0005,0.001,0.01,0.027,-9,278
30,0.01,0.0005,0.001,0.01,0.035,-1,279
30,0.01,0.0005,0.001,0.01,0.045,-2,280
30,0.01,0.0005,0.001,0.0,0.02,-5,281
30,0.01,0.0005,0.001,0.0,0.027,-9,282
30,0.01,0.0005,0.001,0.0,0.035,-1,283
30,0.01,0.0005,0.001,0.0,0.045,-7,284
30,0.01,0.0005,0.001,0.005,0.02,-9,285
30,0.01,0.0005,0.001,0.005,0.027,-5,286
30,0.01,0.0005,0.001,0.005,0.035,-2,287
30,0.01,0.0005,0.001,0.005,0.045,3,288
30,0.01,0.002,0.0005,0.01,0.02,-3,289
30,0.01,0.002,0.0005,0.01,0.027,-4,290
30,0.01,0.002,0.0005,0.01,0.035,1,291
30,0.01,0.002,0.0005,0.01,0.045,3,292
30,0.01,0.002,0.0005,0.0,0.02,5,293
30,0.01,0.002,0.0005,0.0,0.027,7,294
30,0.01,0.002,0.0005,0.0,0.035,6,295
30,0.01,0.002,0.0005,0.0,0.045,5,296
30,0.01,0.002,0.0005,0.005,0.02,8,297
30,0.01,0.002,0.0005,0.005,0.027,7,298
30,0.01,0.002,0.0005,0.005,0.035,5,299
30,0.01,0.002,0.0005,0.005,0.045,6,300
30,0.01,0.002,0.0025,0.01,0.02,-1,301
30,0.01,0.002,0.0025,0.01,0.027,-1,302
30,0.01,0.002,0.0025,0.01,0.035,-1,303
30,0.01,0.002,0.0025,0.01,0.045,1,304
30,0.01,0.002,0.0025,0.0,0.02,-4,305
30,0.01,0.002,0.0025,0.0,0.027,1,306
30,0.01,0.002,0.0025,0.0,0.035,4,307
30,0.01,0.002,0.0025,0.0,0.045,4,308
30,0.01,0.002,0.0025,0.005,0.02,-3,309
30,0.01,0.002,0.0025,0.005,0.027,-1,310
30,0.01,0.002,0.0025,0.005,0.035,1,311
30,0.01,0.002,0.0025,0.005,0.045,2,312
30,0.01,0.002,0.001,0.01,0.02,3,313
30,0.01,0.002,0.001,0.01,0.027,7,314
30,0.01,0.002,0.001,0.01,0.035,7,315
30,0.01,0.002,0.001,0.01,0.045,5,316
30,0.01,0.002,0.001,0.0,0.02,3,317
30,0.01,0.002,0.001,0.0,0.027,7,318
30,0.01,0.002,0.001,0.0,0.035,5,319
30,0.01,0.002,0.001,0.0,0.045,8,320
30,0.01,0.002,0.001,0.005,0.02,4,321
30,0.01,0.002,0.001,0.005,0.027,8,322
30,0.01,0.002,0.001,0.005,0.035,8,323
30,0.01,0.002,0.001,0.005,0.045,8,324
30,0.05,0.0001,0.0005,0.01,0.02,-5,325
30,0.05,0.0001,0.0005,0.01,0.027,-7,326
30,0.05,0.0001,0.0005,0.01,0.035,-5,327
30,0.05,0.0001,0.0005,0.01,0.045,-11,328
30,0.05,0.0001,0.0005,0.0,0.02,-4,329
30,0.05,0.0001,0.0005,0.0,0.027,-8,330
30,0.05,0.0001,0.0005,0.0,0.035,-2,331
30,0.05,0.0001,0.0005,0.0,0.045,-6,332
30,0.05,0.0001,0.0005,0.005,0.02,-3,333
30,0.05,0.0001,0.0005,0.005,0.027,-10,334
30,0.05,0.0001,0.0005,0.005,0.035,0,335
30,0.05,0.0001,0.0005,0.005,0.045,-3,336
30,0.05,0.0001,0.0025,0.01,0.02,-5,337
30,0.05,0.0001,0.0025,0.01,0.027,-7,338
30,0.05,0.0001,0.0025,0.01,0.035,-8,339
30,0.05,0.0001,0.0025,0.01,0.045,-8,340
30,0.05,0.0001,0.0025,0.0,0.02,-13,341
30,0.05,0.0001,0.0025,0.0,0.027,-8,342
30,0.05,0.0001,0.0025,0.0,0.035,-7,343
30,0.05,0.0001,0.0025,0.0,0.045,-8,344
30,0.05,0.0001,0.0025,0.005,0.02,-7,345
30,0.05,0.0001,0.0025,0.005,0.027,-13,346
30,0.05,0.0001,0.0025,0.005,0.035,-13,347
30,0.05,0.0001,0.0025,0.005,0.045,-11,348
30,0.05,0.0001,0.001,0.01,0.02,-13,349
30,0.05,0.0001,0.001,0.01,0.027,-8,350
30,0.05,0.0001,0.001,0.01,0.035,-8,351
30,0.05,0.0001,0.001,0.01,0.045,-5,352
30,0.05,0.0001,0.001,0.0,0.02,-13,353
30,0.05,0.0001,0.001,0.0,0.027,-12,354
30,0.05,0.0001,0.001,0.0,0.035,-7,355
30,0.05,0.0001,0.001,0.0,0.045,-13,356
30,0.05,0.0001,0.001,0.005,0.02,-10,357
30,0.05,0.0001,0.001,0.005,0.027,-13,358
30,0.05,0.0001,0.001,0.005,0.035,-8,359
30,0.05,0.0001,0.001,0.005,0.045,-8,360
30,0.05,0.0005,0.0005,0.01,0.02,-11,361
30,0.05,0.0005,0.0005,0.01,0.027,-13,362
30,0.05,0.0005,0.0005,0.01,0.035,-11,363
30,0.05,0.0005,0.0005,0.01,0.045,-14,364
30,0.05,0.0005,0.0005,0.0,0.02,-1,365
30,0.05,0.0005,0.0005,0.0,0.027,0,366
30,0.05,0.0005,0.0005,0.0,0.035,-1,367
30,0.05,0.0005,0.0005,0.0,0.045,1,368
30,0.05,0.0005,0.0005,0.005,0.02,-1,369
30,0.05,0.0005,0.0005,0.005,0.027,2,370
30,0.05,0.0005,0.0005,0.005,0.035,-3,371
30,0.05,0.0005,0.0005,0.005,0.045,3,372
30,0.05,0.0005,0.0025,0.01,0.02,-11,373
30,0.05,0.0005,0.0025,0.01,0.027,-11,374
30,0.05,0.0005,0.0025,0.01,0.035,-3,375
30,0.05,0.0005,0.0025,0.01,0.045,1,376
30,0.05,0.0005,0.0025,0.0,0.02,-11,377
30,0.05,0.0005,0.0025,0.0,0.027,-11,378
30,0.05,0.0005,0.0025,0.0,0.035,-8,379
30,0.05,0.0005,0.0025,0.0,0.045,-5,380
30,0.05,0.0005,0.0025,0.005,0.02,-6,381
30,0.05,0.0005,0.0025,0.005,0.027,-5,382
30,0.05,0.0005,0.0025,0.005,0.035,-8,383
30,0.05,0.0005,0.0025,0.005,0.045,1,384
30,0.05,0.0005,0.001,0.01,0.02,-3,385
30,0.05,0.0005,0.001,0.01,0.027,1,386
30,0.05,0.0005,0.001,0.01,0.035,-3,387
30,0.05,0.0005,0.001,0.01,0.045,-1,388
30,0.05,0.0005,0.001,0.0,0.02,-7,389
30,0.05,0.0005,0.001,0.0,0.027,1,390
30,0.05,0.0005,0.001,0.0,0.035,-1,391
30,0.05,0.0005,0.001,0.0,0.045,2,392
30,0.05,0.0005,0.001,0.005,0.02,-4,393
30,0.05,0.0005,0.001,0.005,0.027,4,394
30,0.05,0.0005,0.001,0.005,0.035,1,395
30,0.05,0.0005,0.001,0.005,0.045,-3,396
30,0.05,0.002,0.0005,0.01,0.02,7,397
30,0.05,0.002,0.0005,0.01,0.027,7,398
30,0.05,0.002,0.0005,0.01,0.035,7,399
30,0.05,0.002,0.0005,0.01,0.045,8,400
30,0.05,0.002,0.0005,0.0,0.02,7,401
30,0.05,0.002,0.0005,0.0,0.027,7,402
30,0.05,0.002,0.0005,0.0,0.035,8,403
30,0.05,0.002,0.0005,0.0,0.045,4,404
30,0.05,0.002,0.0005,0.005,0.02,7,405
30,0.05,0.002,0.0005,0.005,0.027,8,406
30,0.05,0.002,0.0005,0.005,0.035,5,407
30,0.05,0.002,0.0005,0.005,0.045,7,408
30,0.05,0.002,0.0025,0.01,0.02,7,409
30,0.05,0.002,0.0025,0.01,0.027,7,410
30,0.05,0.002,0.0025,0.01,0.035,6,411
30,0.05,0.002,0.0025,0.01,0.045,7,412
30,0.05,0.002,0.0025,0.0,0.02,7,413
30,0.05,0.002,0.0025,0.0,0.027,8,414
30,0.05,0.002,0.0025,0.0,0.035,6,415
30,0.05,0.002,0.0025,0.0,0.045,7,416
30,0.05,0.002,0.0025,0.005,0.02,7,417
30,0.05,0.002,0.0025,0.005,0.027,6,418
30,0.05,0.002,0.0025,0.005,0.035,7,419
30,0.05,0.002,0.0025,0.005,0.045,7,420
30,0.05,0.002,0.001,0.01,0.02,6,421
30,0.05,0.002,0.001,0.01,0.027,8,422
30,0.05,0.002,0.001,0.01,0.035,7,423
30,0.05,0.002,0.001,0.01,0.045,6,424
30,0.05,0.002,0.001,0.0,0.02,5,425
30,0.05,0.002,0.001,0.0,0.027,5,426
30,0.05,0.002,0.001,0.0,0.035,7,427
30,0.05,0.002,0.001,0.0,0.045,7,428
30,0.05,0.002,0.001,0.005,0.02,7,429
30,0.05,0.002,0.001,0.005,0.027,6,430
30,0.05,0.002,0.001,0.005,0.035,7,431
30,0.05,0.002,0.001,0.005,0.045,6,432
40,0.005,0.0001,0.0005,0.01,0.02,-10,433
40,0.005,0.0001,0.0005,0.01,0.027,-9,434
40,0.005,0.0001,0.0005,0.01,0.035,-8,435
40,0.005,0.0001,0.0005,0.01,0.045,-10,436
40,0.005,0.0001,0.0005,0.0,0.02,-10,437
40,0.005,0.0001,0.0005,0.0,0.027,-10,438
40,0.005,0.0001,0.0005,0.0,0.035,-10,439
40,0.005,0.0001,0.0005,0.0,0.045,-10,440
40,0.005,0.0001,0.0005,0.005,0.02,-10,441
40,0.005,0.0001,0.0005,0.005,0.027,-9,442
40,0.005,0.0001,0.0005,0.005,0.035,-10,443
40,0.005,0.0001,0.0005,0.005,0.045,-10,444
40,0.005,0.0001,0.0025,0.01,0.02,-9,445
40,0.005,0.0001,0.0025,0.01,0.027,-9,446
40,0.005,0.0001,0.0025,0.01,0.035,-8,447
40,0.005,0.0001,0.0025,0.01,0.045,-8,448
40,0.005,0.0001,0.0025,0.0,0.02,-9,449
40,0.005,0.0001,0.0025,0.0,0.027,-10,450
40,0.005,0.0001,0.0025,0.0,0.035,-9,451
40,0.005,0.0001,0.0025,0.0,0.045,-10,452
40,0.005,0.0001,0.0025,0.005,0.02,-10,453
40,0.005,0.0001,0.0025,0.005,0.027,-8,454
40,0.005,0.0001,0.0025,0.005,0.035,-10,455
40,0.005,0.0001,0.0025,0.005,0.045,-10,456
40,0.005,0.0001,0.001,0.01,0.02,-6,457
40,0.005,0.0001,0.001,0.01,0.027,-9,458
40,0.005,0.0001,0.001,0.01,0.035,-10,459
40,0.005,0.0001,0.001,0.01,0.045,-10,460
40,0.005,0.0001,0.001,0.0,0.02,-6,461
40,0.005,0.0001,0.001,0.0,0.027,-10,462
40,0.005,0.0001,0.001,0.0,0.035,-6,463
40,0.005,0.0001,0.001,0.0,0.045,-10,464
40,0.005,0.0001,0.001,0.005,0.02,-10,465
40,0.005,0.0001,0.001,0.005,0.027,-8,466
40,0.005,0.0001,0.001,0.005,0.035,-10,467
40,0.005,0.0001,0.001,0.005,0.045,-6,468
40,0.005,0.0005,0.0005,0.01,0.02,-6,469
40,0.005,0.0005,0.0005,0.01,0.027,-8,470
40,0.005,0.0005,0.0005,0.01,0.035,-10,471
40,0.005,0.0005,0.0005,0.01,0.045,-10,472
40,0.005,0.0005,0.0005,0.0,0.02,-9,473
40,0.005,0.0005,0.0005,0.0,0.027,-8,474
40,0.005,0.0005,0.0005,0.0,0.035,-4,475
40,0.005,0.0005,0.0005,0.0,0.045,-4,476
40,0.005,0.0005,0.0005,0.005,0.02,-10,477
40,0.005,0.0005,0.0005,0.005,0.027,-8,478
40,0.005,0.0005,0.0005,0.005,0.035,-7,479
40,0.005,0.0005,0.0005,0.005,0.045,-4,480
40,0.005,0.0005,0.0025,0.01,0.02,-6,481
40,0.005,0.0005,0.0025,0.01,0.027,-10,482
40,0.005,0.0005,0.0025,0.01,0.035,-6,483
40,0.005,0.0005,0.0025,0.01,0.045,-8,484
40,0.005,0.0005,0.0025,0.0,0.02,-6,485
40,0.005,0.0005,0.0025,0.0,0.027,-8,486
40,0.005,0.0005,0.0025,0.0,0.035,-8,487
40,0.005,0.0005,0.0025,0.0,0.045,-10,488
40,0.005,0.0005,0.0025,0.005,0.02,-8,489
40,0.005,0.0005,0.0025,0.005,0.027,-8,490
40,0.005,0.0005,0.0025,0.005,0.035,-6,491
40,0.005,0.0005,0.0025,0.005,0.045,-8,492
40,0.005,0.0005,0.001,0.01,0.02,-6,493
40,0.005,0.0005,0.001,0.01,0.027,-8,494
40,0.005,0.0005,0.001,0.01,0.035,-8,495
40,0.005,0.0005,0.001,0.01,0.045,-6,496
40,0.005,0.0005,0.001,0.0,0.02,-8,497
40,0.005,0.0005,0.001,0.0,0.027,-8,498
40,0.005,0.0005,0.001,0.0,0.035,-8,499
40,0.005,0.0005,0.001,0.0,0.045,-6,500
40,0.005,0.0005,0.001,0.005,0.02,-8,501
40,0.005,0.0005,0.001,0.005,0.027,-8,502
40,0.005,0.0005,0.001,0.005,0.035,-8,503
40,0.005,0.0005,0.001,0.005,0.045,-8,504
40,0.005,0.002,0.0005,0.01,0.02,-1,505
40,0.005,0.002,0.0005,0.01,0.027,2,506
40,0.005,0.002,0.0005,0.01,0.035,4,507
40,0.005,0.002,0.0005,0.01,0.045,3,508
40,0.005,0.002,0.0005,0.0,0.02,2,509
40,0.005,0.002,0.0005,0.0,0.027,7,510
40,0.005,0.002,0.0005,0.0,0.035,6,511
40,0.005,0.002,0.0005,0.0,0.045,6,512
40,0.005,0.002,0.0005,0.005,0.02,3,513
40,0.005,0.002,0.0005,0.005,0.027,5,514
40,0.005,0.002,0.0005,0.005,0.035,5,515
40,0.005,0.002,0.0005,0.005,0.045,5,516
40,0.005,0.002,0.0025,0.01,0.02,-8,517
40,0.005,0.002,0.0025,0.01,0.027,-8,518
40,0.005,0.002,0.0025,0.01,0.035,-1,519
40,0.005,0.002,0.0025,0.01,0.045,-6,520
40,0.005,0.002,0.0025,0.0,0.02,-8,521
40,0.005,0.002,0.0025,0.0,0.027,-9,522
40,0.005,0.002,0.0025,0.0,0.035,-7,523
40,0.005,0.002,0.0025,0.0,0.045,-7,524
40,0.005,0.002,0.0025,0.005,0.02,-3,525
40,0.005,0.002,0.0025,0.005,0.027,-8,526
40,0.005,0.002,0.0025,0.005,0.035,-7,527
40,0.005,0.002,0.0025,0.005,0.045,-1,528
40,0.005,0.002,0.001,0.01,0.02,-4,529
40,0.005,0.002,0.001,0.01,0.027,4,530
40,0.005,0.002,0.001,0.01,0.035,3,531
40,0.005,0.002,0.001,0.01,0.045,6,532
40,0.005,0.002,0.001,0.0,0.02,-4,533
40,0.005,0.002,0.001,0.0,0.027,2,534
40,0.005,0.002,0.001,0.0,0.035,0,535
40,0.005,0.002,0.001,0.0,0.045,3,536
40,0.005,0.002,0.001,0.005,0.02,-4,537
40,0.005,0.002,0.001,0.005,0.027,2,538
40,0.005,0.002,0.001,0.005,0.035,3,539
40,0.005,0.002,0.001,0.005,0.045,3,540
40,0.001,0.0001,0.0005,0.01,0.02,-12,541
40,0.001,0.0001,0.0005,0.01,0.027,-7,542
40,0.001,0.0001,0.0005,0.01,0.035,-11,543
40,0.001,0.0001,0.0005,0.01,0.045,-7,544
40,0.001,0.0001,0.0005,0.0,0.02,-9,545
40,0.001,0.0001,0.0005,0.0,0.027,-7,546
40,0.001,0.0001,0.0005,0.0,0.035,-7,547
40,0.001,0.0001,0.0005,0.0,0.045,-9,548
40,0.001,0.0001,0.0005,0.005,0.02,-9,549
40,0.001,0.0001,0.0005,0.005,0.027,-7,550
40,0.001,0.0001,0.0005,0.005,0.035,-7,551
40,0.001,0.0001,0.0005,0.005,0.045,-9,552
40,0.001,0.0001,0.0025,0.01,0.02,-7,553
40,0.001,0.0001,0.0025,0.01,0.027,-11,554
40,0.001,0.0001,0.0025,0.01,0.035,-9,555
40,0.001,0.0001,0.0025,0.01,0.045,-7,556
40,0.001,0.0001,0.0025,0.0,0.02,-11,557
40,0.001,0.0001,0.0025,0.0,0.027,-9,558
40,0.001,0.0001,0.0025,0.0,0.035,-11,559
40,0.001,0.0001,0.0025,0.0,0.045,-7,560
40,0.001,0.0001,0.0025,0.005,0.02,-9,561
40,0.001,0.0001,0.0025,0.005,0.027,-9,562
40,0.001,0.0001,0.0025,0.005,0.035,-11,563
40,0.001,0.0001,0.0025,0.005,0.045,-9,564
40,0.001,0.0001,0.001,0.01,0.02,-9,565
40,0.001,0.0001,0.001,0.01,0.027,-11,566
40,0.001,0.0001,0.001,0.01,0.035,-7,567
40,0.001,0.0001,0.001,0.01,0.045,-11,568
40,0.001,0.0001,0.001,0.0,0.02,-10,569
40,0.001,0.0001,0.001,0.0,0.027,-11,570
40,0.001,0.0001,0.001,0.0,0.035,-9,571
40,0.001,0.0001,0.001,0.0,0.045,-9,572
40,0.001,0.0001,0.001,0.005,0.02,-11,573
40,0.001,0.0001,0.001,0.005,0.027,-11,574
40,0.001,0.0001,0.001,0.005,0.035,-11,575
40,0.001,0.0001,0.001,0.005,0.045,-11,576
40,0.001,0.0005,0.0005,0.01,0.02,-7,577
40,0.001,0.0005,0.0005,0.01,0.027,-10,578
40,0.001,0.0005,0.0005,0.01,0.035,-7,579
40,0.001,0.0005,0.0005,0.01,0.045,-9,580
40,0.001,0.0005,0.0005,0.0,0.02,-12,581
40,0.001,0.0005,0.0005,0.0,0.027,-14,582
40,0.001,0.0005,0.0005,0.0,0.035,-10,583
40,0.001,0.0005,0.0005,0.0,0.045,-9,584
40,0.001,0.0005,0.0005,0.005,0.02,-7,585
40,0.001,0.0005,0.0005,0.005,0.027,-9,586
40,0.001,0.0005,0.0005,0.005,0.035,-11,587
40,0.001,0.0005,0.0005,0.005,0.045,-7,588
40,0.001,0.0005,0.0025,0.01,0.02,-11,589
40,0.001,0.0005,0.0025,0.01,0.027,-9,590
40,0.001,0.0005,0.0025,0.01,0.035,-7,591
40,0.001,0.0005,0.0025,0.01,0.045,-7,592
40,0.001,0.0005,0.0025,0.0,0.02,-14,593
40,0.001,0.0005,0.0025,0.0,0.027,-7,594
40,0.001,0.0005,0.0025,0.0,0.035,-7,595
40,0.001,0.0005,0.0025,0.0,0.045,-10,596
40,0.001,0.0005,0.0025,0.005,0.02,-9,597
40,0.001,0.0005,0.0025,0.005,0.027,-9,598
40,0.001,0.0005,0.0025,0.005,0.035,-11,599
40,0.001,0.0005,0.0025,0.005,0.045,-11,600
40,0.001,0.0005,0.001,0.01,0.02,-10,601
40,0.001,0.0005,0.001,0.01,0.027,-10,602
40,0.001,0.0005,0.001,0.01,0.035,-10,603
40,0.001,0.0005,0.001,0.01,0.045,-14,604
40,0.001,0.0005,0.001,0.0,0.02,-11,605
40,0.001,0.0005,0.001,0.0,0.027,-9,606
40,0.001,0.0005,0.001,0.0,0.035,-9,607
40,0.001,0.0005,0.001,0.0,0.045,-11,608
40,0.001,0.0005,0.001,0.005,0.02,-11,609
40,0.001,0.0005,0.001,0.005,0.027,-5,610
40,0.001,0.0005,0.001,0.005,0.035,-9,611
40,0.001,0.0005,0.001,0.005,0.045,-10,612
40,0.001,0.002,0.0005,0.01,0.02,-7,613
40,0.001,0.002,0.0005,0.01,0.027,-8,614
40,0.001,0.002,0.0005,0.01,0.035,-12,615
40,0.001,0.002,0.0005,0.01,0.045,-11,616
40,0.001,0.002,0.0005,0.0,0.02,-4,617
40,0.001,0.002,0.0005,0.0,0.027,-13,618
40,0.001,0.002,0.0005,0.0,0.035,-5,619
40,0.001,0.002,0.0005,0.0,0.045,-4,620
40,0.001,0.002,0.0005,0.005,0.02,-15,621
40,0.001,0.002,0.0005,0.005,0.027,-4,622
40,0.001,0.002,0.0005,0.005,0.035,-5,623
40,0.001,0.002,0.0005,0.005,0.045,-5,624
40,0.001,0.002,0.0025,0.01,0.02,-10,625
40,0.001,0.002,0.0025,0.01,0.027,-11,626
40,0.001,0.002,0.0025,0.01,0.035,-10,627
40,0.001,0.002,0.0025,0.01,0.045,-6,628
40,0.001,0.002,0.0025,0.0,0.02,-10,629
40,0.001,0.002,0.0025,0.0,0.027,-10,630
40,0.001,0.002,0.0025,0.0,0.035,-11,631
40,0.001,0.002,0.0025,0.0,0.045,-10,632
40,0.001,0.002,0.0025,0.005,0.02,-11,633
40,0.001,0.002,0.0025,0.005,0.027,-15,634
40,0.001,0.002,0.0025,0.005,0.035,-11,635
40,0.001,0.002,0.0025,0.005,0.045,-5,636
40,0.001,0.002,0.001,0.01,0.02,-15,637
40,0.001,0.002,0.001,0.01,0.027,-15,638
40,0.001,0.002,0.001,0.01,0.035,-5,639
40,0.001,0.002,0.001,0.01,0.045,-7,640
40,0.001,0.002,0.001,0.0,0.02,-9,641
40,0.001,0.002,0.001,0.0,0.027,-8,642
40,0.001,0.002,0.001,0.0,0.035,-15,643
40,0.001,0.002,0.001,0.0,0.045,-15,644
40,0.001,0.002,0.001,0.005,0.02,-10,645
40,0.001,0.002,0.001,0.005,0.027,-10,646
40,0.001,0.002,0.001,0.005,0.035,-7,647
40,0.001,0.002,0.001,0.005,0.045,-10,648
40,0.01,0.0001,0.0005,0.01,0.02,-10,649
40,0.01,0.0001,0.0005,0.01,0.027,-14,650
40,0.01,0.0001,0.0005,0.01,0.035,-11,651
40,0.01,0.0001,0.0005,0.01,0.045,-10,652
40,0.01,0.0001,0.0005,0.0,0.02,-10,653
40,0.01,0.0001,0.0005,0.0,0.027,-10,654
40,0.01,0.0001,0.0005,0.0,0.035,-10,655
40,0.01,0.0001,0.0005,0.0,0.045,-5,656
40,0.01,0.0001,0.0005,0.005,0.02,-14,657
40,0.01,0.0001,0.0005,0.005,0.027,-10,658
40,0.01,0.0001,0.0005,0.005,0.035,-10,659
40,0.01,0.0001,0.0005,0.005,0.045,-5,660
40,0.01,0.0001,0.0025,0.01,0.02,-14,661
40,0.01,0.0001,0.0025,0.01,0.027,-14,662
40,0.01,0.0001,0.0025,0.01,0.035,-10,663
40,0.01,0.0001,0.0025,0.01,0.045,-11,664
40,0.01,0.0001,0.0025,0.0,0.02,-10,665
40,0.01,0.0001,0.0025,0.0,0.027,-10,666
40,0.01,0.0001,0.0025,0.0,0.035,-10,667
40,0.01,0.0001,0.0025,0.0,0.045,-10,668
40,0.01,0.0001,0.0025,0.005,0.02,-14,669
40,0.01,0.0001,0.0025,0.005,0.027,-10,670
40,0.01,0.0001,0.0025,0.005,0.035,-11,671
40,0.01,0.0001,0.0025,0.005,0.045,-5,672
40,0.01,0.0001,0.001,0.01,0.02,-14,673
40,0.01,0.0001,0.001,0.01,0.027,-5,674
40,0.01,0.0001,0.001,0.01,0.035,-10,675
40,0.01,0.0001,0.001,0.01,0.045,-10,676
40,0.01,0.0001,0.001,0.0,0.02,-10,677
40,0.01,0.0001,0.001,0.0,0.027,-10,678
40,0.01,0.0001,0.001,0.0,0.035,-10,679
40,0.01,0.0001,0.001,0.0,0.045,-5,680
40,0.01,0.0001,0.001,0.005,0.02,-5,681
40,0.01,0.0001,0.001,0.005,0.027,-10,682
40,0.01,0.0001,0.001,0.005,0.035,-10,683
40,0.01,0.0001,0.001,0.005,0.045,-5,684
40,0.01,0.0005,0.0005,0.01,0.02,-11,685
40,0.01,0.0005,0.0005,0.01,0.027,-10,686
40,0.01,0.0005,0.0005,0.01,0.035,-5,687
40,0.01,0.0005,0.0005,0.01,0.045,3,688
40,0.01,0.0005,0.0005,0.0,0.02,3,689
40,0.01,0.0005,0.0005,0.0,0.027,-6,690
40,0.01,0.0005,0.0005,0.0,0.035,3,691
40,0.01,0.0005,0.0005,0.0,0.045,3,692
40,0.01,0.0005,0.0005,0.005,0.02,-8,693
40,0.01,0.0005,0.0005,0.005,0.027,-5,694
40,0.01,0.0005,0.0005,0.005,0.035,3,695
40,0.01,0.0005,0.0005,0.005,0.045,3,696
40,0.01,0.0005,0.0025,0.01,0.02,-10,697
40,0.01,0.0005,0.0025,0.01,0.027,-10,698
40,0.01,0.0005,0.0025,0.01,0.035,-11,699
40,0.01,0.0005,0.0025,0.01,0.045,-10,700
40,0.01,0.0005,0.0025,0.0,0.02,-10,701
40,0.01,0.0005,0.0025,0.0,0.027,-10,702
40,0.01,0.0005,0.0025,0.0,0.035,-10,703
40,0.01,0.0005,0.0025,0.0,0.045,-10,704
40,0.01,0.0005,0.0025,0.005,0.02,-9,705
40,0.01,0.0005,0.0025,0.005,0.027,-9,706
40,0.01,0.0005,0.0025,0.005,0.035,-10,707
40,0.01,0.0005,0.0025,0.005,0.045,-10,708
40,0.01,0.0005,0.001,0.01,0.02,-10,709
40,0.01,0.0005,0.001,0.01,0.027,-11,710
40,0.01,0.0005,0.001,0.01,0.035,-4,711
40,0.01,0.0005,0.001,0.01,0.045,-1,712
40,0.01,0.0005,0.001,0.0,0.02,-10,713
40,0.01,0.0005,0.001,0.0,0.027,-10,714
40,0.01,0.0005,0.001,0.0,0.035,-1,715
40,0.01,0.0005,0.001,0.0,0.045,-2,716
40,0.01,0.0005,0.001,0.005,0.02,-11,717
40,0.01,0.0005,0.001,0.005,0.027,-7,718
40,0.01,0.0005,0.001,0.005,0.035,-1,719
40,0.01,0.0005,0.001,0.005,0.045,-8,720
40,0.01,0.002,0.0005,0.01,0.02,-1,721
40,0.01,0.002,0.0005,0.01,0.027,1,722
40,0.01,0.002,0.0005,0.01,0.035,8,723
40,0.01,0.002,0.0005,0.01,0.045,5,724
40,0.01,0.002,0.0005,0.0,0.02,8,725
40,0.01,0.002,0.0005,0.0,0.027,5,726
40,0.01,0.002,0.0005,0.0,0.035,8,727
40,0.01,0.002,0.0005,0.0,0.045,3,728
40,0.01,0.002,0.0005,0.005,0.02,8,729
40,0.01,0.002,0.0005,0.005,0.027,4,730
40,0.01,0.002,0.0005,0.005,0.035,5,731
40,0.01,0.002,0.0005,0.005,0.045,5,732
40,0.01,0.002,0.0025,0.01,0.02,-7,733
40,0.01,0.002,0.0025,0.01,0.027,-5,734
40,0.01,0.002,0.0025,0.01,0.035,-3,735
40,0.01,0.002,0.0025,0.01,0.045,-3,736
40,0.01,0.002,0.0025,0.0,0.02,-5,737
40,0.01,0.002,0.0025,0.0,0.027,-4,738
40,0.01,0.002,0.0025,0.0,0.035,-3,739
40,0.01,0.002,0.0025,0.0,0.045,-3,740
40,0.01,0.002,0.0025,0.005,0.02,-3,741
40,0.01,0.002,0.0025,0.005,0.027,-5,742
40,0.01,0.002,0.0025,0.005,0.035,-5,743
40,0.01,0.002,0.0025,0.005,0.045,1,744
40,0.01,0.002,0.001,0.01,0.02,-1,745
40,0.01,0.002,0.001,0.01,0.027,5,746
40,0.01,0.002,0.001,0.01,0.035,5,747
40,0.01,0.002,0.001,0.01,0.045,8,748
40,0.01,0.002,0.001,0.0,0.02,6,749
40,0.01,0.002,0.001,0.0,0.027,6,750
40,0.01,0.002,0.001,0.0,0.035,8,751
40,0.01,0.002,0.001,0.0,0.045,8,752
40,0.01,0.002,0.001,0.005,0.02,3,753
40,0.01,0.002,0.001,0.005,0.027,6,754
40,0.01,0.002,0.001,0.005,0.035,5,755
40,0.01,0.002,0.001,0.005,0.045,8,756
40,0.05,0.0001,0.0005,0.01,0.02,-10,757
40,0.05,0.0001,0.0005,0.01,0.027,-8,758
40,0.05,0.0001,0.0005,0.01,0.035,-10,759
40,0.05,0.0001,0.0005,0.01,0.045,-7,760
40,0.05,0.0001,0.0005,0.0,0.02,-3,761
40,0.05,0.0001,0.0005,0.0,0.027,-5,762
40,0.05,0.0001,0.0005,0.0,0.035,-1,763
40,0.05,0.0001,0.0005,0.0,0.045,0,764
40,0.05,0.0001,0.0005,0.005,0.02,-7,765
40,0.05,0.0001,0.0005,0.005,0.027,-5,766
40,0.05,0.0001,0.0005,0.005,0.035,0,767
40,0.05,0.0001,0.0005,0.005,0.045,-6,768
40,0.05,0.0001,0.0025,0.01,0.02,-12,769
40,0.05,0.0001,0.0025,0.01,0.027,-5,770
40,0.05,0.0001,0.0025,0.01,0.035,-10,771
40,0.05,0.0001,0.0025,0.01,0.045,-9,772
40,0.05,0.0001,0.0025,0.0,0.02,-12,773
40,0.05,0.0001,0.0025,0.0,0.027,-9,774
40,0.05,0.0001,0.0025,0.0,0.035,-12,775
40,0.05,0.0001,0.0025,0.0,0.045,-7,776
40,0.05,0.0001,0.0025,0.005,0.02,-12,777
40,0.05,0.0001,0.0025,0.005,0.027,-9,778
40,0.05,0.0001,0.0025,0.005,0.035,-9,779
40,0.05,0.0001,0.0025,0.005,0.045,-5,780
40,0.05,0.0001,0.001,0.01,0.02,-9,781
40,0.05,0.0001,0.001,0.01,0.027,-8,782
40,0.05,0.0001,0.001,0.01,0.035,-11,783
40,0.05,0.0001,0.001,0.01,0.045,-7,784
40,0.05,0.0001,0.001,0.0,0.02,-11,785
40,0.05,0.0001,0.001,0.0,0.027,-5,786
40,0.05,0.0001,0.001,0.0,0.035,-6,787
40,0.05,0.0001,0.001,0.0,0.045,-7,788
40,0.05,0.0001,0.001,0.005,0.02,-7,789
40,0.05,0.0001,0.001,0.005,0.027,-7,790
40,0.05,0.0001,0.001,0.005,0.035,-7,791
40,0.05,0.0001,0.001,0.005,0.045,-6,792
40,0.05,0.0005,0.0005,0.01,0.02,-1,793
40,0.05,0.0005,0.0005,0.01,0.027,-5,794
40,0.05,0.0005,0.0005,0.01,0.035,2,795
40,0.05,0.0005,0.0005,0.01,0.045,-1,796
40,0.05,0.0005,0.0005,0.0,0.02,3,797
40,0.05,0.0005,0.0005,0.0,0.027,-6,798
40,0.05,0.0005,0.0005,0.0,0.035,3,799
40,0.05,0.0005,0.0005,0.0,0.045,-2,800
40,0.05,0.0005,0.0005,0.005,0.02,3,801
40,0.05,0.0005,0.0005,0.005,0.027,-1,802
40,0.05,0.0005,0.0005,0.005,0.035,3,803
40,0.05,0.0005,0.0005,0.005,0.045,-2,804
40,0.05,0.0005,0.0025,0.01,0.02,-6,805
40,0.05,0.0005,0.0025,0.01,0.027,-6,806
40,0.05,0.0005,0.0025,0.01,0.035,-8,807
40,0.05,0.0005,0.0025,0.01,0.045,-8,808
40,0.05,0.0005,0.0025,0.0,0.02,-6,809
40,0.05,0.0005,0.0025,0.0,0.027,-9,810
40,0.05,0.0005,0.0025,0.0,0.035,-10,811
40,0.05,0.0005,0.0025,0.0,0.045,-4,812
40,0.05,0.0005,0.0025,0.005,0.02,-8,813
40,0.05,0.0005,0.0025,0.005,0.027,-9,814
40,0.05,0.0005,0.0025,0.005,0.035,-3,815
40,0.05,0.0005,0.0025,0.005,0.045,-4,816
40,0.05,0.0005,0.001,0.01,0.02,0,817
40,0.05,0.0005,0.001,0.01,0.027,-1,818
40,0.05,0.0005,0.001,0.01,0.035,-4,819
40,0.05,0.0005,0.001,0.01,0.045,3,820
40,0.05,0.0005,0.001,0.0,0.02,-1,821
40,0.05,0.0005,0.001,0.0,0.027,-1,822
40,0.05,0.0005,0.001,0.0,0.035,-1,823
40,0.05,0.0005,0.001,0.0,0.045,-1,824
40,0.05,0.0005,0.001,0.005,0.02,-1,825
40,0.05,0.0005,0.001,0.005,0.027,1,826
40,0.05,0.0005,0.001,0.005,0.035,3,827
40,0.05,0.0005,0.001,0.005,0.045,3,828
40,0.05,0.002,0.0005,0.01,0.02,5,829
40,0.05,0.002,0.0005,0.01,0.027,5,830
40,0.05,0.002,0.0005,0.01,0.035,6,831
40,0.05,0.002,0.0005,0.01,0.045,8,832
40,0.05,0.002,0.0005,0.0,0.02,5,833
40,0.05,0.002,0.0005,0.0,0.027,8,834
40,0.05,0.002,0.0005,0.0,0.035,8,835
40,0.05,0.002,0.0005,0.0,0.045,7,836
40,0.05,0.002,0.0005,0.005,0.02,6,837
40,0.05,0.002,0.0005,0.005,0.027,5,838
40,0.05,0.002,0.0005,0.005,0.035,4,839
40,0.05,0.002,0.0005,0.005,0.045,4,840
40,0.05,0.002,0.0025,0.01,0.02,5,841
40,0.05,0.002,0.0025,0.01,0.027,6,842
40,0.05,0.002,0.0025,0.01,0.035,6,843
40,0.05,0.002,0.0025,0.01,0.045,8,844
40,0.05,0.002,0.0025,0.0,0.02,7,845
40,0.05,0.002,0.0025,0.0,0.027,5,846
40,0.05,0.002,0.0025,0.0,0.035,6,847
40,0.05,0.002,0.0025,0.0,0.045,5,848
40,0.05,0.002,0.0025,0.005,0.02,6,849
40,0.05,0.002,0.0025,0.005,0.027,8,850
40,0.05,0.002,0.0025,0.005,0.035,7,851
40,0.05,0.002,0.0025,0.005,0.045,6,852
40,0.05,0.002,0.001,0.01,0.02,6,853
40,0.05,0.002,0.001,0.01,0.027,6,854
40,0.05,0.002,0.001,0.01,0.035,5,855
40,0.05,0.002,0.001,0.01,0.045,7,856
40,0.05,0.002,0.001,0.0,0.02,8,857
40,0.05,0.002,0.001,0.0,0.027,6,858
40,0.05,0.002,0.001,0.0,0.035,6,859
40,0.05,0.002,0.001,0.0,0.045,5,860
40,0.05,0.002,0.001,0.005,0.02,6,861
40,0.05,0.002,0.001,0.005,0.027,5,862
40,0.05,0.002,0.001,0.005,0.035,7,863
40,0.05,0.002,0.001,0.005,0.045,8,864
50,0.005,0.0001,0.0005,0.01,0.02,-6,865
50,0.005,0.0001,0.0005,0.01,0.027,-13,866
50,0.005,0.0001,0.0005,0.01,0.035,-13,867
50,0.005,0.0001,0.0005,0.01,0.045,-6,868
50,0.005,0.0001,0.0005,0.0,0.02,-9,869
50,0.005,0.0001,0.0005,0.0,0.027,-11,870
50,0.005,0.0001,0.0005,0.0,0.035,-11,871
50,0.005,0.0001,0.0005,0.0,0.045,-12,872
50,0.005,0.0001,0.0005,0.005,0.02,-11,873
50,0.005,0.0001,0.0005,0.005,0.027,-12,874
50,0.005,0.0001,0.0005,0.005,0.035,-13,875
50,0.005,0.0001,0.0005,0.005,0.045,-13,876
50,0.005,0.0001,0.0025,0.01,0.02,-9,877
50,0.005,0.0001,0.0025,0.01,0.027,-13,878
50,0.005,0.0001,0.0025,0.01,0.035,-11,879
50,0.005,0.0001,0.0025,0.01,0.045,-6,880
50,0.005,0.0001,0.0025,0.0,0.02,-12,881
50,0.005,0.0001,0.0025,0.0,0.027,-11,882
50,0.005,0.0001,0.0025,0.0,0.035,-13,883
50,0.005,0.0001,0.0025,0.0,0.045,-11,884
50,0.005,0.0001,0.0025,0.005,0.02,-12,885
50,0.005,0.0001,0.0025,0.005,0.027,-11,886
50,0.005,0.0001,0.0025,0.005,0.035,-13,887
50,0.005,0.0001,0.0025,0.005,0.045,-12,888
50,0.005,0.0001,0.001,0.01,0.02,-11,889
50,0.005,0.0001,0.001,0.01,0.027,-9,890
50,0.005,0.0001,0.001,0.01,0.035,-12,891
50,0.005,0.0001,0.001,0.01,0.045,-12,892
50,0.005,0.0001,0.001,0.0,0.02,-13,893
50,0.005,0.0001,0.001,0.0,0.027,-9,894
50,0.005,0.0001,0.001,0.0,0.035,-9,895
50,0.005,0.0001,0.001,0.0,0.045,-11,896
50,0.005,0.0001,0.001,0.005,0.02,-11,897
50,0.005,0.0001,0.001,0.005,0.027,-11,898
50,0.005,0.0001,0.001,0.005,0.035,-12,899
50,0.005,0.0001,0.001,0.005,0.045,-13,900
50,0.005,0.0005,0.0005,0.01,0.02,-13,901
50,0.005,0.0005,0.0005,0.01,0.027,-12,902
50,0.005,0.0005,0.0005,0.01,0.035,-5,903
50,0.005,0.0005,0.0005,0.01,0.045,-5,904
50,0.005,0.0005,0.0005,0.0,0.02,-9,905
50,0.005,0.0005,0.0005,0.0,0.027,-12,906
50,0.005,0.0005,0.0005,0.0,0.035,-1,907
50,0.005,0.0005,0.0005,0.0,0.045,-7,908
50,0.005,0.0005,0.0005,0.005,0.02,-9,909
50,0.005,0.0005,0.0005,0.005,0.027,-13,910
50,0.005,0.0005,0.0005,0.005,0.035,-1,911
50,0.005,0.0005,0.0005,0.005,0.045,-5,912
50,0.005,0.0005,0.0025,0.01,0.02,-11,913
50,0.005,0.0005,0.0025,0.01,0.027,-13,914
50,0.005,0.0005,0.0025,0.01,0.035,-13,915
50,0.005,0.0005,0.0025,0.01,0.045,-9,916
50,0.005,0.0005,0.0025,0.0,0.02,-9,917
50,0.005,0.0005,0.0025,0.0,0.027,-9,918
50,0.005,0.0005,0.0025,0.0,0.035,-9,919
50,0.005,0.0005,0.0025,0.0,0.045,-9,920
50,0.005,0.0005,0.0025,0.005,0.02,-12,921
50,0.005,0.0005,0.0025,0.005,0.027,-12,922
50,0.005,0.0005,0.0025,0.005,0.035,-9,923
50,0.005,0.0005,0.0025,0.005,0.045,-9,924
50,0.005,0.0005,0.001,0.01,0.02,-9,925
50,0.005,0.0005,0.001,0.01,0.027,-13,926
50,0.005,0.0005,0.001,0.01,0.035,-9,927
50,0.005,0.0005,0.001,0.01,0.045,-9,928
50,0.005,0.0005,0.001,0.0,0.02,-12,929
50,0.005,0.0005,0.001,0.0,0.027,-7,930
50,0.005,0.0005,0.001,0.0,0.035,-9,931
50,0.005,0.0005,0.001,0.0,0.045,-7,932
50,0.005,0.0005,0.001,0.005,0.02,-11,933
50,0.005,0.0005,0.001,0.005,0.027,-13,934
50,0.005,0.0005,0.001,0.005,0.035,-9,935
50,0.005,0.0005,0.001,0.005,0.045,-13,936
50,0.005,0.002,0.0005,0.01,0.02,4,937
50,0.005,0.002,0.0005,0.01,0.027,5,938
50,0.005,0.002,0.0005,0.01,0.035,6,939
50,0.005,0.002,0.0005,0.01,0.045,5,940
50,0.005,0.002,0.0005,0.0,0.02,1,941
50,0.005,0.002,0.0005,0.0,0.027,6,942
50,0.005,0.002,0.0005,0.0,0.035,7,943
50,0.005,0.002,0.0005,0.0,0.045,5,944
50,0.005,0.002,0.0005,0.005,0.02,1,945
50,0.005,0.002,0.0005,0.005,0.027,5,946
50,0.005,0.002,0.0005,0.005,0.035,5,947
50,0.005,0.002,0.0005,0.005,0.045,6,948
50,0.005,0.002,0.0025,0.01,0.02,-9,949
50,0.005,0.002,0.0025,0.01,0.027,-8,950
50,0.005,0.002,0.0025,0.01,0.035,-13,951
50,0.005,0.002,0.0025,0.01,0.045,-9,952
50,0.005,0.002,0.0025,0.0,0.02,-5,953
50,0.005,0.002,0.0025,0.0,0.027,-13,954
50,0.005,0.002,0.0025,0.0,0.035,-3,955
50,0.005,0.002,0.0025,0.0,0.045,-3,956
50,0.005,0.002,0.0025,0.005,0.02,-5,957
50,0.005,0.002,0.0025,0.005,0.027,-3,958
50,0.005,0.002,0.0025,0.005,0.035,-10,959
50,0.005,0.002,0.0025,0.005,0.045,-9,960
50,0.005,0.002,0.001,0.01,0.02,-8,961
50,0.005,0.002,0.001,0.01,0.027,-3,962
50,0.005,0.002,0.001,0.01,0.035,5,963
50,0.005,0.002,0.001,0.01,0.045,4,964
50,0.005,0.002,0.001,0.0,0.02,2,965
50,0.005,0.002,0.001,0.0,0.027,4,966
50,0.005,0.002,0.001,0.0,0.035,-2,967
50,0.005,0.002,0.001,0.0,0.045,7,968
50,0.005,0.002,0.001,0.005,0.02,-8,969
50,0.005,0.002,0.001,0.005,0.027,5,970
50,0.005,0.002,0.001,0.005,0.035,-2,971
50,0.005,0.002,0.001,0.005,0.045,5,972
50,0.001,0.0001,0.0005,0.01,0.02,-8,973
50,0.001,0.0001,0.0005,0.01,0.027,-9,974
50,0.001,0.0001,0.0005,0.01,0.035,-12,975
50,0.001,0.0001,0.0005,0.01,0.045,-5,976
50,0.001,0.0001,0.0005,0.0,0.02,-9,977
50,0.001,0.0001,0.0005,0.0,0.027,-9,978
50,0.001,0.0001,0.0005,0.0,0.035,-9,979
50,0.001,0.0001,0.0005,0.0,0.045,-5,980
50,0.001,0.0001,0.0005,0.005,0.02,-9,981
50,0.001,0.0001,0.0005,0.005,0.027,-12,982
50,0.001,0.0001,0.0005,0.005,0.035,-7,983
50,0.001,0.0001,0.0005,0.005,0.045,-12,984
50,0.001,0.0001,0.0025,0.01,0.02,-5,985
50,0.001,0.0001,0.0025,0.01,0.027,-7,986
50,0.001,0.0001,0.0025,0.01,0.035,-9,987
50,0.001,0.0001,0.0025,0.01,0.045,-9,988
50,0.001,0.0001,0.0025,0.0,0.02,-8,989
50,0.001,0.0001,0.0025,0.0,0.027,-7,990
50,0.001,0.0001,0.0025,0.0,0.035,-7,991
50,0.001,0.0001,0.0025,0.0,0.045,-7,992
50,0.001,0.0001,0.0025,0.005,0.02,-9,993
50,0.001,0.0001,0.0025,0.005,0.027,-12,994
50,0.001,0.0001,0.0025,0.005,0.035,-12,995
50,0.001,0.0001,0.0025,0.005,0.045,-9,996
50,0.001,0.0001,0.001,0.01,0.02,-12,997
50,0.001,0.0001,0.001,0.01,0.027,-12,998
50,0.001,0.0001,0.001,0.01,0.035,-5,999
50,0.001,0.0001,0.001,0.01,0.045,-9,1000
50,0.001,0.0001,0.001,0.0,0.02,-6,1001
50,0.001,0.0001,0.001,0.0,0.027,-5,1002
50,0.001,0.0001,0.001,0.0,0.035,-5,1003
50,0.001,0.0001,0.001,0.0,0.045,-9,1004
50,0.001,0.0001,0.001,0.005,0.02,-8,1005
50,0.001,0.0001,0.001,0.005,0.027,-9,1006
50,0.001,0.0001,0.001,0.005,0.035,-9,1007
50,0.001,0.0001,0.001,0.005,0.045,-9,1008
50,0.001,0.0005,0.0005,0.01,0.02,-5,1009
50,0.001,0.0005,0.0005,0.01,0.027,-5,1010
50,0.001,0.0005,0.0005,0.01,0.035,-5,1011
50,0.001,0.0005,0.0005,0.01,0.045,-9,1012
50,0.001,0.0005,0.0005,0.0,0.02,-7,1013
50,0.001,0.0005,0.0005,0.0,0.027,-9,1014
50,0.001,0.0005,0.0005,0.0,0.035,-12,1015
50,0.001,0.0005,0.0005,0.0,0.045,-6,1016
50,0.001,0.0005,0.0005,0.005,0.02,-5,1017
50,0.001,0.0005,0.0005,0.005,0.027,-12,1018
50,0.001,0.0005,0.0005,0.005,0.035,-12,1019
50,0.001,0.0005,0.0005,0.005,0.045,-12,1020
50,0.001,0.0005,0.0025,0.01,0.02,-9,1021
50,0.001,0.0005,0.0025,0.01,0.027,-12,1022
50,0.001,0.0005,0.0025,0.01,0.035,-9,1023
50,0.001,0.0005,0.0025,0.01,0.045,-9,1024
50,0.001,0.0005,0.0025,0.0,0.02,-6,1025
50,0.001,0.0005,0.0025,0.0,0.027,-9,1026
50,0.001,0.0005,0.0025,0.0,0.035,-12,1027
50,0.001,0.0005,0.0025,0.0,0.045,-4,1028
50,0.001,0.0005,0.0025,0.005,0.02,-9,1029
50,0.001,0.0005,0.0025,0.005,0.027,-9,1030
50,0.001,0.0005,0.0025,0.005,0.035,-9,1031
50,0.001,0.0005,0.0025,0.005,0.045,-7,1032
50,0.001,0.0005,0.001,0.01,0.02,-12,1033
50,0.001,0.0005,0.001,0.01,0.027,-6,1034
50,0.001,0.0005,0.001,0.01,0.035,-9,1035
50,0.001,0.0005,0.001,0.01,0.045,-9,1036
50,0.001,0.0005,0.001,0.0,0.02,-6,1037
50,0.001,0.0005,0.001,0.0,0.027,-7,1038
50,0.001,0.0005,0.001,0.0,0.035,-6,1039
50,0.001,0.0005,0.001,0.0,0.045,-9,1040
50,0.001,0.0005,0.001,0.005,0.02,-9,1041
50,0.001,0.0005,0.001,0.005,0.027,-6,1042
50,0.001,0.0005,0.001,0.005,0.035,-9,1043
50,0.001,0.0005,0.001,0.005,0.045,-9,1044
50,0.001,0.002,0.0005,0.01,0.02,-11,1045
50,0.001,0.002,0.0005,0.01,0.027,-2,1046
50,0.001,0.002,0.0005,0.01,0.035,-10,1047
50,0.001,0.002,0.0005,0.01,0.045,-4,1048
50,0.001,0.002,0.0005,0.0,0.02,-3,1049
50,0.001,0.002,0.0005,0.0,0.027,-3,1050
50,0.001,0.002,0.0005,0.0,0.035,-4,1051
50,0.001,0.002,0.0005,0.0,0.045,-3,1052
50,0.001,0.002,0.0005,0.005,0.02,-10,1053
50,0.001,0.002,0.0005,0.005,0.027,-3,1054
50,0.001,0.002,0.0005,0.005,0.035,-9,1055
50,0.001,0.002,0.0005,0.005,0.045,-2,1056
50,0.001,0.002,0.0025,0.01,0.02,-7,1057
50,0.001,0.002,0.0025,0.01,0.027,-8,1058
50,0.001,0.002,0.0025,0.01,0.035,-9,1059
50,0.001,0.002,0.0025,0.01,0.045,-8,1060
50,0.001,0.002,0.0025,0.0,0.02,-9,1061
50,0.001,0.002,0.0025,0.0,0.027,-5,1062
50,0.001,0.002,0.0025,0.0,0.035,-8,1063
50,0.001,0.002,0.0025,0.0,0.045,-9,1064
50,0.001,0.002,0.0025,0.005,0.02,-8,1065
50,0.001,0.002,0.0025,0.005,0.027,-5,1066
50,0.001,0.002,0.0025,0.005,0.035,-5,1067
50,0.001,0.002,0.0025,0.005,0.045,-9,1068
50,0.001,0.002,0.001,0.01,0.02,-7,1069
50,0.001,0.002,0.001,0.01,0.027,-4,1070
50,0.001,0.002,0.001,0.01,0.035,-4,1071
50,0.001,0.002,0.001,0.01,0.045,-4,1072
50,0.001,0.002,0.001,0.0,0.02,-8,1073
50,0.001,0.002,0.001,0.0,0.027,-8,1074
50,0.001,0.002,0.001,0.0,0.035,-6,1075
50,0.001,0.002,0.001,0.0,0.045,-13,1076
50,0.001,0.002,0.001,0.005,0.02,-7,1077
50,0.001,0.002,0.001,0.005,0.027,-8,1078
50,0.001,0.002,0.001,0.005,0.035,-8,1079
50,0.001,0.002,0.001,0.005,0.045,-6,1080
50,0.01,0.0001,0.0005,0.01,0.02,-7,1081
50,0.01,0.0001,0.0005,0.01,0.027,-13,1082
50,0.01,0.0001,0.0005,0.01,0.035,-13,1083
50,0.01,0.0001,0.0005,0.01,0.045,-7,1084
50,0.01,0.0001,0.0005,0.0,0.02,-6,1085
50,0.01,0.0001,0.0005,0.0,0.027,-8,1086
50,0.01,0.0001,0.0005,0.0,0.035,-13,1087
50,0.01,0.0001,0.0005,0.0,0.045,-7,1088
50,0.01,0.0001,0.0005,0.005,0.02,-7,1089
50,0.01,0.0001,0.0005,0.005,0.027,-7,1090
50,0.01,0.0001,0.0005,0.005,0.035,-8,1091
50,0.01,0.0001,0.0005,0.005,0.045,-13,1092
50,0.01,0.0001,0.0025,0.01,0.02,-8,1093
50,0.01,0.0001,0.0025,0.01,0.027,-13,1094
50,0.01,0.0001,0.0025,0.01,0.035,-13,1095
50,0.01,0.0001,0.0025,0.01,0.045,-6,1096
50,0.01,0.0001,0.0025,0.0,0.02,-7,1097
50,0.01,0.0001,0.0025,0.0,0.027,-8,1098
50,0.01,0.0001,0.0025,0.0,0.035,-13,1099
50,0.01,0.0001,0.0025,0.0,0.045,-8,1100
50,0.01,0.0001,0.0025,0.005,0.02,-6,1101
50,0.01,0.0001,0.0025,0.005,0.027,-13,1102
50,0.01,0.0001,0.0025,0.005,0.035,-13,1103
50,0.01,0.0001,0.0025,0.005,0.045,-13,1104
50,0.01,0.0001,0.001,0.01,0.02,-6,1105
50,0.01,0.0001,0.001,0.01,0.027,-9,1106
50,0.01,0.0001,0.001,0.01,0.035,-9,1107
50,0.01,0.0001,0.001,0.01,0.045,-6,1108
50,0.01,0.0001,0.001,0.0,0.02,-13,1109
50,0.01,0.0001,0.001,0.0,0.027,-6,1110
50,0.01,0.0001,0.001,0.0,0.035,-8,1111
50,0.01,0.0001,0.001,0.0,0.045,-6,1112
50,0.01,0.0001,0.001,0.005,0.02,-10,1113
50,0.01,0.0001,0.001,0.005,0.027,-6,1114
50,0.01,0.0001,0.001,0.005,0.035,-8,1115
50,0.01,0.0001,0.001,0.005,0.045,-13,1116
50,0.01,0.0005,0.0005,0.01,0.02,-11,1117
50,0.01,0.0005,0.0005,0.01,0.027,-9,1118
50,0.01,0.0005,0.0005,0.01,0.035,1,1119
50,0.01,0.0005,0.0005,0.01,0.045,4,1120
50,0.01,0.0005,0.0005,0.0,0.02,-4,1121
50,0.01,0.0005,0.0005,0.0,0.027,-7,1122
50,0.01,0.0005,0.0005,0.0,0.035,4,1123
50,0.01,0.0005,0.0005,0.0,0.045,4,1124
50,0.01,0.0005,0.0005,0.005,0.02,-7,1125
50,0.01,0.0005,0.0005,0.005,0.027,-9,1126
50,0.01,0.0005,0.0005,0.005,0.035,1,1127
50,0.01,0.0005,0.0005,0.005,0.045,-1,1128
50,0.01,0.0005,0.0025,0.01,0.02,-13,1129
50,0.01,0.0005,0.0025,0.01,0.027,-13,1130
50,0.01,0.0005,0.0025,0.01,0.035,-9,1131
50,0.01,0.0005,0.0025,0.01,0.045,-6,1132
50,0.01,0.0005,0.0025,0.0,0.02,-8,1133
50,0.01,0.0005,0.0025,0.0,0.027,-9,1134
50,0.01,0.0005,0.0025,0.0,0.035,-8,1135
50,0.01,0.0005,0.0025,0.0,0.045,-6,1136
50,0.01,0.0005,0.0025,0.005,0.02,-10,1137
50,0.01,0.0005,0.0025,0.005,0.027,-8,1138
50,0.01,0.0005,0.0025,0.005,0.035,-9,1139
50,0.01,0.0005,0.0025,0.005,0.045,-9,1140
50,0.01,0.0005,0.001,0.01,0.02,-8,1141
50,0.01,0.0005,0.001,0.01,0.027,-8,1142
50,0.01,0.0005,0.001,0.01,0.035,-4,1143
50,0.01,0.0005,0.001,0.01,0.045,-2,1144
50,0.01,0.0005,0.001,0.0,0.02,-9,1145
50,0.01,0.0005,0.001,0.0,0.027,-13,1146
50,0.01,0.0005,0.001,0.0,0.035,-4,1147
50,0.01,0.0005,0.001,0.0,0.045,-7,1148
50,0.01,0.0005,0.001,0.005,0.02,-8,1149
50,0.01,0.0005,0.001,0.005,0.027,-8,1150
50,0.01,0.0005,0.001,0.005,0.035,-9,1151
50,0.01,0.0005,0.001,0.005,0.045,-7,1152
50,0.01,0.002,0.0005,0.01,0.02,5,1153
50,0.01,0.002,0.0005,0.01,0.027,5,1154
50,0.01,0.002,0.0005,0.01,0.035,9,1155
50,0.01,0.002,0.0005,0.01,0.045,5,1156
50,0.01,0.002,0.0005,0.0,0.02,6,1157
50,0.01,0.002,0.0005,0.0,0.027,5,1158
50,0.01,0.002,0.0005,0.0,0.035,9,1159
50,0.01,0.002,0.0005,0.0,0.045,6,1160
50,0.01,0.002,0.0005,0.005,0.02,6,1161
50,0.01,0.002,0.0005,0.005,0.027,9,1162
50,0.01,0.002,0.0005,0.005,0.035,5,1163
50,0.01,0.002,0.0005,0.005,0.045,6,1164
50,0.01,0.002,0.0025,0.01,0.02,-3,1165
50,0.01,0.002,0.0025,0.01,0.027,1,1166
50,0.01,0.002,0.0025,0.01,0.035,3,1167
50,0.01,0.002,0.0025,0.01,0.045,4,1168
50,0.01,0.002,0.0025,0.0,0.02,-3,1169
50,0.01,0.002,0.0025,0.0,0.027,-3,1170
50,0.01,0.002,0.0025,0.0,0.035,3,1171
50,0.01,0.002,0.0025,0.0,0.045,4,1172
50,0.01,0.002,0.0025,0.005,0.02,-4,1173
50,0.01,0.002,0.0025,0.005,0.027,-4,1174
50,0.01,0.002,0.0025,0.005,0.035,1,1175
50,0.01,0.002,0.0025,0.005,0.045,4,1176
50,0.01,0.002,0.001,0.01,0.02,7,1177
50,0.01,0.002,0.001,0.01,0.027,5,1178
50,0.01,0.002,0.001,0.01,0.035,6,1179
50,0.01,0.002,0.001,0.01,0.045,6,1180
50,0.01,0.002,0.001,0.0,0.02,1,1181
50,0.01,0.002,0.001,0.0,0.027,5,1182
50,0.01,0.002,0.001,0.0,0.035,8,1183
50,0.01,0.002,0.001,0.0,0.045,5,1184
50,0.01,0.002,0.001,0.005,0.02,7,1185
50,0.01,0.002,0.001,0.005,0.027,5,1186
50,0.01,0.002,0.001,0.005,0.035,7,1187
50,0.01,0.002,0.001,0.005,0.045,5,1188
50,0.05,0.0001,0.0005,0.01,0.02,-2,1189
50,0.05,0.0001,0.0005,0.01,0.027,-13,1190
50,0.05,0.0001,0.0005,0.01,0.035,-2,1191
50,0.05,0.0001,0.0005,0.01,0.045,-3,1192
50,0.05,0.0001,0.0005,0.0,0.02,-3,1193
50,0.05,0.0001,0.0005,0.0,0.027,-6,1194
50,0.05,0.0001,0.0005,0.0,0.035,-2,1195
50,0.05,0.0001,0.0005,0.0,0.045,-2,1196
50,0.05,0.0001,0.0005,0.005,0.02,-2,1197
50,0.05,0.0001,0.0005,0.005,0.027,-6,1198
50,0.05,0.0001,0.0005,0.005,0.035,-3,1199
50,0.05,0.0001,0.0005,0.005,0.045,-6,1200
50,0.05,0.0001,0.0025,0.01,0.02,-3,1201
50,0.05,0.0001,0.0025,0.01,0.027,-9,1202
50,0.05,0.0001,0.0025,0.01,0.035,-9,1203
50,0.05,0.0001,0.0025,0.01,0.045,-3,1204
50,0.05,0.0001,0.0025,0.0,0.02,-11,1205
50,0.05,0.0001,0.0025,0.0,0.027,-3,1206
50,0.05,0.0001,0.0025,0.0,0.035,-6,1207
50,0.05,0.0001,0.0025,0.0,0.045,-9,1208
50,0.05,0.0001,0.0025,0.005,0.02,-8,1209
50,0.05,0.0001,0.0025,0.005,0.027,-3,1210
50,0.05,0.0001,0.0025,0.005,0.035,-9,1211
50,0.05,0.0001,0.0025,0.005,0.045,-9,1212
50,0.05,0.0001,0.001,0.01,0.02,-8,1213
50,0.05,0.0001,0.001,0.01,0.027,-12,1214
50,0.05,0.0001,0.001,0.01,0.035,-8,1215
50,0.05,0.0001,0.001,0.01,0.045,-6,1216
50,0.05,0.0001,0.001,0.0,0.02,-8,1217
50,0.05,0.0001,0.001,0.0,0.027,-6,1218
50,0.05,0.0001,0.001,0.0,0.035,-6,1219
50,0.05,0.0001,0.001,0.0,0.045,-6,1220
50,0.05,0.0001,0.001,0.005,0.02,-8,1221
50,0.05,0.0001,0.001,0.005,0.027,-12,1222
50,0.05,0.0001,0.001,0.005,0.035,-8,1223
50,0.05,0.0001,0.001,0.005,0.045,-12,1224
50,0.05,0.0005,0.0005,0.01,0.02,-1,1225
50,0.05,0.0005,0.0005,0.01,0.027,-1,1226
50,0.05,0.0005,0.0005,0.01,0.035,-1,1227
50,0.05,0.0005,0.0005,0.01,0.045,0,1228
50,0.05,0.0005,0.0005,0.0,0.02,2,1229
50,0.05,0.0005,0.0005,0.0,0.027,-4,1230
50,0.05,0.0005,0.0005,0.0,0.035,0,1231
50,0.05,0.0005,0.0005,0.0,0.045,2,1232
50,0.05,0.0005,0.0005,0.005,0.02,2,1233
50,0.05,0.0005,0.0005,0.005,0.027,-1,1234
50,0.05,0.0005,0.0005,0.005,0.035,2,1235
50,0.05,0.0005,0.0005,0.005,0.045,0,1236
50,0.05,0.0005,0.0025,0.01,0.02,-3,1237
50,0.05,0.0005,0.0025,0.01,0.027,-11,1238
50,0.05,0.0005,0.0025,0.01,0.035,-8,1239
50,0.05,0.0005,0.0025,0.01,0.045,-6,1240
50,0.05,0.0005,0.0025,0.0,0.02,-8,1241
50,0.05,0.0005,0.0025,0.0,0.027,-8,1242
50,0.05,0.0005,0.0025,0.0,0.035,-8,1243
50,0.05,0.0005,0.0025,0.0,0.045,-5,1244
50,0.05,0.0005,0.0025,0.005,0.02,-8,1245
50,0.05,0.0005,0.0025,0.005,0.027,-8,1246
50,0.05,0.0005,0.0025,0.005,0.035,1,1247
50,0.05,0.0005,0.0025,0.005,0.045,-6,1248
50,0.05,0.0005,0.001,0.01,0.02,-1,1249
50,0.05,0.0005,0.001,0.01,0.027,-2,1250
50,0.05,0.0005,0.001,0.01,0.035,2,1251
50,0.05,0.0005,0.001,0.01,0.045,1,1252
50,0.05,0.0005,0.001,0.0,0.02,2,1253
50,0.05,0.0005,0.001,0.0,0.027,1,1254
50,0.05,0.0005,0.001,0.0,0.035,1,1255
50,0.05,0.0005,0.001,0.0,0.045,0,1256
50,0.05,0.0005,0.001,0.005,0.02,-1,1257
50,0.05,0.0005,0.001,0.005,0.027,-5,1258
50,0.05,0.0005,0.001,0.005,0.035,-1,1259
50,0.05,0.0005,0.001,0.005,0.045,0,1260
50,0.05,0.002,0.0005,0.01,0.02,6,1261
50,0.05,0.002,0.0005,0.01,0.027,7,1262
50,0.05,0.002,0.0005,0.01,0.035,6,1263
50,0.05,0.002,0.0005,0.01,0.045,6,1264
50,0.05,0.002,0.0005,0.0,0.02,7,1265
50,0.05,0.002,0.0005,0.0,0.027,7,1266
50,0.05,0.002,0.0005,0.0,0.035,6,1267
50,0.05,0.002,0.0005,0.0,0.045,6,1268
50,0.05,0.002,0.0005,0.005,0.02,6,1269
50,0.05,0.002,0.0005,0.005,0.027,7,1270
50,0.05,0.002,0.0005,0.005,0.035,6,1271
50,0.05,0.002,0.0005,0.005,0.045,5,1272
50,0.05,0.002,0.0025,0.01,0.02,6,1273
50,0.05,0.002,0.0025,0.01,0.027,6,1274
50,0.05,0.002,0.0025,0.01,0.035,6,1275
50,0.05,0.002,0.0025,0.01,0.045,8,1276
50,0.05,0.002,0.0025,0.0,0.02,7,1277
50,0.05,0.002,0.0025,0.0,0.027,6,1278
50,0.05,0.002,0.0025,0.0,0.035,6,1279
50,0.05,0.002,0.0025,0.0,0.045,6,1280
50,0.05,0.002,0.0025,0.005,0.02,6,1281
50,0.05,0.002,0.0025,0.005,0.027,7,1282
50,0.05,0.002,0.0025,0.005,0.035,6,1283
50,0.05,0.002,0.0025,0.005,0.045,7,1284
50,0.05,0.002,0.001,0.01,0.02,6,1285
50,0.05,0.002,0.001,0.01,0.027,6,1286
50,0.05,0.002,0.001,0.01,0.035,7,1287
50,0.05,0.002,0.001,0.01,0.045,6,1288
50,0.05,0.002,0.001,0.0,0.02,6,1289
50,0.05,0.002,0.001,0.0,0.027,6,1290
50,0.05,0.002,0.001,0.0,0.035,7,1291
50,0.05,0.002,0.001,0.0,0.045,7,1292
50,0.05,0.002,0.001,0.005,0.02,7,1293
50,0.05,0.002,0.001,0.005,0.027,6,1294
50,0.05,0.002,0.001,0.005,0.035,6,1295
50,0.05,0.002,0.001,0.005,0.045,5,1296
30,0.005,0.0001,0.0005,0.01,0.02,-9,1
30,0.005,0.0001,0.0005,0.01,0.027,-9,2
30,0.005,0.0001,0.0005,0.01,0.035,-9,3
30,0.005,0.0001,0.0005,0.01,0.045,-9,4
30,0.005,0.0001,0.0005,0.0,0.02,-9,5
30,0.005,0.0001,0.0005,0.0,0.027,-9,6
30,0.005,0.0001,0.0005,0.0,0.035,-9,7
30,0.005,0.0001,0.0005,0.0,0.045,-9,8
30,0.005,0.0001,0.0005,0.005,0.02,-9,9
30,0.005,0.0001,0.0005,0.005,0.027,-9,10
30,0.005,0.0001,0.0005,0.005,0.035,-9,11
30,0.005,0.0001,0.0005,0.005,0.045,-9,12
30,0.005,0.0001,0.0025,0.01,0.02,-9,13
30,0.005,0.0001,0.0025,0.01,0.027,-9,14
30,0.005,0.0001,0.0025,0.01,0.035,-9,15
30,0.005,0.0001,0.0025,0.01,0.045,-9,16
30,0.005,0.0001,0.0025,0.0,0.02,-10,17
30,0.005,0.0001,0.0025,0.0,0.027,-10,18
30,0.005,0.0001,0.0025,0.0,0.035,-10,19
30,0.005,0.0001,0.0025,0.0,0.045,-10,20
30,0.005,0.0001,0.0025,0.005,0.02,-10,21
30,0.005,0.0001,0.0025,0.005,0.027,-10,22
30,0.005,0.0001,0.0025,0.005,0.035,-10,23
30,0.005,0.0001,0.0025,0.005,0.045,-10,24
30,0.005,0.0001,0.001,0.01,0.02,-10,25
30,0.005,0.0001,0.001,0.01,0.027,-10,26
30,0.005,0.0001,0.001,0.01,0.035,-10,27
30,0.005,0.0001,0.001,0.01,0.045,-10,28
30,0.005,0.0001,0.001,0.0,0.02,-10,29
30,0.005,0.0001,0.001,0.0,0.027,-10,30
30,0.005,0.0001,0.001,0.0,0.035,-10,31
30,0.005,0.0001,0.001,0.0,0.045,-10,32
30,0.005,0.0001,0.001,0.005,0.02,-10,33
30,0.005,0.0001,0.001,0.005,0.027,-10,34
30,0.005,0.0001,0.001,0.005,0.035,-10,35
30,0.005,0.0001,0.001,0.005,0.045,-10,36
30,0.005,0.0005,0.0005,0.01,0.02,-10,37
30,0.005,0.0005,0.0005,0.01,0.027,-10,38
30,0.005,0.0005,0.0005,0.01,0.035,-10,39
30,0.005,0.0005,0.0005,0.01,0.045,-10,40
30,0.005,0.0005,0.0005,0.0,0.02,-10,41
30,0.005,0.0005,0.0005,0.0,0.027,-8,42
30,0.005,0.0005,0.0005,0.0,0.035,-7,43
30,0.005,0.0005,0.0005,0.0,0.045,-5,44
30,0.005,0.0005,0.0005,0.005,0.02,-7,45
30,0.005,0.0005,0.0005,0.005,0.027,-9,46
30,0.005,0.0005,0.0005,0.005,0.035,-9,47
30,0.005,0.0005,0.0005,0.005,0.045,-5,48
30,0.005,0.0005,0.0025,0.01,0.02,-8,49
30,0.005,0.0005,0.0025,0.01,0.027,-10,50
30,0.005,0.0005,0.0025,0.01,0.035,-8,51
30,0.005,0.0005,0.0025,0.01,0.045,-8,52
30,0.005,0.0005,0.0025,0.0,0.02,-10,53
30,0.005,0.0005,0.0025,0.0,0.027,-8,54
30,0.005,0.0005,0.0025,0.0,0.035,-6,55
30,0.005,0.0005,0.0025,0.0,0.045,-8,56
30,0.005,0.0005,0.0025,0.005,0.02,-8,57
30,0.005,0.0005,0.0025,0.005,0.027,-6,58
30,0.005,0.0005,0.0025,0.005,0.035,-8,59
30,0.005,0.0005,0.0025,0.005,0.045,-8,60
30,0.005,0.0005,0.001,0.01,0.02,-9,61
30,0.005,0.0005,0.001,0.01,0.027,-8,62
30,0.005,0.0005,0.001,0.01,0.035,-6,63
30,0.005,0.0005,0.001,0.01,0.045,-8,64
30,0.005,0.0005,0.001,0.0,0.02,-6,65
30,0.005,0.0005,0.001,0.0,0.027,-8,66
30,0.005,0.0005,0.001,0.0,0.035,-6,67
30,0.005,0.0005,0.001,0.0,0.045,-8,68
30,0.005,0.0005,0.001,0.005,0.02,-6,69
30,0.005,0.0005,0.001,0.005,0.027,-6,70
30,0.005,0.0005,0.001,0.005,0.035,-6,71
30,0.005,0.0005,0.001,0.005,0.045,-8,72
30,0.005,0.002,0.0005,0.01,0.02,-4,73
30,0.005,0.002,0.0005,0.01,0.027,-4,74
30,0.005,0.002,0.0005,0.01,0.035,-2,75
30,0.005,0.002,0.0005,0.01,0.045,-2,76
30,0.005,0.002,0.0005,0.0,0.02,2,77
30,0.005,0.002,0.0005,0.0,0.027,6,78
30,0.005,0.002,0.0005,0.0,0.035,6,79
30,0.005,0.002,0.0005,0.0,0.045,6,80
30,0.005,0.002,0.0005,0.005,0.02,4,81
30,0.005,0.002,0.0005,0.005,0.027,6,82
30,0.005,0.002,0.0005,0.005,0.035,6,83
30,0.005,0.002,0.0005,0.005,0.045,6,84
30,0.005,0.002,0.0025,0.01,0.02,-8,85
30,0.005,0.002,0.0025,0.01,0.027,-2,86
30,0.005,0.002,0.0025,0.01,0.035,-2,87
30,0.005,0.002,0.0025,0.01,0.045,-6,88
30,0.005,0.002,0.0025,0.0,0.02,-8,89
30,0.005,0.002,0.0025,0.0,0.027,-8,90
30,0.005,0.002,0.0025,0.0,0.035,-8,91
30,0.005,0.002,0.0025,0.0,0.045,-6,92
30,0.005,0.002,0.0025,0.005,0.02,-8,93
30,0.005,0.002,0.0025,0.005,0.027,-1,94
30,0.005,0.002,0.0025,0.005,0.035,-8,95
30,0.005,0.002,0.0025,0.005,0.045,-1,96
30,0.005,0.002,0.001,0.01,0.02,-1,97
30,0.005,0.002,0.001,0.01,0.027,-1,98
30,0.005,0.002,0.001,0.01,0.035,1,99
30,0.005,0.002,0.001,0.01,0.045,3,100
30,0.005,0.002,0.001,0.0,0.02,-1,101
30,0.005,0.002,0.001,0.0,0.027,4,102
30,0.005,0.002,0.001,0.0,0.035,3,103
30,0.005,0.002,0.001,0.0,0.045,3,104
30,0.005,0.002,0.001,0.005,0.02,-1,105
30,0.005,0.002,0.001,0.005,0.027,4,106
30,0.005,0.002,0.001,0.005,0.035,1,107
30,0.005,0.002,0.001,0.005,0.045,3,108
30,0.001,0.0001,0.0005,0.01,0.02,-9,109
30,0.001,0.0001,0.0005,0.01,0.027,-7,110
30,0.001,0.0001,0.0005,0.01,0.035,-9,111
30,0.001,0.0001,0.0005,0.01,0.045,-9,112
30,0.001,0.0001,0.0005,0.0,0.02,-7,113
30,0.001,0.0001,0.0005,0.0,0.027,-9,114
30,0.001,0.0001,0.0005,0.0,0.035,-7,115
30,0.001,0.0001,0.0005,0.0,0.045,-9,116
30,0.001,0.0001,0.0005,0.005,0.02,-9,117
30,0.001,0.0001,0.0005,0.005,0.027,-9,118
30,0.001,0.0001,0.0005,0.005,0.035,-11,119
30,0.001,0.0001,0.0005,0.005,0.045,-9,120
30,0.001,0.0001,0.0025,0.01,0.02,-7,121
30,0.001,0.0001,0.0025,0.01,0.027,-11,122
30,0.001,0.0001,0.0025,0.01,0.035,-9,123
30,0.001,0.0001,0.0025,0.01,0.045,-11,124
30,0.001,0.0001,0.0025,0.0,0.02,-12,125
30,0.001,0.0001,0.0025,0.0,0.027,-7,126
30,0.001,0.0001,0.0025,0.0,0.035,-9,127
30,0.001,0.0001,0.0025,0.0,0.045,-11,128
30,0.001,0.0001,0.0025,0.005,0.02,-9,129
30,0.001,0.0001,0.0025,0.005,0.027,-9,130
30,0.001,0.0001,0.0025,0.005,0.035,-11,131
30,0.001,0.0001,0.0025,0.005,0.045,-11,132
30,0.001,0.0001,0.001,0.01,0.02,-12,133
30,0.001,0.0001,0.001,0.01,0.027,-9,134
30,0.001,0.0001,0.001,0.01,0.035,-9,135
30,0.001,0.0001,0.001,0.01,0.045,-11,136
30,0.001,0.0001,0.001,0.0,0.02,-7,137
30,0.001,0.0001,0.001,0.0,0.027,-11,138
30,0.001,0.0001,0.001,0.0,0.035,-7,139
30,0.001,0.0001,0.001,0.0,0.045,-11,140
30,0.001,0.0001,0.001,0.005,0.02,-12,141
30,0.001,0.0001,0.001,0.005,0.027,-7,142
30,0.001,0.0001,0.001,0.005,0.035,-11,143
30,0.001,0.0001,0.001,0.005,0.045,-7,144
30,0.001,0.0005,0.0005,0.01,0.02,-12,145
30,0.001,0.0005,0.0005,0.01,0.027,-7,146
30,0.001,0.0005,0.0005,0.01,0.035,-9,147
30,0.001,0.0005,0.0005,0.01,0.045,-7,148
30,0.001,0.0005,0.0005,0.0,0.02,-12,149
30,0.001,0.0005,0.0005,0.0,0.027,-7,150
30,0.001,0.0005,0.0005,0.0,0.035,-9,151
30,0.001,0.0005,0.0005,0.0,0.045,-7,152
30,0.001,0.0005,0.0005,0.005,0.02,-9,153
30,0.001,0.0005,0.0005,0.005,0.027,-7,154
30,0.001,0.0005,0.0005,0.005,0.035,-7,155
30,0.001,0.0005,0.0005,0.005,0.045,-7,156
30,0.001,0.0005,0.0025,0.01,0.02,-7,157
30,0.001,0.0005,0.0025,0.01,0.027,-7,158
30,0.001,0.0005,0.0025,0.01,0.035,-7,159
30,0.001,0.0005,0.0025,0.01,0.045,-7,160
30,0.001,0.0005,0.0025,0.0,0.02,-9,161
30,0.001,0.0005,0.0025,0.0,0.027,-9,162
30,0.001,0.0005,0.0025,0.0,0.035,-9,163
30,0.001,0.0005,0.0025,0.0,0.045,-12,164
30,0.001,0.0005,0.0025,0.005,0.02,-11,165
30,0.001,0.0005,0.0025,0.005,0.027,-11,166
30,0.001,0.0005,0.0025,0.005,0.035,-9,167
30,0.001,0.0005,0.0025,0.005,0.045,-9,168
30,0.001,0.0005,0.001,0.01,0.02,-9,169
30,0.001,0.0005,0.001,0.01,0.027,-9,170
30,0.001,0.0005,0.001,0.01,0.035,-11,171
30,0.001,0.0005,0.001,0.01,0.045,-10,172
30,0.001,0.0005,0.001,0.0,0.02,-9,173
30,0.001,0.0005,0.001,0.0,0.027,-9,174
30,0.001,0.0005,0.001,0.0,0.035,-11,175
30,0.001,0.0005,0.001,0.0,0.045,-9,176
30,0.001,0.0005,0.001,0.005,0.02,-9,177
30,0.001,0.0005,0.001,0.005,0.027,-9,178
30,0.001,0.0005,0.001,0.005,0.035,-10,179
30,0.001,0.0005,0.001,0.005,0.045,-11,180
30,0.001,0.002,0.0005,0.01,0.02,-11,181
30,0.001,0.002,0.0005,0.01,0.027,-10,182
30,0.001,0.002,0.0005,0.01,0.035,-11,183
30,0.001,0.002,0.0005,0.01,0.045,-7,184
30,0.001,0.002,0.0005,0.0,0.02,-4,185
30,0.001,0.002,0.0005,0.0,0.027,-4,186
30,0.001,0.002,0.0005,0.0,0.035,-5,187
30,0.001,0.002,0.0005,0.0,0.045,-4,188
30,0.001,0.002,0.0005,0.005,0.02,-8,189
30,0.001,0.002,0.0005,0.005,0.027,-5,190
30,0.001,0.002,0.0005,0.005,0.035,-6,191
30,0.001,0.002,0.0005,0.005,0.045,-6,192
30,0.001,0.002,0.0025,0.01,0.02,-11,193
30,0.001,0.002,0.0025,0.01,0.027,-15,194
30,0.001,0.002,0.0025,0.01,0.035,-11,195
30,0.001,0.002,0.0025,0.01,0.045,-15,196
30,0.001,0.002,0.0025,0.0,0.02,-11,197
30,0.001,0.002,0.0025,0.0,0.027,-11,198
30,0.001,0.002,0.0025,0.0,0.035,-10,199
30,0.001,0.002,0.0025,0.0,0.045,-10,200
30,0.001,0.002,0.0025,0.005,0.02,-11,201
30,0.001,0.002,0.0025,0.005,0.027,-10,202
30,0.001,0.002,0.0025,0.005,0.035,-15,203
30,0.001,0.002,0.0025,0.005,0.045,-10,204
30,0.001,0.002,0.001,0.01,0.02,-10,205
30,0.001,0.002,0.001,0.01,0.027,-15,206
30,0.001,0.002,0.001,0.01,0.035,-15,207
30,0.001,0.002,0.001,0.01,0.045,-7,208
30,0.001,0.002,0.001,0.0,0.02,-10,209
30,0.001,0.002,0.001,0.0,0.027,-11,210
30,0.001,0.002,0.001,0.0,0.035,-8,211
30,0.001,0.002,0.001,0.0,0.045,-15,212
30,0.001,0.002,0.001,0.005,0.02,-10,213
30,0.001,0.002,0.001,0.005,0.027,-8,214
30,0.001,0.002,0.001,0.005,0.035,-5,215
30,0.001,0.002,0.001,0.005,0.045,-15,216
30,0.01,0.0001,0.0005,0.01,0.02,-11,217
30,0.01,0.0001,0.0005,0.01,0.027,-10,218
30,0.01,0.0001,0.0005,0.01,0.035,-14,219
30,0.01,0.0001,0.0005,0.01,0.045,-10,220
30,0.01,0.0001,0.0005,0.0,0.02,-14,221
30,0.01,0.0001,0.0005,0.0,0.027,-10,222
30,0.01,0.0001,0.0005,0.0,0.035,-14,223
30,0.01,0.0001,0.0005,0.0,0.045,-14,224
30,0.01,0.0001,0.0005,0.005,0.02,-5,225
30,0.01,0.0001,0.0005,0.005,0.027,-10,226
30,0.01,0.0001,0.0005,0.005,0.035,-14,227
30,0.01,0.0001,0.0005,0.005,0.045,-10,228
30,0.01,0.0001,0.0025,0.01,0.02,-14,229
30,0.01,0.0001,0.0025,0.01,0.027,-14,230
30,0.01,0.0001,0.0025,0.01,0.035,-5,231
30,0.01,0.0001,0.0025,0.01,0.045,-10,232
30,0.01,0.0001,0.0025,0.0,0.02,-10,233
30,0.01,0.0001,0.0025,0.0,0.027,-10,234
30,0.01,0.0001,0.0025,0.0,0.035,-5,235
30,0.01,0.0001,0.0025,0.0,0.045,-10,236
30,0.01,0.0001,0.0025,0.005,0.02,-14,237
30,0.01,0.0001,0.0025,0.005,0.027,-10,238
30,0.01,0.0001,0.0025,0.005,0.035,-5,239
30,0.01,0.0001,0.0025,0.005,0.045,-10,240
30,0.01,0.0001,0.001,0.01,0.02,-10,241
30,0.01,0.0001,0.001,0.01,0.027,-5,242
30,0.01,0.0001,0.001,0.01,0.035,-11,243
30,0.01,0.0001,0.001,0.01,0.045,-10,244
30,0.01,0.0001,0.001,0.0,0.02,-10,245
30,0.01,0.0001,0.001,0.0,0.027,-10,246
30,0.01,0.0001,0.001,0.0,0.035,-10,247
30,0.01,0.0001,0.001,0.0,0.045,-5,248
30,0.01,0.0001,0.001,0.005,0.02,-5,249
30,0.01,0.0001,0.001,0.005,0.027,-5,250
30,0.01,0.0001,0.001,0.005,0.035,-5,251
30,0.01,0.0001,0.001,0.005,0.045,-14,252
30,0.01,0.0005,0.0005,0.01,0.02,-5,253
30,0.01,0.0005,0.0005,0.01,0.027,-10,254
30,0.01,0.0005,0.0005,0.01,0.035,-10,255
30,0.01,0.0005,0.0005,0.01,0.045,-5,256
30,0.01,0.0005,0.0005,0.0,0.02,-6,257
30,0.01,0.0005,0.0005,0.0,0.027,-6,258
30,0.01,0.0005,0.0005,0.0,0.035,3,259
30,0.01,0.0005,0.0005,0.0,0.045,3,260
30,0.01,0.0005,0.0005,0.005,0.02,-5,261
30,0.01,0.0005,0.0005,0.005,0.027,-6,262
30,0.01,0.0005,0.0005,0.005,0.035,3,263
30,0.01,0.0005,0.0005,0.005,0.045,-1,264
30,0.01,0.0005,0.0025,0.01,0.02,-11,265
30,0.01,0.0005,0.0025,0.01,0.027,-10,266
30,0.01,0.0005,0.0025,0.01,0.035,-11,267
30,0.01,0.0005,0.0025,0.01,0.045,-11,268
30,0.01,0.0005,0.0025,0.0,0.02,-10,269
30,0.01,0.0005,0.0025,0.0,0.027,-10,270
30,0.01,0.0005,0.0025,0.0,0.035,-10,271
30,0.01,0.0005,0.0025,0.0,0.045,-10,272
30,0.01,0.0005,0.0025,0.005,0.02,-10,273
30,0.01,0.0005,0.0025,0.005,0.027,-10,274
30,0.01,0.0005,0.0025,0.005,0.035,-11,275
30,0.01,0.0005,0.0025,0.005,0.045,-10,276
30,0.01,0.0005,0.001,0.01,0.02,-11,277
30,0.01,0.0005,0.001,0.01,0.027,-10,278
30,0.01,0.0005,0.001,0.01,0.035,-4,279
30,0.01,0.0005,0.001,0.01,0.045,-1,280
30,0.01,0.0005,0.001,0.0,0.02,-11,281
30,0.01,0.0005,0.001,0.0,0.027,-10,282
30,0.01,0.0005,0.001,0.0,0.035,-1,283
30,0.01,0.0005,0.001,0.0,0.045,-8,284
30,0.01,0.0005,0.001,0.005,0.02,-10,285
30,0.01,0.0005,0.001,0.005,0.027,-10,286
30,0.01,0.0005,0.001,0.005,0.035,-10,287
30,0.01,0.0005,0.001,0.005,0.045,-2,288
30,0.01,0.002,0.0005,0.01,0.02,-2,289
30,0.01,0.002,0.0005,0.01,0.027,-3,290
30,0.01,0.002,0.0005,0.01,0.035,-3,291
30,0.01,0.002,0.0005,0.01,0.045,-5,292
30,0.01,0.002,0.0005,0.0,0.02,7,293
30,0.01,0.002,0.0005,0.0,0.027,5,294
30,0.01,0.002,0.0005,0.0,0.035,3,295
30,0.01,0.002,0.0005,0.0,0.045,5,296
30,0.01,0.002,0.0005,0.005,0.02,8,297
30,0.01,0.002,0.0005,0.005,0.027,7,298
30,0.01,0.002,0.0005,0.005,0.035,5,299
30,0.01,0.002,0.0005,0.005,0.045,3,300
30,0.01,0.002,0.0025,0.01,0.02,-7,301
30,0.01,0.002,0.0025,0.01,0.027,-2,302
30,0.01,0.002,0.0025,0.01,0.035,-1,303
30,0.01,0.002,0.0025,0.01,0.045,1,304
30,0.01,0.002,0.0025,0.0,0.02,-7,305
30,0.01,0.002,0.0025,0.0,0.027,-5,306
30,0.01,0.002,0.0025,0.0,0.035,-5,307
30,0.01,0.002,0.0025,0.0,0.045,-3,308
30,0.01,0.002,0.0025,0.005,0.02,-5,309
30,0.01,0.002,0.0025,0.005,0.027,-3,310
30,0.01,0.002,0.0025,0.005,0.035,-1,311
30,0.01,0.002,0.0025,0.005,0.045,6,312
30,0.01,0.002,0.001,0.01,0.02,1,313
30,0.01,0.002,0.001,0.01,0.027,8,314
30,0.01,0.002,0.001,0.01,0.035,5,315
30,0.01,0.002,0.001,0.01,0.045,4,316
30,0.01,0.002,0.001,0.0,0.02,3,317
30,0.01,0.002,0.001,0.0,0.027,8,318
30,0.01,0.002,0.001,0.0,0.035,8,319
30,0.01,0.002,0.001,0.0,0.045,5,320
30,0.01,0.002,0.001,0.005,0.02,6,321
30,0.01,0.002,0.001,0.005,0.027,8,322
30,0.01,0.002,0.001,0.005,0.035,5,323
30,0.01,0.002,0.001,0.005,0.045,5,324
30,0.05,0.0001,0.0005,0.01,0.02,-5,325
30,0.05,0.0001,0.0005,0.01,0.027,-5,326
30,0.05,0.0001,0.0005,0.01,0.035,-9,327
30,0.05,0.0001,0.0005,0.01,0.045,-10,328
30,0.05,0.0001,0.0005,0.0,0.02,-3,329
30,0.05,0.0001,0.0005,0.0,0.027,-5,330
30,0.05,0.0001,0.0005,0.0,0.035,-10,331
30,0.05,0.0001,0.0005,0.0,0.045,-6,332
30,0.05,0.0001,0.0005,0.005,0.02,-12,333
30,0.05,0.0001,0.0005,0.005,0.027,-10,334
30,0.05,0.0001,0.0005,0.005,0.035,-6,335
30,0.05,0.0001,0.0005,0.005,0.045,-6,336
30,0.05,0.0001,0.0025,0.01,0.02,-10,337
30,0.05,0.0001,0.0025,0.01,0.027,-9,338
30,0.05,0.0001,0.0025,0.01,0.035,-9,339
30,0.05,0.0001,0.0025,0.01,0.045,-5,340
30,0.05,0.0001,0.0025,0.0,0.02,-10,341
30,0.05,0.0001,0.0025,0.0,0.027,-7,342
30,0.05,0.0001,0.0025,0.0,0.035,-9,343
30,0.05,0.0001,0.0025,0.0,0.045,-5,344
30,0.05,0.0001,0.0025,0.005,0.02,-11,345
30,0.05,0.0001,0.0025,0.005,0.027,-10,346
30,0.05,0.0001,0.0025,0.005,0.035,-7,347
30,0.05,0.0001,0.0025,0.005,0.045,-11,348
30,0.05,0.0001,0.001,0.01,0.02,-5,349
30,0.05,0.0001,0.001,0.01,0.027,-8,350
30,0.05,0.0001,0.001,0.01,0.035,-10,351
30,0.05,0.0001,0.001,0.01,0.045,-7,352
30,0.05,0.0001,0.001,0.0,0.02,-5,353
30,0.05,0.0001,0.001,0.0,0.027,-6,354
30,0.05,0.0001,0.001,0.0,0.035,-7,355
30,0.05,0.0001,0.001,0.0,0.045,-7,356
30,0.05,0.0001,0.001,0.005,0.02,-12,357
30,0.05,0.0001,0.001,0.005,0.027,-7,358
30,0.05,0.0001,0.001,0.005,0.035,-8,359
30,0.05,0.0001,0.001,0.005,0.045,-8,360
30,0.05,0.0005,0.0005,0.01,0.02,-9,361
30,0.05,0.0005,0.0005,0.01,0.027,-9,362
30,0.05,0.0005,0.0005,0.01,0.035,-5,363
30,0.05,0.0005,0.0005,0.01,0.045,-4,364
30,0.05,0.0005,0.0005,0.0,0.02,-4,365
30,0.05,0.0005,0.0005,0.0,0.027,1,366
30,0.05,0.0005,0.0005,0.0,0.035,-2,367
30,0.05,0.0005,0.0005,0.0,0.045,-3,368
30,0.05,0.0005,0.0005,0.005,0.02,-3,369
30,0.05,0.0005,0.0005,0.005,0.027,-5,370
30,0.05,0.0005,0.0005,0.005,0.035,-3,371
30,0.05,0.0005,0.0005,0.005,0.045,-3,372
30,0.05,0.0005,0.0025,0.01,0.02,-7,373
30,0.05,0.0005,0.0025,0.01,0.027,-6,374
30,0.05,0.0005,0.0025,0.01,0.035,-8,375
30,0.05,0.0005,0.0025,0.01,0.045,-1,376
30,0.05,0.0005,0.0025,0.0,0.02,-5,377
30,0.05,0.0005,0.0025,0.0,0.027,-10,378
30,0.05,0.0005,0.0025,0.0,0.035,-5,379
30,0.05,0.0005,0.0025,0.0,0.045,-1,380
30,0.05,0.0005,0.0025,0.005,0.02,-10,381
30,0.05,0.0005,0.0025,0.005,0.027,-6,382
30,0.05,0.0005,0.0025,0.005,0.035,-10,383
30,0.05,0.0005,0.0025,0.005,0.045,-8,384
30,0.05,0.0005,0.001,0.01,0.02,-4,385
30,0.05,0.0005,0.001,0.01,0.027,-1,386
30,0.05,0.0005,0.001,0.01,0.035,-3,387
30,0.05,0.0005,0.001,0.01,0.045,3,388
30,0.05,0.0005,0.001,0.0,0.02,-4,389
30,0.05,0.0005,0.001,0.0,0.027,1,390
30,0.05,0.0005,0.001,0.0,0.035,-1,391
30,0.05,0.0005,0.001,0.0,0.045,3,392
30,0.05,0.0005,0.001,0.005,0.02,1,393
30,0.05,0.0005,0.001,0.005,0.027,1,394
30,0.05,0.0005,0.001,0.005,0.035,3,395
30,0.05,0.0005,0.001,0.005,0.045,3,396
30,0.05,0.002,0.0005,0.01,0.02,6,397
30,0.05,0.002,0.0005,0.01,0.027,6,398
30,0.05,0.002,0.0005,0.01,0.035,8,399
30,0.05,0.002,0.0005,0.01,0.045,6,400
30,0.05,0.002,0.0005,0.0,0.02,5,401
30,0.05,0.002,0.0005,0.0,0.027,8,402
30,0.05,0.002,0.0005,0.0,0.035,7,403
30,0.05,0.002,0.0005,0.0,0.045,7,404
30,0.05,0.002,0.0005,0.005,0.02,6,405
30,0.05,0.002,0.0005,0.005,0.027,6,406
30,0.05,0.002,0.0005,0.005,0.035,4,407
30,0.05,0.002,0.0005,0.005,0.045,4,408
30,0.05,0.002,0.0025,0.01,0.02,6,409
30,0.05,0.002,0.0025,0.01,0.027,6,410
30,0.05,0.002,0.0025,0.01,0.035,6,411
30,0.05,0.002,0.0025,0.01,0.045,6,412
30,0.05,0.002,0.0025,0.0,0.02,8,413
30,0.05,0.002,0.0025,0.0,0.027,5,414
30,0.05,0.002,0.0025,0.0,0.035,6,415
30,0.05,0.002,0.0025,0.0,0.045,5,416
30,0.05,0.002,0.0025,0.005,0.02,6,417
30,0.05,0.002,0.0025,0.005,0.027,6,418
30,0.05,0.002,0.0025,0.005,0.035,6,419
30,0.05,0.002,0.0025,0.005,0.045,6,420
30,0.05,0.002,0.001,0.01,0.02,5,421
30,0.05,0.002,0.001,0.01,0.027,6,422
30,0.05,0.002,0.001,0.01,0.035,7,423
30,0.05,0.002,0.001,0.01,0.045,4,424
30,0.05,0.002,0.001,0.0,0.02,6,425
30,0.05,0.002,0.001,0.0,0.027,5,426
30,0.05,0.002,0.001,0.0,0.035,8,427
30,0.05,0.002,0.001,0.0,0.045,6,428
30,0.05,0.002,0.001,0.005,0.02,8,429
30,0.05,0.002,0.001,0.005,0.027,8,430
30,0.05,0.002,0.001,0.005,0.035,5,431
30,0.05,0.002,0.001,0.005,0.045,7,432
40,0.005,0.0001,0.0005,0.01,0.02,-13,433
40,0.005,0.0001,0.0005,0.01,0.027,-6,434
40,0.005,0.0001,0.0005,0.01,0.035,-11,435
40,0.005,0.0001,0.0005,0.01,0.045,-11,436
40,0.005,0.0001,0.0005,0.0,0.02,-13,437
40,0.005,0.0001,0.0005,0.0,0.027,-6,438
40,0.005,0.0001,0.0005,0.0,0.035,-9,439
40,0.005,0.0001,0.0005,0.0,0.045,-13,440
40,0.005,0.0001,0.0005,0.005,0.02,-13,441
40,0.005,0.0001,0.0005,0.005,0.027,-6,442
40,0.005,0.0001,0.0005,0.005,0.035,-12,443
40,0.005,0.0001,0.0005,0.005,0.045,-6,444
40,0.005,0.0001,0.0025,0.01,0.02,-12,445
40,0.005,0.0001,0.0025,0.01,0.027,-6,446
40,0.005,0.0001,0.0025,0.01,0.035,-12,447
40,0.005,0.0001,0.0025,0.01,0.045,-11,448
40,0.005,0.0001,0.0025,0.0,0.02,-13,449
40,0.005,0.0001,0.0025,0.0,0.027,-12,450
40,0.005,0.0001,0.0025,0.0,0.035,-12,451
40,0.005,0.0001,0.0025,0.0,0.045,-12,452
40,0.005,0.0001,0.0025,0.005,0.02,-6,453
40,0.005,0.0001,0.0025,0.005,0.027,-9,454
40,0.005,0.0001,0.0025,0.005,0.035,-6,455
40,0.005,0.0001,0.0025,0.005,0.045,-13,456
40,0.005,0.0001,0.001,0.01,0.02,-12,457
40,0.005,0.0001,0.001,0.01,0.027,-11,458
40,0.005,0.0001,0.001,0.01,0.035,-13,459
40,0.005,0.0001,0.001,0.01,0.045,-11,460
40,0.005,0.0001,0.001,0.0,0.02,-9,461
40,0.005,0.0001,0.001,0.0,0.027,-9,462
40,0.005,0.0001,0.001,0.0,0.035,-9,463
40,0.005,0.0001,0.001,0.0,0.045,-6,464
40,0.005,0.0001,0.001,0.005,0.02,-13,465
40,0.005,0.0001,0.001,0.005,0.027,-11,466
40,0.005,0.0001,0.001,0.005,0.035,-9,467
40,0.005,0.0001,0.001,0.005,0.045,-11,468
40,0.005,0.0005,0.0005,0.01,0.02,-13,469
40,0.005,0.0005,0.0005,0.01,0.027,-9,470
40,0.005,0.0005,0.0005,0.01,0.035,-12,471
40,0.005,0.0005,0.0005,0.01,0.045,-11,472
40,0.005,0.0005,0.0005,0.0,0.02,-12,473
40,0.005,0.0005,0.0005,0.0,0.027,-11,474
40,0.005,0.0005,0.0005,0.0,0.035,-1,475
40,0.005,0.0005,0.0005,0.0,0.045,-5,476
40,0.005,0.0005,0.0005,0.005,0.02,-13,477
40,0.005,0.0005,0.0005,0.005,0.027,-12,478
40,0.005,0.0005,0.0005,0.005,0.035,-11,479
40,0.005,0.0005,0.0005,0.005,0.045,-1,480
40,0.005,0.0005,0.0025,0.01,0.02,-6,481
40,0.005,0.0005,0.0025,0.01,0.027,-11,482
40,0.005,0.0005,0.0025,0.01,0.035,-9,483
40,0.005,0.0005,0.0025,0.01,0.045,-11,484
40,0.005,0.0005,0.0025,0.0,0.02,-9,485
40,0.005,0.0005,0.0025,0.0,0.027,-9,486
40,0.005,0.0005,0.0025,0.0,0.035,-12,487
40,0.005,0.0005,0.0025,0.0,0.045,-9,488
40,0.005,0.0005,0.0025,0.005,0.02,-9,489
40,0.005,0.0005,0.0025,0.005,0.027,-11,490
40,0.005,0.0005,0.0025,0.005,0.035,-12,491
40,0.005,0.0005,0.0025,0.005,0.045,-12,492
40,0.005,0.0005,0.001,0.01,0.02,-9,493
40,0.005,0.0005,0.001,0.01,0.027,-11,494
40,0.005,0.0005,0.001,0.01,0.035,-11,495
40,0.005,0.0005,0.001,0.01,0.045,-13,496
40,0.005,0.0005,0.001,0.0,0.02,-13,497
40,0.005,0.0005,0.001,0.0,0.027,-7,498
40,0.005,0.0005,0.001,0.0,0.035,-9,499
40,0.005,0.0005,0.001,0.0,0.045,-12,500
40,0.005,0.0005,0.001,0.005,0.02,-13,501
40,0.005,0.0005,0.001,0.005,0.027,-11,502
40,0.005,0.0005,0.001,0.005,0.035,-12,503
40,0.005,0.0005,0.001,0.005,0.045,-7,504
40,0.005,0.002,0.0005,0.01,0.02,-5,505
40,0.005,0.002,0.0005,0.01,0.027,4,506
40,0.005,0.002,0.0005,0.01,0.035,1,507
40,0.005,0.002,0.0005,0.01,0.045,4,508
40,0.005,0.002,0.0005,0.0,0.02,4,509
40,0.005,0.002,0.0005,0.0,0.027,6,510
40,0.005,0.002,0.0005,0.0,0.035,7,511
40,0.005,0.002,0.0005,0.0,0.045,6,512
40,0.005,0.002,0.0005,0.005,0.02,-4,513
40,0.005,0.002,0.0005,0.005,0.027,4,514
40,0.005,0.002,0.0005,0.005,0.035,5,515
40,0.005,0.002,0.0005,0.005,0.045,7,516
40,0.005,0.002,0.0025,0.01,0.02,-9,517
40,0.005,0.002,0.0025,0.01,0.027,-7,518
40,0.005,0.002,0.0025,0.01,0.035,-13,519
40,0.005,0.002,0.0025,0.01,0.045,0,520
40,0.005,0.002,0.0025,0.0,0.02,-5,521
40,0.005,0.002,0.0025,0.0,0.027,-10,522
40,0.005,0.002,0.0025,0.0,0.035,-13,523
40,0.005,0.002,0.0025,0.0,0.045,1,524
40,0.005,0.002,0.0025,0.005,0.02,-3,525
40,0.005,0.002,0.0025,0.005,0.027,-8,526
40,0.005,0.002,0.0025,0.005,0.035,-10,527
40,0.005,0.002,0.0025,0.005,0.045,-10,528
40,0.005,0.002,0.001,0.01,0.02,2,529
40,0.005,0.002,0.001,0.01,0.027,-8,530
40,0.005,0.002,0.001,0.01,0.035,4,531
40,0.005,0.002,0.001,0.01,0.045,-1,532
40,0.005,0.002,0.001,0.0,0.02,4,533
40,0.005,0.002,0.001,0.0,0.027,-8,534
40,0.005,0.002,0.001,0.0,0.035,-1,535
40,0.005,0.002,0.001,0.0,0.045,2,536
40,0.005,0.002,0.001,0.005,0.02,2,537
40,0.005,0.002,0.001,0.005,0.027,4,538
40,0.005,0.002,0.001,0.005,0.035,-4,539
40,0.005,0.002,0.001,0.005,0.045,0,540
40,0.001,0.0001,0.0005,0.01,0.02,-5,541
40,0.001,0.0001,0.0005,0.01,0.027,-7,542
40,0.001,0.0001,0.0005,0.01,0.035,-9,543
40,0.001,0.0001,0.0005,0.01,0.045,-11,544
40,0.001,0.0001,0.0005,0.0,0.02,-9,545
40,0.001,0.0001,0.0005,0.0,0.027,-7,546
40,0.001,0.0001,0.0005,0.0,0.035,-9,547
40,0.001,0.0001,0.0005,0.0,0.045,-5,548
40,0.001,0.0001,0.0005,0.005,0.02,-11,549
40,0.001,0.0001,0.0005,0.005,0.027,-7,550
40,0.001,0.0001,0.0005,0.005,0.035,-5,551
40,0.001,0.0001,0.0005,0.005,0.045,-11,552
40,0.001,0.0001,0.0025,0.01,0.02,-12,553
40,0.001,0.0001,0.0025,0.01,0.027,-9,554
40,0.001,0.0001,0.0025,0.01,0.035,-9,555
40,0.001,0.0001,0.0025,0.01,0.045,-7,556
40,0.001,0.0001,0.0025,0.0,0.02,-8,557
40,0.001,0.0001,0.0025,0.0,0.027,-5,558
40,0.001,0.0001,0.0025,0.0,0.035,-13,559
40,0.001,0.0001,0.0025,0.0,0.045,-7,560
40,0.001,0.0001,0.0025,0.005,0.02,-9,561
40,0.001,0.0001,0.0025,0.005,0.027,-5,562
40,0.001,0.0001,0.0025,0.005,0.035,-9,563
40,0.001,0.0001,0.0025,0.005,0.045,-11,564
40,0.001,0.0001,0.001,0.01,0.02,-12,565
40,0.001,0.0001,0.001,0.01,0.027,-5,566
40,0.001,0.0001,0.001,0.01,0.035,-7,567
40,0.001,0.0001,0.001,0.01,0.045,-12,568
40,0.001,0.0001,0.001,0.0,0.02,-8,569
40,0.001,0.0001,0.001,0.0,0.027,-5,570
40,0.001,0.0001,0.001,0.0,0.035,-12,571
40,0.001,0.0001,0.001,0.0,0.045,-13,572
40,0.001,0.0001,0.001,0.005,0.02,-9,573
40,0.001,0.0001,0.001,0.005,0.027,-5,574
40,0.001,0.0001,0.001,0.005,0.035,-9,575
40,0.001,0.0001,0.001,0.005,0.045,-9,576
40,0.001,0.0005,0.0005,0.01,0.02,-12,577
40,0.001,0.0005,0.0005,0.01,0.027,-9,578
40,0.001,0.0005,0.0005,0.01,0.035,-6,579
40,0.001,0.0005,0.0005,0.01,0.045,-5,580
40,0.001,0.0005,0.0005,0.0,0.02,-12,581
40,0.001,0.0005,0.0005,0.0,0.027,-6,582
40,0.001,0.0005,0.0005,0.0,0.035,-12,583
40,0.001,0.0005,0.0005,0.0,0.045,-5,584
40,0.001,0.0005,0.0005,0.005,0.02,-9,585
40,0.001,0.0005,0.0005,0.005,0.027,-12,586
40,0.001,0.0005,0.0005,0.005,0.035,-13,587
40,0.001,0.0005,0.0005,0.005,0.045,-5,588
40,0.001,0.0005,0.0025,0.01,0.02,-9,589
40,0.001,0.0005,0.0025,0.01,0.027,-9,590
40,0.001,0.0005,0.0025,0.01,0.035,-9,591
40,0.001,0.0005,0.0025,0.01,0.045,-9,592
40,0.001,0.0005,0.0025,0.0,0.02,-7,593
40,0.001,0.0005,0.0025,0.0,0.027,-7,594
40,0.001,0.0005,0.0025,0.0,0.035,-6,595
40,0.001,0.0005,0.0025,0.0,0.045,-9,596
40,0.001,0.0005,0.0025,0.005,0.02,-7,597
40,0.001,0.0005,0.0025,0.005,0.027,-9,598
40,0.001,0.0005,0.0025,0.005,0.035,-12,599
40,0.001,0.0005,0.0025,0.005,0.045,-9,600
40,0.001,0.0005,0.001,0.01,0.02,-9,601
40,0.001,0.0005,0.001,0.01,0.027,-9,602
40,0.001,0.0005,0.001,0.01,0.035,-9,603
40,0.001,0.0005,0.001,0.01,0.045,-9,604
40,0.001,0.0005,0.001,0.0,0.02,-12,605
40,0.001,0.0005,0.001,0.0,0.027,-9,606
40,0.001,0.0005,0.001,0.0,0.035,-12,607
40,0.001,0.0005,0.001,0.0,0.045,-5,608
40,0.001,0.0005,0.001,0.005,0.02,-6,609
40,0.001,0.0005,0.001,0.005,0.027,-6,610
40,0.001,0.0005,0.001,0.005,0.035,-9,611
40,0.001,0.0005,0.001,0.005,0.045,-9,612
40,0.001,0.002,0.0005,0.01,0.02,-4,613
40,0.001,0.002,0.0005,0.01,0.027,-11,614
40,0.001,0.002,0.0005,0.01,0.035,-11,615
40,0.001,0.002,0.0005,0.01,0.045,-8,616
40,0.001,0.002,0.0005,0.0,0.02,-11,617
40,0.001,0.002,0.0005,0.0,0.027,-8,618
40,0.001,0.002,0.0005,0.0,0.035,-2,619
40,0.001,0.002,0.0005,0.0,0.045,-2,620
40,0.001,0.002,0.0005,0.005,0.02,-5,621
40,0.001,0.002,0.0005,0.005,0.027,-11,622
40,0.001,0.002,0.0005,0.005,0.035,-8,623
40,0.001,0.002,0.0005,0.005,0.045,-8,624
40,0.001,0.002,0.0025,0.01,0.02,-8,625
40,0.001,0.002,0.0025,0.01,0.027,-11,626
40,0.001,0.002,0.0025,0.01,0.035,-9,627
40,0.001,0.002,0.0025,0.01,0.045,-9,628
40,0.001,0.002,0.0025,0.0,0.02,-7,629
40,0.001,0.002,0.0025,0.0,0.027,-5,630
40,0.001,0.002,0.0025,0.0,0.035,-12,631
40,0.001,0.002,0.0025,0.0,0.045,-9,632
40,0.001,0.002,0.0025,0.005,0.02,-5,633
40,0.001,0.002,0.0025,0.005,0.027,-9,634
40,0.001,0.002,0.0025,0.005,0.035,-9,635
40,0.001,0.002,0.0025,0.005,0.045,-8,636
40,0.001,0.002,0.001,0.01,0.02,-10,637
40,0.001,0.002,0.001,0.01,0.027,-3,638
40,0.001,0.002,0.001,0.01,0.035,-9,639
40,0.001,0.002,0.001,0.01,0.045,-4,640
40,0.001,0.002,0.001,0.0,0.02,-8,641
40,0.001,0.002,0.001,0.0,0.027,-7,642
40,0.001,0.002,0.001,0.0,0.035,-4,643
40,0.001,0.002,0.001,0.0,0.045,-4,644
40,0.001,0.002,0.001,0.005,0.02,-10,645
40,0.001,0.002,0.001,0.005,0.027,-13,646
40,0.001,0.002,0.001,0.005,0.035,-5,647
40,0.001,0.002,0.001,0.005,0.045,-11,648
40,0.01,0.0001,0.0005,0.01,0.02,-6,649
40,0.01,0.0001,0.0005,0.01,0.027,-6,650
40,0.01,0.0001,0.0005,0.01,0.035,-8,651
40,0.01,0.0001,0.0005,0.01,0.045,-9,652
40,0.01,0.0001,0.0005,0.0,0.02,-13,653
40,0.01,0.0001,0.0005,0.0,0.027,-12,654
40,0.01,0.0001,0.0005,0.0,0.035,-13,655
40,0.01,0.0001,0.0005,0.0,0.045,-8,656
40,0.01,0.0001,0.0005,0.005,0.02,-13,657
40,0.01,0.0001,0.0005,0.005,0.027,-8,658
40,0.01,0.0001,0.0005,0.005,0.035,-7,659
40,0.01,0.0001,0.0005,0.005,0.045,-6,660
40,0.01,0.0001,0.0025,0.01,0.02,-9,661
40,0.01,0.0001,0.0025,0.01,0.027,-7,662
40,0.01,0.0001,0.0025,0.01,0.035,-13,663
40,0.01,0.0001,0.0025,0.01,0.045,-8,664
40,0.01,0.0001,0.0025,0.0,0.02,-13,665
40,0.01,0.0001,0.0025,0.0,0.027,-13,666
40,0.01,0.0001,0.0025,0.0,0.035,-9,667
40,0.01,0.0001,0.0025,0.0,0.045,-8,668
40,0.01,0.0001,0.0025,0.005,0.02,-7,669
40,0.01,0.0001,0.0025,0.005,0.027,-9,670
40,0.01,0.0001,0.0025,0.005,0.035,-13,671
40,0.01,0.0001,0.0025,0.005,0.045,-13,672
40,0.01,0.0001,0.001,0.01,0.02,-6,673
40,0.01,0.0001,0.001,0.01,0.027,-13,674
40,0.01,0.0001,0.001,0.01,0.035,-8,675
40,0.01,0.0001,0.001,0.01,0.045,-9,676
40,0.01,0.0001,0.001,0.0,0.02,-8,677
40,0.01,0.0001,0.001,0.0,0.027,-6,678
40,0.01,0.0001,0.001,0.0,0.035,-13,679
40,0.01,0.0001,0.001,0.0,0.045,-6,680
40,0.01,0.0001,0.001,0.005,0.02,-13,681
40,0.01,0.0001,0.001,0.005,0.027,-9,682
40,0.01,0.0001,0.001,0.005,0.035,-9,683
40,0.01,0.0001,0.001,0.005,0.045,-6,684
40,0.01,0.0005,0.0005,0.01,0.02,-10,685
40,0.01,0.0005,0.0005,0.01,0.027,-9,686
40,0.01,0.0005,0.0005,0.01,0.035,-7,687
40,0.01,0.0005,0.0005,0.01,0.045,-5,688
40,0.01,0.0005,0.0005,0.0,0.02,-2,689
40,0.01,0.0005,0.0005,0.0,0.027,-9,690
40,0.01,0.0005,0.0005,0.0,0.035,-1,691
40,0.01,0.0005,0.0005,0.0,0.045,1,692
40,0.01,0.0005,0.0005,0.005,0.02,0,693
40,0.01,0.0005,0.0005,0.005,0.027,-3,694
40,0.01,0.0005,0.0005,0.005,0.035,-4,695
40,0.01,0.0005,0.0005,0.005,0.045,-3,696
40,0.01,0.0005,0.0025,0.01,0.02,-8,697
40,0.01,0.0005,0.0025,0.01,0.027,-4,698
40,0.01,0.0005,0.0025,0.01,0.035,-4,699
40,0.01,0.0005,0.0025,0.01,0.045,-8,700
40,0.01,0.0005,0.0025,0.0,0.02,-13,701
40,0.01,0.0005,0.0025,0.0,0.027,-9,702
40,0.01,0.0005,0.0025,0.0,0.035,-8,703
40,0.01,0.0005,0.0025,0.0,0.045,-8,704
40,0.01,0.0005,0.0025,0.005,0.02,-9,705
40,0.01,0.0005,0.0025,0.005,0.027,-10,706
40,0.01,0.0005,0.0025,0.005,0.035,-9,707
40,0.01,0.0005,0.0025,0.005,0.045,-13,708
40,0.01,0.0005,0.001,0.01,0.02,-8,709
40,0.01,0.0005,0.001,0.01,0.027,-6,710
40,0.01,0.0005,0.001,0.01,0.035,-6,711
40,0.01,0.0005,0.001,0.01,0.045,-5,712
40,0.01,0.0005,0.001,0.0,0.02,-8,713
40,0.01,0.0005,0.001,0.0,0.027,-8,714
40,0.01,0.0005,0.001,0.0,0.035,-6,715
40,0.01,0.0005,0.001,0.0,0.045,-2,716
40,0.01,0.0005,0.001,0.005,0.02,-13,717
40,0.01,0.0005,0.001,0.005,0.027,-8,718
40,0.01,0.0005,0.001,0.005,0.035,-4,719
40,0.01,0.0005,0.001,0.005,0.045,-2,720
40,0.01,0.002,0.0005,0.01,0.02,3,721
40,0.01,0.002,0.0005,0.01,0.027,6,722
40,0.01,0.002,0.0005,0.01,0.035,5,723
40,0.01,0.002,0.0005,0.01,0.045,6,724
40,0.01,0.002,0.0005,0.0,0.02,6,725
40,0.01,0.002,0.0005,0.0,0.027,6,726
40,0.01,0.002,0.0005,0.0,0.035,6,727
40,0.01,0.002,0.0005,0.0,0.045,6,728
40,0.01,0.002,0.0005,0.005,0.02,9,729
40,0.01,0.002,0.0005,0.005,0.027,7,730
40,0.01,0.002,0.0005,0.005,0.035,6,731
40,0.01,0.002,0.0005,0.005,0.045,6,732
40,0.01,0.002,0.0025,0.01,0.02,-5,733
40,0.01,0.002,0.0025,0.01,0.027,-5,734
40,0.01,0.002,0.0025,0.01,0.035,1,735
40,0.01,0.002,0.0025,0.01,0.045,5,736
40,0.01,0.002,0.0025,0.0,0.02,-4,737
40,0.01,0.002,0.0025,0.0,0.027,-1,738
40,0.01,0.002,0.0025,0.0,0.035,3,739
40,0.01,0.002,0.0025,0.0,0.045,-5,740
40,0.01,0.002,0.0025,0.005,0.02,-5,741
40,0.01,0.002,0.0025,0.005,0.027,-1,742
40,0.01,0.002,0.0025,0.005,0.035,3,743
40,0.01,0.002,0.0025,0.005,0.045,1,744
40,0.01,0.002,0.001,0.01,0.02,7,745
40,0.01,0.002,0.001,0.01,0.027,9,746
40,0.01,0.002,0.001,0.01,0.035,9,747
40,0.01,0.002,0.001,0.01,0.045,5,748
40,0.01,0.002,0.001,0.0,0.02,4,749
40,0.01,0.002,0.001,0.0,0.027,7,750
40,0.01,0.002,0.001,0.0,0.035,5,751
40,0.01,0.002,0.001,0.0,0.045,9,752
40,0.01,0.002,0.001,0.005,0.02,1,753
40,0.01,0.002,0.001,0.005,0.027,6,754
40,0.01,0.002,0.001,0.005,0.035,8,755
40,0.01,0.002,0.001,0.005,0.045,7,756
40,0.05,0.0001,0.0005,0.01,0.02,-8,757
40,0.05,0.0001,0.0005,0.01,0.027,-11,758
40,0.05,0.0001,0.0005,0.01,0.035,-2,759
40,0.05,0.0001,0.0005,0.01,0.045,-6,760
40,0.05,0.0001,0.0005,0.0,0.02,-2,761
40,0.05,0.0001,0.0005,0.0,0.027,-8,762
40,0.05,0.0001,0.0005,0.0,0.035,-11,763
40,0.05,0.0001,0.0005,0.0,0.045,-11,764
40,0.05,0.0001,0.0005,0.005,0.02,-2,765
40,0.05,0.0001,0.0005,0.005,0.027,-8,766
40,0.05,0.0001,0.0005,0.005,0.035,-3,767
40,0.05,0.0001,0.0005,0.005,0.045,-3,768
40,0.05,0.0001,0.0025,0.01,0.02,-13,769
40,0.05,0.0001,0.0025,0.01,0.027,-13,770
40,0.05,0.0001,0.0025,0.01,0.035,-3,771
40,0.05,0.0001,0.0025,0.01,0.045,-8,772
40,0.05,0.0001,0.0025,0.0,0.02,-6,773
40,0.05,0.0001,0.0025,0.0,0.027,-3,774
40,0.05,0.0001,0.0025,0.0,0.035,-6,775
40,0.05,0.0001,0.0025,0.0,0.045,-13,776
40,0.05,0.0001,0.0025,0.005,0.02,-3,777
40,0.05,0.0001,0.0025,0.005,0.027,-3,778
40,0.05,0.0001,0.0025,0.005,0.035,-9,779
40,0.05,0.0001,0.0025,0.005,0.045,-10,780
40,0.05,0.0001,0.001,0.01,0.02,-6,781
40,0.05,0.0001,0.001,0.01,0.027,-10,782
40,0.05,0.0001,0.001,0.01,0.035,-10,783
40,0.05,0.0001,0.001,0.01,0.045,-8,784
40,0.05,0.0001,0.001,0.0,0.02,-10,785
40,0.05,0.0001,0.001,0.0,0.027,-6,786
40,0.05,0.0001,0.001,0.0,0.035,-3,787
40,0.05,0.0001,0.001,0.0,0.045,-8,788
40,0.05,0.0001,0.001,0.005,0.02,-8,789
40,0.05,0.0001,0.001,0.005,0.027,-8,790
40,0.05,0.0001,0.001,0.005,0.035,-3,791
40,0.05,0.0001,0.001,0.005,0.045,-12,792
40,0.05,0.0005,0.0005,0.01,0.02,-2,793
40,0.05,0.0005,0.0005,0.01,0.027,0,794
40,0.05,0.0005,0.0005,0.01,0.035,0,795
40,0.05,0.0005,0.0005,0.01,0.045,4,796
40,0.05,0.0005,0.0005,0.0,0.02,4,797
40,0.05,0.0005,0.0005,0.0,0.027,4,798
40,0.05,0.0005,0.0005,0.0,0.035,4,799
40,0.05,0.0005,0.0005,0.0,0.045,0,800
40,0.05,0.0005,0.0005,0.005,0.02,0,801
40,0.05,0.0005,0.0005,0.005,0.027,-11,802
40,0.05,0.0005,0.0005,0.005,0.035,0,803
40,0.05,0.0005,0.0005,0.005,0.045,0,804
40,0.05,0.0005,0.0025,0.01,0.02,-6,805
40,0.05,0.0005,0.0025,0.01,0.027,-11,806
40,0.05,0.0005,0.0025,0.01,0.035,-7,807
40,0.05,0.0005,0.0025,0.01,0.045,-7,808
40,0.05,0.0005,0.0025,0.0,0.02,-8,809
40,0.05,0.0005,0.0025,0.0,0.027,-8,810
40,0.05,0.0005,0.0025,0.0,0.035,-6,811
40,0.05,0.0005,0.0025,0.0,0.045,-10,812
40,0.05,0.0005,0.0025,0.005,0.02,-8,813
40,0.05,0.0005,0.0025,0.005,0.027,-5,814
40,0.05,0.0005,0.0025,0.005,0.035,-6,815
40,0.05,0.0005,0.0025,0.005,0.045,-10,816
40,0.05,0.0005,0.001,0.01,0.02,-4,817
40,0.05,0.0005,0.001,0.01,0.027,-2,818
40,0.05,0.0005,0.001,0.01,0.035,-3,819
40,0.05,0.0005,0.001,0.01,0.045,0,820
40,0.05,0.0005,0.001,0.0,0.02,-3,821
40,0.05,0.0005,0.001,0.0,0.027,0,822
40,0.05,0.0005,0.001,0.0,0.035,2,823
40,0.05,0.0005,0.001,0.0,0.045,-1,824
40,0.05,0.0005,0.001,0.005,0.02,-3,825
40,0.05,0.0005,0.001,0.005,0.027,-2,826
40,0.05,0.0005,0.001,0.005,0.035,-1,827
40,0.05,0.0005,0.001,0.005,0.045,-1,828
40,0.05,0.002,0.0005,0.01,0.02,9,829
40,0.05,0.002,0.0005,0.01,0.027,9,830
40,0.05,0.002,0.0005,0.01,0.035,7,831
40,0.05,0.002,0.0005,0.01,0.045,7,832
40,0.05,0.002,0.0005,0.0,0.02,7,833
40,0.05,0.002,0.0005,0.0,0.027,9,834
40,0.05,0.002,0.0005,0.0,0.035,6,835
40,0.05,0.002,0.0005,0.0,0.045,5,836
40,0.05,0.002,0.0005,0.005,0.02,6,837
40,0.05,0.002,0.0005,0.005,0.027,7,838
40,0.05,0.002,0.0005,0.005,0.035,5,839
40,0.05,0.002,0.0005,0.005,0.045,7,840
40,0.05,0.002,0.0025,0.01,0.02,7,841
40,0.05,0.002,0.0025,0.01,0.027,7,842
40,0.05,0.002,0.0025,0.01,0.035,6,843
40,0.05,0.002,0.0025,0.01,0.045,7,844
40,0.05,0.002,0.0025,0.0,0.02,6,845
40,0.05,0.002,0.0025,0.0,0.027,7,846
40,0.05,0.002,0.0025,0.0,0.035,7,847
40,0.05,0.002,0.0025,0.0,0.045,7,848
40,0.05,0.002,0.0025,0.005,0.02,8,849
40,0.05,0.002,0.0025,0.005,0.027,7,850
40,0.05,0.002,0.0025,0.005,0.035,7,851
40,0.05,0.002,0.0025,0.005,0.045,8,852
40,0.05,0.002,0.001,0.01,0.02,8,853
40,0.05,0.002,0.001,0.01,0.027,7,854
40,0.05,0.002,0.001,0.01,0.035,7,855
40,0.05,0.002,0.001,0.01,0.045,6,856
40,0.05,0.002,0.001,0.0,0.02,6,857
40,0.05,0.002,0.001,0.0,0.027,6,858
40,0.05,0.002,0.001,0.0,0.035,7,859
40,0.05,0.002,0.001,0.0,0.045,7,860
40,0.05,0.002,0.001,0.005,0.02,6,861
40,0.05,0.002,0.001,0.005,0.027,7,862
40,0.05,0.002,0.001,0.005,0.035,6,863
40,0.05,0.002,0.001,0.005,0.045,6,864
50,0.005,0.0001,0.0005,0.01,0.02,-6,865
50,0.005,0.0001,0.0005,0.01,0.027,-12,866
50,0.005,0.0001,0.0005,0.01,0.035,-11,867
50,0.005,0.0001,0.0005,0.01,0.045,-11,868
50,0.005,0.0001,0.0005,0.0,0.02,-11,869
50,0.005,0.0001,0.0005,0.0,0.027,-12,870
50,0.005,0.0001,0.0005,0.0,0.035,-11,871
50,0.005,0.0001,0.0005,0.0,0.045,-3,872
50,0.005,0.0001,0.0005,0.005,0.02,-11,873
50,0.005,0.0001,0.0005,0.005,0.027,-12,874
50,0.005,0.0001,0.0005,0.005,0.035,-3,875
50,0.005,0.0001,0.0005,0.005,0.045,-12,876
50,0.005,0.0001,0.0025,0.01,0.02,-12,877
50,0.005,0.0001,0.0025,0.01,0.027,-11,878
50,0.005,0.0001,0.0025,0.01,0.035,-8,879
50,0.005,0.0001,0.0025,0.01,0.045,-12,880
50,0.005,0.0001,0.0025,0.0,0.02,-8,881
50,0.005,0.0001,0.0025,0.0,0.027,-8,882
50,0.005,0.0001,0.0025,0.0,0.035,-8,883
50,0.005,0.0001,0.0025,0.0,0.045,-11,884
50,0.005,0.0001,0.0025,0.005,0.02,-11,885
50,0.005,0.0001,0.0025,0.005,0.027,-12,886
50,0.005,0.0001,0.0025,0.005,0.035,-11,887
50,0.005,0.0001,0.0025,0.005,0.045,-11,888
50,0.005,0.0001,0.001,0.01,0.02,-10,889
50,0.005,0.0001,0.001,0.01,0.027,-12,890
50,0.005,0.0001,0.001,0.01,0.035,-4,891
50,0.005,0.0001,0.001,0.01,0.045,-11,892
50,0.005,0.0001,0.001,0.0,0.02,-8,893
50,0.005,0.0001,0.001,0.0,0.027,-8,894
50,0.005,0.0001,0.001,0.0,0.035,-12,895
50,0.005,0.0001,0.001,0.0,0.045,-10,896
50,0.005,0.0001,0.001,0.005,0.02,-10,897
50,0.005,0.0001,0.001,0.005,0.027,-4,898
50,0.005,0.0001,0.001,0.005,0.035,-7,899
50,0.005,0.0001,0.001,0.005,0.045,-12,900
50,0.005,0.0005,0.0005,0.01,0.02,-6,901
50,0.005,0.0005,0.0005,0.01,0.027,-10,902
50,0.005,0.0005,0.0005,0.01,0.035,-10,903
50,0.005,0.0005,0.0005,0.01,0.045,-4,904
50,0.005,0.0005,0.0005,0.0,0.02,-12,905
50,0.005,0.0005,0.0005,0.0,0.027,-8,906
50,0.005,0.0005,0.0005,0.0,0.035,-4,907
50,0.005,0.0005,0.0005,0.0,0.045,-2,908
50,0.005,0.0005,0.0005,0.005,0.02,-7,909
50,0.005,0.0005,0.0005,0.005,0.027,-11,910
50,0.005,0.0005,0.0005,0.005,0.035,-4,911
50,0.005,0.0005,0.0005,0.005,0.045,-1,912
50,0.005,0.0005,0.0025,0.01,0.02,-7,913
50,0.005,0.0005,0.0025,0.01,0.027,-13,914
50,0.005,0.0005,0.0025,0.01,0.035,-11,915
50,0.005,0.0005,0.0025,0.01,0.045,-11,916
50,0.005,0.0005,0.0025,0.0,0.02,-11,917
50,0.005,0.0005,0.0025,0.0,0.027,-8,918
50,0.005,0.0005,0.0025,0.0,0.035,-8,919
50,0.005,0.0005,0.0025,0.0,0.045,-10,920
50,0.005,0.0005,0.0025,0.005,0.02,-13,921
50,0.005,0.0005,0.0025,0.005,0.027,-4,922
50,0.005,0.0005,0.0025,0.005,0.035,-11,923
50,0.005,0.0005,0.0025,0.005,0.045,-7,924
50,0.005,0.0005,0.001,0.01,0.02,-11,925
50,0.005,0.0005,0.001,0.01,0.027,-12,926
50,0.005,0.0005,0.001,0.01,0.035,-10,927
50,0.005,0.0005,0.001,0.01,0.045,-13,928
50,0.005,0.0005,0.001,0.0,0.02,-11,929
50,0.005,0.0005,0.001,0.0,0.027,-11,930
50,0.005,0.0005,0.001,0.0,0.035,-13,931
50,0.005,0.0005,0.001,0.0,0.045,-4,932
50,0.005,0.0005,0.001,0.005,0.02,-10,933
50,0.005,0.0005,0.001,0.005,0.027,-10,934
50,0.005,0.0005,0.001,0.005,0.035,-4,935
50,0.005,0.0005,0.001,0.005,0.045,-6,936
50,0.005,0.002,0.0005,0.01,0.02,4,937
50,0.005,0.002,0.0005,0.01,0.027,4,938
50,0.005,0.002,0.0005,0.01,0.035,8,939
50,0.005,0.002,0.0005,0.01,0.045,6,940
50,0.005,0.002,0.0005,0.0,0.02,0,941
50,0.005,0.002,0.0005,0.0,0.027,5,942
50,0.005,0.002,0.0005,0.0,0.035,6,943
50,0.005,0.002,0.0005,0.0,0.045,6,944
50,0.005,0.002,0.0005,0.005,0.02,1,945
50,0.005,0.002,0.0005,0.005,0.027,6,946
50,0.005,0.002,0.0005,0.005,0.035,6,947
50,0.005,0.002,0.0005,0.005,0.045,6,948
50,0.005,0.002,0.0025,0.01,0.02,-8,949
50,0.005,0.002,0.0025,0.01,0.027,-6,950
50,0.005,0.002,0.0025,0.01,0.035,-7,951
50,0.005,0.002,0.0025,0.01,0.045,-6,952
50,0.005,0.002,0.0025,0.0,0.02,-12,953
50,0.005,0.002,0.0025,0.0,0.027,-12,954
50,0.005,0.002,0.0025,0.0,0.035,-6,955
50,0.005,0.002,0.0025,0.0,0.045,1,956
50,0.005,0.002,0.0025,0.005,0.02,-11,957
50,0.005,0.002,0.0025,0.005,0.027,-6,958
50,0.005,0.002,0.0025,0.005,0.035,-4,959
50,0.005,0.002,0.0025,0.005,0.045,-13,960
50,0.005,0.002,0.001,0.01,0.02,3,961
50,0.005,0.002,0.001,0.01,0.027,1,962
50,0.005,0.002,0.001,0.01,0.035,2,963
50,0.005,0.002,0.001,0.01,0.045,4,964
50,0.005,0.002,0.001,0.0,0.02,-7,965
50,0.005,0.002,0.001,0.0,0.027,-1,966
50,0.005,0.002,0.001,0.0,0.035,4,967
50,0.005,0.002,0.001,0.0,0.045,4,968
50,0.005,0.002,0.001,0.005,0.02,-2,969
50,0.005,0.002,0.001,0.005,0.027,-4,970
50,0.005,0.002,0.001,0.005,0.035,5,971
50,0.005,0.002,0.001,0.005,0.045,2,972
50,0.001,0.0001,0.0005,0.01,0.02,-10,973
50,0.001,0.0001,0.0005,0.01,0.027,-5,974
50,0.001,0.0001,0.0005,0.01,0.035,-11,975
50,0.001,0.0001,0.0005,0.01,0.045,-12,976
50,0.001,0.0001,0.0005,0.0,0.02,-12,977
50,0.001,0.0001,0.0005,0.0,0.027,-11,978
50,0.001,0.0001,0.0005,0.0,0.035,-11,979
50,0.001,0.0001,0.0005,0.0,0.045,-7,980
50,0.001,0.0001,0.0005,0.005,0.02,-7,981
50,0.001,0.0001,0.0005,0.005,0.027,-13,982
50,0.001,0.0001,0.0005,0.005,0.035,-8,983
50,0.001,0.0001,0.0005,0.005,0.045,-5,984
50,0.001,0.0001,0.0025,0.01,0.02,-11,985
50,0.001,0.0001,0.0025,0.01,0.027,-5,986
50,0.001,0.0001,0.0025,0.01,0.035,-8,987
50,0.001,0.0001,0.0025,0.01,0.045,-13,988
50,0.001,0.0001,0.0025,0.0,0.02,-12,989
50,0.001,0.0001,0.0025,0.0,0.027,-12,990
50,0.001,0.0001,0.0025,0.0,0.035,-13,991
50,0.001,0.0001,0.0025,0.0,0.045,-10,992
50,0.001,0.0001,0.0025,0.005,0.02,-11,993
50,0.001,0.0001,0.0025,0.005,0.027,-12,994
50,0.001,0.0001,0.0025,0.005,0.035,-12,995
50,0.001,0.0001,0.0025,0.005,0.045,-8,996
50,0.001,0.0001,0.001,0.01,0.02,-9,997
50,0.001,0.0001,0.001,0.01,0.027,-8,998
50,0.001,0.0001,0.001,0.01,0.035,-5,999
50,0.001,0.0001,0.001,0.01,0.045,-8,1000
50,0.001,0.0001,0.001,0.0,0.02,-8,1001
50,0.001,0.0001,0.001,0.0,0.027,-13,1002
50,0.001,0.0001,0.001,0.0,0.035,-8,1003
50,0.001,0.0001,0.001,0.0,0.045,-12,1004
50,0.001,0.0001,0.001,0.005,0.02,-11,1005
50,0.001,0.0001,0.001,0.005,0.027,-12,1006
50,0.001,0.0001,0.001,0.005,0.035,-12,1007
50,0.001,0.0001,0.001,0.005,0.045,-5,1008
50,0.001,0.0005,0.0005,0.01,0.02,-11,1009
50,0.001,0.0005,0.0005,0.01,0.027,-7,1010
50,0.001,0.0005,0.0005,0.01,0.035,-10,1011
50,0.001,0.0005,0.0005,0.01,0.045,-12,1012
50,0.001,0.0005,0.0005,0.0,0.02,-10,1013
50,0.001,0.0005,0.0005,0.0,0.027,-11,1014
50,0.001,0.0005,0.0005,0.0,0.035,-12,1015
50,0.001,0.0005,0.0005,0.0,0.045,-9,1016
50,0.001,0.0005,0.0005,0.005,0.02,-5,1017
50,0.001,0.0005,0.0005,0.005,0.027,-12,1018
50,0.001,0.0005,0.0005,0.005,0.035,-8,1019
50,0.001,0.0005,0.0005,0.005,0.045,-12,1020
50,0.001,0.0005,0.0025,0.01,0.02,-9,1021
50,0.001,0.0005,0.0025,0.01,0.027,-5,1022
50,0.001,0.0005,0.0025,0.01,0.035,-8,1023
50,0.001,0.0005,0.0025,0.01,0.045,-7,1024
50,0.001,0.0005,0.0025,0.0,0.02,-13,1025
50,0.001,0.0005,0.0025,0.0,0.027,-7,1026
50,0.001,0.0005,0.0025,0.0,0.035,-8,1027
50,0.001,0.0005,0.0025,0.0,0.045,-9,1028
50,0.001,0.0005,0.0025,0.005,0.02,-5,1029
50,0.001,0.0005,0.0025,0.005,0.027,-11,1030
50,0.001,0.0005,0.0025,0.005,0.035,-5,1031
50,0.001,0.0005,0.0025,0.005,0.045,-8,1032
50,0.001,0.0005,0.001,0.01,0.02,-12,1033
50,0.001,0.0005,0.001,0.01,0.027,-12,1034
50,0.001,0.0005,0.001,0.01,0.035,-12,1035
50,0.001,0.0005,0.001,0.01,0.045,-12,1036
50,0.001,0.0005,0.001,0.0,0.02,-12,1037
50,0.001,0.0005,0.001,0.0,0.027,-9,1038
50,0.001,0.0005,0.001,0.0,0.035,-9,1039
50,0.001,0.0005,0.001,0.0,0.045,-13,1040
50,0.001,0.0005,0.001,0.005,0.02,-5,1041
50,0.001,0.0005,0.001,0.005,0.027,-12,1042
50,0.001,0.0005,0.001,0.005,0.035,-9,1043
50,0.001,0.0005,0.001,0.005,0.045,-8,1044
50,0.001,0.002,0.0005,0.01,0.02,-14,1045
50,0.001,0.002,0.0005,0.01,0.027,0,1046
50,0.001,0.002,0.0005,0.01,0.035,-8,1047
50,0.001,0.002,0.0005,0.01,0.045,2,1048
50,0.001,0.002,0.0005,0.0,0.02,-10,1049
50,0.001,0.002,0.0005,0.0,0.027,-9,1050
50,0.001,0.002,0.0005,0.0,0.035,-2,1051
50,0.001,0.002,0.0005,0.0,0.045,-6,1052
50,0.001,0.002,0.0005,0.005,0.02,-9,1053
50,0.001,0.002,0.0005,0.005,0.027,-5,1054
50,0.001,0.002,0.0005,0.005,0.035,2,1055
50,0.001,0.002,0.0005,0.005,0.045,-7,1056
50,0.001,0.002,0.0025,0.01,0.02,-12,1057
50,0.001,0.002,0.0025,0.01,0.027,-11,1058
50,0.001,0.002,0.0025,0.01,0.035,-9,1059
50,0.001,0.002,0.0025,0.01,0.045,-11,1060
50,0.001,0.002,0.0025,0.0,0.02,-12,1061
50,0.001,0.002,0.0025,0.0,0.027,-12,1062
50,0.001,0.002,0.0025,0.0,0.035,-6,1063
50,0.001,0.002,0.0025,0.0,0.045,-3,1064
50,0.001,0.002,0.0025,0.005,0.02,-9,1065
50,0.001,0.002,0.0025,0.005,0.027,-6,1066
50,0.001,0.002,0.0025,0.005,0.035,-9,1067
50,0.001,0.002,0.0025,0.005,0.045,-12,1068
50,0.001,0.002,0.001,0.01,0.02,-11,1069
50,0.001,0.002,0.001,0.01,0.027,-11,1070
50,0.001,0.002,0.001,0.01,0.035,-6,1071
50,0.001,0.002,0.001,0.01,0.045,-9,1072
50,0.001,0.002,0.001,0.0,0.02,-12,1073
50,0.001,0.002,0.001,0.0,0.027,-6,1074
50,0.001,0.002,0.001,0.0,0.035,-8,1075
50,0.001,0.002,0.001,0.0,0.045,-11,1076
50,0.001,0.002,0.001,0.005,0.02,-12,1077
50,0.001,0.002,0.001,0.005,0.027,-11,1078
50,0.001,0.002,0.001,0.005,0.035,-11,1079
50,0.001,0.002,0.001,0.005,0.045,-10,1080
50,0.01,0.0001,0.0005,0.01,0.02,-11,1081
50,0.01,0.0001,0.0005,0.01,0.027,-9,1082
50,0.01,0.0001,0.0005,0.01,0.035,-12,1083
50,0.01,0.0001,0.0005,0.01,0.045,-9,1084
50,0.01,0.0001,0.0005,0.0,0.02,-9,1085
50,0.01,0.0001,0.0005,0.0,0.027,-9,1086
50,0.01,0.0001,0.0005,0.0,0.035,-5,1087
50,0.01,0.0001,0.0005,0.0,0.045,-9,1088
50,0.01,0.0001,0.0005,0.005,0.02,-9,1089
50,0.01,0.0001,0.0005,0.005,0.027,-9,1090
50,0.01,0.0001,0.0005,0.005,0.035,-5,1091
50,0.01,0.0001,0.0005,0.005,0.045,-9,1092
50,0.01,0.0001,0.0025,0.01,0.02,-9,1093
50,0.01,0.0001,0.0025,0.01,0.027,-9,1094
50,0.01,0.0001,0.0025,0.01,0.035,-6,1095
50,0.01,0.0001,0.0025,0.01,0.045,-11,1096
50,0.01,0.0001,0.0025,0.0,0.02,-11,1097
50,0.01,0.0001,0.0025,0.0,0.027,-8,1098
50,0.01,0.0001,0.0025,0.0,0.035,-9,1099
50,0.01,0.0001,0.0025,0.0,0.045,-9,1100
50,0.01,0.0001,0.0025,0.005,0.02,-11,1101
50,0.01,0.0001,0.0025,0.005,0.027,-11,1102
50,0.01,0.0001,0.0025,0.005,0.035,-11,1103
50,0.01,0.0001,0.0025,0.005,0.045,-6,1104
50,0.01,0.0001,0.001,0.01,0.02,-9,1105
50,0.01,0.0001,0.001,0.01,0.027,-12,1106
50,0.01,0.0001,0.001,0.01,0.035,-9,1107
50,0.01,0.0001,0.001,0.01,0.045,-6,1108
50,0.01,0.0001,0.001,0.0,0.02,-9,1109
50,0.01,0.0001,0.001,0.0,0.027,-6,1110
50,0.01,0.0001,0.001,0.0,0.035,-12,1111
50,0.01,0.0001,0.001,0.0,0.045,-12,1112
50,0.01,0.0001,0.001,0.005,0.02,-9,1113
50,0.01,0.0001,0.001,0.005,0.027,-9,1114
50,0.01,0.0001,0.001,0.005,0.035,-3,1115
50,0.01,0.0001,0.001,0.005,0.045,-9,1116
50,0.01,0.0005,0.0005,0.01,0.02,2,1117
50,0.01,0.0005,0.0005,0.01,0.027,-4,1118
50,0.01,0.0005,0.0005,0.01,0.035,-3,1119
50,0.01,0.0005,0.0005,0.01,0.045,-7,1120
50,0.01,0.0005,0.0005,0.0,0.02,-3,1121
50,0.01,0.0005,0.0005,0.0,0.027,-2,1122
50,0.01,0.0005,0.0005,0.0,0.035,1,1123
50,0.01,0.0005,0.0005,0.0,0.045,-7,1124
50,0.01,0.0005,0.0005,0.005,0.02,-9,1125
50,0.01,0.0005,0.0005,0.005,0.027,-3,1126
50,0.01,0.0005,0.0005,0.005,0.035,1,1127
50,0.01,0.0005,0.0005,0.005,0.045,1,1128
50,0.01,0.0005,0.0025,0.01,0.02,-6,1129
50,0.01,0.0005,0.0025,0.01,0.027,-9,1130
50,0.01,0.0005,0.0025,0.01,0.035,-13,1131
50,0.01,0.0005,0.0025,0.01,0.045,-12,1132
50,0.01,0.0005,0.0025,0.0,0.02,-7,1133
50,0.01,0.0005,0.0025,0.0,0.027,-9,1134
50,0.01,0.0005,0.0025,0.0,0.035,-4,1135
50,0.01,0.0005,0.0025,0.0,0.045,-7,1136
50,0.01,0.0005,0.0025,0.005,0.02,-9,1137
50,0.01,0.0005,0.0025,0.005,0.027,-9,1138
50,0.01,0.0005,0.0025,0.005,0.035,-12,1139
50,0.01,0.0005,0.0025,0.005,0.045,-4,1140
50,0.01,0.0005,0.001,0.01,0.02,-3,1141
50,0.01,0.0005,0.001,0.01,0.027,-11,1142
50,0.01,0.0005,0.001,0.01,0.035,-9,1143
50,0.01,0.0005,0.001,0.01,0.045,-3,1144
50,0.01,0.0005,0.001,0.0,0.02,-11,1145
50,0.01,0.0005,0.001,0.0,0.027,-11,1146
50,0.01,0.0005,0.001,0.0,0.035,-3,1147
50,0.01,0.0005,0.001,0.0,0.045,-5,1148
50,0.01,0.0005,0.001,0.005,0.02,-7,1149
50,0.01,0.0005,0.001,0.005,0.027,-11,1150
50,0.01,0.0005,0.001,0.005,0.035,-9,1151
50,0.01,0.0005,0.001,0.005,0.045,-7,1152
50,0.01,0.002,0.0005,0.01,0.02,5,1153
50,0.01,0.002,0.0005,0.01,0.027,6,1154
50,0.01,0.002,0.0005,0.01,0.035,8,1155
50,0.01,0.002,0.0005,0.01,0.045,7,1156
50,0.01,0.002,0.0005,0.0,0.02,7,1157
50,0.01,0.002,0.0005,0.0,0.027,6,1158
50,0.01,0.002,0.0005,0.0,0.035,6,1159
50,0.01,0.002,0.0005,0.0,0.045,8,1160
50,0.01,0.002,0.0005,0.005,0.02,7,1161
50,0.01,0.002,0.0005,0.005,0.027,7,1162
50,0.01,0.002,0.0005,0.005,0.035,8,1163
50,0.01,0.002,0.0005,0.005,0.045,6,1164
50,0.01,0.002,0.0025,0.01,0.02,-2,1165
50,0.01,0.002,0.0025,0.01,0.027,-7,1166
50,0.01,0.002,0.0025,0.01,0.035,-8,1167
50,0.01,0.002,0.0025,0.01,0.045,0,1168
50,0.01,0.002,0.0025,0.0,0.02,-1,1169
50,0.01,0.002,0.0025,0.0,0.027,-7,1170
50,0.01,0.002,0.0025,0.0,0.035,-1,1171
50,0.01,0.002,0.0025,0.0,0.045,0,1172
50,0.01,0.002,0.0025,0.005,0.02,-7,1173
50,0.01,0.002,0.0025,0.005,0.027,-4,1174
50,0.01,0.002,0.0025,0.005,0.035,-4,1175
50,0.01,0.002,0.0025,0.005,0.045,-4,1176
50,0.01,0.002,0.001,0.01,0.02,-2,1177
50,0.01,0.002,0.001,0.01,0.027,6,1178
50,0.01,0.002,0.001,0.01,0.035,5,1179
50,0.01,0.002,0.001,0.01,0.045,6,1180
50,0.01,0.002,0.001,0.0,0.02,6,1181
50,0.01,0.002,0.001,0.0,0.027,7,1182
50,0.01,0.002,0.001,0.0,0.035,5,1183
50,0.01,0.002,0.001,0.0,0.045,6,1184
50,0.01,0.002,0.001,0.005,0.02,7,1185
50,0.01,0.002,0.001,0.005,0.027,6,1186
50,0.01,0.002,0.001,0.005,0.035,7,1187
50,0.01,0.002,0.001,0.005,0.045,7,1188
50,0.05,0.0001,0.0005,0.01,0.02,-10,1189
50,0.05,0.0001,0.0005,0.01,0.027,-11,1190
50,0.05,0.0001,0.0005,0.01,0.035,-5,1191
50,0.05,0.0001,0.0005,0.01,0.045,-5,1192
50,0.05,0.0001,0.0005,0.0,0.02,-9,1193
50,0.05,0.0001,0.0005,0.0,0.027,-9,1194
50,0.05,0.0001,0.0005,0.0,0.035,-9,1195
50,0.05,0.0001,0.0005,0.0,0.045,-9,1196
50,0.05,0.0001,0.0005,0.005,0.02,-5,1197
50,0.05,0.0001,0.0005,0.005,0.027,-10,1198
50,0.05,0.0001,0.0005,0.005,0.035,-5,1199
50,0.05,0.0001,0.0005,0.005,0.045,-5,1200
50,0.05,0.0001,0.0025,0.01,0.02,-11,1201
50,0.05,0.0001,0.0025,0.01,0.027,-9,1202
50,0.05,0.0001,0.0025,0.01,0.035,-11,1203
50,0.05,0.0001,0.0025,0.01,0.045,-6,1204
50,0.05,0.0001,0.0025,0.0,0.02,-7,1205
50,0.05,0.0001,0.0025,0.0,0.027,-10,1206
50,0.05,0.0001,0.0025,0.0,0.035,-9,1207
50,0.05,0.0001,0.0025,0.0,0.045,-6,1208
50,0.05,0.0001,0.0025,0.005,0.02,-7,1209
50,0.05,0.0001,0.0025,0.005,0.027,-9,1210
50,0.05,0.0001,0.0025,0.005,0.035,-11,1211
50,0.05,0.0001,0.0025,0.005,0.045,-6,1212
50,0.05,0.0001,0.001,0.01,0.02,-7,1213
50,0.05,0.0001,0.001,0.01,0.027,-10,1214
50,0.05,0.0001,0.001,0.01,0.035,-6,1215
50,0.05,0.0001,0.001,0.01,0.045,-10,1216
50,0.05,0.0001,0.001,0.0,0.02,-7,1217
50,0.05,0.0001,0.001,0.0,0.027,-9,1218
50,0.05,0.0001,0.001,0.0,0.035,-11,1219
50,0.05,0.0001,0.001,0.0,0.045,-10,1220
50,0.05,0.0001,0.001,0.005,0.02,-5,1221
50,0.05,0.0001,0.001,0.005,0.027,-11,1222
50,0.05,0.0001,0.001,0.005,0.035,-11,1223
50,0.05,0.0001,0.001,0.005,0.045,-6,1224
50,0.05,0.0005,0.0005,0.01,0.02,2,1225
50,0.05,0.0005,0.0005,0.01,0.027,0,1226
50,0.05,0.0005,0.0005,0.01,0.035,2,1227
50,0.05,0.0005,0.0005,0.01,0.045,3,1228
50,0.05,0.0005,0.0005,0.0,0.02,0,1229
50,0.05,0.0005,0.0005,0.0,0.027,1,1230
50,0.05,0.0005,0.0005,0.0,0.035,3,1231
50,0.05,0.0005,0.0005,0.0,0.045,2,1232
50,0.05,0.0005,0.0005,0.005,0.02,2,1233
50,0.05,0.0005,0.0005,0.005,0.027,-3,1234
50,0.05,0.0005,0.0005,0.005,0.035,0,1235
50,0.05,0.0005,0.0005,0.005,0.045,-4,1236
50,0.05,0.0005,0.0025,0.01,0.02,-11,1237
50,0.05,0.0005,0.0025,0.01,0.027,-4,1238
50,0.05,0.0005,0.0025,0.01,0.035,-12,1239
50,0.05,0.0005,0.0025,0.01,0.045,-10,1240
50,0.05,0.0005,0.0025,0.0,0.02,-10,1241
50,0.05,0.0005,0.0025,0.0,0.027,-11,1242
50,0.05,0.0005,0.0025,0.0,0.035,-10,1243
50,0.05,0.0005,0.0025,0.0,0.045,-2,1244
50,0.05,0.0005,0.0025,0.005,0.02,-10,1245
50,0.05,0.0005,0.0025,0.005,0.027,-3,1246
50,0.05,0.0005,0.0025,0.005,0.035,-6,1247
50,0.05,0.0005,0.0025,0.005,0.045,-6,1248
50,0.05,0.0005,0.001,0.01,0.02,-7,1249
50,0.05,0.0005,0.001,0.01,0.027,-7,1250
50,0.05,0.0005,0.001,0.01,0.035,2,1251
50,0.05,0.0005,0.001,0.01,0.045,5,1252
50,0.05,0.0005,0.001,0.0,0.02,3,1253
50,0.05,0.0005,0.001,0.0,0.027,0,1254
50,0.05,0.0005,0.001,0.0,0.035,5,1255
50,0.05,0.0005,0.001,0.0,0.045,2,1256
50,0.05,0.0005,0.001,0.005,0.02,-7,1257
50,0.05,0.0005,0.001,0.005,0.027,3,1258
50,0.05,0.0005,0.001,0.005,0.035,-6,1259
50,0.05,0.0005,0.001,0.005,0.045,-2,1260
50,0.05,0.002,0.0005,0.01,0.02,6,1261
50,0.05,0.002,0.0005,0.01,0.027,4,1262
50,0.05,0.002,0.0005,0.01,0.035,6,1263
50,0.05,0.002,0.0005,0.01,0.045,6,1264
50,0.05,0.002,0.0005,0.0,0.02,5,1265
50,0.05,0.002,0.0005,0.0,0.027,6,1266
50,0.05,0.002,0.0005,0.0,0.035,6,1267
50,0.05,0.002,0.0005,0.0,0.045,5,1268
50,0.05,0.002,0.0005,0.005,0.02,5,1269
50,0.05,0.002,0.0005,0.005,0.027,6,1270
50,0.05,0.002,0.0005,0.005,0.035,6,1271
50,0.05,0.002,0.0005,0.005,0.045,4,1272
50,0.05,0.002,0.0025,0.01,0.02,6,1273
50,0.05,0.002,0.0025,0.01,0.027,5,1274
50,0.05,0.002,0.0025,0.01,0.035,6,1275
50,0.05,0.002,0.0025,0.01,0.045,6,1276
50,0.05,0.002,0.0025,0.0,0.02,6,1277
50,0.05,0.002,0.0025,0.0,0.027,6,1278
50,0.05,0.002,0.0025,0.0,0.035,5,1279
50,0.05,0.002,0.0025,0.0,0.045,7,1280
50,0.05,0.002,0.0025,0.005,0.02,7,1281
50,0.05,0.002,0.0025,0.005,0.027,5,1282
50,0.05,0.002,0.0025,0.005,0.035,6,1283
50,0.05,0.002,0.0025,0.005,0.045,6,1284
50,0.05,0.002,0.001,0.01,0.02,7,1285
50,0.05,0.002,0.001,0.01,0.027,6,1286
50,0.05,0.002,0.001,0.01,0.035,5,1287
50,0.05,0.002,0.001,0.01,0.045,6,1288
50,0.05,0.002,0.001,0.0,0.02,6,1289
50,0.05,0.002,0.001,0.0,0.027,6,1290
50,0.05,0.002,0.001,0.0,0.035,5,1291
50,0.05,0.002,0.001,0.0,0.045,6,1292
50,0.05,0.002,0.001,0.005,0.02,5,1293
50,0.05,0.002,0.001,0.005,0.027,6,1294
50,0.05,0.002,0.001,0.005,0.035,6,1295
50,0.05,0.002,0.001,0.005,0.045,6,1296
30,0.005,0.0001,0.0005,0.01,0.02,-7,1
30,0.005,0.0001,0.0005,0.01,0.027,-7,2
30,0.005,0.0001,0.0005,0.01,0.035,-7,3
30,0.005,0.0001,0.0005,0.01,0.045,-7,4
30,0.005,0.0001,0.0005,0.0,0.02,-7,5
30,0.005,0.0001,0.0005,0.0,0.027,-7,6
30,0.005,0.0001,0.0005,0.0,0.035,-7,7
30,0.005,0.0001,0.0005,0.0,0.045,-7,8
30,0.005,0.0001,0.0005,0.005,0.02,-7,9
30,0.005,0.0001,0.0005,0.005,0.027,-7,10
30,0.005,0.0001,0.0005,0.005,0.035,-7,11
30,0.005,0.0001,0.0005,0.005,0.045,-7,12
30,0.005,0.0001,0.0025,0.01,0.02,-7,13
30,0.005,0.0001,0.0025,0.01,0.027,-7,14
30,0.005,0.0001,0.0025,0.01,0.035,-7,15
30,0.005,0.0001,0.0025,0.01,0.045,-7,16
30,0.005,0.0001,0.0025,0.0,0.02,-9,17
30,0.005,0.0001,0.0025,0.0,0.027,-9,18
30,0.005,0.0001,0.0025,0.0,0.035,-9,19
30,0.005,0.0001,0.0025,0.0,0.045,-9,20
30,0.005,0.0001,0.0025,0.005,0.02,-9,21
30,0.005,0.0001,0.0025,0.005,0.027,-9,22
30,0.005,0.0001,0.0025,0.005,0.035,-9,23
30,0.005,0.0001,0.0025,0.005,0.045,-9,24
30,0.005,0.0001,0.001,0.01,0.02,-9,25
30,0.005,0.0001,0.001,0.01,0.027,-9,26
30,0.005,0.0001,0.001,0.01,0.035,-9,27
30,0.005,0.0001,0.001,0.01,0.045,-9,28
30,0.005,0.0001,0.001,0.0,0.02,-9,29
30,0.005,0.0001,0.001,0.0,0.027,-9,30
30,0.005,0.0001,0.001,0.0,0.035,-9,31
30,0.005,0.0001,0.001,0.0,0.045,-9,32
30,0.005,0.0001,0.001,0.005,0.02,-12,33
30,0.005,0.0001,0.001,0.005,0.027,-11,34
30,0.005,0.0001,0.001,0.005,0.035,-11,35
30,0.005,0.0001,0.001,0.005,0.045,-11,36
30,0.005,0.0005,0.0005,0.01,0.02,-12,37
30,0.005,0.0005,0.0005,0.01,0.027,-12,38
30,0.005,0.0005,0.0005,0.01,0.035,-12,39
30,0.005,0.0005,0.0005,0.01,0.045,-12,40
30,0.005,0.0005,0.0005,0.0,0.02,-12,41
30,0.005,0.0005,0.0005,0.0,0.027,-11,42
30,0.005,0.0005,0.0005,0.0,0.035,-2,43
30,0.005,0.0005,0.0005,0.0,0.045,-7,44
30,0.005,0.0005,0.0005,0.005,0.02,-11,45
30,0.005,0.0005,0.0005,0.005,0.027,-11,46
30,0.005,0.0005,0.0005,0.005,0.035,-9,47
30,0.005,0.0005,0.0005,0.005,0.045,-6,48
30,0.005,0.0005,0.0025,0.01,0.02,-7,49
30,0.005,0.0005,0.0025,0.01,0.027,-7,50
30,0.005,0.0005,0.0025,0.01,0.035,-7,51
30,0.005,0.0005,0.0025,0.01,0.045,-7,52
30,0.005,0.0005,0.0025,0.0,0.02,-7,53
30,0.005,0.0005,0.0025,0.0,0.027,-12,54
30,0.005,0.0005,0.0025,0.0,0.035,-7,55
30,0.005,0.0005,0.0025,0.0,0.045,-7,56
30,0.005,0.0005,0.0025,0.005,0.02,-7,57
30,0.005,0.0005,0.0025,0.005,0.027,-7,58
30,0.005,0.0005,0.0025,0.005,0.035,-7,59
30,0.005,0.0005,0.0025,0.005,0.045,-9,60
30,0.005,0.0005,0.001,0.01,0.02,-9,61
30,0.005,0.0005,0.001,0.01,0.027,-7,62
30,0.005,0.0005,0.001,0.01,0.035,-7,63
30,0.005,0.0005,0.001,0.01,0.045,-9,64
30,0.005,0.0005,0.001,0.0,0.02,-9,65
30,0.005,0.0005,0.001,0.0,0.027,-7,66
30,0.005,0.0005,0.001,0.0,0.035,-9,67
30,0.005,0.0005,0.001,0.0,0.045,-7,68
30,0.005,0.0005,0.001,0.005,0.02,-9,69
30,0.005,0.0005,0.001,0.005,0.027,-9,70
30,0.005,0.0005,0.001,0.005,0.035,-7,71
30,0.005,0.0005,0.001,0.005,0.045,-9,72
30,0.005,0.002,0.0005,0.01,0.02,-12,73
30,0.005,0.002,0.0005,0.01,0.027,-10,74
30,0.005,0.002,0.0005,0.01,0.035,-4,75
30,0.005,0.002,0.0005,0.01,0.045,-6,76
30,0.005,0.002,0.0005,0.0,0.02,4,77
30,0.005,0.002,0.0005,0.0,0.027,6,78
30,0.005,0.002,0.0005,0.0,0.035,5,79
30,0.005,0.002,0.0005,0.0,0.045,6,80
30,0.005,0.002,0.0005,0.005,0.02,-2,81
30,0.005,0.002,0.0005,0.005,0.027,6,82
30,0.005,0.002,0.0005,0.005,0.035,6,83
30,0.005,0.002,0.0005,0.005,0.045,6,84
30,0.005,0.002,0.0025,0.01,0.02,-7,85
30,0.005,0.002,0.0025,0.01,0.027,-10,86
30,0.005,0.002,0.0025,0.01,0.035,-4,87
30,0.005,0.002,0.0025,0.01,0.045,-4,88
30,0.005,0.002,0.0025,0.0,0.02,-10,89
30,0.005,0.002,0.0025,0.0,0.027,-5,90
30,0.005,0.002,0.0025,0.0,0.035,-5,91
30,0.005,0.002,0.0025,0.0,0.045,-4,92
30,0.005,0.002,0.0025,0.005,0.02,-4,93
30,0.005,0.002,0.0025,0.005,0.027,-5,94
30,0.005,0.002,0.0025,0.005,0.035,-6,95
30,0.005,0.002,0.0025,0.005,0.045,-4,96
30,0.005,0.002,0.001,0.01,0.02,-9,97
30,0.005,0.002,0.001,0.01,0.027,3,98
30,0.005,0.002,0.001,0.01,0.035,0,99
30,0.005,0.002,0.001,0.01,0.045,5,100
30,0.005,0.002,0.001,0.0,0.02,-1,101
30,0.005,0.002,0.001,0.0,0.027,3,102
30,0.005,0.002,0.001,0.0,0.035,4,103
30,0.005,0.002,0.001,0.0,0.045,4,104
30,0.005,0.002,0.001,0.005,0.02,-9,105
30,0.005,0.002,0.001,0.005,0.027,-3,106
30,0.005,0.002,0.001,0.005,0.035,5,107
30,0.005,0.002,0.001,0.005,0.045,5,108
30,0.001,0.0001,0.0005,0.01,0.02,-10,109
30,0.001,0.0001,0.0005,0.01,0.027,-10,110
30,0.001,0.0001,0.0005,0.01,0.035,-14,111
30,0.001,0.0001,0.0005,0.01,0.045,-14,112
30,0.001,0.0001,0.0005,0.0,0.02,-10,113
30,0.001,0.0001,0.0005,0.0,0.027,-10,114
30,0.001,0.0001,0.0005,0.0,0.035,-11,115
30,0.001,0.0001,0.0005,0.0,0.045,-14,116
30,0.001,0.0001,0.0005,0.005,0.02,-10,117
30,0.001,0.0001,0.0005,0.005,0.027,-14,118
30,0.001,0.0001,0.0005,0.005,0.035,-10,119
30,0.001,0.0001,0.0005,0.005,0.045,-5,120
30,0.001,0.0001,0.0025,0.01,0.02,-10,121
30,0.001,0.0001,0.0025,0.01,0.027,-14,122
30,0.001,0.0001,0.0025,0.01,0.035,-10,123
30,0.001,0.0001,0.0025,0.01,0.045,-10,124
30,0.001,0.0001,0.0025,0.0,0.02,-14,125
30,0.001,0.0001,0.0025,0.0,0.027,-5,126
30,0.001,0.0001,0.0025,0.0,0.035,-10,127
30,0.001,0.0001,0.0025,0.0,0.045,-5,128
30,0.001,0.0001,0.0025,0.005,0.02,-14,129
30,0.001,0.0001,0.0025,0.005,0.027,-10,130
30,0.001,0.0001,0.0025,0.005,0.035,-10,131
30,0.001,0.0001,0.0025,0.005,0.045,-10,132
30,0.001,0.0001,0.001,0.01,0.02,-14,133
30,0.001,0.0001,0.001,0.01,0.027,-14,134
30,0.001,0.0001,0.001,0.01,0.035,-10,135
30,0.001,0.0001,0.001,0.01,0.045,-14,136
30,0.001,0.0001,0.001,0.0,0.02,-10,137
30,0.001,0.0001,0.001,0.0,0.027,-10,138
30,0.001,0.0001,0.001,0.0,0.035,-10,139
30,0.001,0.0001,0.001,0.0,0.045,-10,140
30,0.001,0.0001,0.001,0.005,0.02,-14,141
30,0.001,0.0001,0.001,0.005,0.027,-10,142
30,0.001,0.0001,0.001,0.005,0.035,-5,143
30,0.001,0.0001,0.001,0.005,0.045,-5,144
30,0.001,0.0005,0.0005,0.01,0.02,-10,145
30,0.001,0.0005,0.0005,0.01,0.027,-14,146
30,0.001,0.0005,0.0005,0.01,0.035,-5,147
30,0.001,0.0005,0.0005,0.01,0.045,-5,148
30,0.001,0.0005,0.0005,0.0,0.02,-10,149
30,0.001,0.0005,0.0005,0.0,0.027,-5,150
30,0.001,0.0005,0.0005,0.0,0.035,-10,151
30,0.001,0.0005,0.0005,0.0,0.045,-5,152
30,0.001,0.0005,0.0005,0.005,0.02,-5,153
30,0.001,0.0005,0.0005,0.005,0.027,-11,154
30,0.001,0.0005,0.0005,0.005,0.035,-14,155
30,0.001,0.0005,0.0005,0.005,0.045,-5,156
30,0.001,0.0005,0.0025,0.01,0.02,-10,157
30,0.001,0.0005,0.0025,0.01,0.027,-10,158
30,0.001,0.0005,0.0025,0.01,0.035,-5,159
30,0.001,0.0005,0.0025,0.01,0.045,-11,160
30,0.001,0.0005,0.0025,0.0,0.02,-5,161
30,0.001,0.0005,0.0025,0.0,0.027,-10,162
30,0.001,0.0005,0.0025,0.0,0.035,-11,163
30,0.001,0.0005,0.0025,0.0,0.045,-10,164
30,0.001,0.0005,0.0025,0.005,0.02,-10,165
30,0.001,0.0005,0.0025,0.005,0.027,-10,166
30,0.001,0.0005,0.0025,0.005,0.035,-10,167
30,0.001,0.0005,0.0025,0.005,0.045,-5,168
30,0.001,0.0005,0.001,0.01,0.02,-10,169
30,0.001,0.0005,0.001,0.01,0.027,-10,170
30,0.001,0.0005,0.001,0.01,0.035,-10,171
30,0.001,0.0005,0.001,0.01,0.045,-5,172
30,0.001,0.0005,0.001,0.0,0.02,-11,173
30,0.001,0.0005,0.001,0.0,0.027,-10,174
30,0.001,0.0005,0.001,0.0,0.035,-11,175
30,0.001,0.0005,0.001,0.0,0.045,-10,176
30,0.001,0.0005,0.001,0.005,0.02,-10,177
30,0.001,0.0005,0.001,0.005,0.027,-10,178
30,0.001,0.0005,0.001,0.005,0.035,-11,179
30,0.001,0.0005,0.001,0.005,0.045,-10,180
30,0.001,0.002,0.0005,0.01,0.02,-10,181
30,0.001,0.002,0.0005,0.01,0.027,-11,182
30,0.001,0.002,0.0005,0.01,0.035,-11,183
30,0.001,0.002,0.0005,0.01,0.045,-10,184
30,0.001,0.002,0.0005,0.0,0.02,-7,185
30,0.001,0.002,0.0005,0.0,0.027,-8,186
30,0.001,0.002,0.0005,0.0,0.035,-2,187
30,0.001,0.002,0.0005,0.0,0.045,-3,188
30,0.001,0.002,0.0005,0.005,0.02,-10,189
30,0.001,0.002,0.0005,0.005,0.027,-10,190
30,0.001,0.002,0.0005,0.005,0.035,-11,191
30,0.001,0.002,0.0005,0.005,0.045,-8,192
30,0.001,0.002,0.0025,0.01,0.02,-5,193
30,0.001,0.002,0.0025,0.01,0.027,-5,194
30,0.001,0.002,0.0025,0.01,0.035,-11,195
30,0.001,0.002,0.0025,0.01,0.045,-10,196
30,0.001,0.002,0.0025,0.0,0.02,-10,197
30,0.001,0.002,0.0025,0.0,0.027,-10,198
30,0.001,0.002,0.0025,0.0,0.035,-11,199
30,0.001,0.002,0.0025,0.0,0.045,-10,200
30,0.001,0.002,0.0025,0.005,0.02,-10,201
30,0.001,0.002,0.0025,0.005,0.027,-11,202
30,0.001,0.002,0.0025,0.005,0.035,-10,203
30,0.001,0.002,0.0025,0.005,0.045,-9,204
30,0.001,0.002,0.001,0.01,0.02,-10,205
30,0.001,0.002,0.001,0.01,0.027,-9,206
30,0.001,0.002,0.001,0.01,0.035,-9,207
30,0.001,0.002,0.001,0.01,0.045,-10,208
30,0.001,0.002,0.001,0.0,0.02,-10,209
30,0.001,0.002,0.001,0.0,0.027,-9,210
30,0.001,0.002,0.001,0.0,0.035,-6,211
30,0.001,0.002,0.001,0.0,0.045,-7,212
30,0.001,0.002,0.001,0.005,0.02,-10,213
30,0.001,0.002,0.001,0.005,0.027,-6,214
30,0.001,0.002,0.001,0.005,0.035,-9,215
30,0.001,0.002,0.001,0.005,0.045,-10,216
30,0.01,0.0001,0.0005,0.01,0.02,-10,217
30,0.01,0.0001,0.0005,0.01,0.027,-10,218
30,0.01,0.0001,0.0005,0.01,0.035,-10,219
30,0.01,0.0001,0.0005,0.01,0.045,-5,220
30,0.01,0.0001,0.0005,0.0,0.02,-10,221
30,0.01,0.0001,0.0005,0.0,0.027,-7,222
30,0.01,0.0001,0.0005,0.0,0.035,-10,223
30,0.01,0.0001,0.0005,0.0,0.045,-5,224
30,0.01,0.0001,0.0005,0.005,0.02,-5,225
30,0.01,0.0001,0.0005,0.005,0.027,-5,226
30,0.01,0.0001,0.0005,0.005,0.035,-8,227
30,0.01,0.0001,0.0005,0.005,0.045,-11,228
30,0.01,0.0001,0.0025,0.01,0.02,-9,229
30,0.01,0.0001,0.0025,0.01,0.027,-5,230
30,0.01,0.0001,0.0025,0.01,0.035,-10,231
30,0.01,0.0001,0.0025,0.01,0.045,-5,232
30,0.01,0.0001,0.0025,0.0,0.02,-5,233
30,0.01,0.0001,0.0025,0.0,0.027,-10,234
30,0.01,0.0001,0.0025,0.0,0.035,-5,235
30,0.01,0.0001,0.0025,0.0,0.045,-12,236
30,0.01,0.0001,0.0025,0.005,0.02,-9,237
30,0.01,0.0001,0.0025,0.005,0.027,-10,238
30,0.01,0.0001,0.0025,0.005,0.035,-7,239
30,0.01,0.0001,0.0025,0.005,0.045,-8,240
30,0.01,0.0001,0.001,0.01,0.02,-9,241
30,0.01,0.0001,0.001,0.01,0.027,-5,242
30,0.01,0.0001,0.001,0.01,0.035,-8,243
30,0.01,0.0001,0.001,0.01,0.045,-7,244
30,0.01,0.0001,0.001,0.0,0.02,-9,245
30,0.01,0.0001,0.001,0.0,0.027,-8,246
30,0.01,0.0001,0.001,0.0,0.035,-10,247
30,0.01,0.0001,0.001,0.0,0.045,-7,248
30,0.01,0.0001,0.001,0.005,0.02,-10,249
30,0.01,0.0001,0.001,0.005,0.027,-8,250
30,0.01,0.0001,0.001,0.005,0.035,-5,251
30,0.01,0.0001,0.001,0.005,0.045,-8,252
30,0.01,0.0005,0.0005,0.01,0.02,-7,253
30,0.01,0.0005,0.0005,0.01,0.027,-7,254
30,0.01,0.0005,0.0005,0.01,0.035,-5,255
30,0.01,0.0005,0.0005,0.01,0.045,-9,256
30,0.01,0.0005,0.0005,0.0,0.02,-10,257
30,0.01,0.0005,0.0005,0.0,0.027,-3,258
30,0.01,0.0005,0.0005,0.0,0.035,3,259
30,0.01,0.0005,0.0005,0.0,0.045,-6,260
30,0.01,0.0005,0.0005,0.005,0.02,-11,261
30,0.01,0.0005,0.0005,0.005,0.027,-5,262
30,0.01,0.0005,0.0005,0.005,0.035,1,263
30,0.01,0.0005,0.0005,0.005,0.045,-6,264
30,0.01,0.0005,0.0025,0.01,0.02,-7,265
30,0.01,0.0005,0.0025,0.01,0.027,-10,266
30,0.01,0.0005,0.0025,0.01,0.035,-9,267
30,0.01,0.0005,0.0025,0.01,0.045,-9,268
30,0.01,0.0005,0.0025,0.0,0.02,-12,269
30,0.01,0.0005,0.0025,0.0,0.027,-11,270
30,0.01,0.0005,0.0025,0.0,0.035,-10,271
30,0.01,0.0005,0.0025,0.0,0.045,-10,272
30,0.01,0.0005,0.0025,0.005,0.02,-12,273
30,0.01,0.0005,0.0025,0.005,0.027,-6,274
30,0.01,0.0005,0.0025,0.005,0.035,-9,275
30,0.01,0.0005,0.0025,0.005,0.045,-7,276
30,0.01,0.0005,0.001,0.01,0.02,-12,277
30,0.01,0.0005,0.001,0.01,0.027,-7,278
30,0.01,0.0005,0.001,0.01,0.035,-9,279
30,0.01,0.0005,0.001,0.01,0.045,-6,280
30,0.01,0.0005,0.001,0.0,0.02,-7,281
30,0.01,0.0005,0.001,0.0,0.027,-11,282
30,0.01,0.0005,0.001,0.0,0.035,-9,283
30,0.01,0.0005,0.001,0.0,0.045,0,284
30,0.01,0.0005,0.001,0.005,0.02,-11,285
30,0.01,0.0005,0.001,0.005,0.027,-11,286
30,0.01,0.0005,0.001,0.005,0.035,-1,287
30,0.01,0.0005,0.001,0.005,0.045,-1,288
30,0.01,0.002,0.0005,0.01,0.02,-6,289
30,0.01,0.002,0.0005,0.01,0.027,-8,290
30,0.01,0.002,0.0005,0.01,0.035,-4,291
30,0.01,0.002,0.0005,0.01,0.045,0,292
30,0.01,0.002,0.0005,0.0,0.02,6,293
30,0.01,0.002,0.0005,0.0,0.027,8,294
30,0.01,0.002,0.0005,0.0,0.035,5,295
30,0.01,0.002,0.0005,0.0,0.045,6,296
30,0.01,0.002,0.0005,0.005,0.02,8,297
30,0.01,0.002,0.0005,0.005,0.027,8,298
30,0.01,0.002,0.0005,0.005,0.035,5,299
30,0.01,0.002,0.0005,0.005,0.045,8,300
30,0.01,0.002,0.0025,0.01,0.02,-10,301
30,0.01,0.002,0.0025,0.01,0.027,-4,302
30,0.01,0.002,0.0025,0.01,0.035,2,303
30,0.01,0.002,0.0025,0.01,0.045,2,304
30,0.01,0.002,0.0025,0.0,0.02,-7,305
30,0.01,0.002,0.0025,0.0,0.027,-4,306
30,0.01,0.002,0.0025,0.0,0.035,0,307
30,0.01,0.002,0.0025,0.0,0.045,2,308
30,0.01,0.002,0.0025,0.005,0.02,-4,309
30,0.01,0.002,0.0025,0.005,0.027,0,310
30,0.01,0.002,0.0025,0.005,0.035,-2,311
30,0.01,0.002,0.0025,0.005,0.045,0,312
30,0.01,0.002,0.001,0.01,0.02,0,313
30,0.01,0.002,0.001,0.01,0.027,5,314
30,0.01,0.002,0.001,0.01,0.035,6,315
30,0.01,0.002,0.001,0.01,0.045,8,316
30,0.01,0.002,0.001,0.0,0.02,2,317
30,0.01,0.002,0.001,0.0,0.027,5,318
30,0.01,0.002,0.001,0.0,0.035,6,319
30,0.01,0.002,0.001,0.0,0.045,6,320
30,0.01,0.002,0.001,0.005,0.02,0,321
30,0.01,0.002,0.001,0.005,0.027,5,322
30,0.01,0.002,0.001,0.005,0.035,6,323
30,0.01,0.002,0.001,0.005,0.045,5,324
30,0.05,0.0001,0.0005,0.01,0.02,-11,325
30,0.05,0.0001,0.0005,0.01,0.027,-13,326
30,0.05,0.0001,0.0005,0.01,0.035,-13,327
30,0.05,0.0001,0.0005,0.01,0.045,-6,328
30,0.05,0.0001,0.0005,0.0,0.02,-9,329
30,0.05,0.0001,0.0005,0.0,0.027,-13,330
30,0.05,0.0001,0.0005,0.0,0.035,-12,331
30,0.05,0.0001,0.0005,0.0,0.045,1,332
30,0.05,0.0001,0.0005,0.005,0.02,0,333
30,0.05,0.0001,0.0005,0.005,0.027,-5,334
30,0.05,0.0001,0.0005,0.005,0.035,-10,335
30,0.05,0.0001,0.0005,0.005,0.045,-9,336
30,0.05,0.0001,0.0025,0.01,0.02,-6,337
30,0.05,0.0001,0.0025,0.01,0.027,-13,338
30,0.05,0.0001,0.0025,0.01,0.035,-12,339
30,0.05,0.0001,0.0025,0.01,0.045,-12,340
30,0.05,0.0001,0.0025,0.0,0.02,-13,341
30,0.05,0.0001,0.0025,0.0,0.027,-12,342
30,0.05,0.0001,0.0025,0.0,0.035,-13,343
30,0.05,0.0001,0.0025,0.0,0.045,-12,344
30,0.05,0.0001,0.0025,0.005,0.02,-12,345
30,0.05,0.0001,0.0025,0.005,0.027,-12,346
30,0.05,0.0001,0.0025,0.005,0.035,-9,347
30,0.05,0.0001,0.0025,0.005,0.045,-6,348
30,0.05,0.0001,0.001,0.01,0.02,-9,349
30,0.05,0.0001,0.001,0.01,0.027,-6,350
30,0.05,0.0001,0.001,0.01,0.035,-11,351
30,0.05,0.0001,0.001,0.01,0.045,-12,352
30,0.05,0.0001,0.001,0.0,0.02,-6,353
30,0.05,0.0001,0.001,0.0,0.027,-12,354
30,0.05,0.0001,0.001,0.0,0.035,-9,355
30,0.05,0.0001,0.001,0.0,0.045,-9,356
30,0.05,0.0001,0.001,0.005,0.02,-6,357
30,0.05,0.0001,0.001,0.005,0.027,-6,358
30,0.05,0.0001,0.001,0.005,0.035,-9,359
30,0.05,0.0001,0.001,0.005,0.045,-11,360
30,0.05,0.0005,0.0005,0.01,0.02,-9,361
30,0.05,0.0005,0.0005,0.01,0.027,-9,362
30,0.05,0.0005,0.0005,0.01,0.035,-6,363
30,0.05,0.0005,0.0005,0.01,0.045,-8,364
30,0.05,0.0005,0.0005,0.0,0.02,1,365
30,0.05,0.0005,0.0005,0.0,0.027,1,366
30,0.05,0.0005,0.0005,0.0,0.035,1,367
30,0.05,0.0005,0.0005,0.0,0.045,-1,368
30,0.05,0.0005,0.0005,0.005,0.02,1,369
30,0.05,0.0005,0.0005,0.005,0.027,-1,370
30,0.05,0.0005,0.0005,0.005,0.035,-1,371
30,0.05,0.0005,0.0005,0.005,0.045,-1,372
30,0.05,0.0005,0.0025,0.01,0.02,-11,373
30,0.05,0.0005,0.0025,0.01,0.027,-9,374
30,0.05,0.0005,0.0025,0.01,0.035,-7,375
30,0.05,0.0005,0.0025,0.01,0.045,-3,376
30,0.05,0.0005,0.0025,0.0,0.02,-11,377
30,0.05,0.0005,0.0025,0.0,0.027,-13,378
30,0.05,0.0005,0.0025,0.0,0.035,-10,379
30,0.05,0.0005,0.0025,0.0,0.045,-3,380
30,0.05,0.0005,0.0025,0.005,0.02,-10,381
30,0.05,0.0005,0.0025,0.005,0.027,-10,382
30,0.05,0.0005,0.0025,0.005,0.035,-4,383
30,0.05,0.0005,0.0025,0.005,0.045,-3,384
30,0.05,0.0005,0.001,0.01,0.02,0,385
30,0.05,0.0005,0.001,0.01,0.027,-6,386
30,0.05,0.0005,0.001,0.01,0.035,-4,387
30,0.05,0.0005,0.001,0.01,0.045,2,388
30,0.05,0.0005,0.001,0.0,0.02,0,389
30,0.05,0.0005,0.001,0.0,0.027,1,390
30,0.05,0.0005,0.001,0.0,0.035,1,391
30,0.05,0.0005,0.001,0.0,0.045,2,392
30,0.05,0.0005,0.001,0.005,0.02,-1,393
30,0.05,0.0005,0.001,0.005,0.027,1,394
30,0.05,0.0005,0.001,0.005,0.035,1,395
30,0.05,0.0005,0.001,0.005,0.045,2,396
30,0.05,0.002,0.0005,0.01,0.02,7,397
30,0.05,0.002,0.0005,0.01,0.027,5,398
30,0.05,0.002,0.0005,0.01,0.035,6,399
30,0.05,0.002,0.0005,0.01,0.045,7,400
30,0.05,0.002,0.0005,0.0,0.02,5,401
30,0.05,0.002,0.0005,0.0,0.027,5,402
30,0.05,0.002,0.0005,0.0,0.035,7,403
30,0.05,0.002,0.0005,0.0,0.045,4,404
30,0.05,0.002,0.0005,0.005,0.02,7,405
30,0.05,0.002,0.0005,0.005,0.027,5,406
30,0.05,0.002,0.0005,0.005,0.035,5,407
30,0.05,0.002,0.0005,0.005,0.045,5,408
30,0.05,0.002,0.0025,0.01,0.02,6,409
30,0.05,0.002,0.0025,0.01,0.027,6,410
30,0.05,0.002,0.0025,0.01,0.035,5,411
30,0.05,0.002,0.0025,0.01,0.045,6,412
30,0.05,0.002,0.0025,0.0,0.02,6,413
30,0.05,0.002,0.0025,0.0,0.027,6,414
30,0.05,0.002,0.0025,0.0,0.035,6,415
30,0.05,0.002,0.0025,0.0,0.045,6,416
30,0.05,0.002,0.0025,0.005,0.02,6,417
30,0.05,0.002,0.0025,0.005,0.027,6,418
30,0.05,0.002,0.0025,0.005,0.035,6,419
30,0.05,0.002,0.0025,0.005,0.045,7,420
30,0.05,0.002,0.001,0.01,0.02,6,421
30,0.05,0.002,0.001,0.01,0.027,5,422
30,0.05,0.002,0.001,0.01,0.035,6,423
30,0.05,0.002,0.001,0.01,0.045,6,424
30,0.05,0.002,0.001,0.0,0.02,6,425
30,0.05,0.002,0.001,0.0,0.027,6,426
30,0.05,0.002,0.001,0.0,0.035,6,427
30,0.05,0.002,0.001,0.0,0.045,6,428
30,0.05,0.002,0.001,0.005,0.02,6,429
30,0.05,0.002,0.001,0.005,0.027,6,430
30,0.05,0.002,0.001,0.005,0.035,5,431
30,0.05,0.002,0.001,0.005,0.045,6,432
40,0.005,0.0001,0.0005,0.01,0.02,-9,433
40,0.005,0.0001,0.0005,0.01,0.027,-11,434
40,0.005,0.0001,0.0005,0.01,0.035,-7,435
40,0.005,0.0001,0.0005,0.01,0.045,-7,436
40,0.005,0.0001,0.0005,0.0,0.02,-8,437
40,0.005,0.0001,0.0005,0.0,0.027,-11,438
40,0.005,0.0001,0.0005,0.0,0.035,-9,439
40,0.005,0.0001,0.0005,0.0,0.045,-7,440
40,0.005,0.0001,0.0005,0.005,0.02,-8,441
40,0.005,0.0001,0.0005,0.005,0.027,-7,442
40,0.005,0.0001,0.0005,0.005,0.035,-7,443
40,0.005,0.0001,0.0005,0.005,0.045,-13,444
40,0.005,0.0001,0.0025,0.01,0.02,-5,445
40,0.005,0.0001,0.0025,0.01,0.027,-7,446
40,0.005,0.0001,0.0025,0.01,0.035,-11,447
40,0.005,0.0001,0.0025,0.01,0.045,-7,448
40,0.005,0.0001,0.0025,0.0,0.02,-13,449
40,0.005,0.0001,0.0025,0.0,0.027,-11,450
40,0.005,0.0001,0.0025,0.0,0.035,-5,451
40,0.005,0.0001,0.0025,0.0,0.045,-12,452
40,0.005,0.0001,0.0025,0.005,0.02,-13,453
40,0.005,0.0001,0.0025,0.005,0.027,-5,454
40,0.005,0.0001,0.0025,0.005,0.035,-5,455
40,0.005,0.0001,0.0025,0.005,0.045,-5,456
40,0.005,0.0001,0.001,0.01,0.02,-8,457
40,0.005,0.0001,0.001,0.01,0.027,-5,458
40,0.005,0.0001,0.001,0.01,0.035,-5,459
40,0.005,0.0001,0.001,0.01,0.045,-9,460
40,0.005,0.0001,0.001,0.0,0.02,-5,461
40,0.005,0.0001,0.001,0.0,0.027,-9,462
40,0.005,0.0001,0.001,0.0,0.035,-5,463
40,0.005,0.0001,0.001,0.0,0.045,-13,464
40,0.005,0.0001,0.001,0.005,0.02,-11,465
40,0.005,0.0001,0.001,0.005,0.027,-12,466
40,0.005,0.0001,0.001,0.005,0.035,-5,467
40,0.005,0.0001,0.001,0.005,0.045,-5,468
40,0.005,0.0005,0.0005,0.01,0.02,-12,469
40,0.005,0.0005,0.0005,0.01,0.027,-9,470
40,0.005,0.0005,0.0005,0.01,0.035,-12,471
40,0.005,0.0005,0.0005,0.01,0.045,-10,472
40,0.005,0.0005,0.0005,0.0,0.02,-12,473
40,0.005,0.0005,0.0005,0.0,0.027,-13,474
40,0.005,0.0005,0.0005,0.0,0.035,-7,475
40,0.005,0.0005,0.0005,0.0,0.045,-6,476
40,0.005,0.0005,0.0005,0.005,0.02,-9,477
40,0.005,0.0005,0.0005,0.005,0.027,-12,478
40,0.005,0.0005,0.0005,0.005,0.035,-7,479
40,0.005,0.0005,0.0005,0.005,0.045,-6,480
40,0.005,0.0005,0.0025,0.01,0.02,-8,481
40,0.005,0.0005,0.0025,0.01,0.027,-10,482
40,0.005,0.0005,0.0025,0.01,0.035,-10,483
40,0.005,0.0005,0.0025,0.01,0.045,-12,484
40,0.005,0.0005,0.0025,0.0,0.02,-9,485
40,0.005,0.0005,0.0025,0.0,0.027,-5,486
40,0.005,0.0005,0.0025,0.0,0.035,-9,487
40,0.005,0.0005,0.0025,0.0,0.045,-12,488
40,0.005,0.0005,0.0025,0.005,0.02,-10,489
40,0.005,0.0005,0.0025,0.005,0.027,-9,490
40,0.005,0.0005,0.0025,0.005,0.035,-5,491
40,0.005,0.0005,0.0025,0.005,0.045,-10,492
40,0.005,0.0005,0.001,0.01,0.02,-9,493
40,0.005,0.0005,0.001,0.01,0.027,-7,494
40,0.005,0.0005,0.001,0.01,0.035,-9,495
40,0.005,0.0005,0.001,0.01,0.045,-9,496
40,0.005,0.0005,0.001,0.0,0.02,-9,497
40,0.005,0.0005,0.001,0.0,0.027,-9,498
40,0.005,0.0005,0.001,0.0,0.035,-7,499
40,0.005,0.0005,0.001,0.0,0.045,-9,500
40,0.005,0.0005,0.001,0.005,0.02,-6,501
40,0.005,0.0005,0.001,0.005,0.027,-12,502
40,0.005,0.0005,0.001,0.005,0.035,-9,503
40,0.005,0.0005,0.001,0.005,0.045,-9,504
40,0.005,0.002,0.0005,0.01,0.02,-10,505
40,0.005,0.002,0.0005,0.01,0.027,2,506
40,0.005,0.002,0.0005,0.01,0.035,0,507
40,0.005,0.002,0.0005,0.01,0.045,7,508
40,0.005,0.002,0.0005,0.0,0.02,-4,509
40,0.005,0.002,0.0005,0.0,0.027,5,510
40,0.005,0.002,0.0005,0.0,0.035,6,511
40,0.005,0.002,0.0005,0.0,0.045,6,512
40,0.005,0.002,0.0005,0.005,0.02,0,513
40,0.005,0.002,0.0005,0.005,0.027,4,514
40,0.005,0.002,0.0005,0.005,0.035,5,515
40,0.005,0.002,0.0005,0.005,0.045,7,516
40,0.005,0.002,0.0025,0.01,0.02,-3,517
40,0.005,0.002,0.0025,0.01,0.027,-2,518
40,0.005,0.002,0.0025,0.01,0.035,-3,519
40,0.005,0.002,0.0025,0.01,0.045,-2,520
40,0.005,0.002,0.0025,0.0,0.02,-4,521
40,0.005,0.002,0.0025,0.0,0.027,-11,522
40,0.005,0.002,0.0025,0.0,0.035,-9,523
40,0.005,0.002,0.0025,0.0,0.045,-5,524
40,0.005,0.002,0.0025,0.005,0.02,-3,525
40,0.005,0.002,0.0025,0.005,0.027,-2,526
40,0.005,0.002,0.0025,0.005,0.035,-5,527
40,0.005,0.002,0.0025,0.005,0.045,-9,528
40,0.005,0.002,0.001,0.01,0.02,-8,529
40,0.005,0.002,0.001,0.01,0.027,0,530
40,0.005,0.002,0.001,0.01,0.035,4,531
40,0.005,0.002,0.001,0.01,0.045,4,532
40,0.005,0.002,0.001,0.0,0.02,-8,533
40,0.005,0.002,0.001,0.0,0.027,-7,534
40,0.005,0.002,0.001,0.0,0.035,-1,535
40,0.005,0.002,0.001,0.0,0.045,-1,536
40,0.005,0.002,0.001,0.005,0.02,-9,537
40,0.005,0.002,0.001,0.005,0.027,-4,538
40,0.005,0.002,0.001,0.005,0.035,0,539
40,0.005,0.002,0.001,0.005,0.045,-1,540
40,0.001,0.0001,0.0005,0.01,0.02,-9,541
40,0.001,0.0001,0.0005,0.01,0.027,-6,542
40,0.001,0.0001,0.0005,0.01,0.035,-6,543
40,0.001,0.0001,0.0005,0.01,0.045,-6,544
40,0.001,0.0001,0.0005,0.0,0.02,-9,545
40,0.001,0.0001,0.0005,0.0,0.027,-13,546
40,0.001,0.0001,0.0005,0.0,0.035,-9,547
40,0.001,0.0001,0.0005,0.0,0.045,-6,548
40,0.001,0.0001,0.0005,0.005,0.02,-6,549
40,0.001,0.0001,0.0005,0.005,0.027,-6,550
40,0.001,0.0001,0.0005,0.005,0.035,-6,551
40,0.001,0.0001,0.0005,0.005,0.045,-8,552
40,0.001,0.0001,0.0025,0.01,0.02,-9,553
40,0.001,0.0001,0.0025,0.01,0.027,-13,554
40,0.001,0.0001,0.0025,0.01,0.035,-13,555
40,0.001,0.0001,0.0025,0.01,0.045,-6,556
40,0.001,0.0001,0.0025,0.0,0.02,-7,557
40,0.001,0.0001,0.0025,0.0,0.027,-7,558
40,0.001,0.0001,0.0025,0.0,0.035,-9,559
40,0.001,0.0001,0.0025,0.0,0.045,-6,560
40,0.001,0.0001,0.0025,0.005,0.02,-6,561
40,0.001,0.0001,0.0025,0.005,0.027,-7,562
40,0.001,0.0001,0.0025,0.005,0.035,-13,563
40,0.001,0.0001,0.0025,0.005,0.045,-8,564
40,0.001,0.0001,0.001,0.01,0.02,-9,565
40,0.001,0.0001,0.001,0.01,0.027,-8,566
40,0.001,0.0001,0.001,0.01,0.035,-7,567
40,0.001,0.0001,0.001,0.01,0.045,-13,568
40,0.001,0.0001,0.001,0.0,0.02,-9,569
40,0.001,0.0001,0.001,0.0,0.027,-13,570
40,0.001,0.0001,0.001,0.0,0.035,-13,571
40,0.001,0.0001,0.001,0.0,0.045,-6,572
40,0.001,0.0001,0.001,0.005,0.02,-13,573
40,0.001,0.0001,0.001,0.005,0.027,-7,574
40,0.001,0.0001,0.001,0.005,0.035,-6,575
40,0.001,0.0001,0.001,0.005,0.045,-6,576
40,0.001,0.0005,0.0005,0.01,0.02,-6,577
40,0.001,0.0005,0.0005,0.01,0.027,-13,578
40,0.001,0.0005,0.0005,0.01,0.035,-8,579
40,0.001,0.0005,0.0005,0.01,0.045,-13,580
40,0.001,0.0005,0.0005,0.0,0.02,-8,581
40,0.001,0.0005,0.0005,0.0,0.027,-6,582
40,0.001,0.0005,0.0005,0.0,0.035,-8,583
40,0.001,0.0005,0.0005,0.0,0.045,-6,584
40,0.001,0.0005,0.0005,0.005,0.02,-8,585
40,0.001,0.0005,0.0005,0.005,0.027,-13,586
40,0.001,0.0005,0.0005,0.005,0.035,-13,587
40,0.001,0.0005,0.0005,0.005,0.045,-9,588
40,0.001,0.0005,0.0025,0.01,0.02,-6,589
40,0.001,0.0005,0.0025,0.01,0.027,-13,590
40,0.001,0.0005,0.0025,0.01,0.035,-13,591
40,0.001,0.0005,0.0025,0.01,0.045,-10,592
40,0.001,0.0005,0.0025,0.0,0.02,-7,593
40,0.001,0.0005,0.0025,0.0,0.027,-13,594
40,0.001,0.0005,0.0025,0.0,0.035,-13,595
40,0.001,0.0005,0.0025,0.0,0.045,-13,596
40,0.001,0.0005,0.0025,0.005,0.02,-7,597
40,0.001,0.0005,0.0025,0.005,0.027,-6,598
40,0.001,0.0005,0.0025,0.005,0.035,-8,599
40,0.001,0.0005,0.0025,0.005,0.045,-13,600
40,0.001,0.0005,0.001,0.01,0.02,-10,601
40,0.001,0.0005,0.001,0.01,0.027,-7,602
40,0.001,0.0005,0.001,0.01,0.035,-10,603
40,0.001,0.0005,0.001,0.01,0.045,-8,604
40,0.001,0.0005,0.001,0.0,0.02,-13,605
40,0.001,0.0005,0.001,0.0,0.027,-8,606
40,0.001,0.0005,0.001,0.0,0.035,-10,607
40,0.001,0.0005,0.001,0.0,0.045,-8,608
40,0.001,0.0005,0.001,0.005,0.02,-10,609
40,0.001,0.0005,0.001,0.005,0.027,-6,610
40,0.001,0.0005,0.001,0.005,0.035,-8,611
40,0.001,0.0005,0.001,0.005,0.045,-8,612
40,0.001,0.002,0.0005,0.01,0.02,-8,613
40,0.001,0.002,0.0005,0.01,0.027,-7,614
40,0.001,0.002,0.0005,0.01,0.035,-13,615
40,0.001,0.002,0.0005,0.01,0.045,-7,616
40,0.001,0.002,0.0005,0.0,0.02,-6,617
40,0.001,0.002,0.0005,0.0,0.027,-7,618
40,0.001,0.002,0.0005,0.0,0.035,-4,619
40,0.001,0.002,0.0005,0.0,0.045,-3,620
40,0.001,0.002,0.0005,0.005,0.02,-11,621
40,0.001,0.002,0.0005,0.005,0.027,-7,622
40,0.001,0.002,0.0005,0.005,0.035,-5,623
40,0.001,0.002,0.0005,0.005,0.045,-3,624
40,0.001,0.002,0.0025,0.01,0.02,-7,625
40,0.001,0.002,0.0025,0.01,0.027,-9,626
40,0.001,0.002,0.0025,0.01,0.035,-9,627
40,0.001,0.002,0.0025,0.01,0.045,-9,628
40,0.001,0.002,0.0025,0.0,0.02,-8,629
40,0.001,0.002,0.0025,0.0,0.027,-13,630
40,0.001,0.002,0.0025,0.0,0.035,-8,631
40,0.001,0.002,0.0025,0.0,0.045,-8,632
40,0.001,0.002,0.0025,0.005,0.02,-10,633
40,0.001,0.002,0.0025,0.005,0.027,-8,634
40,0.001,0.002,0.0025,0.005,0.035,-13,635
40,0.001,0.002,0.0025,0.005,0.045,-9,636
40,0.001,0.002,0.001,0.01,0.02,-10,637
40,0.001,0.002,0.001,0.01,0.027,-8,638
40,0.001,0.002,0.001,0.01,0.035,-8,639
40,0.001,0.002,0.001,0.01,0.045,-13,640
40,0.001,0.002,0.001,0.0,0.02,-10,641
40,0.001,0.002,0.001,0.0,0.027,-9,642
40,0.001,0.002,0.001,0.0,0.035,-7,643
40,0.001,0.002,0.001,0.0,0.045,-6,644
40,0.001,0.002,0.001,0.005,0.02,-8,645
40,0.001,0.002,0.001,0.005,0.027,-7,646
40,0.001,0.002,0.001,0.005,0.035,-8,647
40,0.001,0.002,0.001,0.005,0.045,-7,648
40,0.01,0.0001,0.0005,0.01,0.02,-6,649
40,0.01,0.0001,0.0005,0.01,0.027,-9,650
40,0.01,0.0001,0.0005,0.01,0.035,-8,651
40,0.01,0.0001,0.0005,0.01,0.045,-8,652
40,0.01,0.0001,0.0005,0.0,0.02,-13,653
40,0.01,0.0001,0.0005,0.0,0.027,-6,654
40,0.01,0.0001,0.0005,0.0,0.035,-6,655
40,0.01,0.0001,0.0005,0.0,0.045,-6,656
40,0.01,0.0001,0.0005,0.005,0.02,-8,657
40,0.01,0.0001,0.0005,0.005,0.027,-8,658
40,0.01,0.0001,0.0005,0.005,0.035,-8,659
40,0.01,0.0001,0.0005,0.005,0.045,-6,660
40,0.01,0.0001,0.0025,0.01,0.02,-6,661
40,0.01,0.0001,0.0025,0.01,0.027,-6,662
40,0.01,0.0001,0.0025,0.01,0.035,-9,663
40,0.01,0.0001,0.0025,0.01,0.045,-6,664
40,0.01,0.0001,0.0025,0.0,0.02,-6,665
40,0.01,0.0001,0.0025,0.0,0.027,-13,666
40,0.01,0.0001,0.0025,0.0,0.035,-9,667
40,0.01,0.0001,0.0025,0.0,0.045,-10,668
40,0.01,0.0001,0.0025,0.005,0.02,-13,669
40,0.01,0.0001,0.0025,0.005,0.027,-6,670
40,0.01,0.0001,0.0025,0.005,0.035,-9,671
40,0.01,0.0001,0.0025,0.005,0.045,-6,672
40,0.01,0.0001,0.001,0.01,0.02,-13,673
40,0.01,0.0001,0.001,0.01,0.027,-3,674
40,0.01,0.0001,0.001,0.01,0.035,-9,675
40,0.01,0.0001,0.001,0.01,0.045,-3,676
40,0.01,0.0001,0.001,0.0,0.02,-6,677
40,0.01,0.0001,0.001,0.0,0.027,-9,678
40,0.01,0.0001,0.001,0.0,0.035,-6,679
40,0.01,0.0001,0.001,0.0,0.045,-3,680
40,0.01,0.0001,0.001,0.005,0.02,-3,681
40,0.01,0.0001,0.001,0.005,0.027,-9,682
40,0.01,0.0001,0.001,0.005,0.035,-9,683
40,0.01,0.0001,0.001,0.005,0.045,-6,684
40,0.01,0.0005,0.0005,0.01,0.02,-6,685
40,0.01,0.0005,0.0005,0.01,0.027,-3,686
40,0.01,0.0005,0.0005,0.01,0.035,-6,687
40,0.01,0.0005,0.0005,0.01,0.045,-1,688
40,0.01,0.0005,0.0005,0.0,0.02,0,689
40,0.01,0.0005,0.0005,0.0,0.027,-4,690
40,0.01,0.0005,0.0005,0.0,0.035,2,691
40,0.01,0.0005,0.0005,0.0,0.045,4,692
40,0.01,0.0005,0.0005,0.005,0.02,-2,693
40,0.01,0.0005,0.0005,0.005,0.027,-1,694
40,0.01,0.0005,0.0005,0.005,0.035,-1,695
40,0.01,0.0005,0.0005,0.005,0.045,-1,696
40,0.01,0.0005,0.0025,0.01,0.02,-8,697
40,0.01,0.0005,0.0025,0.01,0.027,-8,698
40,0.01,0.0005,0.0025,0.01,0.035,-8,699
40,0.01,0.0005,0.0025,0.01,0.045,-9,700
40,0.01,0.0005,0.0025,0.0,0.02,-6,701
40,0.01,0.0005,0.0025,0.0,0.027,-3,702
40,0.01,0.0005,0.0025,0.0,0.035,-6,703
40,0.01,0.0005,0.0025,0.0,0.045,-9,704
40,0.01,0.0005,0.0025,0.005,0.02,-13,705
40,0.01,0.0005,0.0025,0.005,0.027,-9,706
40,0.01,0.0005,0.0025,0.005,0.035,-9,707
40,0.01,0.0005,0.0025,0.005,0.045,-9,708
40,0.01,0.0005,0.001,0.01,0.02,-3,709
40,0.01,0.0005,0.001,0.01,0.027,-9,710
40,0.01,0.0005,0.001,0.01,0.035,-4,711
40,0.01,0.0005,0.001,0.01,0.045,-2,712
40,0.01,0.0005,0.001,0.0,0.02,-6,713
40,0.01,0.0005,0.001,0.0,0.027,-13,714
40,0.01,0.0005,0.001,0.0,0.035,-8,715
40,0.01,0.0005,0.001,0.0,0.045,-9,716
40,0.01,0.0005,0.001,0.005,0.02,-8,717
40,0.01,0.0005,0.001,0.005,0.027,-13,718
40,0.01,0.0005,0.001,0.005,0.035,-11,719
40,0.01,0.0005,0.001,0.005,0.045,-1,720
40,0.01,0.002,0.0005,0.01,0.02,7,721
40,0.01,0.002,0.0005,0.01,0.027,6,722
40,0.01,0.002,0.0005,0.01,0.035,9,723
40,0.01,0.002,0.0005,0.01,0.045,7,724
40,0.01,0.002,0.0005,0.0,0.02,7,725
40,0.01,0.002,0.0005,0.0,0.027,9,726
40,0.01,0.002,0.0005,0.0,0.035,6,727
40,0.01,0.002,0.0005,0.0,0.045,6,728
40,0.01,0.002,0.0005,0.005,0.02,9,729
40,0.01,0.002,0.0005,0.005,0.027,7,730
40,0.01,0.002,0.0005,0.005,0.035,6,731
40,0.01,0.002,0.0005,0.005,0.045,7,732
40,0.01,0.002,0.0025,0.01,0.02,3,733
40,0.01,0.002,0.0025,0.01,0.027,-3,734
40,0.01,0.002,0.0025,0.01,0.035,-4,735
40,0.01,0.002,0.0025,0.01,0.045,-1,736
40,0.01,0.002,0.0025,0.0,0.02,-7,737
40,0.01,0.002,0.0025,0.0,0.027,-3,738
40,0.01,0.002,0.0025,0.0,0.035,-1,739
40,0.01,0.002,0.0025,0.0,0.045,-1,740
40,0.01,0.002,0.0025,0.005,0.02,-5,741
40,0.01,0.002,0.0025,0.005,0.027,-5,742
40,0.01,0.002,0.0025,0.005,0.035,-5,743
40,0.01,0.002,0.0025,0.005,0.045,3,744
40,0.01,0.002,0.001,0.01,0.02,-1,745
40,0.01,0.002,0.001,0.01,0.027,4,746
40,0.01,0.002,0.001,0.01,0.035,7,747
40,0.01,0.002,0.001,0.01,0.045,7,748
40,0.01,0.002,0.001,0.0,0.02,0,749
40,0.01,0.002,0.001,0.0,0.027,6,750
40,0.01,0.002,0.001,0.0,0.035,6,751
40,0.01,0.002,0.001,0.0,0.045,7,752
40,0.01,0.002,0.001,0.005,0.02,2,753
40,0.01,0.002,0.001,0.005,0.027,7,754
40,0.01,0.002,0.001,0.005,0.035,8,755
40,0.01,0.002,0.001,0.005,0.045,7,756
40,0.05,0.0001,0.0005,0.01,0.02,-3,757
40,0.05,0.0001,0.0005,0.01,0.027,-3,758
40,0.05,0.0001,0.0005,0.01,0.035,-4,759
40,0.05,0.0001,0.0005,0.01,0.045,-9,760
40,0.05,0.0001,0.0005,0.0,0.02,-8,761
40,0.05,0.0001,0.0005,0.0,0.027,-8,762
40,0.05,0.0001,0.0005,0.0,0.035,-8,763
40,0.05,0.0001,0.0005,0.0,0.045,-9,764
40,0.05,0.0001,0.0005,0.005,0.02,-8,765
40,0.05,0.0001,0.0005,0.005,0.027,-11,766
40,0.05,0.0001,0.0005,0.005,0.035,-9,767
40,0.05,0.0001,0.0005,0.005,0.045,-8,768
40,0.05,0.0001,0.0025,0.01,0.02,-8,769
40,0.05,0.0001,0.0025,0.01,0.027,-8,770
40,0.05,0.0001,0.0025,0.01,0.035,-4,771
40,0.05,0.0001,0.0025,0.01,0.045,-11,772
40,0.05,0.0001,0.0025,0.0,0.02,-8,773
40,0.05,0.0001,0.0025,0.0,0.027,-4,774
40,0.05,0.0001,0.0025,0.0,0.035,-11,775
40,0.05,0.0001,0.0025,0.0,0.045,-8,776
40,0.05,0.0001,0.0025,0.005,0.02,-13,777
40,0.05,0.0001,0.0025,0.005,0.027,-12,778
40,0.05,0.0001,0.0025,0.005,0.035,-12,779
40,0.05,0.0001,0.0025,0.005,0.045,-11,780
40,0.05,0.0001,0.001,0.01,0.02,-6,781
40,0.05,0.0001,0.001,0.01,0.027,-11,782
40,0.05,0.0001,0.001,0.01,0.035,-12,783
40,0.05,0.0001,0.001,0.01,0.045,-8,784
40,0.05,0.0001,0.001,0.0,0.02,-6,785
40,0.05,0.0001,0.001,0.0,0.027,-11,786
40,0.05,0.0001,0.001,0.0,0.035,-8,787
40,0.05,0.0001,0.001,0.0,0.045,-12,788
40,0.05,0.0001,0.001,0.005,0.02,-11,789
40,0.05,0.0001,0.001,0.005,0.027,-10,790
40,0.05,0.0001,0.001,0.005,0.035,-11,791
40,0.05,0.0001,0.001,0.005,0.045,-11,792
40,0.05,0.0005,0.0005,0.01,0.02,-2,793
40,0.05,0.0005,0.0005,0.01,0.027,-9,794
40,0.05,0.0005,0.0005,0.01,0.035,-5,795
40,0.05,0.0005,0.0005,0.01,0.045,-4,796
40,0.05,0.0005,0.0005,0.0,0.02,0,797
40,0.05,0.0005,0.0005,0.0,0.027,-4,798
40,0.05,0.0005,0.0005,0.0,0.035,0,799
40,0.05,0.0005,0.0005,0.0,0.045,-2,800
40,0.05,0.0005,0.0005,0.005,0.02,0,801
40,0.05,0.0005,0.0005,0.005,0.027,-6,802
40,0.05,0.0005,0.0005,0.005,0.035,-4,803
40,0.05,0.0005,0.0005,0.005,0.045,1,804
40,0.05,0.0005,0.0025,0.01,0.02,-9,805
40,0.05,0.0005,0.0025,0.01,0.027,-3,806
40,0.05,0.0005,0.0025,0.01,0.035,-5,807
40,0.05,0.0005,0.0025,0.01,0.045,-5,808
40,0.05,0.0005,0.0025,0.0,0.02,-11,809
40,0.05,0.0005,0.0025,0.0,0.027,-7,810
40,0.05,0.0005,0.0025,0.0,0.035,-10,811
40,0.05,0.0005,0.0025,0.0,0.045,-2,812
40,0.05,0.0005,0.0025,0.005,0.02,-10,813
40,0.05,0.0005,0.0025,0.005,0.027,-9,814
40,0.05,0.0005,0.0025,0.005,0.035,-13,815
40,0.05,0.0005,0.0025,0.005,0.045,-7,816
40,0.05,0.0005,0.001,0.01,0.02,-5,817
40,0.05,0.0005,0.001,0.01,0.027,-1,818
40,0.05,0.0005,0.001,0.01,0.035,-5,819
40,0.05,0.0005,0.001,0.01,0.045,2,820
40,0.05,0.0005,0.001,0.0,0.02,-1,821
40,0.05,0.0005,0.001,0.0,0.027,-2,822
40,0.05,0.0005,0.001,0.0,0.035,2,823
40,0.05,0.0005,0.001,0.0,0.045,1,824
40,0.05,0.0005,0.001,0.005,0.02,-1,825
40,0.05,0.0005,0.001,0.005,0.027,0,826
40,0.05,0.0005,0.001,0.005,0.035,3,827
40,0.05,0.0005,0.001,0.005,0.045,0,828
40,0.05,0.002,0.0005,0.01,0.02,6,829
40,0.05,0.002,0.0005,0.01,0.027,6,830
40,0.05,0.002,0.0005,0.01,0.035,6,831
40,0.05,0.002,0.0005,0.01,0.045,5,832
40,0.05,0.002,0.0005,0.0,0.02,5,833
40,0.05,0.002,0.0005,0.0,0.027,4,834
40,0.05,0.002,0.0005,0.0,0.035,5,835
40,0.05,0.002,0.0005,0.0,0.045,3,836
40,0.05,0.002,0.0005,0.005,0.02,7,837
40,0.05,0.002,0.0005,0.005,0.027,6,838
40,0.05,0.002,0.0005,0.005,0.035,5,839
40,0.05,0.002,0.0005,0.005,0.045,7,840
40,0.05,0.002,0.0025,0.01,0.02,5,841
40,0.05,0.002,0.0025,0.01,0.027,6,842
40,0.05,0.002,0.0025,0.01,0.035,6,843
40,0.05,0.002,0.0025,0.01,0.045,6,844
40,0.05,0.002,0.0025,0.0,0.02,5,845
40,0.05,0.002,0.0025,0.0,0.027,6,846
40,0.05,0.002,0.0025,0.0,0.035,6,847
40,0.05,0.002,0.0025,0.0,0.045,5,848
40,0.05,0.002,0.0025,0.005,0.02,6,849
40,0.05,0.002,0.0025,0.005,0.027,6,850
40,0.05,0.002,0.0025,0.005,0.035,6,851
40,0.05,0.002,0.0025,0.005,0.045,6,852
40,0.05,0.002,0.001,0.01,0.02,8,853
40,0.05,0.002,0.001,0.01,0.027,6,854
40,0.05,0.002,0.001,0.01,0.035,5,855
40,0.05,0.002,0.001,0.01,0.045,6,856
40,0.05,0.002,0.001,0.0,0.02,6,857
40,0.05,0.002,0.001,0.0,0.027,8,858
40,0.05,0.002,0.001,0.0,0.035,5,859
40,0.05,0.002,0.001,0.0,0.045,6,860
40,0.05,0.002,0.001,0.005,0.02,5,861
40,0.05,0.002,0.001,0.005,0.027,5,862
40,0.05,0.002,0.001,0.005,0.035,6,863
40,0.05,0.002,0.001,0.005,0.045,6,864
50,0.005,0.0001,0.0005,0.01,0.02,-5,865
50,0.005,0.0001,0.0005,0.01,0.027,-8,866
50,0.005,0.0001,0.0005,0.01,0.035,-13,867
50,0.005,0.0001,0.0005,0.01,0.045,-8,868
50,0.005,0.0001,0.0005,0.0,0.02,-13,869
50,0.005,0.0001,0.0005,0.0,0.027,-7,870
50,0.005,0.0001,0.0005,0.0,0.035,-11,871
50,0.005,0.0001,0.0005,0.0,0.045,-5,872
50,0.005,0.0001,0.0005,0.005,0.02,-7,873
50,0.005,0.0001,0.0005,0.005,0.027,-10,874
50,0.005,0.0001,0.0005,0.005,0.035,-10,875
50,0.005,0.0001,0.0005,0.005,0.045,-12,876
50,0.005,0.0001,0.0025,0.01,0.02,-11,877
50,0.005,0.0001,0.0025,0.01,0.027,-12,878
50,0.005,0.0001,0.0025,0.01,0.035,-13,879
50,0.005,0.0001,0.0025,0.01,0.045,-11,880
50,0.005,0.0001,0.0025,0.0,0.02,-13,881
50,0.005,0.0001,0.0025,0.0,0.027,-11,882
50,0.005,0.0001,0.0025,0.0,0.035,-12,883
50,0.005,0.0001,0.0025,0.0,0.045,-5,884
50,0.005,0.0001,0.0025,0.005,0.02,-13,885
50,0.005,0.0001,0.0025,0.005,0.027,-8,886
50,0.005,0.0001,0.0025,0.005,0.035,-11,887
50,0.005,0.0001,0.0025,0.005,0.045,-8,888
50,0.005,0.0001,0.001,0.01,0.02,-13,889
50,0.005,0.0001,0.001,0.01,0.027,-7,890
50,0.005,0.0001,0.001,0.01,0.035,-7,891
50,0.005,0.0001,0.001,0.01,0.045,-5,892
50,0.005,0.0001,0.001,0.0,0.02,-11,893
50,0.005,0.0001,0.001,0.0,0.027,-12,894
50,0.005,0.0001,0.001,0.0,0.035,-11,895
50,0.005,0.0001,0.001,0.0,0.045,-10,896
50,0.005,0.0001,0.001,0.005,0.02,-11,897
50,0.005,0.0001,0.001,0.005,0.027,-8,898
50,0.005,0.0001,0.001,0.005,0.035,-8,899
50,0.005,0.0001,0.001,0.005,0.045,-8,900
50,0.005,0.0005,0.0005,0.01,0.02,-8,901
50,0.005,0.0005,0.0005,0.01,0.027,-5,902
50,0.005,0.0005,0.0005,0.01,0.035,-6,903
50,0.005,0.0005,0.0005,0.01,0.045,-4,904
50,0.005,0.0005,0.0005,0.0,0.02,-8,905
50,0.005,0.0005,0.0005,0.0,0.027,-12,906
50,0.005,0.0005,0.0005,0.0,0.035,-9,907
50,0.005,0.0005,0.0005,0.0,0.045,-3,908
50,0.005,0.0005,0.0005,0.005,0.02,-9,909
50,0.005,0.0005,0.0005,0.005,0.027,-5,910
50,0.005,0.0005,0.0005,0.005,0.035,-4,911
50,0.005,0.0005,0.0005,0.005,0.045,-1,912
50,0.005,0.0005,0.0025,0.01,0.02,-5,913
50,0.005,0.0005,0.0025,0.01,0.027,-12,914
50,0.005,0.0005,0.0025,0.01,0.035,-12,915
50,0.005,0.0005,0.0025,0.01,0.045,-5,916
50,0.005,0.0005,0.0025,0.0,0.02,-12,917
50,0.005,0.0005,0.0025,0.0,0.027,-12,918
50,0.005,0.0005,0.0025,0.0,0.035,-7,919
50,0.005,0.0005,0.0025,0.0,0.045,-8,920
50,0.005,0.0005,0.0025,0.005,0.02,-7,921
50,0.005,0.0005,0.0025,0.005,0.027,-11,922
50,0.005,0.0005,0.0025,0.005,0.035,-5,923
50,0.005,0.0005,0.0025,0.005,0.045,-12,924
50,0.005,0.0005,0.001,0.01,0.02,-5,925
50,0.005,0.0005,0.001,0.01,0.027,-12,926
50,0.005,0.0005,0.001,0.01,0.035,-8,927
50,0.005,0.0005,0.001,0.01,0.045,-11,928
50,0.005,0.0005,0.001,0.0,0.02,-5,929
50,0.005,0.0005,0.001,0.0,0.027,-8,930
50,0.005,0.0005,0.001,0.0,0.035,-12,931
50,0.005,0.0005,0.001,0.0,0.045,-9,932
50,0.005,0.0005,0.001,0.005,0.02,-12,933
50,0.005,0.0005,0.001,0.005,0.027,-9,934
50,0.005,0.0005,0.001,0.005,0.035,-13,935
50,0.005,0.0005,0.001,0.005,0.045,-13,936
50,0.005,0.002,0.0005,0.01,0.02,4,937
50,0.005,0.002,0.0005,0.01,0.027,2,938
50,0.005,0.002,0.0005,0.01,0.035,8,939
50,0.005,0.002,0.0005,0.01,0.045,6,940
50,0.005,0.002,0.0005,0.0,0.02,2,941
50,0.005,0.002,0.0005,0.0,0.027,6,942
50,0.005,0.002,0.0005,0.0,0.035,6,943
50,0.005,0.002,0.0005,0.0,0.045,8,944
50,0.005,0.002,0.0005,0.005,0.02,8,945
50,0.005,0.002,0.0005,0.005,0.027,8,946
50,0.005,0.002,0.0005,0.005,0.035,6,947
50,0.005,0.002,0.0005,0.005,0.045,6,948
50,0.005,0.002,0.0025,0.01,0.02,-2,949
50,0.005,0.002,0.0025,0.01,0.027,-9,950
50,0.005,0.002,0.0025,0.01,0.035,1,951
50,0.005,0.002,0.0025,0.01,0.045,-6,952
50,0.005,0.002,0.0025,0.0,0.02,-9,953
50,0.005,0.002,0.0025,0.0,0.027,-5,954
50,0.005,0.002,0.0025,0.0,0.035,-2,955
50,0.005,0.002,0.0025,0.0,0.045,-2,956
50,0.005,0.002,0.0025,0.005,0.02,-2,957
50,0.005,0.002,0.0025,0.005,0.027,-4,958
50,0.005,0.002,0.0025,0.005,0.035,2,959
50,0.005,0.002,0.0025,0.005,0.045,1,960
50,0.005,0.002,0.001,0.01,0.02,6,961
50,0.005,0.002,0.001,0.01,0.027,-2,962
50,0.005,0.002,0.001,0.01,0.035,3,963
50,0.005,0.002,0.001,0.01,0.045,4,964
50,0.005,0.002,0.001,0.0,0.02,-2,965
50,0.005,0.002,0.001,0.0,0.027,0,966
50,0.005,0.002,0.001,0.0,0.035,0,967
50,0.005,0.002,0.001,0.0,0.045,5,968
50,0.005,0.002,0.001,0.005,0.02,-3,969
50,0.005,0.002,0.001,0.005,0.027,0,970
50,0.005,0.002,0.001,0.005,0.035,2,971
50,0.005,0.002,0.001,0.005,0.045,6,972
50,0.001,0.0001,0.0005,0.01,0.02,-9,973
50,0.001,0.0001,0.0005,0.01,0.027,-11,974
50,0.001,0.0001,0.0005,0.01,0.035,-9,975
50,0.001,0.0001,0.0005,0.01,0.045,-12,976
50,0.001,0.0001,0.0005,0.0,0.02,-12,977
50,0.001,0.0001,0.0005,0.0,0.027,-9,978
50,0.001,0.0001,0.0005,0.0,0.035,-9,979
50,0.001,0.0001,0.0005,0.0,0.045,-8,980
50,0.001,0.0001,0.0005,0.005,0.02,-5,981
50,0.001,0.0001,0.0005,0.005,0.027,-11,982
50,0.001,0.0001,0.0005,0.005,0.035,-11,983
50,0.001,0.0001,0.0005,0.005,0.045,-12,984
50,0.001,0.0001,0.0025,0.01,0.02,-5,985
50,0.001,0.0001,0.0025,0.01,0.027,-11,986
50,0.001,0.0001,0.0025,0.01,0.035,-9,987
50,0.001,0.0001,0.0025,0.01,0.045,-9,988
50,0.001,0.0001,0.0025,0.0,0.02,-9,989
50,0.001,0.0001,0.0025,0.0,0.027,-9,990
50,0.001,0.0001,0.0025,0.0,0.035,-9,991
50,0.001,0.0001,0.0025,0.0,0.045,-11,992
50,0.001,0.0001,0.0025,0.005,0.02,-12,993
50,0.001,0.0001,0.0025,0.005,0.027,-8,994
50,0.001,0.0001,0.0025,0.005,0.035,-9,995
50,0.001,0.0001,0.0025,0.005,0.045,-11,996
50,0.001,0.0001,0.001,0.01,0.02,-9,997
50,0.001,0.0001,0.001,0.01,0.027,-12,998
50,0.001,0.0001,0.001,0.01,0.035,-12,999
50,0.001,0.0001,0.001,0.01,0.045,-6,1000
50,0.001,0.0001,0.001,0.0,0.02,-9,1001
50,0.001,0.0001,0.001,0.0,0.027,-9,1002
50,0.001,0.0001,0.001,0.0,0.035,-6,1003
50,0.001,0.0001,0.001,0.0,0.045,-8,1004
50,0.001,0.0001,0.001,0.005,0.02,-9,1005
50,0.001,0.0001,0.001,0.005,0.027,-11,1006
50,0.001,0.0001,0.001,0.005,0.035,-9,1007
50,0.001,0.0001,0.001,0.005,0.045,-12,1008
50,0.001,0.0005,0.0005,0.01,0.02,-9,1009
50,0.001,0.0005,0.0005,0.01,0.027,-8,1010
50,0.001,0.0005,0.0005,0.01,0.035,-9,1011
50,0.001,0.0005,0.0005,0.01,0.045,-9,1012
50,0.001,0.0005,0.0005,0.0,0.02,-11,1013
50,0.001,0.0005,0.0005,0.0,0.027,-6,1014
50,0.001,0.0005,0.0005,0.0,0.035,-9,1015
50,0.001,0.0005,0.0005,0.0,0.045,-9,1016
50,0.001,0.0005,0.0005,0.005,0.02,-6,1017
50,0.001,0.0005,0.0005,0.005,0.027,-6,1018
50,0.001,0.0005,0.0005,0.005,0.035,-9,1019
50,0.001,0.0005,0.0005,0.005,0.045,-9,1020
50,0.001,0.0005,0.0025,0.01,0.02,-12,1021
50,0.001,0.0005,0.0025,0.01,0.027,-12,1022
50,0.001,0.0005,0.0025,0.01,0.035,-3,1023
50,0.001,0.0005,0.0025,0.01,0.045,-3,1024
50,0.001,0.0005,0.0025,0.0,0.02,-9,1025
50,0.001,0.0005,0.0025,0.0,0.027,-6,1026
50,0.001,0.0005,0.0025,0.0,0.035,-9,1027
50,0.001,0.0005,0.0025,0.0,0.045,-11,1028
50,0.001,0.0005,0.0025,0.005,0.02,-7,1029
50,0.001,0.0005,0.0025,0.005,0.027,-3,1030
50,0.001,0.0005,0.0025,0.005,0.035,-9,1031
50,0.001,0.0005,0.0025,0.005,0.045,-9,1032
50,0.001,0.0005,0.001,0.01,0.02,-9,1033
50,0.001,0.0005,0.001,0.01,0.027,-3,1034
50,0.001,0.0005,0.001,0.01,0.035,-9,1035
50,0.001,0.0005,0.001,0.01,0.045,-11,1036
50,0.001,0.0005,0.001,0.0,0.02,-5,1037
50,0.001,0.0005,0.001,0.0,0.027,-9,1038
50,0.001,0.0005,0.001,0.0,0.035,-11,1039
50,0.001,0.0005,0.001,0.0,0.045,-9,1040
50,0.001,0.0005,0.001,0.005,0.02,-11,1041
50,0.001,0.0005,0.001,0.005,0.027,-3,1042
50,0.001,0.0005,0.001,0.005,0.035,-11,1043
50,0.001,0.0005,0.001,0.005,0.045,-3,1044
50,0.001,0.002,0.0005,0.01,0.02,-9,1045
50,0.001,0.002,0.0005,0.01,0.027,-12,1046
50,0.001,0.002,0.0005,0.01,0.035,-11,1047
50,0.001,0.002,0.0005,0.01,0.045,-5,1048
50,0.001,0.002,0.0005,0.0,0.02,-12,1049
50,0.001,0.002,0.0005,0.0,0.027,-3,1050
50,0.001,0.002,0.0005,0.0,0.035,-7,1051
50,0.001,0.002,0.0005,0.0,0.045,-7,1052
50,0.001,0.002,0.0005,0.005,0.02,-4,1053
50,0.001,0.002,0.0005,0.005,0.027,-12,1054
50,0.001,0.002,0.0005,0.005,0.035,-7,1055
50,0.001,0.002,0.0005,0.005,0.045,-7,1056
50,0.001,0.002,0.0025,0.01,0.02,-11,1057
50,0.001,0.002,0.0025,0.01,0.027,-14,1058
50,0.001,0.002,0.0025,0.01,0.035,-9,1059
50,0.001,0.002,0.0025,0.01,0.045,-7,1060
50,0.001,0.002,0.0025,0.0,0.02,-11,1061
50,0.001,0.002,0.0025,0.0,0.027,-11,1062
50,0.001,0.002,0.0025,0.0,0.035,-9,1063
50,0.001,0.002,0.0025,0.0,0.045,-12,1064
50,0.001,0.002,0.0025,0.005,0.02,-4,1065
50,0.001,0.002,0.0025,0.005,0.027,-4,1066
50,0.001,0.002,0.0025,0.005,0.035,-14,1067
50,0.001,0.002,0.0025,0.005,0.045,-9,1068
50,0.001,0.002,0.001,0.01,0.02,-8,1069
50,0.001,0.002,0.001,0.01,0.027,-14,1070
50,0.001,0.002,0.001,0.01,0.035,-7,1071
50,0.001,0.002,0.001,0.01,0.045,-6,1072
50,0.001,0.002,0.001,0.0,0.02,-13,1073
50,0.001,0.002,0.001,0.0,0.027,-8,1074
50,0.001,0.002,0.001,0.0,0.035,-9,1075
50,0.001,0.002,0.001,0.0,0.045,-9,1076
50,0.001,0.002,0.001,0.005,0.02,-8,1077
50,0.001,0.002,0.001,0.005,0.027,-7,1078
50,0.001,0.002,0.001,0.005,0.035,-4,1079
50,0.001,0.002,0.001,0.005,0.045,-14,1080
50,0.01,0.0001,0.0005,0.01,0.02,-10,1081
50,0.01,0.0001,0.0005,0.01,0.027,-11,1082
50,0.01,0.0001,0.0005,0.01,0.035,-10,1083
50,0.01,0.0001,0.0005,0.01,0.045,-9,1084
50,0.01,0.0001,0.0005,0.0,0.02,-11,1085
50,0.01,0.0001,0.0005,0.0,0.027,-11,1086
50,0.01,0.0001,0.0005,0.0,0.035,-6,1087
50,0.01,0.0001,0.0005,0.0,0.045,-9,1088
50,0.01,0.0001,0.0005,0.005,0.02,-6,1089
50,0.01,0.0001,0.0005,0.005,0.027,-9,1090
50,0.01,0.0001,0.0005,0.005,0.035,-9,1091
50,0.01,0.0001,0.0005,0.005,0.045,-9,1092
50,0.01,0.0001,0.0025,0.01,0.02,-9,1093
50,0.01,0.0001,0.0025,0.01,0.027,-3,1094
50,0.01,0.0001,0.0025,0.01,0.035,-9,1095
50,0.01,0.0001,0.0025,0.01,0.045,-9,1096
50,0.01,0.0001,0.0025,0.0,0.02,-10,1097
50,0.01,0.0001,0.0025,0.0,0.027,-11,1098
50,0.01,0.0001,0.0025,0.0,0.035,-6,1099
50,0.01,0.0001,0.0025,0.0,0.045,-6,1100
50,0.01,0.0001,0.0025,0.005,0.02,-11,1101
50,0.01,0.0001,0.0025,0.005,0.027,-11,1102
50,0.01,0.0001,0.0025,0.005,0.035,-6,1103
50,0.01,0.0001,0.0025,0.005,0.045,-3,1104
50,0.01,0.0001,0.001,0.01,0.02,-7,1105
50,0.01,0.0001,0.001,0.01,0.027,-6,1106
50,0.01,0.0001,0.001,0.01,0.035,-9,1107
50,0.01,0.0001,0.001,0.01,0.045,-10,1108
50,0.01,0.0001,0.001,0.0,0.02,-5,1109
50,0.01,0.0001,0.001,0.0,0.027,-11,1110
50,0.01,0.0001,0.001,0.0,0.035,-6,1111
50,0.01,0.0001,0.001,0.0,0.045,-6,1112
50,0.01,0.0001,0.001,0.005,0.02,-11,1113
50,0.01,0.0001,0.001,0.005,0.027,-6,1114
50,0.01,0.0001,0.001,0.005,0.035,-11,1115
50,0.01,0.0001,0.001,0.005,0.045,-10,1116
50,0.01,0.0005,0.0005,0.01,0.02,-2,1117
50,0.01,0.0005,0.0005,0.01,0.027,-10,1118
50,0.01,0.0005,0.0005,0.01,0.035,-6,1119
50,0.01,0.0005,0.0005,0.01,0.045,1,1120
50,0.01,0.0005,0.0005,0.0,0.02,-8,1121
50,0.01,0.0005,0.0005,0.0,0.027,-3,1122
50,0.01,0.0005,0.0005,0.0,0.035,-2,1123
50,0.01,0.0005,0.0005,0.0,0.045,-5,1124
50,0.01,0.0005,0.0005,0.005,0.02,-3,1125
50,0.01,0.0005,0.0005,0.005,0.027,-5,1126
50,0.01,0.0005,0.0005,0.005,0.035,1,1127
50,0.01,0.0005,0.0005,0.005,0.045,1,1128
50,0.01,0.0005,0.0025,0.01,0.02,-9,1129
50,0.01,0.0005,0.0025,0.01,0.027,-9,1130
50,0.01,0.0005,0.0025,0.01,0.035,-9,1131
50,0.01,0.0005,0.0025,0.01,0.045,-10,1132
50,0.01,0.0005,0.0025,0.0,0.02,-9,1133
50,0.01,0.0005,0.0025,0.0,0.027,-9,1134
50,0.01,0.0005,0.0025,0.0,0.035,-7,1135
50,0.01,0.0005,0.0025,0.0,0.045,-11,1136
50,0.01,0.0005,0.0025,0.005,0.02,-9,1137
50,0.01,0.0005,0.0025,0.005,0.027,-9,1138
50,0.01,0.0005,0.0025,0.005,0.035,-13,1139
50,0.01,0.0005,0.0025,0.005,0.045,-8,1140
50,0.01,0.0005,0.001,0.01,0.02,-7,1141
50,0.01,0.0005,0.001,0.01,0.027,-9,1142
50,0.01,0.0005,0.001,0.01,0.035,-7,1143
50,0.01,0.0005,0.001,0.01,0.045,-9,1144
50,0.01,0.0005,0.001,0.0,0.02,-7,1145
50,0.01,0.0005,0.001,0.0,0.027,-11,1146
50,0.01,0.0005,0.001,0.0,0.035,-3,1147
50,0.01,0.0005,0.001,0.0,0.045,-2,1148
50,0.01,0.0005,0.001,0.005,0.02,-12,1149
50,0.01,0.0005,0.001,0.005,0.027,-9,1150
50,0.01,0.0005,0.001,0.005,0.035,-4,1151
50,0.01,0.0005,0.001,0.005,0.045,1,1152
50,0.01,0.002,0.0005,0.01,0.02,6,1153
50,0.01,0.002,0.0005,0.01,0.027,6,1154
50,0.01,0.002,0.0005,0.01,0.035,6,1155
50,0.01,0.002,0.0005,0.01,0.045,6,1156
50,0.01,0.002,0.0005,0.0,0.02,7,1157
50,0.01,0.002,0.0005,0.0,0.027,7,1158
50,0.01,0.002,0.0005,0.0,0.035,6,1159
50,0.01,0.002,0.0005,0.0,0.045,6,1160
50,0.01,0.002,0.0005,0.005,0.02,6,1161
50,0.01,0.002,0.0005,0.005,0.027,6,1162
50,0.01,0.002,0.0005,0.005,0.035,6,1163
50,0.01,0.002,0.0005,0.005,0.045,5,1164
50,0.01,0.002,0.0025,0.01,0.02,-4,1165
50,0.01,0.002,0.0025,0.01,0.027,0,1166
50,0.01,0.002,0.0025,0.01,0.035,-3,1167
50,0.01,0.002,0.0025,0.01,0.045,1,1168
50,0.01,0.002,0.0025,0.0,0.02,-6,1169
50,0.01,0.002,0.0025,0.0,0.027,-5,1170
50,0.01,0.002,0.0025,0.0,0.035,-3,1171
50,0.01,0.002,0.0025,0.0,0.045,1,1172
50,0.01,0.002,0.0025,0.005,0.02,-4,1173
50,0.01,0.002,0.0025,0.005,0.027,-7,1174
50,0.01,0.002,0.0025,0.005,0.035,-1,1175
50,0.01,0.002,0.0025,0.005,0.045,-1,1176
50,0.01,0.002,0.001,0.01,0.02,-6,1177
50,0.01,0.002,0.001,0.01,0.027,6,1178
50,0.01,0.002,0.001,0.01,0.035,6,1179
50,0.01,0.002,0.001,0.01,0.045,7,1180
50,0.01,0.002,0.001,0.0,0.02,3,1181
50,0.01,0.002,0.001,0.0,0.027,5,1182
50,0.01,0.002,0.001,0.0,0.035,5,1183
50,0.01,0.002,0.001,0.0,0.045,6,1184
50,0.01,0.002,0.001,0.005,0.02,0,1185
50,0.01,0.002,0.001,0.005,0.027,6,1186
50,0.01,0.002,0.001,0.005,0.035,6,1187
50,0.01,0.002,0.001,0.005,0.045,9,1188
50,0.05,0.0001,0.0005,0.01,0.02,-8,1189
50,0.05,0.0001,0.0005,0.01,0.027,-7,1190
50,0.05,0.0001,0.0005,0.01,0.035,-11,1191
50,0.05,0.0001,0.0005,0.01,0.045,-10,1192
50,0.05,0.0001,0.0005,0.0,0.02,-8,1193
50,0.05,0.0001,0.0005,0.0,0.027,-11,1194
50,0.05,0.0001,0.0005,0.0,0.035,-7,1195
50,0.05,0.0001,0.0005,0.0,0.045,-7,1196
50,0.05,0.0001,0.0005,0.005,0.02,-11,1197
50,0.05,0.0001,0.0005,0.005,0.027,-9,1198
50,0.05,0.0001,0.0005,0.005,0.035,-11,1199
50,0.05,0.0001,0.0005,0.005,0.045,-7,1200
50,0.05,0.0001,0.0025,0.01,0.02,-12,1201
50,0.05,0.0001,0.0025,0.01,0.027,-6,1202
50,0.05,0.0001,0.0025,0.01,0.035,-12,1203
50,0.05,0.0001,0.0025,0.01,0.045,-11,1204
50,0.05,0.0001,0.0025,0.0,0.02,-12,1205
50,0.05,0.0001,0.0025,0.0,0.027,-10,1206
50,0.05,0.0001,0.0025,0.0,0.035,-11,1207
50,0.05,0.0001,0.0025,0.0,0.045,-10,1208
50,0.05,0.0001,0.0025,0.005,0.02,-10,1209
50,0.05,0.0001,0.0025,0.005,0.027,-9,1210
50,0.05,0.0001,0.0025,0.005,0.035,-10,1211
50,0.05,0.0001,0.0025,0.005,0.045,-10,1212
50,0.05,0.0001,0.001,0.01,0.02,-11,1213
50,0.05,0.0001,0.001,0.01,0.027,-11,1214
50,0.05,0.0001,0.001,0.01,0.035,-11,1215
50,0.05,0.0001,0.001,0.01,0.045,-5,1216
50,0.05,0.0001,0.001,0.0,0.02,-7,1217
50,0.05,0.0001,0.001,0.0,0.027,-6,1218
50,0.05,0.0001,0.001,0.0,0.035,-5,1219
50,0.05,0.0001,0.001,0.0,0.045,-10,1220
50,0.05,0.0001,0.001,0.005,0.02,-11,1221
50,0.05,0.0001,0.001,0.005,0.027,-9,1222
50,0.05,0.0001,0.001,0.005,0.035,-9,1223
50,0.05,0.0001,0.001,0.005,0.045,-6,1224
50,0.05,0.0005,0.0005,0.01,0.02,2,1225
50,0.05,0.0005,0.0005,0.01,0.027,-1,1226
50,0.05,0.0005,0.0005,0.01,0.035,-5,1227
50,0.05,0.0005,0.0005,0.01,0.045,-5,1228
50,0.05,0.0005,0.0005,0.0,0.02,-4,1229
50,0.05,0.0005,0.0005,0.0,0.027,1,1230
50,0.05,0.0005,0.0005,0.0,0.035,3,1231
50,0.05,0.0005,0.0005,0.0,0.045,-4,1232
50,0.05,0.0005,0.0005,0.005,0.02,0,1233
50,0.05,0.0005,0.0005,0.005,0.027,-2,1234
50,0.05,0.0005,0.0005,0.005,0.035,1,1235
50,0.05,0.0005,0.0005,0.005,0.045,3,1236
50,0.05,0.0005,0.0025,0.01,0.02,-5,1237
50,0.05,0.0005,0.0025,0.01,0.027,-3,1238
50,0.05,0.0005,0.0025,0.01,0.035,-4,1239
50,0.05,0.0005,0.0025,0.01,0.045,-2,1240
50,0.05,0.0005,0.0025,0.0,0.02,-5,1241
50,0.05,0.0005,0.0025,0.0,0.027,-3,1242
50,0.05,0.0005,0.0025,0.0,0.035,-4,1243
50,0.05,0.0005,0.0025,0.0,0.045,-4,1244
50,0.05,0.0005,0.0025,0.005,0.02,-8,1245
50,0.05,0.0005,0.0025,0.005,0.027,-5,1246
50,0.05,0.0005,0.0025,0.005,0.035,-4,1247
50,0.05,0.0005,0.0025,0.005,0.045,0,1248
50,0.05,0.0005,0.001,0.01,0.02,2,1249
50,0.05,0.0005,0.001,0.01,0.027,0,1250
50,0.05,0.0005,0.001,0.01,0.035,2,1251
50,0.05,0.0005,0.001,0.01,0.045,4,1252
50,0.05,0.0005,0.001,0.0,0.02,-4,1253
50,0.05,0.0005,0.001,0.0,0.027,0,1254
50,0.05,0.0005,0.001,0.0,0.035,0,1255
50,0.05,0.0005,0.001,0.0,0.045,4,1256
50,0.05,0.0005,0.001,0.005,0.02,-2,1257
50,0.05,0.0005,0.001,0.005,0.027,-2,1258
50,0.05,0.0005,0.001,0.005,0.035,4,1259
50,0.05,0.0005,0.001,0.005,0.045,4,1260
50,0.05,0.002,0.0005,0.01,0.02,5,1261
50,0.05,0.002,0.0005,0.01,0.027,7,1262
50,0.05,0.002,0.0005,0.01,0.035,5,1263
50,0.05,0.002,0.0005,0.01,0.045,6,1264
50,0.05,0.002,0.0005,0.0,0.02,5,1265
50,0.05,0.002,0.0005,0.0,0.027,6,1266
50,0.05,0.002,0.0005,0.0,0.035,7,1267
50,0.05,0.002,0.0005,0.0,0.045,6,1268
50,0.05,0.002,0.0005,0.005,0.02,6,1269
50,0.05,0.002,0.0005,0.005,0.027,6,1270
50,0.05,0.002,0.0005,0.005,0.035,6,1271
50,0.05,0.002,0.0005,0.005,0.045,7,1272
50,0.05,0.002,0.0025,0.01,0.02,5,1273
50,0.05,0.002,0.0025,0.01,0.027,7,1274
50,0.05,0.002,0.0025,0.01,0.035,5,1275
50,0.05,0.002,0.0025,0.01,0.045,5,1276
50,0.05,0.002,0.0025,0.0,0.02,5,1277
50,0.05,0.002,0.0025,0.0,0.027,5,1278
50,0.05,0.002,0.0025,0.0,0.035,5,1279
50,0.05,0.002,0.0025,0.0,0.045,5,1280
50,0.05,0.002,0.0025,0.005,0.02,5,1281
50,0.05,0.002,0.0025,0.005,0.027,7,1282
50,0.05,0.002,0.0025,0.005,0.035,5,1283
50,0.05,0.002,0.0025,0.005,0.045,7,1284
50,0.05,0.002,0.001,0.01,0.02,5,1285
50,0.05,0.002,0.001,0.01,0.027,9,1286
50,0.05,0.002,0.001,0.01,0.035,4,1287
50,0.05,0.002,0.001,0.01,0.045,5,1288
50,0.05,0.002,0.001,0.0,0.02,5,1289
50,0.05,0.002,0.001,0.0,0.027,9,1290
50,0.05,0.002,0.001,0.0,0.035,9,1291
50,0.05,0.002,0.001,0.0,0.045,4,1292
50,0.05,0.002,0.001,0.005,0.02,5,1293
50,0.05,0.002,0.001,0.005,0.027,8,1294
50,0.05,0.002,0.001,0.005,0.035,6,1295
50,0.05,0.002,0.001,0.005,0.045,5,1296
