MeshVersionFormatted 1

Dimension
2

Identifier
";2, Date: 26/03/01 14:04 12s"

Geometry
"Maillage.mesh.gmsh"

Vertices
2628
0 0 22
0 0.000200047056056 22
0 0.00279997058997 22
0 0.00339995294394 22
0 0.0036 22
0 0.00259997647197 22
0 0.000400041174049 22
0 0.00120001764602 22
0.000133442445456 0.000266694112426 0
0.00020013720812 0 1
0.000266884904743 0.000133347053447 0
0 0.00299996470796 22
0 0.00319995882595 22
0.000133442445456 0.00333330587651 0
0.000133451269086 0.00293330881772 0
0.000142985408188 0.00274283697298 0
0.00020013720812 0.0036 21
0.000266884904743 0.00346665293549 0
0 0.00140001176401 22
0 0.00160000588201 22
0 0.00199999411799 22
0 0.00239998235398 22
0.000150136005599 0.0025499845462 0
0 0.00219998823599 22
0 0.000600035292042 22
0.000150129367132 0.000450026451526 0
0 0.00100002352803 22
0 0.000800029410035 22
0.000150136005599 0.00105001541507 0
0.00014012782461 0.00126001057729 0
0.000300258775754 0.000300017641727 0
0.00040032737086 0 1
0.000480414027376 0.000160005865823 0
0.000240207006773 0.00311998235274 0
0.000360310517075 0.0032799882241 0
0.000300272025028 0.00269998674519 0
0.000285970830206 0.00288569745351 0
0.00040032737086 0.0036 21
0.000480414027376 0.00343999409545 0
0.0001455880193 0.00145455077907 0
0.000133455694731 0.00164999998064 0
0 0.0018 22
0.000133455694731 0.00194999998064 0
0.00028025563539 0.002479990566 0
0.00025477786167 0.00229090425237 0
0.000266911403292 0.00209999999447 0
0.000420383473831 0.00261999174802 0
0.000266902552002 0.000533352935867 0
0.000133451269086 0.000666691171216 0
0.000250224453956 0.000900013216082 0
0.00028025563539 0.00112000939528 0
0.00029117608009 0.0013090957089 0
0.000400353862578 0.000400014700517 0
0.000533805145494 0.000333341171027 0
0.00060051755336 0 1
0.000667256428411 0.000166670582748 0
0.000400353862578 0.00309998822963 0
0.000533805145494 0.00326665881791 0
0.000500448949403 0.00299999117084 0
0.000533816928774 0.00282221567145 0
0.00060051755336 0.0036 21
0.000667256428411 0.00346666175912 0
0.000277178235564 0.00152307691116 0
0.000270333671496 0.00190769228159 0
0.000273755939699 0.00171538459638 0
0.00043676411322 0.00243635935019 0
0.000404217173955 0.0020336538244 0
0.000400367111853 0.00224999998064 0
0.00058235214635 0.00258181442036 0
0.000428956224563 0.000571441999573 0
0.000285970830206 0.000714302507764 0
0.000400362686208 0.000933341171027 0
0.00043676411322 0.00116364063874 0
0.00041576736026 0.00138461538334 0
0.000625561183296 0.000450006591445 0
0.000750673417189 0.000300004392453 0
0.00080070773586 0 1
0.000875785651082 0.00015000219346 0
0.000625561183296 0.00314999336983 0
0.000750673417189 0.00329999556882 0
0.000700639123051 0.00289999411205 0
0.00072794020714 0.00272726951818 0
0.00080070773586 0.0036 21
0.000857912490617 0.00345713948628 0
0.000411917270498 0.00160096151192 0
0.000408067236057 0.00181730766816 0
0.000554356484957 0.00161538457794 0
0.000554356484957 0.00235384613342 0
0.000554356484957 0.00198461535568 0
0.000554356484957 0.00216923074455 0
0.000692945609654 0.0024923076889 0
0.000600544036227 0.000600008818097 0
0.00058235214635 0.00101818554092 0
0.000533816928774 0.000777784289827 0
0.000554356484957 0.00124615382786 0
0.000554356484957 0.00143076918907 0
0.000692945609654 0.00110769230003 0
0.000800725386246 0.000466670582748 0
0.000900816075085 0.000300004392453 0
0.00100089791836 0 1
0.00105095206685 0.00015000219346 0
0.000800725386246 0.00313332940619 0
0.000900816075085 0.00329999556882 0
0.00087352824027 0.00287272458834 0
0.000891722536592 0.0030181796585 0
0.000831534734351 0.00263076921673 0
0.00100089791836 0.0036 21
0.00105095206685 0.00344999776782 0
0.000554356484957 0.00179999996681 0
0.000692945609654 0.00194529911597 0
0.00073254249057 0.00144615380942 0
0.00073254249057 0.00163076919829 0
0.000762240172003 0.00229487176002 0
0.000762240172003 0.00211025637115 0
0.00087773110925 0.00241025639881 0
0.000700639123051 0.000700005876888 0
0.000891722536592 0.000581820302775 0
0.000800734209875 0.000899999994468 0
0.000762240172003 0.00127179485255 0
0.00087773110925 0.00115641024142 0
0.000980894772272 0.000420003512856 0
0.00114650041209 0.000290910134791 0
0.00120108810086 0 1
0.00126115044915 0.000140001148824 0
0.000980894772272 0.00317999644842 0
0.00114650041209 0.00330908982648 0
0.000970123886708 0.00276923074455 0
0.001067645627 0.00299999999447 0
0.000993222046497 0.00252564100994 0
0.00120108810086 0.0036 21
0.00126115044915 0.00345999881245 0
0.000801837025259 0.00179572645347 0
0.000851333160979 0.00197948713968 0
0.000910728523844 0.00146153842976 0
0.000910728496183 0.00164615381864 0
0.000970123859048 0.00223589741429 0
0.00100972073996 0.00201367519104 0
0.00114830986466 0.00197435892367 0
0.00109485404915 0.00238717945446 0
0.000934189918436 0.000749999980638 0
0.001067645627 0.000599999994468 0
0.00100091907275 0.000959999983404 0
0.000970123859048 0.00129743587725 0
0.00106251660885 0.00113846151307 0
0.00116470433419 0.000436365232613 0
0.00131029236732 0.000290910134791 0
0.00140127828336 0 1
0.00145588040045 0.00014545506463 0
0.00120110133556 0.00314999998064 0
0.00133455704412 0.00329999999447 0
0.00117800754609 0.0027269230455 0
0.00125114887897 0.00294999997142 0
0.00121958429457 0.00253846152229 0
0.00145588040045 0.00345454489665 0
0.00140127828336 0.0036 21
0.00104931762088 0.00179145294014 0
0.00108891452946 0.00156923074455 0
0.00117800754609 0.00217692304089 0
0.00131164705722 0.00198076919368 0
0.0012374028813 0.00184358969219 0
0.00131659667079 0.00231538459638 0
0.00110768366173 0.000799999976028 0
0.0012473021361 0.00055384613342 0
0.00128117740502 0.000929999975106 0
0.00117800754609 0.00132307690194 0
0.00124730210844 0.00115384613342 0
0.0013858912608 0.000415384605597 0
0.0015244803855 0.000276923050114 0
0.00160146846586 0 1
0.00166306951019 0.000138461522291 0
0.0015244803855 0.00332307691116 0
0.0014124087568 0.00309999998525 0
0.00143465213094 0.00289999997603 0
0.00141360907467 0.00249230766124 0
0.0013858912608 0.00268461534646 0
0.00166306951019 0.00346153843898 0
0.00160146846586 0.0036 21
0.00122255404058 0.00149999996681 0
0.00126710056273 0.00167692303167 0
0.00143208760804 0.00216410252855 0
0.00146755981559 0.00193653841363 0
0.00144528656834 0.00178461534646 0
0.00153371963835 0.00231897431992 0
0.00135663252036 0.000749615364438 0
0.0014320876357 0.000569230753769 0
0.00145467114831 0.00101999997234 0
0.00143208760804 0.00130256406559 0
0.00159377494784 0.000407692281592 0
0.00180165863489 0.000199999976028 0
0.00180165864836 0 1
0.00167141074438 0.00331153842515 0
0.00167975200622 0.00316153843898 0
0.00155720202709 0.00303076917985 0
0.00163535166866 0.00247384613895 0
0.00159377494784 0.00279230766124 0
0.00159377494784 0.00264230764741 0
0.00180165863489 0.00339999998525 0
0.00180165864836 0.0036 21
0.00160114948289 0.00172307689272 0
0.00144198683518 0.0015141025055 0
0.00161687310763 0.00208205123846 0
0.00162347260162 0.00189230766124 0
0.00170926585743 0.00224102560263 0
0.00161687313529 0.000584615374119 0
0.0015244803855 0.000776923059334 0
0.00166306951019 0.000888461508461 0
0.0016281648916 0.00110999996957 0
0.00161687310763 0.00135128200698 0
0.00180165863489 0.000399999985248 0
0.00197960546206 0.000399999985248 0
0.0019907271353 0.000199999976028 0
0.00200184883086 0 1
0.00182390198137 0.00319999997603 0
0.00183502365461 0.00299999999447 0
0.00180165863489 0.00259999997603 0
0.00180165863489 0.00239999999447 0
0.00180165863489 0.00279999998525 0
0.00201297048178 0.00339999998525 0
0.00200184883086 0.0036 21
0.00176817398446 0.00174615380942 0
0.00168286793682 0.0015282050995 0
0.00180165863489 0.00199999997603 0
0.00187951037523 0.00219999998525 0
0.00180165863489 0.000599999994468 0
0.00180165863489 0.000799999976028 0
0.00180165863489 0.00119999999447 0
0.00180165863489 0.000999999985248 0
0.00180165863489 0.00139999997603 0
0.00196848378882 0.000599999994468 0
0.00217979563571 0.000399999985248 0
0.00220203900985 0.000199999976028 0
0.00220203901336 0 1
0.00202409218268 0.00319999997603 0
0.00203521385592 0.00299999999447 0
0.00200184880854 0.00239999999447 0
0.00200184880854 0.00279999998525 0
0.00200184880854 0.00259999997603 0
0.00220203900985 0.00339999998525 0
0.00220203901336 0.0036 21
0.00190175372171 0.00179999999447 0
0.00191287539495 0.00159999998525 0
0.00200184880854 0.00199999997603 0
0.00207970054888 0.00219999998525 0
0.00200184880854 0.000999999985248 0
0.00208526139933 0.000699999957588 0
0.00195736211558 0.000799999976028 0
0.00200184880854 0.00119999999447 0
0.00200184880854 0.00139999997603 0
0.00220203900985 0.000599999994468 0
0.00237998583701 0.000399999985248 0
0.00239110751025 0.000199999976028 0
0.00240222919586 0 1
0.00220203900985 0.00279999998525 0
0.00223540402957 0.00299999999447 0
0.00222428235633 0.00319999997603 0
0.00220203900985 0.00239999999447 0
0.00220203900985 0.00259999997603 0
0.00240222919586 0.0036 21
0.0024022291835 0.00339999998525 0
0.00210194389536 0.00179999999447 0
0.00211306559626 0.00159999998525 0
0.00220203900985 0.00199999997603 0
0.00227989075019 0.00219999998525 0
0.00214643061598 0.000999999985248 0
0.00220203900985 0.000799999976028 0
0.00220203900985 0.00139999997603 0
0.00220203900985 0.00119999999447 0
0.00235774246287 0.000799999976028 0
0.0024022291835 0.000599999994468 0
0.00258017601066 0.000399999985248 0
0.00260241935714 0.000199999976028 0
0.00260241937836 0 1
0.0024022291835 0.00279999998525 0
0.0024022291835 0.00299999999447 0
0.00242447252998 0.00319999997603 0
0.0024022291835 0.00239999999447 0
0.00245783757736 0.00259999997603 0
0.00260241937836 0.0036 21
0.00260241935714 0.00339999998525 0
0.00230213409667 0.00179999999447 0
0.00231325576991 0.00159999998525 0
0.0024022291835 0.00199999997603 0
0.00248008092384 0.00219999998525 0
0.0024022291835 0.00119999999447 0
0.0024022291835 0.000999999985248 0
0.0024022291835 0.00139999997603 0
0.00255793266418 0.000799999976028 0
0.00260241935714 0.000599999994468 0
0.00260241935714 0.000999999985248 0
0.00278036618431 0.000399999985248 0
0.00280260956086 0 1
0.00279148785755 0.000199999976028 0
0.00260241935714 0.00279999998525 0
0.00263578440453 0.00299999999447 0
0.00262466273128 0.00319999997603 0
0.00260241935714 0.00239999999447 0
0.00260241935714 0.00259999997603 0
0.00280260956086 0.0036 21
0.00280260955845 0.00339999998525 0
0.00251344594356 0.00159999998525 0
0.00250232427032 0.00179999999447 0
0.00260241935714 0.00199999997603 0
0.00268027109749 0.00219999998525 0
0.00260241935714 0.00119999999447 0
0.00260241935714 0.00139999997603 0
0.00280260955845 0.00119999999447 0
0.00275812283783 0.000799999976028 0
0.00280260955845 0.000599999994468 0
0.00280260955845 0.000999999985248 0
0.00300279974336 0 1
0.00298055638562 0.000399999985248 0
0.00299167805886 0.000199999976028 0
0.00280260955845 0.00279999998525 0
0.00283597457817 0.00299999999447 0
0.00282485290493 0.00319999997603 0
0.00280260955845 0.00239999999447 0
0.00280260955845 0.00259999997603 0
0.00300279974336 0.0036 21
0.0030027997321 0.00339999998525 0
0.00271363614487 0.00159999998525 0
0.00270251444397 0.00179999999447 0
0.00280260955845 0.00199999997603 0
0.00288046127114 0.00219999998525 0
0.00320298992586 0 1
0.00280260955845 0.00139999997603 0
0.00296943468472 0.00119999999447 0
0.00295831301148 0.000799999976028 0
0.0030027997321 0.000599999994468 0
0.0030027997321 0.000999999985248 0
0.00320298990575 0.000199999976028 0
0.00318074655927 0.000399999985248 0
0.0030027997321 0.00279999998525 0
0.00303616475182 0.00299999999447 0
0.00302504307858 0.00319999997603 0
0.0030027997321 0.00239999999447 0
0.0030027997321 0.00259999997603 0
0.00320298992586 0.0036 21
0.00322523325223 0.00319999997603 0
0.00320298990575 0.00339999998525 0
0.00291382631852 0.00159999998525 0
0.00290270464528 0.00179999999447 0
0.0030027997321 0.00199999997603 0
0.00308065147244 0.00219999998525 0
0.00340318010706 0.000199999976028 0
0.00340318010836 0 1
0.0030027997321 0.00139999997603 0
0.00313625983865 0.00119999999447 0
0.00315850321279 0.000799999976028 0
0.00320298990575 0.000599999994468 0
0.00320298990575 0.000999999985248 0
0.00340318010706 0.000599999994468 0
0.00340318010706 0.000399999985248 0
0.00320298990575 0.00279999998525 0
0.00320298990575 0.00299999999447 0
0.00325859829961 0.00259999997603 0
0.00320298990575 0.00239999999447 0
0.00328084164609 0.00219999998525 0
0.00340318010836 0.0036 21
0.00340318010706 0.00319999997603 0
0.0034143017803 0.00339999998525 0
0.00320298990575 0.00159999998525 0
0.00310289481893 0.00179999999447 0
0.00320298990575 0.00199999997603 0
0.00360337029087 0 1
0.00359224860747 0.000199999976028 0
0.00362561362719 0.000399999985248 0
0.00320298990575 0.00139999997603 0
0.0033475717132 0.000999999985248 0
0.00333645003996 0.00119999999447 0
0.00335869338644 0.000799999976028 0
0.00357000523333 0.000599999994468 0
0.00335869335878 0.00159999998525 0
0.00340318010706 0.00279999998525 0
0.00343654512678 0.00299999999447 0
0.00340318010706 0.00259999997603 0
0.0034699101465 0.00239999999447 0
0.00349215352064 0.00199999997603 0
0.00348103181974 0.00219999998525 0
0.00360337029087 0.0036 21
0.00360337028071 0.00319999997603 0
0.00360337028071 0.00339999998525 0
0.00360337028071 0.00299999999447 0
0.00380356047337 0.0036 21
0.00340318010706 0.00179999999447 0
0.00380356047337 0 1
0.00380356045436 0.000199999976028 0
0.00380356045436 0.000399999985248 0
0.00380356045436 0.000599999994468 0
0.00340318010706 0.00139999997603 0
0.00354776188684 0.000999999985248 0
0.00360337028071 0.00119999999447 0
0.00364785697367 0.000799999976028 0
0.00351439686712 0.00159999998525 0
0.00360337028071 0.00279999998525 0
0.00360337028071 0.00259999997603 0
0.00359780943026 0.00229999997603 0
0.00365619823551 0.00194999998064 0
0.0036089311035 0.00209999996681 0
0.00380356045436 0.00339999998525 0
0.00378131710787 0.00319999997603 0
0.00380356045436 0.00299999999447 0
0.00400375065587 0.0036 21
0.0040148723289 0.00339999998525 0
0.00370346536753 0.00179999999447 0
0.00400375065587 0 1
0.00398150728152 0.000399999985248 0
0.00400375065566 0.000199999976028 0
0.00380356045436 0.000799999976028 0
0.00397038560828 0.000599999994468 0
0.00368122202105 0.00139999997603 0
0.00380356045436 0.00119999999447 0
0.00380356045436 0.000999999985248 0
0.00380356045436 0.00159999998525 0
0.00372570871401 0.00219999998525 0
0.00380356045436 0.00259999997603 0
0.00384804717498 0.00279999998525 0
0.00380356045436 0.00239999999447 0
0.00380356045436 0.00199999997603 0
0.00400375065566 0.00299999999447 0
0.00402599400214 0.00319999997603 0
0.00404823734863 0.00279999998525 0
0.00420394083837 0.0036 21
0.00420394082931 0.00339999998525 0
0.00390365554118 0.00179999999447 0
0.00420394083837 0 1
0.00417057578193 0.000599999994468 0
0.00418169748283 0.000399999985248 0
0.00420394082931 0.000199999976028 0
0.00400375065566 0.000799999976028 0
0.00400375065566 0.000999999985248 0
0.00392589891532 0.00139999997603 0
0.00400375065566 0.00119999999447 0
0.00400375065566 0.00159999998525 0
0.00400375065566 0.00219999998525 0
0.00400375065566 0.00259999997603 0
0.00400375065566 0.00239999999447 0
0.00409272406925 0.00199999997603 0
0.00420394082931 0.00299999999447 0
0.00422618417579 0.00319999997603 0
0.00425954919551 0.00259999997603 0
0.00420394082931 0.00279999998525 0
0.00432071843983 0.00289999997603 0
0.00440413102087 0.0036 21
0.0044152526762 0.00339999998525 0
0.00442637434944 0.00319999997603 0
0.00440413102087 0 1
0.00410384574249 0.00179999999447 0
0.00439300932972 0.000199999976028 0
0.00420394082931 0.000799999976028 0
0.00437076598324 0.000599999994468 0
0.00438188765648 0.000399999985248 0
0.00420394082931 0.000999999985248 0
0.00412608908897 0.00139999997603 0
0.00420394082931 0.00119999999447 0
0.00420394082931 0.00159999998525 0
0.00420394082931 0.00219999998525 0
0.00420394082931 0.00239999999447 0
0.0042929142429 0.00199999997603 0
0.00443749605034 0.00299999999447 0
0.00440413100296 0.00259999997603 0
0.00444861772358 0.00279999998525 0
0.00460432120337 0.0036 21
0.00461544287751 0.00339999998525 0
0.00462656455075 0.00319999997603 0
0.00460432117661 0.000199999976028 0
0.00460432120337 0 1
0.00430403591614 0.00179999999447 0
0.00458207783013 0.000399999985248 0
0.00440413100296 0.000999999985248 0
0.00440413100296 0.000799999976028 0
0.00457095615689 0.000599999994468 0
0.00440413100296 0.00119999999447 0
0.00432627926262 0.00139999997603 0
0.00435964428234 0.00159999998525 0
0.00447086107006 0.00239999999447 0
0.00440413100296 0.00219999998525 0
0.00449310441654 0.00199999997603 0
0.00460432117661 0.00279999998525 0
0.00463768622399 0.00299999999447 0
0.00463768622399 0.00239999999447 0
0.00460432117661 0.00259999997603 0
0.00480451138587 0.0036 21
0.00480451137792 0.00339999998525 0
0.00500470156837 0.0036 21
0.0048267547244 0.00319999997603 0
0.00478226803144 0.000399999985248 0
0.00479338970468 0.000199999976028 0
0.00480451138587 0 1
0.00450422608979 0.00179999999447 0
0.00451534776303 0.00159999998525 0
0.00477114633054 0.000599999994468 0
0.00454871281041 0.000999999985248 0
0.00460432117661 0.000799999976028 0
0.00460432117661 0.00119999999447 0
0.00452646946393 0.00139999997603 0
0.00460432117661 0.00219999998525 0
0.00469329459019 0.00199999997603 0
0.0048823630906 0.000699999957588 0
0.00480451137792 0.00279999998525 0
0.00483787639764 0.00299999999447 0
0.00480451137792 0.00239999999447 0
0.00480451137792 0.00259999997603 0
0.00500470155157 0.00339999998525 0
0.00520489175087 0.0036 21
0.00500470155157 0.00299999999447 0
0.00500470155157 0.00319999997603 0
0.00500470156837 0 1
0.00500470155157 0.000599999994468 0
0.00502694489805 0.000399999985248 0
0.00500470155157 0.000199999976028 0
0.00470441629109 0.00179999999447 0
0.00471553796433 0.00159999998525 0
0.0047600246573 0.000799999976028 0
0.00480451137792 0.000999999985248 0
0.00480451137792 0.00119999999447 0
0.00480451137792 0.00139999997603 0
0.00484899807088 0.00199999997603 0
0.00488236311826 0.00219999998525 0
0.00504918827219 0.000799999976028 0
0.00500470155157 0.00259999997603 0
0.00500470155157 0.00279999998525 0
0.00500470155157 0.00239999999447 0
0.00520489172522 0.00339999998525 0
0.00540508193337 0.0036 21
0.00520489172522 0.00279999998525 0
0.00522713509936 0.00319999997603 0
0.00520489172522 0.00299999999447 0
0.00520489175087 0 1
0.00520489172522 0.000599999994468 0
0.00520489172522 0.000399999985248 0
0.00520489172522 0.000199999976028 0
0.00490460646474 0.00179999999447 0
0.00500470155157 0.00159999998525 0
0.00500470155157 0.00119999999447 0
0.00500470155157 0.000999999985248 0
0.00500470155157 0.00139999997603 0
0.00500470155157 0.00199999997603 0
0.00504362742174 0.00219999998525 0
0.00520489172522 0.000999999985248 0
0.00520489172522 0.000799999976028 0
0.00520489172522 0.00239999999447 0
0.00520489172522 0.00219999998525 0
0.00520489172522 0.00259999997603 0
0.00541620359976 0.00339999998525 0
0.00560527211587 0.0036 21
0.00540508192652 0.00279999998525 0
0.00540508192652 0.00319999997603 0
0.00543844694625 0.00299999999447 0
0.00540508193337 0 1
0.00539396025328 0.000199999976028 0
0.00537171687914 0.000599999994468 0
0.00538283855238 0.000399999985248 0
0.00510479663839 0.00179999999447 0
0.00520489172522 0.00159999998525 0
0.00520489172522 0.00139999997603 0
0.00520489172522 0.00119999999447 0
0.00520489172522 0.00199999997603 0
0.00540508192652 0.00119999999447 0
0.00540508192652 0.000999999985248 0
0.00540508192652 0.000799999976028 0
0.00540508192652 0.00239999999447 0
0.00540508192652 0.00219999998525 0
0.00540508192652 0.00259999997603 0
0.00560527210017 0.00339999998525 0
0.00580546229837 0.0036 21
0.00560527210017 0.00279999998525 0
0.00562751544665 0.00319999997603 0
0.00560527210017 0.00299999999447 0
0.00558302875369 0.000399999985248 0
0.00560527211587 0 1
0.00559415042693 0.000199999976028 0
0.00557190708045 0.000599999994468 0
0.00560527210017 0.000799999976028 0
0.0053049868397 0.00179999999447 0
0.0053605952059 0.00159999998525 0
0.00540508192652 0.00139999997603 0
0.00549405534011 0.00199999997603 0
0.00557190708045 0.00119999999447 0
0.00560527210017 0.000999999985248 0
0.00560527210017 0.00239999999447 0
0.00568312384052 0.00219999998525 0
0.00566088049403 0.00259999997603 0
0.00581658397472 0.00339999998525 0
0.00600565248087 0.0036 21
0.00582770564796 0.00319999997603 0
0.00580546227382 0.00279999998525 0
0.0058388273212 0.00299999999447 0
0.00580546229837 0 1
0.00578321892734 0.000399999985248 0
0.00580546227382 0.000199999976028 0
0.00580546227382 0.000599999994468 0
0.00576097558086 0.000799999976028 0
0.00550517701335 0.00179999999447 0
0.00551629868659 0.00159999998525 0
0.00560527210017 0.00139999997603 0
0.00569424551376 0.00199999997603 0
0.00580546227382 0.000999999985248 0
0.00573873223438 0.00119999999447 0
0.00580546227382 0.00239999999447 0
0.00584438814399 0.00219999998525 0
0.00580546227382 0.00259999997603 0
0.00600565247513 0.00339999998525 0
0.00620584266337 0.0036 21
0.00602789582161 0.00319999997603 0
0.00600565247513 0.00279999998525 0
0.00603901749485 0.00299999999447 0
0.00597228742775 0.000599999994468 0
0.00600565248087 0 1
0.00599453080189 0.000199999976028 0
0.00598340910099 0.000399999985248 0
0.00600565247513 0.000799999976028 0
0.00580546227382 0.00139999997603 0
0.005705367187 0.00179999999447 0
0.00571648886024 0.00159999998525 0
0.0058944356874 0.00199999997603 0
0.00600565247513 0.000999999985248 0
0.00600565247513 0.00119999999447 0
0.00600565247513 0.00139999997603 0
0.00606126084133 0.00259999997603 0
0.00600565247513 0.00219999998525 0
0.00600565247513 0.00239999999447 0
0.00660622302837 0.0036 21
0.00640603284587 0.0036 21
0.00621696432202 0.00339999998525 0
0.0062392076685 0.00299999999447 0
0.00620584264878 0.00319999997603 0
0.00640603282243 0.00339999998525 0
0.00620584264878 0.00279999998525 0
0.00617247762906 0.000599999994468 0
0.00620584266337 0 1
0.00619472097554 0.000199999976028 0
0.0061835993023 0.000399999985248 0
0.00620584264878 0.000799999976028 0
0.00620584264878 0.000999999985248 0
0.00591667906155 0.00159999998525 0
0.00590555738831 0.00179999999447 0
0.00609462588871 0.00199999997603 0
0.00611686923519 0.00159999998525 0
0.00620584264878 0.00119999999447 0
0.00620584264878 0.00139999997603 0
0.00620584264878 0.00259999997603 0
0.00632818108208 0.00269999996681 0
0.00620584264878 0.00219999998525 0
0.00627257271588 0.00239999999447 0
0.00680641321087 0.0036 21
0.00660622302374 0.00339999998525 0
0.00640603282243 0.00299999999447 0
0.00640603282243 0.00319999997603 0
0.00660622302374 0.00319999997603 0
0.00645051954305 0.00279999998525 0
0.00637266780271 0.000599999994468 0
0.00640603284587 0 1
0.00660622302837 0 1
0.00640603282243 0.000399999985248 0
0.00639491114919 0.000199999976028 0
0.00640603282243 0.000799999976028 0
0.00638656988734 0.00114999997142 0
0.00640603282243 0.000999999985248 0
0.00610574756195 0.00179999999447 0
0.00629481606236 0.00199999997603 0
0.00631705940884 0.00159999998525 0
0.00636710695225 0.00129999998525 0
0.00634208316672 0.00144999997142 0
0.00646164121629 0.00259999997603 0
0.00640603282243 0.00219999998525 0
0.00647276288953 0.00239999999447 0
0.00700660339337 0.0036 21
0.00681753487062 0.00339999998525 0
0.00680641319738 0.00319999997603 0
0.00660622302374 0.00299999999447 0
0.0066507097167 0.00279999998525 0
0.00680641321087 0 1
0.00660622302374 0.000599999994468 0
0.00660622302374 0.000199999976028 0
0.00679529152414 0.000199999976028 0
0.00658397964959 0.000399999985248 0
0.00660622302374 0.000799999976028 0
0.00653949295663 0.00119999999447 0
0.00655061462987 0.000999999985248 0
0.00640603282243 0.00179999999447 0
0.00645051954305 0.00199999997603 0
0.00660622302374 0.00159999998525 0
0.00652837128339 0.00139999997603 0
0.00666183138994 0.00259999997603 0
0.0066395880158 0.00239999996681 0
0.00660622302374 0.00219999998525 0
0.00700660337103 0.00339999998525 0
0.00720679357587 0.0036 21
0.00700660337103 0.00319999997603 0
0.0068397782171 0.00299999999447 0
0.00680641319738 0.00279999998525 0
0.00700660339337 0 1
0.00699548169779 0.000199999976028 0
0.00677304817766 0.000599999994468 0
0.00680641319738 0.000399999985248 0
0.00680641319738 0.000799999976028 0
0.00680641319738 0.000999999985248 0
0.00673968313028 0.00119999999447 0
0.00740698375837 0.0036 21
0.00660622302374 0.00179999999447 0
0.00660622302374 0.00199999997603 0
0.00676192647676 0.00159999998525 0
0.00680641319738 0.00139999997603 0
0.00686202159125 0.00259999997603 0
0.00680641319738 0.00239999999447 0
0.00680641319738 0.00219999998525 0
0.00720679357234 0.00319999997603 0
0.00721791524558 0.00339999998525 0
0.00706221176489 0.00259999997603 0
0.00700660337103 0.00299999999447 0
0.00700660337103 0.00279999998525 0
0.00720679357234 0.000199999976028 0
0.00720679357587 0 1
0.00700660337103 0.000399999985248 0
0.00697323835131 0.000599999994468 0
0.00700660337103 0.000799999976028 0
0.00720679357234 0.000399999985248 0
0.00700660337103 0.000999999985248 0
0.00693987333159 0.00119999999447 0
0.00741810541923 0.00339999998525 0
0.00760717394087 0.0036 21
0.00680641319738 0.00179999999447 0
0.00689538661097 0.00199999997603 0
0.00691762995745 0.00159999998525 0
0.00700660337103 0.00139999997603 0
0.00708445511138 0.00219999998525 0
0.00700660337103 0.00239999999447 0
0.00724015859206 0.00299999999447 0
0.00740698374599 0.00319999997603 0
0.00720679357234 0.00259999997603 0
0.00720679357234 0.00279999998525 0
0.00739586207275 0.000199999976028 0
0.00740698375837 0 1
0.00740698374599 0.000399999985248 0
0.00715118517848 0.000999999985248 0
0.00720679357234 0.000599999994468 0
0.00716230685172 0.000799999976028 0
0.00737361872627 0.000599999994468 0
0.00714006350524 0.00119999999447 0
0.00760717391964 0.00339999998525 0
0.00762941729378 0.00319999997603 0
0.00780736412337 0.0036 21
0.00700660337103 0.00179999999447 0
0.00709557678462 0.00199999997603 0
0.00711782015876 0.00159999998525 0
0.00720679357234 0.00139999997603 0
0.00724571941485 0.00219999998525 0
0.00727352361178 0.00239999999447 0
0.00740698374599 0.00279999998525 0
0.00744034876571 0.00299999999447 0
0.00764053896702 0.00299999999447 0
0.00740698374599 0.00259999997603 0
0.00760717394087 0 1
0.00760717391964 0.000199999976028 0
0.00760717391964 0.000399999985248 0
0.00757380889992 0.000599999994468 0
0.00769058651043 0.000699999957588 0
0.00735137535213 0.000999999985248 0
0.00740698374599 0.000799999976028 0
0.00756268722668 0.000799999976028 0
0.00740698374599 0.00119999999447 0
0.00781848579419 0.00339999998525 0
0.00782960746743 0.00319999997603 0
0.00780736412337 0 1
0.00800755430587 0.0036 21
0.00720679357234 0.00179999999447 0
0.00729576698592 0.00199999997603 0
0.00731801033241 0.00159999998525 0
0.00740698374599 0.00139999997603 0
0.00740698374599 0.00219999998525 0
0.00747371381309 0.00239999999447 0
0.00784072914067 0.00299999999447 0
0.00760717391964 0.00279999998525 0
0.00780736412095 0.00279999998525 0
0.00760717391964 0.00259999997603 0
0.00779624242005 0.000199999976028 0
0.00778512074681 0.000399999985248 0
0.00780736412095 0.000599999994468 0
0.00780736412095 0.000799999976028 0
0.00768502565998 0.000899999966808 0
0.00757380889992 0.00119999999447 0
0.00755156555344 0.000999999985248 0
0.0080075542946 0.00339999998525 0
0.00804091931432 0.00299999999447 0
0.00802979764108 0.00319999997603 0
0.00800755430587 0 1
0.00799643262135 0.000199999976028 0
0.00820774448837 0.0036 21
0.00760717391964 0.00139999997603 0
0.00740698374599 0.00179999999447 0
0.00749595715957 0.00199999997603 0
0.00751820050605 0.00159999998525 0
0.00760717391964 0.00219999998525 0
0.00764053896702 0.00239999999447 0
0.0080075542946 0.00279999998525 0
0.00780736412095 0.00259999997603 0
0.00780736412095 0.00239999999447 0
0.0080075542946 0.00259999997603 0
0.0080075542946 0.000399999985248 0
0.00797418927487 0.000599999994468 0
0.00796306757397 0.000799999976028 0
0.00780736412095 0.000999999985248 0
0.00774063405384 0.00119999999447 0
0.00820774446824 0.00339999998525 0
0.00822998781472 0.00319999997603 0
0.00820774446824 0.00299999999447 0
0.00820774448837 0 1
0.00820774446824 0.000199999976028 0
0.00818550112176 0.000399999985248 0
0.00840793467087 0.0036 21
0.00769614733322 0.00199999997603 0
0.00780736412095 0.00139999997603 0
0.00771839070736 0.00159999998525 0
0.00770726900646 0.00179999999447 0
0.00825223118887 0.00279999998525 0
0.00780736412095 0.00219999998525 0
0.00820774446824 0.00259999997603 0
0.0080075542946 0.00239999999447 0
0.00820774446824 0.000599999994468 0
0.00816325777528 0.000799999976028 0
0.00820774446824 0.000999999985248 0
0.0080075542946 0.000999999985248 0
0.00794082422749 0.00119999999447 0
0.00840793466955 0.00319999997603 0
0.00841905634279 0.00339999998525 0
0.00844129968927 0.00299999999447 0
0.00839681296865 0.000199999976028 0
0.00840793467087 0 1
0.00837456962217 0.000599999994468 0
0.00838569129541 0.000399999985248 0
0.00860812485337 0.0036 21
0.00789633753453 0.00199999997603 0
0.00840793466955 0.00279999998525 0
0.0080075542946 0.00139999997603 0
0.00791858088101 0.00159999998525 0
0.00790745920777 0.00179999999447 0
0.00840793466955 0.00259999997603 0
0.00808540603494 0.00219999998525 0
0.00827447453535 0.00239999999447 0
0.00824667033842 0.00219999998525 0
0.00840793466955 0.000799999976028 0
0.00835232627569 0.000999999985248 0
0.00820774446824 0.00119999999447 0
0.00820774446824 0.00139999997603 0
0.0086081248432 0.00319999997603 0
0.00861924651644 0.00339999998525 0
0.00864148986292 0.00299999999447 0
0.0086081248432 0.00279999998525 0
0.00860812485337 0 1
0.00859700316996 0.000199999976028 0
0.0086081248432 0.000799999976028 0
0.00857475979582 0.000599999994468 0
0.0086081248432 0.000399999985248 0
0.00880831501685 0.00339999998525 0
0.00880831503587 0.0036 21
0.00805204098756 0.00199999997603 0
0.0086081248432 0.00259999997603 0
0.00820774446824 0.00159999998525 0
0.00810764938142 0.00179999999447 0
0.00847466470899 0.00239999999447 0
0.00820774446824 0.00199999997603 0
0.00840793466955 0.00219999998525 0
0.00836344794893 0.00159999998525 0
0.00855251644934 0.000999999985248 0
0.00840793466955 0.00119999999447 0
0.00840793466955 0.00139999997603 0
0.00880831501685 0.00319999997603 0
0.00880831501685 0.00299999999447 0
0.00880831501685 0.00259999997603 0
0.00880831501685 0.00279999998525 0
0.00880831503587 0 1
0.00881943669009 0.000199999976028 0
0.00880831501685 0.000399999985248 0
0.00870821993003 0.000999999985248 0
0.00880831501685 0.000799999976028 0
0.00884168006423 0.000599999994468 0
0.00899738351726 0.00339999998525 0
0.00900850521837 0.0036 21
0.0086748549103 0.00239999999447 0
0.00830783955507 0.00179999999447 0
0.0086081248432 0.00219999998525 0
0.00849690808314 0.00199999997603 0
0.00851915142962 0.00159999998525 0
0.0086081248432 0.00139999997603 0
0.0086081248432 0.00119999999447 0
0.00894177515106 0.00239999999447 0
0.00903074856464 0.00319999997603 0
0.00897514017078 0.00299999999447 0
0.00900850521816 0.00259999997603 0
0.00912528280101 0.00289999997603 0
0.00900850521816 0.00279999998525 0
0.00900850521837 0 1
0.00900850521816 0.000199999976028 0
0.00900850521816 0.000399999985248 0
0.00900850521816 0.000599999994468 0
0.00880831501685 0.00119999999447 0
0.00886392341071 0.000999999985248 0
0.00900850521816 0.000799999976028 0
0.00920869540087 0.0036 21
0.00920869539181 0.00339999998525 0
0.00880831501685 0.00219999998525 0
0.0086081248432 0.00179999999447 0
0.00869709825678 0.00199999997603 0
0.00871934160327 0.00159999998525 0
0.00880831501685 0.00139999997603 0
0.00900850521816 0.00219999998525 0
0.00910860027732 0.00239999999447 0
0.00920869539181 0.00319999997603 0
0.00924206041153 0.00299999999447 0
0.00920869539181 0.00259999997603 0
0.00925318208477 0.00279999998525 0
0.00918645204533 0.000399999985248 0
0.00920869540087 0 1
0.00919757371857 0.000199999976028 0
0.00940888558337 0 1
0.00917533034442 0.000599999994468 0
0.00900850521816 0.00119999999447 0
0.00900850521816 0.000999999985248 0
0.00920869539181 0.000999999985248 0
0.00920869539181 0.000799999976028 0
0.00940888558337 0.0036 21
0.00940888556545 0.00339999998525 0
0.00891953177691 0.00199999997603 0
0.00880831501685 0.00179999999447 0
0.00900850521816 0.00139999997603 0
0.00889728843043 0.00159999998525 0
0.00909747863174 0.00199999997603 0
0.00920869539181 0.00219999998525 0
0.00927542545891 0.00239999999447 0
0.00943112891194 0.00319999997603 0
0.00940888556545 0.00299999999447 0
0.00940888556545 0.00259999997603 0
0.00945337228608 0.00279999998525 0
0.00960907576588 0 1
0.00938664221897 0.000399999985248 0
0.00940888556545 0.000199999976028 0
0.00940888556545 0.000599999994468 0
0.00916976952163 0.00139999997603 0
0.00920869539181 0.00119999999447 0
0.00935327719925 0.000999999985248 0
0.00940888556545 0.000799999976028 0
0.00960907576588 0.0036 21
0.00962019744 0.00339999998525 0
0.00963131911324 0.00319999997603 0
0.00910860030498 0.00179999999447 0
0.00911972197822 0.00159999998525 0
0.00925318208477 0.00199999997603 0
0.00940888556545 0.00219999998525 0
0.00944225058518 0.00239999999447 0
0.00964244078649 0.00299999999447 0
0.0096090757391 0.00279999998525 0
0.0096090757391 0.00259999997603 0
0.00980926594838 0 1
0.00979814426717 0.000199999976028 0
0.0096090757391 0.000199999976028 0
0.00958683239262 0.000399999985248 0
0.0096090757391 0.000599999994468 0
0.0096090757391 0.000799999976028 0
0.00933103382511 0.00139999997603 0
0.00940888556545 0.00119999999447 0
0.0096090757391 0.000999999985248 0
0.00980926594838 0.0036 21
0.00982038761365 0.00339999998525 0
0.00980926594041 0.00319999997603 0
0.00984263096013 0.00299999999447 0
0.00940888556545 0.00159999998525 0
0.00930879047863 0.00179999999447 0
0.00956458904614 0.00159999998525 0
0.00940888556545 0.00199999997603 0
0.0096090757391 0.00219999998525 0
0.0096090757391 0.00239999999447 0
0.00980926594041 0.00259999997603 0
0.00980926594041 0.00279999998525 0
0.00999833444082 0.000199999976028 0
0.0100094561309 0 1
0.00980926594041 0.000999999985248 0
0.00980926594041 0.000399999985248 0
0.00977590089303 0.000599999994468 0
0.00980926594041 0.000799999976028 0
0.0100094561141 0.000399999985248 0
0.00953122402642 0.00139999997603 0
0.0096090757391 0.00119999999447 0
0.00980926594041 0.00119999999447 0
0.0100094561309 0.0036 21
0.0100094561141 0.00279999998525 0
0.0100428211338 0.00299999999447 0
0.0100205777873 0.00339999998525 0
0.0100094561141 0.00319999997603 0
0.00950898065228 0.00179999999447 0
0.00972029252683 0.00159999998525 0
0.00969804915269 0.00199999997603 0
0.00980926594041 0.00219999998525 0
0.00987599600752 0.00239999999447 0
0.0100094561141 0.00259999997603 0
0.0101985246145 0.000199999976028 0
0.0102096463134 0 1
0.0099538477202 0.000999999985248 0
0.0100094561141 0.000799999976028 0
0.00997609109434 0.000599999994468 0
0.0102096462877 0.000399999985248 0
0.00980926594041 0.00139999997603 0
0.0100094561141 0.00119999999447 0
0.0104098364959 0 1
0.0102096462877 0.00339999998525 0
0.0102096463134 0.0036 21
0.0102096462877 0.00299999999447 0
0.010331984721 0.00269999996681 0
0.0102096462877 0.00279999998525 0
0.0102096462877 0.00319999997603 0
0.00980926594041 0.00179999999447 0
0.00992048270048 0.00159999998525 0
0.009898239354 0.00199999997603 0
0.0100094561141 0.00219999998525 0
0.0100761861812 0.00239999999447 0
0.0103431064219 0.00249999995759 0
0.0102096462877 0.00259999997603 0
0.010409836489 0.000199999976028 0
0.0101540379215 0.000999999985248 0
0.0102096462877 0.000799999976028 0
0.0102430113351 0.000599999994468 0
0.010409836489 0.000399999985248 0
0.0100094561141 0.00139999997603 0
0.0102096462877 0.00119999999447 0
0.0106100266784 0 1
0.0104654448552 0.00259999997603 0
0.0103987148158 0.00339999998525 0
0.0104098364959 0.0036 21
0.0106100266784 0.0036 21
0.010409836489 0.00299999999447 0
0.010454323182 0.00279999998525 0
0.0104320798355 0.00319999997603 0
0.0100094561141 0.00179999999447 0
0.0101206728741 0.00159999998525 0
0.0100984295276 0.00199999997603 0
0.0104765665561 0.00239999999447 0
0.0102096462877 0.00219999998525 0
0.0102763763548 0.00234999997142 0
0.0106100266627 0.000199999976028 0
0.0105877833162 0.000399999985248 0
0.010409836489 0.000999999985248 0
0.010409836489 0.000799999976028 0
0.010409836489 0.000599999994468 0
0.0106100266627 0.000599999994468 0
0.0102874980281 0.00139999997603 0
0.010409836489 0.00119999999447 0
0.0108102168609 0 1
0.0108102168363 0.000199999976028 0
0.0106100266627 0.00259999997603 0
0.0106100266627 0.00339999998525 0
0.0108102168609 0.0036 21
0.0110104070434 0.0036 21
0.0106100266627 0.00299999999447 0
0.0106545133833 0.00279999998525 0
0.0106322700091 0.00319999997603 0
0.0110104070434 0 1
0.0106767567298 0.00239999999447 0
0.0102096462877 0.00179999999447 0
0.010409836489 0.00159999998525 0
0.0106100266627 0.00219999998525 0
0.0103208630754 0.00199999997603 0
0.010409836489 0.00219999998525 0
0.0107879734898 0.000399999985248 0
0.0105544182688 0.000999999985248 0
0.0106100266627 0.000799999976028 0
0.0107768518166 0.000599999994468 0
0.0105321749223 0.00139999997603 0
0.0106100266627 0.00119999999447 0
0.0109992853644 0.000199999976028 0
0.0110104070376 0.000399999985248 0
0.0108102168363 0.00259999997603 0
0.0108102168363 0.00319999997603 0
0.0108213385372 0.00339999998525 0
0.0112105972259 0.0036 21
0.0110215287109 0.00339999998525 0
0.0108547035569 0.00279999998525 0
0.0108102168363 0.00299999999447 0
0.011199475538 0.000199999976028 0
0.0112105972259 0 1
0.0108769469034 0.00239999999447 0
0.0108102168363 0.00219999998525 0
0.0105099315758 0.00179999999447 0
0.0106100266627 0.00159999998525 0
0.0106100266627 0.00199999997603 0
0.0109770419902 0.000599999994468 0
0.0108102168363 0.000999999985248 0
0.0108102168363 0.000799999976028 0
0.010732365096 0.00139999997603 0
0.0108102168363 0.00119999999447 0
0.0111883538648 0.000399999985248 0
0.0111772321916 0.000599999994468 0
0.0110437720573 0.00239999999447 0
0.0110104070376 0.00259999997603 0
0.0114107874084 0.0036 21
0.0110548937306 0.00279999998525 0
0.0110104070376 0.00319999997603 0
0.0112105972113 0.00339999998525 0
0.0110437720573 0.00299999999447 0
0.0113885440384 0.000399999985248 0
0.0114107873849 0.000199999976028 0
0.0114107874084 0 1
0.0116109775909 0.0036 21
0.0110104070376 0.00219999998525 0
0.0108991902499 0.00199999997603 0
0.0108102168363 0.00159999998525 0
0.0107101217495 0.00179999999447 0
0.0110104070376 0.000799999976028 0
0.0109547986438 0.000999999985248 0
0.0109325552973 0.00139999997603 0
0.0110104070376 0.00119999999447 0
0.010965920317 0.00159999998525 0
0.0113774223652 0.000599999994468 0
0.0112105972113 0.000799999976028 0
0.0112105972113 0.00239999999447 0
0.0112105972113 0.00219999998525 0
0.0112662056051 0.00259999997603 0
0.0116220992595 0.00339999998525 0
0.0114219090582 0.00339999998525 0
0.0112105972113 0.00299999999447 0
0.0112550839319 0.00279999998525 0
0.0114107873849 0.00319999997603 0
0.0112328405578 0.00319999997603 0
0.0115776125388 0.000599999994468 0
0.0116109775909 0 1
0.0116109775862 0.000399999985248 0
0.011599855913 0.000199999976028 0
0.0118111677734 0.0036 21
0.0118222894331 0.00339999998525 0
0.0110993804512 0.00199999997603 0
0.0110104070376 0.00179999999447 0
0.0112995706249 0.00199999997603 0
0.0112105972113 0.000999999985248 0
0.0111327454709 0.00139999997603 0
0.0112105972113 0.00119999999447 0
0.0111216237977 0.00159999998525 0
0.0114107873849 0.000999999985248 0
0.0114107873849 0.000799999976028 0
0.0116109775862 0.000799999976028 0
0.0114107873849 0.00239999999447 0
0.0114107873849 0.00219999998525 0
0.0114107873849 0.00259999997603 0
0.0114107873849 0.00279999998525 0
0.0116332209327 0.00319999997603 0
0.0114107873849 0.00299999999447 0
0.0118334111064 0.00319999997603 0
0.0118111677734 0 1
0.0117778027402 0.000599999994468 0
0.0118000460866 0.000199999976028 0
0.0117889244134 0.000399999985248 0
0.0120113579559 0.0036 21
0.0120224796068 0.00339999998525 0
0.0113106922981 0.00179999999447 0
0.0114997607985 0.00199999997603 0
0.0114107873849 0.00119999999447 0
0.0113329356446 0.00139999997603 0
0.0114107873849 0.00159999998525 0
0.0118111677599 0.000799999976028 0
0.0116109775862 0.000999999985248 0
0.0116109775862 0.00119999999447 0
0.0120113579335 0.00319999997603 0
0.0116109775862 0.00219999998525 0
0.0116109775862 0.00239999999447 0
0.0116665859524 0.00259999997603 0
0.0116109775862 0.00279999998525 0
0.011644342606 0.00299999999447 0
0.0118445327796 0.00299999999447 0
0.0120002362603 0.000199999976028 0
0.0120113579559 0 1
0.0119779929138 0.000599999994468 0
0.011989114587 0.000399999985248 0
0.0120113579335 0.000799999976028 0
0.0122115481384 0.0036 21
0.0122115481348 0.00339999998525 0
0.0115108824994 0.00179999999447 0
0.0116999509998 0.00199999997603 0
0.0115664908656 0.00159999998525 0
0.0116109775862 0.00139999997603 0
0.0118111677599 0.000999999985248 0
0.0120113579335 0.000999999985248 0
0.0118111677599 0.00119999999447 0
0.0122337914813 0.00319999997603 0
0.0120447229809 0.00299999999447 0
0.0118111677599 0.00219999998525 0
0.0118111677599 0.00239999999447 0
0.0118111677599 0.00259999997603 0
0.0118111677599 0.00279999998525 0
0.0120558446541 0.00279999998525 0
0.0122115481348 0.000399999985248 0
0.0122004264339 0.000199999976028 0
0.0122115481384 0 1
0.0122115481348 0.000999999985248 0
0.0122115481348 0.000599999994468 0
0.0122115481348 0.000799999976028 0
0.0124117383209 0.0036 21
0.0124228599817 0.00339999998525 0
0.012433981655 0.00319999997603 0
0.0117110726731 0.00179999999447 0
0.0119001411735 0.00199999997603 0
0.0117221943463 0.00159999998525 0
0.0118111677599 0.00139999997603 0
0.0120113579335 0.00119999999447 0
0.0122115481348 0.00119999999447 0
0.0122449131546 0.00299999999447 0
0.0122115481348 0.00279999998525 0
0.0120113579335 0.00219999998525 0
0.0120113579335 0.00239999999447 0
0.0122115481348 0.00259999997603 0
0.0120113579335 0.00259999997603 0
0.0124117383085 0.000599999994468 0
0.012389494962 0.000399999985248 0
0.0124117383085 0.000199999976028 0
0.0124117383209 0 1
0.0123561299146 0.000999999985248 0
0.0124117383085 0.000799999976028 0
0.0126119285034 0.0036 21
0.0126230501554 0.00339999998525 0
0.0126119284821 0.00319999997603 0
0.0124451033282 0.00299999999447 0
0.0120558446541 0.00199999997603 0
0.0119112628467 0.00179999999447 0
0.0119223845199 0.00159999998525 0
0.0120113579335 0.00139999997603 0
0.0122115481348 0.00139999997603 0
0.0124117383085 0.00119999999447 0
0.0124117383085 0.00279999998525 0
0.0124117383085 0.00259999997603 0
0.0122115481348 0.00219999998525 0
0.0122115481348 0.00239999999447 0
0.0125785634624 0.000599999994468 0
0.0126119284821 0.000399999985248 0
0.0126008068089 0.000199999976028 0
0.0126119285034 0 1
0.0126119284821 0.000999999985248 0
0.0126119284821 0.000799999976028 0
0.0128121186859 0.0036 21
0.0128232403567 0.00339999998525 0
0.0128343620299 0.00319999997603 0
0.0126119284821 0.00279999998525 0
0.0126452935295 0.00299999999447 0
0.0128454837032 0.00299999999447 0
0.0124117383085 0.00139999997603 0
0.0122115481348 0.00199999997603 0
0.0121114530204 0.00179999999447 0
0.0121225747213 0.00159999998525 0
0.0123227648949 0.00159999998525 0
0.0126119284821 0.00119999999447 0
0.0126119284821 0.00259999997603 0
0.0124117383085 0.00239999999447 0
0.0124117383085 0.00219999998525 0
0.0126119284821 0.00239999999447 0
0.0127787536361 0.000599999994468 0
0.0128121186834 0.000399999985248 0
0.0128009969825 0.000199999976028 0
0.0128121186859 0 1
0.0128121186834 0.000999999985248 0
0.0128121186834 0.000799999976028 0
0.0130123088684 0 1
0.0130123088684 0.0036 21
0.0130123088571 0.00339999998525 0
0.0130345522036 0.00319999997603 0
0.0128121186834 0.00279999998525 0
0.0128121186834 0.00259999997603 0
0.0130456738768 0.00299999999447 0
0.0130123088571 0.00279999998525 0
0.0128121186834 0.00119999999447 0
0.0126119284821 0.00139999997603 0
0.0125229550685 0.00159999998525 0
0.0125007117221 0.00199999997603 0
0.0123116432217 0.00179999999447 0
0.0128121186834 0.00139999997603 0
0.0128121186834 0.00239999999447 0
0.0126119284821 0.00219999998525 0
0.0129678221365 0.000799999976028 0
0.0130123088571 0.000599999994468 0
0.0129900655106 0.000399999985248 0
0.0130123088571 0.000199999976028 0
0.0129567004632 0.000999999985248 0
0.0132013773575 0.000199999976028 0
0.0132124990509 0 1
0.0132124990509 0.0036 21
0.0132124990307 0.00339999998525 0
0.0132347423772 0.00319999997603 0
0.0130123088571 0.00259999997603 0
0.0132458640781 0.00299999999447 0
0.0132124990307 0.00279999998525 0
0.0130123088571 0.00119999999447 0
0.0130123088571 0.00239999999447 0
0.0127009018957 0.00199999997603 0
0.0127231452699 0.00159999998525 0
0.0126119284821 0.00179999999447 0
0.0129233354435 0.00159999998525 0
0.0130123088571 0.00139999997603 0
0.0128566053764 0.00199999997603 0
0.0128121186834 0.00219999998525 0
0.0131680123378 0.000799999976028 0
0.013179134011 0.000599999994468 0
0.0132124990307 0.000399999985248 0
0.0132124990307 0.000999999985248 0
0.0132124990307 0.00119999999447 0
0.013412689232 0.000199999976028 0
0.0134126892334 0 1
0.013412689232 0.00339999998525 0
0.0134126892334 0.0036 21
0.013412689232 0.00319999997603 0
0.013334837464 0.00269999996681 0
0.0132124990307 0.00259999997603 0
0.0132124990307 0.00239999999447 0
0.013457175925 0.00279999998525 0
0.013412689232 0.00299999999447 0
0.0136128794159 0 1
0.0132124990307 0.00139999997603 0
0.0130901605974 0.00219999998525 0
0.0129122137703 0.00179999999447 0
0.0131235256172 0.00159999998525 0
0.0130123088571 0.00199999997603 0
0.0132903507711 0.00219999998525 0
0.0133682025114 0.000799999976028 0
0.013412689232 0.000399999985248 0
0.0133793241847 0.000599999994468 0
0.0133570808382 0.000999999985248 0
0.0133737633342 0.00139999997603 0
0.013412689232 0.00119999999447 0
0.0135906360592 0.000399999985248 0
0.0136128794057 0.000199999976028 0
0.0136128794057 0.00339999998525 0
0.0136128794159 0.0036 21
0.0136351227522 0.00319999997603 0
0.0134682975982 0.00259999997603 0
0.013412689232 0.00239999999447 0
0.0136128794057 0.00279999998525 0
0.0136462444254 0.00299999999447 0
0.0138019479061 0.000199999976028 0
0.0138130695984 0 1
0.013412689232 0.00159999998525 0
0.0133014724443 0.00199999997603 0
0.0132124990307 0.00179999999447 0
0.013457175925 0.00199999997603 0
0.0134905409447 0.00219999998525 0
0.0135683926851 0.000799999976028 0
0.0136128794057 0.000599999994468 0
0.0136128794057 0.000999999985248 0
0.0135350276654 0.00139999997603 0
0.0136128794057 0.00119999999447 0
0.0137908262329 0.000399999985248 0
0.0138130695984 0.0036 21
0.0138130695793 0.00339999998525 0
0.0138353129258 0.00319999997603 0
0.0136128794057 0.00259999997603 0
0.0136128794057 0.00239999999447 0
0.0138130695793 0.00279999998525 0
0.0138464346267 0.00299999999447 0
0.0140021380798 0.000199999976028 0
0.0140132597809 0 1
0.0135683926851 0.00159999998525 0
0.013412689232 0.00179999999447 0
0.0136128794057 0.00199999997603 0
0.013690731146 0.00219999998525 0
0.0138130695793 0.000599999994468 0
0.0137685828864 0.000799999976028 0
0.0138130695793 0.000999999985248 0
0.0137240961658 0.00159999998525 0
0.0138130695793 0.00139999997603 0
0.0138130695793 0.00119999999447 0
0.0140132597807 0.000399999985248 0
0.0140132597809 0.0036 21
0.0140132597807 0.00319999997603 0
0.0140132597807 0.00339999998525 0
0.0138130695793 0.00259999997603 0
0.0138130695793 0.00239999999447 0
0.0140132597807 0.00259999997603 0
0.0140132597807 0.00279999998525 0
0.0140132597807 0.00299999999447 0
0.0142134499543 0.000199999976028 0
0.0142134499634 0 1
0.0137129744925 0.00179999999447 0
0.0138519954495 0.00219999998525 0
0.0138130695793 0.00199999997603 0
0.0140132597807 0.000599999994468 0
0.0140132597807 0.000799999976028 0
0.0140132597807 0.000999999985248 0
0.0140132597807 0.00119999999447 0
0.0139242863394 0.00159999998525 0
0.0140132597807 0.00139999997603 0
0.0142134499543 0.000599999994468 0
0.0142134499543 0.000399999985248 0
0.0142134499634 0.0036 21
0.0142134499543 0.00319999997603 0
0.0142245716275 0.00339999998525 0
0.0140132597807 0.00239999999447 0
0.0140132597807 0.00219999998525 0
0.0142134499543 0.00259999997603 0
0.0142134499543 0.00279999998525 0
0.014246814974 0.00299999999447 0
0.0144025184547 0.000199999976028 0
0.0144136401459 0 1
0.0140132597807 0.00179999999447 0
0.0140132597807 0.00199999997603 0
0.0142134499543 0.000999999985248 0
0.0142134499543 0.000799999976028 0
0.0142134499543 0.00119999999447 0
0.0141022331942 0.00159999998525 0
0.0142134499543 0.00139999997603 0
0.0144136401279 0.000399999985248 0
0.0143802751082 0.000599999994468 0
0.0144136401279 0.000799999976028 0
0.0144136401459 0.0036 21
0.0144247618012 0.00339999998525 0
0.0144136401279 0.00299999999447 0
0.0144136401279 0.00319999997603 0
0.0143413492381 0.00249999995759 0
0.0142134499543 0.00239999999447 0
0.0142134499543 0.00219999998525 0
0.0144692485218 0.00259999997603 0
0.0144136401279 0.00279999998525 0
0.0145915869551 0.000399999985248 0
0.0146138303016 0.000199999976028 0
0.0146138303284 0 1
0.0142134499543 0.00179999999447 0
0.0143024233679 0.00199999997603 0
0.0144136401279 0.000999999985248 0
0.0144136401279 0.00119999999447 0
0.0144136401279 0.00139999997603 0
0.0143246667144 0.00159999998525 0
0.0145804652819 0.000599999994468 0
0.0146138303016 0.000799999976028 0
0.0146138303016 0.000999999985248 0
0.0146138303284 0.0036 21
0.0146138303016 0.00339999998525 0
0.0146138303016 0.00299999999447 0
0.0146360736757 0.00319999997603 0
0.0144803701951 0.00239999999447 0
0.0144136401279 0.00219999998525 0
0.0146138303016 0.00259999997603 0
0.0146583170222 0.00279999998525 0
0.0146805603687 0.00239999999447 0
0.0147917771564 0.000399999985248 0
0.0148140205029 0.000199999976028 0
0.0148140205109 0 1
0.0144136401279 0.00179999999447 0
0.0145026135415 0.00199999997603 0
0.0146138303016 0.00119999999447 0
0.0145749044314 0.00139999997603 0
0.0146138303016 0.00159999998525 0
0.0146583170222 0.00199999997603 0
0.0147695337823 0.000799999976028 0
0.0148140205029 0.000599999994468 0
0.014758412109 0.000999999985248 0
0.0148140205029 0.00339999998525 0
0.0148140205109 0.0036 21
0.0148140205029 0.00279999998525 0
0.0148473855226 0.00299999999447 0
0.0148362638494 0.00319999997603 0
0.0146916820419 0.00219999998525 0
0.014847385495 0.00239999999447 0
0.0148140205029 0.00259999997603 0
0.0149919673301 0.000399999985248 0
0.0150142106766 0.000199999976028 0
0.0150142106934 0 1
0.0147139254161 0.00179999999447 0
0.0148140205029 0.00119999999447 0
0.0147361687626 0.00139999997603 0
0.0148140205029 0.00159999998525 0
0.0148140205029 0.00199999997603 0
0.0149808456568 0.00119999999447 0
0.0149697239836 0.000799999976028 0
0.0150142106766 0.000599999994468 0
0.0150142106766 0.000999999985248 0
0.0150142106766 0.00339999998525 0
0.0150142106934 0.0036 21
0.015036454023 0.00319999997603 0
0.0150142106766 0.00279999998525 0
0.0150142106766 0.00299999999447 0
0.0148918722432 0.00219999998525 0
0.0150142106766 0.00239999999447 0
0.0150698190704 0.00259999997603 0
0.0151921575037 0.000399999985248 0
0.015203279177 0.000199999976028 0
0.0152144008759 0 1
0.0149141155897 0.00179999999447 0
0.0150142106766 0.00139999997603 0
0.0150142106766 0.00159999998525 0
0.0150142106766 0.00199999997603 0
0.0151476708108 0.00119999999447 0
0.0151699141572 0.000799999976028 0
0.0152144008502 0.000599999994468 0
0.0152144008502 0.000999999985248 0
0.0152144008759 0.0036 21
0.0152144008502 0.00339999998525 0
0.0152366442243 0.00319999997603 0
0.0152477658976 0.00299999999447 0
0.0152144008502 0.00279999998525 0
0.0150920624169 0.00219999998525 0
0.0152144008502 0.00239999999447 0
0.0154145910515 0.00259999997603 0
0.0152144008502 0.00259999997603 0
0.015436834398 0.000399999985248 0
0.0154145910515 0.000199999976028 0
0.0154145910584 0 1
0.0151143057634 0.00179999999447 0
0.0152144008502 0.00139999997603 0
0.0152144008502 0.00159999998525 0
0.0152144008502 0.00199999997603 0
0.0153478609844 0.00119999999447 0
0.0153701043309 0.000799999976028 0
0.0154145910515 0.000599999994468 0
0.0154145910515 0.000999999985248 0
0.0154145910515 0.00139999997603 0
0.0154145910584 0.0036 21
0.0156147812409 0.0036 21
0.0154145910515 0.00339999998525 0
0.0154145910515 0.00319999997603 0
0.0154145910515 0.00299999999447 0
0.0154145910515 0.00279999998525 0
0.0155591728313 0.00259999997603 0
0.0152922525905 0.00219999998525 0
0.0154145910515 0.00239999999447 0
0.0156147812252 0.000599999994468 0
0.0156147812252 0.000399999985248 0
0.0156147812252 0.000199999976028 0
0.0156147812409 0 1
0.0153144959647 0.00179999999447 0
0.0154145910515 0.00159999998525 0
0.0154145910515 0.00199999997603 0
0.0155480511581 0.00119999999447 0
0.0156147812252 0.000999999985248 0
0.0156147812252 0.000799999976028 0
0.0155758553273 0.00139999997603 0
0.0158149714234 0.0036 21
0.0156036595519 0.00339999998525 0
0.0155925378787 0.00319999997603 0
0.0155814162054 0.00299999999447 0
0.0156592679458 0.00279999998525 0
0.0160151616059 0.0036 21
0.015714876312 0.00259999997603 0
0.0156147812252 0.00239999999447 0
0.0155369294848 0.00219999998525 0
0.0157816063791 0.000599999994468 0
0.0157927280523 0.000399999985248 0
0.0158149713988 0.000199999976028 0
0.0158149714234 0 1
0.0155146861383 0.00179999999447 0
0.0156147812252 0.00159999998525 0
0.0157037546387 0.00199999997603 0
0.0157482413594 0.00119999999447 0
0.0158149713988 0.000999999985248 0
0.0158149713988 0.000799999976028 0
0.0157371196585 0.00139999997603 0
0.0158260930997 0.00339999998525 0
0.0158149713988 0.00319999997603 0
0.0158149713988 0.00299999999447 0
0.0158594581194 0.00279999998525 0
0.0160262832734 0.00339999998525 0
0.0162153517884 0.0036 21
0.0158149713988 0.00239999999447 0
0.0158705797927 0.00259999997603 0
0.0158149713988 0.00219999998525 0
0.0159817965527 0.000599999994468 0
0.0160151616001 0.000399999985248 0
0.0160040399269 0.000199999976028 0
0.0160151616059 0 1
0.015714876312 0.00179999999447 0
0.0158149713988 0.00159999998525 0
0.0159039448124 0.00199999997603 0
0.0160151616001 0.000799999976028 0
0.015948431533 0.00119999999447 0
0.0160151616001 0.000999999985248 0
0.0160151616001 0.00159999998525 0
0.0160151616001 0.00139999997603 0
0.0160151616001 0.00299999999447 0
0.0160151616001 0.00319999997603 0
0.0160151616001 0.00279999998525 0
0.0162153517738 0.00319999997603 0
0.0162153517738 0.00339999998525 0
0.0164155419709 0.0036 21
0.0160151616001 0.00219999998525 0
0.0160707699663 0.00259999997603 0
0.0160151616001 0.00239999999447 0
0.016181986754 0.000599999994468 0
0.0161931084273 0.000399999985248 0
0.0162153517738 0.000199999976028 0
0.0162153517884 0 1
0.0160151616001 0.00179999999447 0
0.0161041350137 0.00199999997603 0
0.0162153517738 0.000799999976028 0
0.0162153517738 0.000999999985248 0
0.0161486217067 0.00119999999447 0
0.0162153517738 0.00159999998525 0
0.0162153517738 0.00139999997603 0
0.0162598384944 0.00279999998525 0
0.0162153517738 0.00299999999447 0
0.0164155419474 0.00319999997603 0
0.0164266636207 0.00339999998525 0
0.0166157321534 0.0036 21
0.0162709601676 0.00259999997603 0
0.0162153517738 0.00219999998525 0
0.0162153517738 0.00239999999447 0
0.0163821769277 0.000599999994468 0
0.0164044202742 0.000199999976028 0
0.0164155419474 0.000399999985248 0
0.0164155419709 0 1
0.0162153517738 0.00179999999447 0
0.0163043251873 0.00199999997603 0
0.0164155419474 0.000799999976028 0
0.0164155419474 0.000999999985248 0
0.016348811908 0.00119999999447 0
0.0163710552545 0.00159999998525 0
0.0164155419474 0.00139999997603 0
0.0164155419474 0.00279999998525 0
0.0168159223359 0.0036 21
0.0164489069948 0.00299999999447 0
0.0166157321487 0.00319999997603 0
0.016626853822 0.00339999998525 0
0.0164155419474 0.00239999999447 0
0.0164711503413 0.00259999997603 0
0.0164155419474 0.00219999998525 0
0.0165823671013 0.000599999994468 0
0.0166157321487 0.000399999985248 0
0.0166046104755 0.000199999976028 0
0.0166157321534 0 1
0.0164155419474 0.00179999999447 0
0.016504515361 0.00199999997603 0
0.0166157321487 0.000799999976028 0
0.0166157321487 0.000999999985248 0
0.0165490020816 0.00119999999447 0
0.0166157321487 0.00139999997603 0
0.0165267587351 0.00159999998525 0
0.0166157321487 0.00279999998525 0
0.0170161125184 0.0036 21
0.0168270439956 0.00339999998525 0
0.0166490971684 0.00299999999447 0
0.0168159223224 0.00319999997603 0
0.0166713405149 0.00259999997603 0
0.0166157321487 0.00239999999447 0
0.0166157321487 0.00219999998525 0
0.0172163027009 0.0036 21
0.0167825573027 0.000599999994468 0
0.0168159223224 0.000399999985248 0
0.0168048006491 0.000199999976028 0
0.0168159223359 0 1
0.0168159223224 0.000799999976028 0
0.0166157321487 0.00179999999447 0
0.0167047055623 0.00199999997603 0
0.0168159223224 0.000999999985248 0
0.0167491922553 0.00119999999447 0
0.0168159223224 0.00139999997603 0
0.0167269489088 0.00159999998525 0
0.0168159223224 0.00279999998525 0
0.0172274243706 0.00339999998525 0
0.0170272341693 0.00339999998525 0
0.017016112496 0.00319999997603 0
0.0168492873421 0.00299999999447 0
0.0168715307162 0.00259999997603 0
0.0168159223224 0.00239999999447 0
0.0168159223224 0.00219999998525 0
0.0174164928834 0.0036 21
0.0169827474763 0.000599999994468 0
0.017016112496 0.000399999985248 0
0.0170049908228 0.000199999976028 0
0.0170161125184 0 1
0.017016112496 0.000799999976028 0
0.0168159223224 0.00179999999447 0
0.016904895736 0.00199999997603 0
0.017016112496 0.000999999985248 0
0.0169493824566 0.00119999999447 0
0.017016112496 0.00139999997603 0
0.0169271390824 0.00159999998525 0
0.0174276145442 0.00339999998525 0
0.017016112496 0.00279999998525 0
0.0172385460438 0.00319999997603 0
0.017016112496 0.00299999999447 0
0.0171328901065 0.00289999997603 0
0.017016112496 0.00239999999447 0
0.0170717208899 0.00259999997603 0
0.017016112496 0.00219999998525 0
0.0176166830659 0.0036 21
0.0172163027009 0 1
0.0171829376499 0.000599999994468 0
0.0171940593232 0.000399999985248 0
0.0172163026973 0.000199999976028 0
0.0172163026973 0.000799999976028 0
0.0172163026973 0.000999999985248 0
0.027 0.0036 20
0.027 0.00324 19
0.0171050859096 0.00199999997603 0
0.017016112496 0.00179999999447 0
0.0172163026973 0.00119999999447 0
0.0172163026973 0.00139999997603 0
0.0171273292837 0.00159999998525 0
0.0174387362175 0.00319999997603 0
0.0176166830446 0.00339999998525 0
0.0172163026973 0.00259999997603 0
0.0172607893903 0.00279999998525 0
0.0174498578907 0.00299999999447 0
0.0172496677171 0.00299999999447 0
0.0172163026973 0.00239999999447 0
0.0172163026973 0.00219999998525 0
0.0173052761109 0.00199999997603 0
0.0178168732484 0.0036 21
0.0178168732459 0.00339999998525 0
0.0174164928834 0 1
0.0174053711977 0.000199999976028 0
0.0173831278513 0.000599999994468 0
0.017416492871 0.000399999985248 0
0.017416492871 0.000999999985248 0
0.017416492871 0.000799999976028 0
0.026763075375 0.0036 20
0.0268727085094 0.00343341565094 0
0.0267628606325 0.00324 18
0.0173163977842 0.00179999999447 0
0.017416492871 0.00119999999447 0
0.017416492871 0.00139999997603 0
0.0173275194574 0.00159999998525 0
0.0174609795639 0.00199999997603 0
0.0176389264188 0.00319999997603 0
0.0178391165924 0.00319999997603 0
0.017650048092 0.00299999999447 0
0.017416492871 0.00239999999447 0
0.0176166830446 0.00279999998525 0
0.017416492871 0.00259999997603 0
0.017416492871 0.00279999998525 0
0.017416492871 0.00219999998525 0
0.0180170634309 0.0036 21
0.0180170634196 0.00339999998525 0
0.0180393067661 0.00319999997603 0
0.0175944396981 0.000399999985248 0
0.0176166830659 0 1
0.0176166830446 0.000199999976028 0
0.0176166830446 0.000599999994468 0
0.0175610746784 0.000999999985248 0
0.0176166830446 0.000799999976028 0
0.0265536869261 0.0036 20
0.0266582737615 0.00341999997234 0
0.026553257441 0.00324 18
0.0175165879578 0.00179999999447 0
0.0176166830446 0.00119999999447 0
0.0176166830446 0.00139999997603 0
0.017527709631 0.00159999998525 0
0.0176166830446 0.00199999997603 0
0.0178168732459 0.00299999999447 0
0.0180504284393 0.00299999999447 0
0.0176166830446 0.00239999999447 0
0.0178168732459 0.00279999998525 0
0.0176166830446 0.00259999997603 0
0.017694534785 0.00219999998525 0
0.0182172536134 0.0036 21
0.0182172535932 0.00339999998525 0
0.0182394969397 0.00319999997603 0
0.0177946298718 0.000399999985248 0
0.0178168732484 0 1
0.017805751545 0.000199999976028 0
0.0177723865253 0.000799999976028 0
0.0178168732459 0.000599999994468 0
0.0178168732459 0.000999999985248 0
0.0178168732459 0.00119999999447 0
0.0263442984772 0.0036 20
0.0264487779504 0.00342 0
0.0263436542496 0.00324 18
0.0177167781315 0.00179999999447 0
0.0178168732459 0.00139999997603 0
0.0177278998324 0.00159999998525 0
0.0178168732459 0.00199999997603 0
0.0182506186406 0.00299999999447 0
0.0182172535932 0.00279999998525 0
0.0180170634196 0.00279999998525 0
0.0178168732459 0.00239999999447 0
0.0178724816121 0.00259999997603 0
0.0180170634196 0.00259999997603 0
0.0178947249586 0.00219999998525 0
0.0184174437959 0.0036 21
0.0184285654678 0.00339999998525 0
0.0184174437945 0.00319999997603 0
0.0180170634309 0 1
0.0179948200731 0.000399999985248 0
0.0180170634196 0.000199999976028 0
0.017972576699 0.000799999976028 0
0.0180170634196 0.000599999994468 0
0.0180170634196 0.000999999985248 0
0.0180170634196 0.00119999999447 0
0.0180170634196 0.00139999997603 0
0.0261349100282 0.0036 20
0.0262392821115 0.00341999997234 0
0.0261340510582 0.00324 18
0.0259255215793 0.0036 20
0.0184508088143 0.00299999999447 0
0.0179169683328 0.00179999999447 0
0.017928090006 0.00159999998525 0
0.0180170634196 0.00199999997603 0
0.0184174437945 0.00279999998525 0
0.0182172535932 0.00259999997603 0
0.0180170634196 0.00239999999447 0
0.0180949151599 0.00219999998525 0
0.0181282801796 0.00159999998525 0
0.0186176339784 0.0036 21
0.0186176339682 0.00339999998525 0
0.0186398773147 0.00319999997603 0
0.01820613192 0.000199999976028 0
0.0182172536134 0 1
0.0181950102468 0.000399999985248 0
0.0182172535932 0.000999999985248 0
0.0181727669003 0.000799999976028 0
0.0182172535932 0.000599999994468 0
0.0182172535932 0.00139999997603 0
0.0182172535932 0.00119999999447 0
0.0259249847062 0.00341999997234 0
0.0259244478667 0.00324 18
0.0257161331304 0.0036 20
0.0186176339682 0.00299999999447 0
0.0186176339682 0.00279999998525 0
0.0181171585064 0.00179999999447 0
0.0182172535932 0.00199999997603 0
0.0184174437945 0.00259999997603 0
0.0182172535932 0.00239999999447 0
0.0182561794634 0.00219999998525 0
0.018328470381 0.00159999998525 0
0.0188178241609 0.0036 21
0.0188178241418 0.00319999997603 0
0.0188289458151 0.00339999998525 0
0.0184063220936 0.000199999976028 0
0.0184174437959 0 1
0.0184174437945 0.000399999985248 0
0.0184174437945 0.000599999994468 0
0.0183618354007 0.000999999985248 0
0.0184174437945 0.000799999976028 0
0.0184174437945 0.00119999999447 0
0.0184174437945 0.00139999997603 0
0.025715488895 0.00342 0
0.0257148446753 0.00324 18
0.0255067446815 0.0036 20
0.0188511891892 0.00299999999447 0
0.0188178241418 0.00279999998525 0
0.0186732423621 0.00259999997603 0
0.0184174437945 0.00199999997603 0
0.0184174437945 0.00179999999447 0
0.018484173834 0.00239999999447 0
0.0184174437945 0.00219999998525 0
0.0186176339682 0.00159999998525 0
0.0190180143434 0.0036 21
0.0190180143431 0.00339999998525 0
0.0190180143431 0.00319999997603 0
0.0186176339784 0 1
0.0186176339682 0.000199999976028 0
0.0186176339682 0.000399999985248 0
0.0186176339682 0.000599999994468 0
0.0186176339682 0.000799999976028 0
0.0185620255743 0.000999999985248 0
0.0185842689208 0.00119999999447 0
0.0186176339682 0.00139999997603 0
0.0187733374489 0.000799999976028 0
0.0255059930562 0.00341999997234 0
0.0255052414839 0.00324 18
0.0252973562326 0.0036 20
0.0192182045259 0.0036 21
0.0194183947084 0.0036 21
0.0186176339682 0.00179999999447 0
0.0186843640353 0.00239999999447 0
0.0190180143431 0.00299999999447 0
0.0190180143431 0.00279999998525 0
0.0188178241418 0.00259999997603 0
0.0186176339682 0.00199999997603 0
0.0186954857085 0.00219999998525 0
0.0188956758822 0.00219999998525 0
0.0187733374212 0.00159999998525 0
0.0192070828436 0.00339999998525 0
0.0192182045168 0.00319999997603 0
0.0188178241609 0 1
0.0188178241418 0.000599999994468 0
0.0188178241418 0.000199999976028 0
0.0188178241418 0.000399999985248 0
0.0187622157756 0.000999999985248 0
0.0187510940747 0.00119999999447 0
0.0188178241418 0.00139999997603 0
0.0189401625751 0.000699999957588 0
0.0189234800791 0.000899999966808 0
0.025296497245 0.00341999997234 0
0.0252956382925 0.00324 18
0.0250879677837 0.0036 20
0.027 0.00036 4
0.027 0 3
0.0194295163637 0.00339999998525 0
0.0196185848909 0.0036 21
0.0188178241418 0.00179999999447 0
0.0192515695365 0.00299999999447 0
0.0188845542089 0.00239999999447 0
0.0192182045168 0.00279999998525 0
0.0190180143431 0.00259999997603 0
0.0189067975554 0.00199999997603 0
0.0190569401857 0.00219999998525 0
0.0189290409019 0.00159999998525 0
0.0194183946904 0.00299999999447 0
0.0194183946904 0.00319999997603 0
0.0190513793629 0.000599999994468 0
0.0190180143434 0 1
0.0190402576896 0.000399999985248 0
0.0190291360164 0.000199999976028 0
0.0189234800791 0.00109999997603 0
0.0190180143431 0.00139999997603 0
0.0190625010361 0.000799999976028 0
0.0190736227093 0.000999999985248 0
0.0250870014338 0.00341999997234 0
0.025086035101 0.00324 18
0.0248785793348 0.0036 20
0.0267628606325 0.00036 4
0.0268727085094 0.000166584310333 0
0.026763075375 0 2
0.0196185848641 0.00319999997603 0
0.0196185848641 0.00339999998525 0
0.0198187750734 0.0036 21
0.0198298967386 0.00339999998525 0
0.0190180143431 0.00179999999447 0
0.0194183946904 0.00279999998525 0
0.0191514744497 0.00239999999447 0
0.019273812883 0.00259999997603 0
0.0192182045168 0.00219999998525 0
0.0191292311032 0.00199999997603 0
0.0191069877567 0.00159999998525 0
0.0196185848641 0.00299999999447 0
0.0195407331237 0.00269999996681 0
0.0196630715847 0.00279999998525 0
0.0192182045168 0.000599999994468 0
0.0192182045168 0.000399999985248 0
0.0192182045259 0 1
0.0192182045168 0.000199999976028 0
0.0190847443826 0.00119999999447 0
0.0192182045168 0.00139999997603 0
0.0192182045168 0.000799999976028 0
0.0192182045168 0.000999999985248 0
0.024877505595 0.00341999997234 0
0.0248764319096 0.00324 18
0.0246691908859 0.0036 20
0.026553257441 0.00036 4
0.0266582737615 0.000179999988936 0
0.0265536869261 0 2
0.0263436542496 0.00036 4
0.0263442984772 0 2
0.0198187750654 0.00319999997603 0
0.0200189652559 0.0036 21
0.020018965239 0.00339999998525 0
0.0192182045168 0.00179999999447 0
0.0194183946904 0.00259999997603 0
0.0194183946904 0.00239999999447 0
0.0194183946904 0.00219999998525 0
0.0193071779304 0.00199999997603 0
0.0193294212769 0.00159999998525 0
0.0198521400851 0.00299999999447 0
0.019674193258 0.00259999997603 0
0.0198187750654 0.00279999998525 0
0.0193850296707 0.000599999994468 0
0.0194183946904 0.000799999976028 0
0.0194183947084 0 1
0.0194183946904 0.000399999985248 0
0.0194072730172 0.000199999976028 0
0.0193516646233 0.00119999999447 0
0.0194183946904 0.00139999997603 0
0.0194183946904 0.000999999985248 0
0.0246668287182 0.00324 18
0.0246680097838 0.00342 0
0.024459802437 0.0036 20
0.0263439763562 0.000179999988936 0
0.0261340510582 0.00036 4
0.0261349100282 0 2
0.0200412085855 0.00319999997603 0
0.0202191554384 0.0036 21
0.0202302771136 0.00339999998525 0
0.0194183946904 0.00179999999447 0
0.0196185848641 0.00239999999447 0
0.0196185848641 0.00219999998525 0
0.019507368104 0.00199999997603 0
0.0196185848641 0.00159999998525 0
0.0198187750654 0.00239999999447 0
0.0200523302588 0.00299999999447 0
0.020018965239 0.00279999998525 0
0.0198743834316 0.00259999997603 0
0.0195852198444 0.000599999994468 0
0.0196185848641 0.000799999976028 0
0.0196185848909 0 1
0.0196185848641 0.000199999976028 0
0.0195963415176 0.000399999985248 0
0.0195518548246 0.00119999999447 0
0.0196185848641 0.00139999997603 0
0.0196185848641 0.000999999985248 0
0.0244572255267 0.00324 18
0.0244585139726 0.00341999997234 0
0.024250413988 0.0036 20
0.0260297863004 0.000179999988936 0
0.0259244478667 0.00036 4
0.0259255215793 0 2
0.0257161331304 0 2
0.0202413987868 0.00319999997603 0
0.0202525204601 0.00299999999447 0
0.0206195358034 0.0036 21
0.0204193456209 0.0036 21
0.020419345614 0.00339999998525 0
0.0198187750734 0 1
0.0196185848641 0.00179999999447 0
0.0198187750654 0.00219999998525 0
0.0197075583053 0.00199999997603 0
0.0197742883448 0.00159999998525 0
0.020018965239 0.00239999999447 0
0.0202191554127 0.00279999998525 0
0.020018965239 0.00259999997603 0
0.0200968169794 0.00219999998525 0
0.0198187750654 0.000799999976028 0
0.019785410018 0.000599999994468 0
0.0198076533922 0.000199999976028 0
0.0198187750654 0.000399999985248 0
0.0197520449983 0.00119999999447 0
0.0198187750654 0.00139999997603 0
0.0198187750654 0.000999999985248 0
0.0242476223353 0.00324 18
0.0241443239168 0.00341999997234 0
0.0240410255391 0.0036 20
0.0257148446753 0.00036 4
0.025715488895 0.000179999988936 0
0.0255067446815 0 2
0.0208197259859 0.0036 21
0.020419345614 0.00279999998525 0
0.020419345614 0.00319999997603 0
0.020419345614 0.00299999999447 0
0.0206195357877 0.00319999997603 0
0.0208308476622 0.00339999998525 0
0.0206195357877 0.00339999998525 0
0.0200189652559 0 1
0.0200078435658 0.000199999976028 0
0.0198187750654 0.00179999999447 0
0.019907748479 0.00199999997603 0
0.0199299918255 0.00159999998525 0
0.0201079386526 0.00199999997603 0
0.0202191554127 0.00239999999447 0
0.0202191554127 0.00259999997603 0
0.0202580812829 0.00219999998525 0
0.020018965239 0.00139999997603 0
0.0199744785461 0.000799999976028 0
0.0199856002193 0.000599999994468 0
0.0199967218926 0.000399999985248 0
0.020018965239 0.00119999999447 0
0.020018965239 0.000999999985248 0
0.0240380191439 0.00324 18
0.0239348557936 0.00341999997234 0
0.0238316924603 0.0036 20
0.0255052414839 0.00036 4
0.0255059930562 0.000179999988936 0
0.0252956382925 0.00036 4
0.0252973562326 0 2
0.020419345614 0.00259999997603 0
0.0210199161684 0.0036 21
0.0212201063509 0.0036 21
0.0210199161626 0.00339999998525 0
0.0206195357877 0.00279999998525 0
0.0205861707679 0.00299999999447 0
0.0208197259613 0.00319999997603 0
0.0210421595091 0.00319999997603 0
0.0202191554384 0 1
0.0202080337395 0.000199999976028 0
0.0201301819991 0.00159999998525 0
0.0201190603259 0.00179999999447 0
0.0202636421333 0.00199999997603 0
0.020419345614 0.00239999999447 0
0.020419345614 0.00219999998525 0
0.0202191554127 0.00139999997603 0
0.0201746687197 0.000799999976028 0
0.020185790393 0.000599999994468 0
0.0203025679758 0.000699999957588 0
0.0202191554127 0.000399999985248 0
0.0202191554127 0.00119999999447 0
0.0202191554127 0.000999999985248 0
0.0238286302825 0.00324000167694 18
0.0237799278795 0.00341999997234 0
0.023625 0.0036 21
0.025296497245 0.000179999988936 0
0.025086035101 0.00036 4
0.0250879677837 0 2
0.0204193456209 0 1
0.0206751441815 0.00259999997603 0
0.0206195357877 0.00239999999447 0
0.0214202965334 0.0036 21
0.0212201063363 0.00339999998525 0
0.0212201063363 0.00319999997603 0
0.0208197259613 0.00279999998525 0
0.0208530910087 0.00299999999447 0
0.0210532811823 0.00299999999447 0
0.0203971022399 0.000399999985248 0
0.020419345614 0.000199999976028 0
0.020419345614 0.00159999998525 0
0.0203192505272 0.00179999999447 0
0.020419345614 0.00199999997603 0
0.0206195357877 0.00219999998525 0
0.020419345614 0.00119999999447 0
0.020575049067 0.00159999998525 0
0.020419345614 0.00139999997603 0
0.020419345614 0.000799999976028 0
0.020419345614 0.000599999994468 0
0.020419345614 0.000999999985248 0
0.023625 0.00324 18
0.0236249999931 0.00341999997234 0
0.0234221983584 0.0036 21
0.0216204867159 0.0036 21
0.0249823072168 0.000179999988936 0
0.0248764319096 0.00036 4
0.0246668287182 0.00036 4
0.0246691908859 0 2
0.0248785793348 0 2
0.0206195357877 0.000199999976028 0
0.0206195358034 0 1
0.0208753343552 0.00259999997603 0
0.0208197259613 0.00239999999447 0
0.0215712563078 0.00345687831791 0
0.021395681322 0.00332843913314 0
0.021395808338 0.00308147119315 0
0.0212201063363 0.00299999999447 0
0.0210644028556 0.00279999998525 0
0.0206195357877 0.000599999994468 0
0.0206195357877 0.000399999985248 0
0.0206195357877 0.00179999999447 0
0.0206195357877 0.00199999997603 0
0.0208197259613 0.00219999998525 0
0.0205861707679 0.00119999999447 0
0.0207307525477 0.00159999998525 0
0.0206195357877 0.00139999997603 0
0.0206195357877 0.000799999976028 0
0.0206195357877 0.000999999985248 0
0.023439526213 0.00323732562108 17
0.0233411463222 0.00340922709524 0
0.0232220081759 0.0036 21
0.0218206768984 0.0036 21
0.0217594477837 0.00343716444876 0
0.0244572255267 0.00036 4
0.024459802437 0 2
0.0246680097838 0.000179999988936 0
0.0208086042881 0.000199999976028 0
0.0208197259859 0 1
0.0210755245288 0.00259999997603 0
0.0210199161626 0.00239999999447 0
0.0210199161626 0.00219999998525 0
0.0215712307774 0.00306478745241 0
0.0216556249762 0.00332446601045 0
0.0214834560497 0.00319661327894 0
0.021395808338 0.00293249911833 0
0.0212201063363 0.00279999998525 0
0.0212201063363 0.00259999997603 0
0.0207863609416 0.000599999994468 0
0.0208197259613 0.000399999985248 0
0.0210644028556 0.00199999997603 0
0.0208197259613 0.00179999999447 0
0.0209086993749 0.00199999997603 0
0.0208197259613 0.000799999976028 0
0.020930942749 0.00159999998525 0
0.0207529959219 0.00119999999447 0
0.0209809902648 0.00139999997603 0
0.0208197259613 0.00139999997603 0
0.0208197259613 0.000999999985248 0
0.0232648714369 0.0032296981187 17
0.0230218179934 0.0036 21
0.0231535040689 0.00340794227521 0
0.0228216278109 0.0036 21
0.0220208670809 0.0036 21
0.0222210572634 0.0036 21
0.0219087565671 0.00331932000888 0
0.0219637049037 0.00345688871817 0
0.024250413988 0 2
0.0242476223353 0.00036 4
0.0243538197557 0.000179999988936 0
0.0240410255391 0 2
0.0210199161684 0 1
0.0210087944894 0.000199999976028 0
0.0212201063509 0 1
0.0212201063363 0.00239999999447 0
0.0212201063363 0.00219999998525 0
0.0215896726609 0.0028941518459 0
0.0217590078746 0.0030234612231 0
0.0217399936722 0.00319205373065 0
0.0214243988614 0.00252857999773 0
0.0214031418529 0.00273357050241 0
0.0210199161626 0.000399999985248 0
0.0209865511152 0.000599999994468 0
0.0212201063363 0.00199999997603 0
0.0211200112494 0.00179999999447 0
0.0212201063363 0.00159999998525 0
0.0210199161626 0.000799999976028 0
0.0210199161626 0.000999999985248 0
0.0211422545959 0.00139999997603 0
0.0209531860955 0.00119999999447 0
0.023085 0.00321588457268 17
0.0229506894602 0.00339511852661 0
0.0226214376284 0.0036 21
0.0227756330217 0.00344312261148 0
0.0224212474459 0.0036 21
0.0221597833213 0.00345687831791 0
0.0223560102747 0.00345688871817 0
0.0219955878579 0.00316941141228 0
0.022101028128 0.00331932000888 0
0.0240380191439 0.00036 4
0.0240395223226 0.000179999988936 0
0.0238316924603 0 2
0.0211978629898 0.000399999985248 0
0.0212201063363 0.000199999976028 0
0.0214202965334 0 1
0.0213930159774 0.00214279600811 0
0.0214243988614 0.00237036908495 0
0.0216081145997 0.0027235162394 0
0.0217780221046 0.00285486871555 0
0.0219207134979 0.00302148201939 0
0.0215830642879 0.00253755830349 0
0.0212201063363 0.000599999994468 0
0.021436057642 0.00198039362239 0
0.0213079573233 0.00139879058558 0
0.02141593299 0.00178898741337 0
0.021395808338 0.00159758123202 0
0.0212201063363 0.000799999976028 0
0.0213765224288 0.000761261614898 0
0.0212201063363 0.000999999985248 0
0.0212201063363 0.00119999999447 0
0.0220824191488 0.00301950281568 0
0.0228795609358 0.00319023705355 16
0.022731669191 0.00329317241381 0
0.0225148317882 0.00344312261148 0
0.0222932996889 0.00331932000888 0
0.022233143613 0.00318710635756 0
0.0238286302825 0.000359998323056 4
0.0238301613553 0.000179999159127 0
0.023625 0 2
0.023625 0.00036 5
0.0213765224288 0.000361261651778 0
0.0216204867159 0 1
0.0215712563078 0.000143121643367 0
0.0214738893545 0.000252191633742 0
0.0215933124219 0.00215518496476 0
0.0216241172613 0.00234140160727 0
0.0217970363346 0.002686276208 0
0.0219397277279 0.00285288951184 0
0.0218082464931 0.00253837264981 0
0.0220741827194 0.00276092635386 0
0.0214547304888 0.000541892466603 0
0.0213815669447 0.00126689234444 0
0.0216468217047 0.00196125824034 0
0.0215712307774 0.00179121694262 0
0.0214890900616 0.00141405986256 0
0.0216022981129 0.00163482281239 0
0.0214166384655 0.000948390991342 0
0.0215329385489 0.000722523309088 0
0.0214551765662 0.00113499410329 0
0.0221680254487 0.00287170912412 0
0.0222908947935 0.00303803097158 0
0.0226896925639 0.00315 16
0.0225058226412 0.00323095213416 0
0.0223999240126 0.00314473758461 0
0.0222525605767 0.00272576471594 0
0.0236249999931 0.000179999988936 0
0.0234221983584 0 1
0.023439526213 0.000362674378918 5
0.0218206768984 0 1
0.0215563029112 0.000415540139354 0
0.0217594477837 0.000162835512518 0
0.0216578753336 0.000289187812106 0
0.0217742418017 0.00221106030799 0
0.0218194566793 0.00239046911928 0
0.02198033999 0.00265014358359 0
0.0219322081976 0.00247749314694 0
0.0221600384874 0.00261472163477 0
0.0218525242403 0.00194258237854 0
0.0216596291337 0.000573575160404 0
0.0215823717851 0.00123053849311 0
0.0217970353112 0.00181608903918 0
0.0217399936722 0.00159284310895 0
0.0216333654761 0.00147842868216 0
0.0216838460965 0.000743602323722 0
0.0216841152034 0.00107168384263 0
0.0216088759489 0.000897909790052 0
0.0223486459739 0.00288895558561 0
0.0224468229863 0.00297447777068 0
0.022545 0.00306 15
0.0224063971544 0.0027398802273 0
0.0223370957323 0.00257982033541 0
0.0233411463222 0.0001907728937 0
0.0232220081759 0 1
0.0232648714369 0.000370301881304 5
0.0230218179934 0 1
0.0220208670809 0 1
0.0222210572634 0 1
0.0219637049037 0.000143111243102 0
0.0217848704305 0.00042633094032 0
0.0219087565671 0.000280679980051 0
0.0219516029501 0.00215058671973 0
0.0220106238758 0.00232363773257 0
0.0221011722381 0.00248023292538 0
0.0222677943379 0.00241976044353 0
0.0219810269608 0.00175743699103 0
0.0220532973544 0.00192435408773 0
0.0218383983287 0.000622811344809 0
0.0217593544856 0.00124545792286 0
0.0219087565671 0.00159051989433 0
0.0218345937401 0.00141923200309 0
0.0219074863794 0.000803656250205 0
0.0218634022265 0.00103093090029 0
0.0225449999986 0.00289199998672 0
0.0225656703603 0.00271285712903 0
0.0226896925639 0.00297 15
0.0224063971544 0.00240388020628 0
0.0225449999986 0.00255599999336 0
0.023053408982 0.000192057686068 0
0.023085 0.000384115427319 6
0.0228505943457 0.000204881462329 0
0.0228216278109 0 1
0.0221597833213 0.000143121643367 0
0.0226214376284 0 1
0.0223560102747 0.000143111243102 0
0.0224212474459 0 1
0.022101028128 0.000280679980051 0
0.0219276771948 0.000517193302118 0
0.0220169560608 0.000411575259428 0
0.0221245990297 0.00166135187039 0
0.022125567748 0.00209127118443 0
0.0221978381416 0.00225818828113 0
0.0223714190701 0.00223909411291 0
0.0221537077684 0.001823608929 0
0.022219817609 0.0019675826805 0
0.022017167579 0.000672047556873 0
0.0220710924022 0.00153680628501 0
0.02192242105 0.00120364382152 0
0.022016244915 0.00136624267821 0
0.0220592449232 0.000877787738142 0
0.0220389824124 0.00106027220666 0
0.0226896925578 0.00280285712626 0
0.0227196471756 0.00260717734859 0
0.0228795609358 0.00292976294645 14
0.0225449999986 0.00238799999668 0
0.0226896925578 0.00246857140644 0
0.0228795609358 0.00040976294645 6
0.0226567894371 0.000233071990398 0
0.0222932996889 0.000280679980051 0
0.0225148317882 0.000156877349798 0
0.022233143613 0.000412893603717 0
0.0221251555822 0.000542470566465 0
0.0222541181824 0.00172286382558 0
0.0222679890939 0.00156538856563 0
0.0223380729424 0.00207137442551 0
0.0225449999986 0.00221999997234 0
0.0223608551388 0.00192787507548 0
0.0221669786178 0.000675788941733 0
0.022208801681 0.000809107344662 0
0.0221976326534 0.00139918325093 0
0.022161756993 0.00122832096842 0
0.0222110034947 0.00095191922608 0
0.0222394117368 0.00112235996591 0
0.0228795609106 0.00272435149689 0
0.0228795609106 0.00251894003039 0
0.023085 0.00290411542732 14
0.0227500845759 0.00223850705111 0
0.0228795609106 0.00231352859156 0
0.0226896925639 0.00045 7
0.0223999240126 0.000455262404322 0
0.0225058226412 0.000369047854775 0
0.0223370957323 0.000567262392889 0
0.0227195224831 0.00210118006501 0
0.0223836373628 0.00178437578077 0
0.0223950659546 0.00162853502211 0
0.0224064945463 0.00147269426345 0
0.0224891007016 0.00188643751354 0
0.0225449999986 0.00205199997566 0
0.0226896925578 0.00196714285438 0
0.0223583584389 0.000740426951182 0
0.0223796211731 0.000913591509474 0
0.0223732399187 0.00126210396264 0
0.0223796211731 0.00104931812706 0
0.0230476474286 0.0024979556969 0
0.0230663237053 0.00270103556771 0
0.0231774582867 0.00241752471838 0
0.0232648714369 0.0028903018813 13
0.0228772723543 0.00216679636326 0
0.023084999982 0.0023018706408 0
0.022545 0.00054 7
0.0225449999986 0.000707999974553 0
0.0228444653531 0.00202731995209 0
0.0225449999986 0.00137999998894 0
0.0225449999986 0.0017159999823 0
0.022781201534 0.00186160610525 0
0.0225165412765 0.00156319604583 0
0.0226173462644 0.00184499997925 0
0.0225449999986 0.000875999998894 0
0.0225449999986 0.00104399999557 0
0.0225449999986 0.00121199999226 0
0.0232648714115 0.00252686790934 0
0.0232794259745 0.00270922052131 0
0.0233085351281 0.0023470578027 0
0.023439526213 0.00288267437892 13
0.0230102948752 0.00209179601059 0
0.0231470958181 0.00214655125077 0
0.0226896925639 0.00063 8
0.0226896925578 0.000797142835015 0
0.0229307447936 0.00188068945831 0
0.0226896925578 0.00129857141474 0
0.022638016626 0.00149785712488 0
0.0228795609106 0.00169729427505 0
0.0226896925578 0.00163285713456 0
0.0226896925578 0.000964285694924 0
0.0226586869877 0.0011507142705 0
0.0234395261951 0.00270222863859 0
0.0234395261951 0.0025217828987 0
0.0234395261951 0.00234133718647 0
0.0233230896911 0.00216597645723 0
0.0234972153889 0.00221153636907 0
0.023625 0.00288 13
0.0232648714115 0.00198171697319 0
0.023084999982 0.0019003741182 0
0.0228795609358 0.00067023705355 8
0.022862840188 0.000872765322712 0
0.0230388440188 0.00164553148998 0
0.0228294924007 0.00127668734764 0
0.0228795609106 0.00149188280855 0
0.0228795609106 0.00108105993088 0
0.0236249999931 0.00268363633849 0
0.0236249999931 0.00248727271571 0
0.0236802046575 0.00229897308811 0
0.0234395261951 0.0019804457067 0
0.0235562752878 0.0020786515687 0
0.0236986062123 0.00210529743607 0
0.0240413048387 0.00288 12
0.0238302263172 0.00287999896758 12
0.0233521988171 0.00180381373862 0
0.0231774583143 0.00177613124692 0
0.023085 0.000695884572681 9
0.023084999982 0.000896632825543 0
0.023084999982 0.00109738107301 0
0.023192249594 0.00159567878559 0
0.023084999982 0.00149887759561 0
0.023084999982 0.00129812934814 0
0.0238302263017 0.0026639991713 0
0.0238302263017 0.00244799937709 0
0.0238302263017 0.00223199958288 0
0.0235390941323 0.00187831446364 0
0.0237170077671 0.00191162181168 0
0.0239568734045 0.0020160003972 0
0.0242525508775 0.00288 12
0.0244637969164 0.00288 12
0.0240413048341 0.00266399997345 0
0.0235222913417 0.00168238961589 0
0.0233667533801 0.00162273239315 0
0.0232505064597 0.000884949427326 0
0.0232648714369 0.000709698118696 9
0.0232648714115 0.00107313205193 0
0.0232648714115 0.00125484905831 0
0.0232648714115 0.00143656603703 0
0.0240413048341 0.00244799998562 0
0.0240413048341 0.00223199999779 0
0.0237356287509 0.00171563655387 0
0.0239357655679 0.00180000049235 0
0.0241258032292 0.0020159999823 0
0.0246750429552 0.00288 12
0.0242736754759 0.00266399997345 0
0.024484921519 0.00266399997345 0
0.0242525508772 0.00244799998562 0
0.0235927676342 0.00147675993744 0
0.0234395261951 0.00143910851469 0
0.023439526213 0.000717325621082 9
0.0234249716321 0.000898406955934 0
0.0234395261951 0.00107821706258 0
0.0234395261951 0.00125866280246 0
0.0237545482721 0.00151650944778 0
0.0242525508772 0.00223199999779 0
0.0239146577036 0.00158400061516 0
0.0241469278556 0.00179999999447 0
0.0243370492723 0.0020159999823 0
0.024886288994 0.00288 12
0.0246750429357 0.00266399997345 0
0.0244637968926 0.00244799998562 0
0.0236249999931 0.00130909089602 0
0.023625 0.00072 10
0.0236249999931 0.000916363622785 0
0.0236249999931 0.00111272724557 0
0.0238935498669 0.00136800071032 0
0.0240308011468 0.00147600033082 0
0.0245271707166 0.00223199999779 0
0.0241680524544 0.00158399997898 0
0.024358173871 0.00179999999447 0
0.0245060460901 0.0020159999823 0
0.0250975350329 0.00288 12
0.0249074135775 0.00266399997345 0
0.0247172921609 0.00244799998562 0
0.0238724420026 0.00115200080547 0
0.0238302263172 0.000720001032423 10
0.023851334166 0.000936000928279 0
0.0240413048341 0.00115199997566 0
0.0241891770532 0.00136799999115 0
0.0247067298338 0.00223199999779 0
0.0246750429357 0.0020159999823 0
0.0243792984975 0.00158399997898 0
0.0245694199141 0.00179999999447 0
0.0253087810717 0.00288 12
0.0251186596206 0.00266399997345 0
0.0249285381763 0.00244799998562 0
0.0248862889788 0.00223199999779 0
0.0240413048341 0.000935999987829 0
0.0240413048387 0.00072 10
0.0242525508772 0.00115199997566 0
0.0255200271105 0.00288 12
0.0244637968926 0.00136799999115 0
0.0248862889788 0.0020159999823 0
0.0246433560098 0.00136799999115 0
0.0247806659572 0.00179999999447 0
0.0246750429357 0.00158399997898 0
0.0253299056637 0.00266399997345 0
0.0251397842194 0.00244799998562 0
0.0251609088182 0.00223199999779 0
0.0250975350218 0.0020159999823 0
0.0242525508775 0.00072 10
0.0242525508772 0.000935999987829 0
0.024421547695 0.00115199997566 0
0.0244637968926 0.000935999987829 0
0.0261537652271 0.00288 12
0.025520027108 0.00266399997345 0
0.0257312731494 0.00288 12
0.0259425191882 0.00288 12
0.0246327937381 0.00115199997566 0
0.0249391004757 0.00179999999447 0
0.0248229151548 0.00136799999115 0
0.0248862889788 0.00158399997898 0
0.0255622763055 0.00244799998562 0
0.0253087810649 0.00244799998562 0
0.0253404679354 0.00223199999779 0
0.0253087810649 0.0020159999823 0
0.0250975350218 0.00179999999447 0
0.0244637969164 0.00072 10
0.0246750429357 0.000935999987829 0
0.0265762573047 0.00288 12
0.0263650112659 0.00288 12
0.0262948043436 0.00273604266764 0
0.0260935878629 0.00272571426359 0
0.0257523977499 0.00266399997345 0
0.0259425191665 0.00266399997345 0
0.0248862889788 0.00115199997566 0
0.0250975350218 0.00158399997898 0
0.0250341611978 0.00136799999115 0
0.0257312731234 0.00244799998562 0
0.025520027108 0.00223199999779 0
0.025520027108 0.0020159999823 0
0.0254144040865 0.00179999999447 0
0.0252559695403 0.00169199998672 0
0.0246750429552 0.00072 10
0.02486516438 0.000935999987829 0
0.027 0.00288 12
0.0267875033436 0.00288 12
0.02671750485 0.00273625612203 0
0.0264922591092 0.00262100488877 0
0.0262446565594 0.0025714285659 0
0.0260935878629 0.0025097142481 0
0.0259425191665 0.00244799998562 0
0.0250552858243 0.00115199997566 0
0.0252506883906 0.00152999997511 0
0.0252454072409 0.00136799999115 0
0.0257946469474 0.00223199999779 0
0.0257312731234 0.0020159999823 0
0.0256256501295 0.00179999999447 0
0.0254355286852 0.00158399997898 0
0.024886288994 0.00072 10
0.0250764104231 0.000935999987829 0
0.027 0.00266501846758 11
0.0266615060866 0.00249150733869 0
0.0268412527959 0.00255657626765 0
0.0264712595902 0.00244812805272 0
0.0262194784295 0.00234514282616 0
0.0259692955074 0.0021651428317 0
0.0252665318397 0.00115199997566 0
0.025456653284 0.00136799999115 0
0.0259425191665 0.0020159999823 0
0.025836896145 0.00179999999447 0
0.0256467747283 0.00158399997898 0
0.0250975350329 0.00072 10
0.0253087810649 0.000935999987829 0
0.027 0.00244876837945 11
0.0265467939245 0.0022628571152 0
0.0268307530364 0.0023620097886 0
0.026345368996 0.00218057140423 0
0.0261439440674 0.00209828569326 0
0.0254777778828 0.00115199997566 0
0.0256678993271 0.00136799999115 0
0.0260935878353 0.00184628568441 0
0.0259758042757 0.00171514281787 0
0.0258580207714 0.00158399997898 0
0.0253087810717 0.00072 10
0.0254989024816 0.000935999987829 0
0.027 0.00223251225296 11
0.0268589608521 0.00216021343779 0
0.0265090267435 0.00208542853104 0
0.026697862621 0.00210857141751 0
0.0263768416376 0.00188099997262 0
0.0256890239259 0.00115199997566 0
0.0258791453702 0.00136799999115 0
0.0262446565317 0.00167657141419 0
0.0260387495589 0.00153642852856 0
0.0255200271105 0.00072 10
0.0257312731234 0.000935999987829 0
0.027 0.00201625612648 11
0.0268489312897 0.00195428569216 0
0.02666009544 0.00191571426082 0
0.0264334923815 0.00169971427299 0
0.0266223282589 0.00172285713179 0
0.0263957252281 0.0015068571163 0
0.0259002699689 0.00115199997566 0
0.0261016948699 0.00135771426691 0
0.0262487100352 0.0014322856916 0
0.0257312731494 0.00072 10
0.0259425191665 0.000935999987829 0
0.027 0.0018 11
0.0268489312897 0.00164571426912 0
0.0265845610779 0.00152999997511 0
0.0263957252281 0.00134485710469 0
0.0265467939245 0.00133714284608 0
0.0260976413664 0.00107995728146 0
0.0262235319329 0.00124457141087 0
0.0259425191882 0.00072 10
0.0260935878629 0.00087428569769 0
0.027 0.00158374387352 11
0.0268237531875 0.00143978655115 0
0.0267179217181 0.00129582922985 0
0.0263957252281 0.00118285712073 0
0.0265768826117 0.00115187193622 0
0.0262950127915 0.00100791461493 0
0.0261537652271 0.00072 10
0.027 0.00136748774704 11
0.0268412527959 0.0012056158059 0
0.0266825056056 0.00104374386138 0
0.0264922591092 0.000978995072505 0
0.0263650112659 0.00072 10
0.027 0.00115123162055 11
0.0268412527959 0.00104342369363 0
0.02671750485 0.000863743866909 0
0.0265762573047 0.00072 10
0.027 0.000934981532416 11
0.0267875033436 0.00072 10
0.027 0.00072 11

Edges
386
5 4 22
4 13 22
13 12 22
12 3 22
3 6 22
6 22 22
22 24 22
24 21 22
21 42 22
42 20 22
20 19 22
19 8 22
8 27 22
27 28 22
28 25 22
25 7 22
7 2 22
2 1 22
2067 2094 21
2094 2122 21
2122 2151 21
2151 2153 21
2153 2183 21
2183 2185 21
2185 2155 21
2155 2154 21
2154 2123 21
2123 2095 21
2095 2074 21
2074 2045 21
2045 2044 21
2044 2014 21
2014 1989 21
1989 1990 21
1990 1961 21
1961 1935 21
1935 1906 21
1906 1879 21
1879 1852 21
1852 1851 21
1851 1836 21
1836 1814 21
1814 1792 21
1792 1768 21
1768 1744 21
1744 1721 21
1721 1697 21
1697 1674 21
1674 1654 21
1654 1634 21
1634 1627 21
1627 1608 21
1608 1592 21
1592 1573 21
1573 1552 21
1552 1532 21
1532 1527 21
1527 1508 21
1508 1507 21
1507 1486 21
1486 1468 21
1468 1448 21
1448 1426 21
1426 1405 21
1405 1385 21
1385 1364 21
1364 1344 21
1344 1325 21
1325 1302 21
1302 1279 21
1279 1257 21
1257 1234 21
1234 1214 21
1214 1193 21
1193 1171 21
1171 1149 21
1149 1126 21
1126 1101 21
1101 1093 21
1093 1073 21
1073 1051 21
1051 1050 21
1050 1028 21
1028 1027 21
1027 1005 21
1005 984 21
984 962 21
962 942 21
942 921 21
921 899 21
899 878 21
878 855 21
855 831 21
831 810 21
810 788 21
788 765 21
765 742 21
742 721 21
721 699 21
699 688 21
688 667 21
667 645 21
645 622 21
622 623 21
623 603 21
603 584 21
584 565 21
565 545 21
545 524 21
524 504 21
504 484 21
484 482 21
482 462 21
462 443 21
443 422 21
422 402 21
402 383 21
383 379 21
379 358 21
358 337 21
337 318 21
318 298 21
298 278 21
278 258 21
258 239 21
239 219 21
219 198 21
198 177 21
177 155 21
155 130 21
130 107 21
107 83 21
83 61 21
61 38 21
38 17 21
17 5 21
1681 1705 20
1705 1730 20
1730 1754 20
1754 1779 20
1779 1782 20
1782 1805 20
1805 1827 20
1827 1850 20
1850 1875 20
1875 1900 20
1900 1928 20
1928 1956 20
1956 1982 20
1982 2010 20
2010 2038 20
2038 2067 20
1682 1681 19
2092 2065 18
2065 2036 18
2036 2008 18
2008 1980 18
1980 1954 18
1954 1927 18
1927 1899 18
1899 1874 18
1874 1849 18
1849 1826 18
1826 1804 18
1804 1781 18
1781 1756 18
1756 1732 18
1732 1707 18
1707 1682 18
2181 2150 17
2150 2120 17
2120 2092 17
2242 2212 16
2212 2181 16
2295 2269 15
2269 2242 15
2345 2323 14
2323 2295 14
2400 2383 13
2383 2366 13
2366 2345 13
2538 2539 12
2539 2522 12
2522 2523 12
2523 2507 12
2507 2510 12
2510 2509 12
2509 2493 12
2493 2486 12
2486 2474 12
2474 2461 12
2461 2446 12
2446 2432 12
2432 2431 12
2431 2415 12
2415 2416 12
2416 2400 12
2628 2626 11
2626 2622 11
2622 2617 11
2617 2610 11
2610 2601 11
2601 2590 11
2590 2579 11
2579 2567 11
2567 2554 11
2554 2538 11
2465 2478 10
2478 2491 10
2491 2503 10
2503 2520 10
2520 2536 10
2536 2552 10
2552 2565 10
2565 2577 10
2577 2588 10
2588 2599 10
2599 2608 10
2608 2616 10
2616 2621 10
2621 2625 10
2625 2627 10
2627 2628 10
2419 2437 9
2437 2452 9
2452 2465 9
2386 2403 8
2403 2419 8
2348 2369 7
2369 2386 7
2299 2326 6
2326 2348 6
2220 2248 5
2248 2274 5
2274 2299 5
1876 1901 4
1901 1929 4
1929 1932 4
1932 1958 4
1958 1984 4
1984 2011 4
2011 2039 4
2039 2041 4
2041 2069 4
2069 2097 4
2097 2098 4
2098 2125 4
2125 2159 4
2159 2190 4
2190 2217 4
2217 2220 4
1877 1876 3
2219 2192 2
2192 2161 2
2161 2158 2
2158 2126 2
2126 2099 2
2099 2100 2
2100 2070 2
2070 2042 2
2042 2013 2
2013 1986 2
1986 1985 2
1985 1959 2
1959 1933 2
1933 1931 2
1931 1903 2
1903 1877 2
1 10 1
10 32 1
32 55 1
55 77 1
77 100 1
100 123 1
123 147 1
147 169 1
169 190 1
190 212 1
212 232 1
232 252 1
252 272 1
272 291 1
291 310 1
310 324 1
324 345 1
345 364 1
364 385 1
385 405 1
405 425 1
425 446 1
446 466 1
466 488 1
488 507 1
507 528 1
528 549 1
549 570 1
570 588 1
588 608 1
608 630 1
630 652 1
652 653 1
653 672 1
672 692 1
692 713 1
713 733 1
733 753 1
753 764 1
764 786 1
786 807 1
807 828 1
828 849 1
849 871 1
871 892 1
892 913 1
913 915 1
915 934 1
934 953 1
953 975 1
975 996 1
996 1003 1
1003 1024 1
1024 1046 1
1046 1055 1
1055 1078 1
1078 1100 1
1100 1123 1
1123 1145 1
1145 1167 1
1167 1189 1
1189 1211 1
1211 1231 1
1231 1253 1
1253 1256 1
1256 1278 1
1278 1300 1
1300 1309 1
1309 1332 1
1332 1352 1
1352 1373 1
1373 1394 1
1394 1416 1
1416 1437 1
1437 1457 1
1457 1477 1
1477 1497 1
1497 1519 1
1519 1539 1
1539 1559 1
1559 1580 1
1580 1599 1
1599 1618 1
1618 1638 1
1638 1658 1
1658 1675 1
1675 1699 1
1699 1725 1
1725 1748 1
1748 1771 1
1771 1796 1
1796 1818 1
1818 1839 1
1839 1864 1
1864 1891 1
1891 1920 1
1920 1948 1
1948 1974 1
1974 1992 1
1992 2021 1
2021 2051 1
2051 2071 1
2071 2102 1
2102 2129 1
2129 2162 1
2162 2164 1
2164 2195 1
2195 2222 1
2222 2249 1
2249 2276 1
2276 2277 1
2277 2305 1
2305 2303 1
2303 2301 1
2301 2275 1
2275 2273 1
2273 2247 1
2247 2219 1

Triangles
4868
5 4 17 0
14 13 34 0
14 35 18 0
34 12 15 0
58 35 57 0
13 12 34 0
14 34 35 0
4 14 17 0
4 13 14 0
15 3 16 0
39 61 38 0
18 35 39 0
17 18 38 0
17 14 18 0
103 80 102 0
126 103 125 0
84 80 103 0
58 79 80 0
35 58 39 0
38 18 39 0
34 57 35 0
57 79 58 0
59 60 81 0
57 59 79 0
57 37 59 0
23 6 22 0
47 36 44 0
16 3 6 0
44 36 23 0
15 12 3 0
37 15 16 0
37 34 15 0
39 62 61 0
22 24 45 0
105 128 125 0
158 180 161 0
153 139 161 0
87 85 96 0
109 85 87 0
67 86 89 0
65 85 86 0
43 65 64 0
41 63 65 0
74 95 96 0
66 68 88 0
45 46 68 0
23 45 44 0
24 46 45 0
125 149 126 0
84 103 108 0
107 84 108 0
103 102 125 0
62 80 84 0
62 58 80 0
102 81 105 0
83 62 84 0
79 59 81 0
24 21 43 0
62 83 61 0
58 62 39 0
79 102 80 0
126 108 103 0
150 126 149 0
131 108 126 0
107 83 84 0
23 16 6 0
36 60 37 0
66 47 44 0
69 88 91 0
45 66 44 0
66 88 69 0
57 34 37 0
130 107 108 0
19 40 20 0
93 94 118 0
43 21 42 0
64 65 86 0
52 74 63 0
179 156 157 0
182 160 179 0
159 158 138 0
45 23 22 0
68 66 45 0
60 59 37 0
36 47 60 0
16 36 37 0
16 23 36 0
81 102 79 0
82 81 60 0
104 106 127 0
47 69 60 0
105 125 102 0
82 106 104 0
104 127 128 0
81 104 105 0
81 82 104 0
93 72 94 0
118 97 93 0
140 118 116 0
228 208 226 0
73 51 72 0
95 73 93 0
95 74 73 0
2 1 10 0
11 9 10 0
56 33 55 0
9 11 31 0
10 32 11 0
26 48 49 0
2 9 7 0
31 48 26 0
32 33 11 0
50 72 51 0
28 50 27 0
71 72 50 0
49 71 50 0
25 49 28 0
25 26 49 0
48 70 71 0
75 76 98 0
53 54 75 0
48 53 70 0
31 54 53 0
33 56 54 0
92 94 70 0
33 32 55 0
76 54 56 0
31 11 33 0
9 31 26 0
7 9 26 0
2 10 9 0
56 55 77 0
100 101 78 0
33 54 31 0
48 71 49 0
78 99 76 0
100 78 77 0
101 99 78 0
123 101 100 0
145 163 141 0
122 145 121 0
122 146 145 0
49 50 28 0
124 101 123 0
51 52 30 0
29 51 30 0
50 29 27 0
50 51 29 0
72 93 73 0
124 146 122 0
147 124 123 0
148 168 146 0
147 148 124 0
147 169 148 0
29 8 27 0
71 70 94 0
7 26 25 0
31 53 48 0
169 170 148 0
231 230 211 0
122 101 124 0
167 145 146 0
121 99 122 0
116 98 117 0
78 56 77 0
98 76 99 0
117 98 121 0
145 141 121 0
140 116 117 0
75 70 53 0
116 92 98 0
94 72 71 0
116 94 92 0
116 118 94 0
75 92 70 0
76 75 54 0
98 92 75 0
189 170 190 0
210 189 211 0
209 188 189 0
148 170 168 0
169 190 170 0
30 40 19 0
29 30 8 0
52 40 30 0
340 320 325 0
361 340 346 0
341 320 340 0
356 357 376 0
336 356 355 0
335 343 356 0
342 343 323 0
397 384 404 0
396 378 398 0
417 396 414 0
376 378 396 0
357 363 377 0
342 363 343 0
342 341 362 0
167 163 145 0
188 185 167 0
170 188 168 0
209 224 204 0
204 205 185 0
154 171 176 0
131 154 155 0
131 150 154 0
128 149 125 0
104 128 105 0
127 106 129 0
139 136 158 0
129 139 153 0
129 115 139 0
91 115 106 0
91 88 113 0
151 152 128 0
193 173 195 0
172 193 192 0
172 173 193 0
127 151 128 0
183 161 180 0
195 175 196 0
153 161 174 0
237 215 216 0
237 217 215 0
236 234 214 0
191 171 192 0
213 191 192 0
176 171 191 0
198 176 197 0
177 154 176 0
172 149 152 0
154 150 171 0
131 126 150 0
130 131 155 0
130 108 131 0
276 256 263 0
74 52 73 0
85 63 74 0
43 64 46 0
43 42 65 0
24 43 46 0
42 41 65 0
41 20 40 0
85 65 63 0
42 20 41 0
148 146 124 0
232 252 251 0
227 246 244 0
189 190 211 0
231 232 251 0
250 231 251 0
230 210 211 0
141 140 117 0
121 141 117 0
164 184 186 0
168 167 146 0
225 246 227 0
305 300 286 0
206 227 207 0
225 206 205 0
225 227 206 0
204 225 205 0
224 246 225 0
132 109 112 0
132 110 109 0
135 132 112 0
135 156 132 0
114 89 110 0
86 109 89 0
135 134 157 0
87 112 109 0
87 96 111 0
86 85 109 0
111 119 134 0
74 96 85 0
95 97 119 0
68 67 90 0
203 216 194 0
46 67 68 0
119 120 143 0
134 119 143 0
135 112 134 0
179 160 156 0
110 89 109 0
133 132 156 0
136 133 137 0
110 132 133 0
136 113 114 0
111 96 119 0
112 111 134 0
112 87 111 0
96 95 119 0
90 113 88 0
156 138 137 0
157 156 135 0
160 138 156 0
158 161 139 0
82 91 106 0
69 47 66 0
82 69 91 0
82 60 69 0
67 46 64 0
86 67 64 0
89 90 67 0
52 51 73 0
78 76 56 0
122 99 101 0
121 98 99 0
241 261 260 0
202 199 220 0
228 248 241 0
40 63 41 0
8 30 19 0
52 63 40 0
288 270 290 0
311 290 292 0
251 252 271 0
212 232 231 0
252 272 271 0
155 154 177 0
261 248 266 0
280 261 281 0
260 240 241 0
248 247 267 0
226 227 247 0
228 226 247 0
120 97 118 0
140 142 118 0
136 137 158 0
143 157 134 0
144 143 120 0
144 166 165 0
165 166 187 0
143 165 157 0
143 144 165 0
208 187 207 0
226 208 207 0
220 241 240 0
222 220 240 0
199 221 220 0
179 200 182 0
221 241 220 0
182 199 202 0
222 202 220 0
142 120 118 0
162 164 142 0
141 162 140 0
141 163 162 0
144 120 142 0
164 186 166 0
140 162 142 0
184 185 205 0
162 184 164 0
163 185 184 0
180 181 201 0
158 159 180 0
200 187 208 0
182 200 199 0
179 178 200 0
178 179 157 0
165 178 157 0
165 187 178 0
200 208 221 0
119 97 120 0
95 93 97 0
185 163 167 0
168 188 167 0
205 186 184 0
207 186 206 0
226 207 227 0
187 186 207 0
164 166 144 0
206 186 205 0
164 144 142 0
187 166 186 0
187 200 178 0
265 249 268 0
245 249 265 0
246 245 265 0
229 249 245 0
209 229 224 0
210 230 229 0
229 230 249 0
209 210 229 0
204 188 209 0
225 204 224 0
185 188 204 0
188 170 189 0
211 212 231 0
209 189 210 0
190 212 211 0
251 271 270 0
307 308 327 0
268 269 287 0
224 229 246 0
230 250 249 0
250 251 270 0
269 250 270 0
230 231 250 0
214 233 213 0
253 234 236 0
254 255 234 0
292 271 272 0
193 214 192 0
192 214 213 0
150 172 171 0
174 175 153 0
214 195 217 0
175 151 153 0
196 175 174 0
173 152 175 0
175 152 151 0
214 193 195 0
172 152 173 0
171 172 192 0
150 149 172 0
149 128 152 0
235 237 216 0
257 273 253 0
233 218 213 0
191 197 176 0
274 275 255 0
218 219 197 0
198 177 176 0
292 272 291 0
306 304 309 0
329 326 309 0
325 304 306 0
326 325 306 0
367 346 347 0
361 362 340 0
305 286 304 0
320 305 325 0
300 281 286 0
320 300 305 0
320 321 300 0
384 363 362 0
163 184 162 0
191 213 197 0
236 214 217 0
234 233 214 0
237 235 257 0
236 237 257 0
236 217 237 0
183 180 201 0
203 183 201 0
222 203 201 0
223 216 203 0
194 174 183 0
217 195 196 0
129 106 115 0
136 139 115 0
153 151 129 0
175 195 173 0
194 196 174 0
161 183 174 0
216 215 194 0
215 217 196 0
151 127 129 0
223 235 216 0
280 260 261 0
282 280 301 0
262 260 280 0
283 263 282 0
223 222 242 0
215 196 194 0
301 281 300 0
341 321 320 0
302 282 301 0
242 260 262 0
263 243 262 0
222 240 242 0
247 227 244 0
264 247 244 0
248 228 247 0
286 266 267 0
261 241 248 0
242 240 260 0
181 182 202 0
201 181 202 0
159 182 181 0
133 114 110 0
133 156 137 0
138 158 137 0
159 138 160 0
136 114 133 0
160 182 159 0
221 228 241 0
200 221 199 0
208 228 221 0
181 180 159 0
222 201 202 0
222 223 203 0
90 88 68 0
114 113 90 0
113 115 91 0
89 114 90 0
136 115 113 0
303 302 322 0
243 242 262 0
280 281 301 0
266 281 261 0
267 266 248 0
286 281 266 0
284 286 267 0
285 284 267 0
285 304 284 0
304 325 305 0
321 341 322 0
302 321 322 0
301 300 321 0
273 293 274 0
332 313 317 0
353 332 336 0
375 373 355 0
354 333 353 0
333 334 314 0
332 333 314 0
354 334 333 0
183 203 194 0
312 291 310 0
352 349 331 0
289 287 307 0
265 268 285 0
246 265 264 0
246 229 245 0
249 269 268 0
218 233 238 0
239 218 238 0
197 213 218 0
273 274 254 0
277 273 257 0
277 297 293 0
263 262 282 0
276 263 283 0
303 296 283 0
277 257 276 0
243 223 242 0
256 243 263 0
235 223 243 0
297 313 293 0
255 275 259 0
233 255 238 0
233 234 255 0
253 273 254 0
234 253 254 0
236 257 253 0
275 295 279 0
331 312 330 0
198 197 219 0
330 310 324 0
307 327 309 0
289 307 309 0
287 288 307 0
250 269 249 0
292 290 271 0
288 269 270 0
307 288 308 0
287 269 288 0
289 285 287 0
304 289 309 0
304 285 289 0
264 267 247 0
287 285 268 0
304 286 284 0
331 330 352 0
328 331 349 0
311 312 331 0
308 311 328 0
312 310 330 0
292 312 311 0
292 291 312 0
345 330 324 0
345 364 365 0
218 239 219 0
254 274 255 0
259 239 238 0
317 297 316 0
335 317 316 0
313 297 317 0
334 315 314 0
293 273 277 0
294 293 313 0
294 274 293 0
259 258 239 0
295 315 299 0
294 295 275 0
294 315 295 0
278 258 259 0
279 278 259 0
275 279 259 0
238 255 259 0
274 294 275 0
299 278 279 0
407 385 405 0
425 407 405 0
371 392 370 0
366 371 352 0
388 392 371 0
387 388 366 0
428 427 407 0
409 388 387 0
426 409 406 0
426 429 409 0
409 429 408 0
314 294 313 0
314 315 294 0
332 314 313 0
332 353 333 0
359 338 354 0
319 315 334 0
319 299 315 0
298 299 318 0
298 278 299 0
390 412 391 0
350 329 348 0
392 412 390 0
331 328 311 0
351 370 349 0
348 328 349 0
390 368 370 0
327 328 348 0
386 364 385 0
371 366 388 0
365 364 386 0
352 365 366 0
344 330 345 0
352 344 365 0
352 330 344 0
345 365 344 0
386 385 407 0
406 386 407 0
366 365 386 0
339 338 360 0
319 339 337 0
319 334 339 0
318 319 337 0
506 500 505 0
483 485 503 0
483 463 464 0
462 463 482 0
464 479 485 0
422 423 443 0
532 511 512 0
511 497 489 0
490 511 489 0
532 517 511 0
574 557 553 0
538 522 518 0
537 538 518 0
542 541 538 0
557 542 538 0
553 557 537 0
574 577 557 0
521 505 500 0
522 520 502 0
543 525 521 0
496 476 477 0
517 518 497 0
475 457 476 0
421 419 416 0
440 441 435 0
438 419 421 0
442 438 441 0
439 420 438 0
458 437 447 0
477 458 467 0
477 476 458 0
475 476 496 0
480 475 496 0
501 480 496 0
501 502 480 0
460 457 475 0
456 434 437 0
457 456 476 0
457 434 456 0
421 416 435 0
456 437 458 0
435 436 457 0
417 414 434 0
442 461 459 0
438 442 459 0
441 461 442 0
421 441 438 0
421 435 441 0
354 353 373 0
375 376 395 0
394 375 395 0
373 374 354 0
355 373 353 0
394 374 373 0
415 394 395 0
416 401 394 0
359 354 374 0
355 356 375 0
295 299 279 0
338 339 334 0
354 338 334 0
359 360 338 0
318 299 319 0
346 340 325 0
362 341 340 0
384 362 361 0
363 342 362 0
342 322 341 0
301 321 302 0
357 343 363 0
384 377 363 0
376 375 356 0
323 322 342 0
335 323 343 0
336 317 335 0
356 336 335 0
332 317 336 0
296 277 276 0
256 276 257 0
235 256 257 0
235 243 256 0
302 283 282 0
262 280 282 0
322 323 303 0
303 316 296 0
296 316 297 0
277 296 297 0
276 283 296 0
302 303 283 0
323 316 303 0
473 455 453 0
454 473 453 0
495 490 474 0
378 357 377 0
398 378 377 0
376 357 378 0
395 376 396 0
335 316 323 0
357 356 343 0
355 353 336 0
410 389 391 0
367 361 346 0
369 367 347 0
372 393 384 0
367 372 361 0
389 393 372 0
369 389 367 0
369 391 389 0
370 348 349 0
390 370 392 0
368 369 350 0
370 368 350 0
390 369 368 0
367 389 372 0
390 391 369 0
453 432 454 0
495 473 472 0
455 433 453 0
339 358 337 0
360 379 358 0
339 360 358 0
381 400 399 0
359 380 360 0
359 374 380 0
427 406 407 0
450 427 451 0
426 406 427 0
448 465 468 0
425 448 428 0
446 465 448 0
502 499 481 0
516 515 536 0
533 516 536 0
512 495 516 0
467 455 474 0
472 494 495 0
440 461 441 0
444 423 439 0
463 444 445 0
443 423 444 0
415 395 417 0
435 415 417 0
435 416 415 0
415 416 394 0
436 435 417 0
434 436 417 0
434 457 436 0
440 460 461 0
457 440 435 0
457 460 440 0
419 420 401 0
420 419 438 0
423 420 439 0
403 399 420 0
420 399 400 0
379 360 381 0
394 373 375 0
488 487 466 0
399 383 379 0
381 399 379 0
380 381 360 0
380 400 381 0
374 382 380 0
380 382 400 0
416 419 401 0
401 420 400 0
403 402 399 0
423 403 420 0
445 444 439 0
422 403 423 0
402 383 399 0
448 468 451 0
487 465 466 0
487 486 465 0
510 487 488 0
510 509 486 0
507 510 488 0
539 535 519 0
516 495 494 0
553 532 533 0
511 490 512 0
498 491 508 0
519 498 508 0
513 491 498 0
382 394 401 0
400 382 401 0
374 394 382 0
388 409 408 0
387 386 406 0
409 387 406 0
366 386 387 0
471 468 491 0
470 471 493 0
470 449 450 0
428 451 427 0
425 428 407 0
425 446 448 0
470 493 492 0
429 449 452 0
450 451 471 0
470 450 471 0
426 427 450 0
466 465 446 0
540 529 551 0
486 509 508 0
468 486 491 0
487 510 486 0
510 531 509 0
523 526 544 0
503 523 504 0
503 506 523 0
422 402 403 0
543 563 546 0
528 510 507 0
462 444 463 0
443 444 462 0
550 528 549 0
530 531 552 0
551 530 552 0
509 531 530 0
510 528 531 0
571 549 570 0
469 472 452 0
470 469 452 0
492 472 469 0
513 514 493 0
494 472 492 0
514 494 492 0
515 516 494 0
550 549 571 0
523 544 524 0
548 546 566 0
484 503 504 0
483 482 463 0
464 485 483 0
445 464 463 0
445 459 464 0
503 482 483 0
616 633 634 0
617 616 639 0
618 617 639 0
618 612 617 0
597 592 611 0
617 598 597 0
579 560 573 0
590 609 610 0
570 590 571 0
588 609 590 0
631 630 655 0
632 631 655 0
609 608 631 0
594 576 595 0
481 460 475 0
480 481 475 0
499 500 479 0
459 478 479 0
502 521 499 0
576 556 558 0
506 485 500 0
523 506 526 0
503 485 506 0
482 503 484 0
506 505 527 0
479 500 485 0
459 479 464 0
439 459 445 0
461 478 459 0
478 481 499 0
479 478 499 0
461 481 478 0
439 438 459 0
460 481 461 0
499 521 500 0
501 522 502 0
497 518 496 0
537 557 538 0
546 563 566 0
527 546 548 0
525 543 546 0
527 525 546 0
527 521 525 0
520 543 521 0
502 520 521 0
522 543 520 0
501 518 522 0
481 480 502 0
496 518 501 0
538 541 522 0
541 561 543 0
522 541 543 0
542 561 541 0
448 451 428 0
408 412 392 0
388 408 392 0
429 412 408 0
449 429 426 0
450 449 426 0
470 452 449 0
430 432 412 0
452 430 429 0
452 432 430 0
451 468 471 0
432 453 431 0
470 492 469 0
491 493 471 0
465 486 468 0
576 558 578 0
575 576 594 0
593 575 594 0
554 555 575 0
575 555 576 0
555 556 576 0
536 555 554 0
536 556 555 0
512 516 533 0
515 535 534 0
539 519 540 0
534 535 556 0
536 534 556 0
536 515 534 0
514 492 493 0
539 540 559 0
556 539 559 0
556 535 539 0
513 519 535 0
514 513 535 0
515 514 535 0
515 494 514 0
493 491 513 0
508 529 519 0
486 508 491 0
509 530 529 0
551 552 572 0
519 529 540 0
508 509 529 0
513 498 519 0
455 467 447 0
431 453 433 0
474 489 467 0
474 490 489 0
473 474 455 0
473 495 474 0
495 512 490 0
517 537 518 0
511 517 497 0
532 537 517 0
533 532 512 0
553 537 532 0
554 553 533 0
593 594 613 0
418 437 434 0
413 433 424 0
411 432 431 0
412 411 391 0
412 432 411 0
454 452 472 0
473 454 472 0
432 452 454 0
410 411 431 0
412 429 430 0
447 437 424 0
433 447 424 0
467 458 447 0
489 477 467 0
393 404 384 0
431 413 410 0
431 433 413 0
477 497 496 0
456 458 476 0
489 497 477 0
372 384 361 0
410 393 389 0
411 410 391 0
413 393 410 0
413 404 393 0
424 404 413 0
455 447 433 0
418 404 424 0
397 398 377 0
418 397 404 0
418 398 397 0
437 418 424 0
397 377 384 0
414 398 418 0
414 396 398 0
434 414 418 0
417 395 396 0
326 329 347 0
346 326 347 0
306 309 326 0
264 244 246 0
285 264 265 0
285 267 264 0
325 326 346 0
327 329 309 0
327 348 329 0
328 327 308 0
290 311 308 0
288 290 308 0
270 271 290 0
351 352 371 0
370 351 371 0
349 352 351 0
350 369 347 0
329 350 347 0
348 370 350 0
590 570 588 0
629 632 651 0
633 629 651 0
607 610 629 0
608 609 588 0
608 630 631 0
550 531 528 0
569 550 571 0
552 531 550 0
610 589 590 0
629 610 632 0
607 591 610 0
611 607 629 0
616 611 633 0
616 597 611 0
591 572 589 0
611 591 607 0
592 572 591 0
611 592 591 0
597 579 592 0
551 572 560 0
540 551 560 0
529 530 551 0
610 609 632 0
569 589 572 0
552 569 572 0
552 550 569 0
571 590 589 0
544 545 524 0
504 523 524 0
547 548 567 0
564 547 567 0
526 527 547 0
655 652 674 0
632 655 654 0
630 652 655 0
527 526 506 0
521 527 505 0
548 547 527 0
586 587 568 0
547 544 526 0
568 567 548 0
587 604 585 0
675 653 672 0
694 676 695 0
676 655 674 0
545 544 564 0
693 672 692 0
713 712 692 0
714 695 693 0
602 604 624 0
560 559 540 0
571 589 569 0
633 656 658 0
591 589 610 0
632 654 651 0
559 579 578 0
556 559 558 0
560 579 559 0
677 679 656 0
673 677 656 0
696 697 677 0
612 614 595 0
724 703 725 0
683 698 703 0
680 661 682 0
662 657 678 0
679 677 697 0
601 621 619 0
600 615 620 0
621 600 620 0
581 596 600 0
562 581 580 0
577 596 581 0
619 641 628 0
586 601 605 0
621 641 619 0
581 600 599 0
643 644 621 0
554 574 553 0
536 554 533 0
575 574 554 0
636 613 614 0
637 636 659 0
615 613 636 0
620 615 637 0
621 620 643 0
621 599 600 0
599 580 581 0
614 635 636 0
595 614 594 0
612 635 614 0
612 618 635 0
578 579 598 0
595 578 598 0
558 559 578 0
618 640 638 0
617 597 616 0
595 598 612 0
579 597 598 0
663 662 683 0
640 663 661 0
640 662 663 0
557 562 542 0
614 613 594 0
637 659 660 0
643 637 660 0
615 636 637 0
593 613 596 0
574 593 577 0
574 575 593 0
635 659 636 0
686 665 681 0
705 685 706 0
666 665 686 0
726 727 706 0
644 643 665 0
664 644 666 0
641 621 644 0
584 602 603 0
561 563 543 0
580 561 562 0
580 563 561 0
564 583 565 0
547 564 544 0
567 583 564 0
581 562 577 0
601 586 582 0
599 601 582 0
619 605 601 0
582 566 563 0
599 582 580 0
586 566 582 0
695 714 715 0
676 674 695 0
654 676 673 0
654 655 676 0
675 693 695 0
674 675 695 0
674 653 675 0
794 797 796 0
793 794 771 0
793 816 794 0
631 632 609 0
653 674 652 0
673 656 651 0
672 693 675 0
694 677 673 0
638 659 635 0
678 698 683 0
662 678 683 0
679 698 678 0
681 665 660 0
680 681 660 0
701 686 681 0
703 698 719 0
702 703 724 0
682 683 703 0
745 766 743 0
769 768 746 0
761 769 746 0
789 792 769 0
792 790 768 0
767 790 791 0
724 745 743 0
770 771 748 0
726 747 748 0
730 727 748 0
706 723 726 0
791 811 793 0
767 791 770 0
790 792 814 0
706 686 701 0
576 578 595 0
573 592 579 0
572 573 560 0
572 592 573 0
598 617 612 0
580 582 563 0
599 621 601 0
650 647 628 0
606 587 605 0
628 606 605 0
625 626 606 0
568 548 566 0
586 568 566 0
587 567 568 0
605 587 586 0
564 565 545 0
585 583 567 0
587 585 567 0
604 602 585 0
602 584 583 0
585 602 583 0
604 626 624 0
606 604 587 0
647 670 648 0
625 647 648 0
625 628 647 0
642 650 628 0
664 642 641 0
664 650 642 0
644 664 641 0
666 685 664 0
684 691 671 0
664 684 671 0
691 711 690 0
627 623 624 0
584 565 583 0
651 656 633 0
611 629 633 0
654 673 651 0
755 734 754 0
777 755 754 0
777 778 755 0
760 756 757 0
759 738 756 0
758 759 782 0
694 696 677 0
676 694 673 0
715 696 694 0
717 736 714 0
716 696 715 0
737 716 715 0
737 735 716 0
758 737 759 0
735 739 718 0
716 735 718 0
758 739 735 0
693 712 714 0
714 712 717 0
634 639 616 0
658 634 633 0
658 657 634 0
679 658 656 0
679 678 657 0
697 719 698 0
716 718 696 0
737 758 735 0
744 743 766 0
747 744 767 0
723 743 744 0
701 723 706 0
722 743 723 0
680 682 700 0
725 703 719 0
700 682 702 0
701 700 722 0
701 681 700 0
640 618 639 0
662 640 639 0
657 662 639 0
634 657 639 0
658 679 657 0
683 682 663 0
638 635 618 0
661 638 640 0
661 659 638 0
682 661 663 0
680 659 661 0
697 718 719 0
679 697 698 0
696 718 697 0
739 746 725 0
603 624 623 0
732 734 717 0
733 732 713 0
733 754 732 0
711 704 709 0
728 710 731 0
689 669 690 0
623 646 622 0
685 666 686 0
706 685 686 0
705 684 685 0
754 776 777 0
646 669 668 0
754 734 732 0
776 754 753 0
778 800 801 0
755 778 756 0
777 800 778 0
734 755 756 0
776 787 799 0
763 751 772 0
740 741 762 0
740 729 741 0
687 668 689 0
688 687 708 0
667 668 687 0
750 751 741 0
707 728 729 0
749 752 773 0
786 787 764 0
710 689 690 0
720 708 729 0
708 687 707 0
852 830 853 0
800 819 820 0
809 830 819 0
799 809 819 0
777 799 800 0
777 776 799 0
808 830 809 0
807 808 786 0
807 828 827 0
687 688 667 0
729 708 707 0
720 699 708 0
787 776 764 0
808 787 786 0
808 809 787 0
720 721 699 0
688 708 699 0
740 762 742 0
729 740 720 0
729 750 741 0
784 795 806 0
785 784 806 0
772 795 784 0
794 796 775 0
771 794 775 0
816 818 797 0
817 815 795 0
740 721 720 0
834 823 843 0
835 834 858 0
835 813 812 0
789 769 781 0
823 812 803 0
792 768 769 0
782 760 780 0
738 717 734 0
756 738 734 0
759 737 736 0
829 841 819 0
876 852 853 0
851 841 852 0
821 820 842 0
823 822 843 0
844 834 843 0
803 802 823 0
801 820 822 0
802 801 822 0
779 778 801 0
800 799 819 0
757 778 779 0
780 757 779 0
756 778 757 0
799 787 809 0
764 776 753 0
800 820 801 0
740 742 721 0
763 785 783 0
741 763 762 0
741 751 763 0
783 765 762 0
763 772 785 0
804 788 783 0
785 804 783 0
805 824 825 0
827 808 807 0
850 827 828 0
850 830 827 0
850 853 830 0
849 850 828 0
850 871 872 0
792 789 813 0
739 761 746 0
781 803 789 0
782 781 761 0
782 803 781 0
893 892 914 0
912 893 914 0
872 892 893 0
853 872 873 0
871 892 872 0
812 813 789 0
803 812 789 0
834 835 812 0
823 834 812 0
858 880 859 0
844 858 834 0
866 844 843 0
866 863 844 0
836 832 814 0
813 836 814 0
859 856 836 0
858 859 835 0
880 861 859 0
762 765 742 0
871 850 849 0
783 788 765 0
894 872 893 0
916 894 912 0
873 872 894 0
804 810 788 0
936 913 915 0
804 805 825 0
774 796 795 0
816 838 818 0
903 881 882 0
816 832 838 0
793 770 791 0
797 794 816 0
771 770 793 0
752 748 771 0
749 750 728 0
752 749 731 0
773 750 749 0
796 773 775 0
751 750 773 0
731 709 730 0
767 744 766 0
862 860 839 0
882 881 862 0
924 903 902 0
923 901 903 0
901 879 881 0
818 838 839 0
795 798 817 0
796 797 818 0
856 859 861 0
838 856 861 0
832 836 856 0
793 811 816 0
836 835 859 0
730 709 727 0
752 730 748 0
752 731 730 0
660 665 643 0
722 723 701 0
768 790 766 0
761 781 769 0
813 814 792 0
811 832 816 0
814 811 791 0
814 832 811 0
790 814 791 0
813 835 836 0
687 689 707 0
646 668 645 0
669 689 668 0
649 670 669 0
648 649 646 0
648 670 649 0
691 684 704 0
711 691 704 0
690 670 671 0
646 649 669 0
628 605 619 0
642 628 641 0
625 606 628 0
670 647 650 0
626 604 606 0
648 626 625 0
624 603 602 0
648 624 626 0
627 646 623 0
648 627 624 0
648 646 627 0
705 704 684 0
664 685 684 0
706 727 705 0
709 731 711 0
727 709 704 0
705 727 704 0
726 748 727 0
747 770 748 0
744 747 726 0
767 770 747 0
723 744 726 0
766 790 767 0
771 775 752 0
668 667 645 0
671 670 650 0
664 671 650 0
691 690 671 0
710 690 711 0
731 710 711 0
728 707 710 0
669 670 690 0
728 750 729 0
689 710 707 0
731 749 728 0
775 773 752 0
645 622 646 0
577 562 557 0
596 615 600 0
593 596 577 0
613 615 596 0
637 643 620 0
680 660 659 0
680 700 681 0
665 666 644 0
561 542 562 0
695 715 694 0
712 732 717 0
692 712 693 0
713 732 712 0
717 738 736 0
753 754 733 0
745 746 768 0
766 745 768 0
724 725 745 0
745 725 746 0
722 724 743 0
702 682 703 0
722 702 724 0
722 700 702 0
719 739 725 0
718 739 719 0
736 738 759 0
715 736 737 0
715 714 736 0
782 761 758 0
758 761 739 0
760 782 759 0
756 760 759 0
780 802 782 0
757 780 760 0
779 802 780 0
802 822 823 0
782 802 803 0
779 801 802 0
955 954 977 0
934 955 936 0
934 954 955 0
825 846 831 0
804 825 810 0
824 845 825 0
825 845 846 0
806 824 805 0
806 815 826 0
854 877 855 0
846 854 855 0
846 867 854 0
868 870 888 0
824 826 845 0
848 870 847 0
826 848 847 0
833 857 848 0
887 877 867 0
891 889 910 0
890 891 911 0
909 890 911 0
909 888 890 0
888 870 891 0
867 888 887 0
867 845 847 0
826 833 848 0
845 826 847 0
824 806 826 0
826 815 833 0
785 772 784 0
804 785 805 0
783 762 763 0
798 796 818 0
817 798 818 0
795 796 798 0
806 795 815 0
774 773 796 0
772 774 795 0
772 751 774 0
805 785 806 0
751 773 774 0
817 837 815 0
856 838 832 0
882 862 861 0
902 882 880 0
902 903 882 0
840 839 838 0
880 882 861 0
881 860 862 0
857 860 879 0
840 838 861 0
862 840 861 0
862 839 840 0
837 839 860 0
817 818 839 0
829 830 852 0
841 829 852 0
819 830 829 0
956 977 978 0
935 956 937 0
916 935 937 0
912 914 935 0
936 955 956 0
837 833 815 0
886 869 879 0
870 848 857 0
891 870 889 0
868 867 847 0
870 868 847 0
888 867 868 0
877 878 855 0
854 867 877 0
887 908 900 0
910 911 891 0
944 964 963 0
930 944 943 0
930 950 944 0
899 900 922 0
931 950 930 0
825 831 810 0
867 846 845 0
855 831 846 0
977 974 980 0
878 877 900 0
995 1000 980 0
996 995 975 0
996 1017 995 0
985 973 994 0
1008 985 994 0
1008 986 985 0
987 988 1009 0
1026 1004 1009 0
984 962 963 0
964 950 965 0
987 963 988 0
943 922 930 0
921 922 942 0
965 973 985 0
988 965 986 0
950 973 965 0
944 950 964 0
933 951 950 0
891 890 888 0
932 911 910 0
909 908 887 0
931 909 911 0
931 930 909 0
950 931 933 0
909 887 888 0
930 908 909 0
930 922 908 0
942 922 943 0
921 899 922 0
863 880 858 0
884 904 883 0
923 924 945 0
923 903 924 0
927 923 945 0
967 947 945 0
928 906 927 0
901 881 903 0
881 879 860 0
947 928 927 0
837 857 833 0
839 837 817 0
860 857 837 0
886 879 901 0
869 889 870 0
879 869 857 0
886 889 869 0
907 929 910 0
906 907 886 0
906 928 907 0
923 906 901 0
928 929 907 0
923 927 906 0
969 970 948 0
869 870 857 0
1003 1017 996 0
900 899 878 0
887 900 877 0
908 922 900 0
886 901 906 0
905 917 925 0
904 905 926 0
924 904 926 0
884 866 885 0
904 884 905 0
883 866 884 0
902 883 904 0
902 880 883 0
874 864 851 0
896 874 897 0
896 885 874 0
884 885 905 0
866 843 865 0
938 939 959 0
938 917 939 0
938 925 917 0
946 938 959 0
946 925 938 0
966 946 959 0
945 926 946 0
926 905 925 0
924 926 945 0
924 902 904 0
863 866 883 0
880 863 883 0
858 844 863 0
865 842 864 0
866 865 885 0
843 842 865 0
974 954 953 0
995 974 975 0
995 980 974 0
1020 999 1000 0
977 954 974 0
999 977 980 0
978 957 956 0
1020 1019 999 0
936 935 914 0
934 936 915 0
956 935 936 0
957 937 956 0
958 957 978 0
958 937 957 0
918 939 917 0
941 940 920 0
937 941 920 0
958 961 941 0
941 961 940 0
943 962 942 0
1038 1024 1047 0
1062 1038 1047 0
1017 1024 1038 0
995 1017 1000 0
1003 1024 1017 0
962 943 963 0
1012 1013 992 0
1057 1034 1032 0
1060 1036 1034 0
970 949 948 0
933 932 952 0
910 929 932 0
931 911 933 0
889 886 907 0
1011 1001 1022 0
1032 1011 1033 0
990 1001 1011 0
989 990 1010 0
981 1001 990 0
1095 1076 1097 0
1121 1095 1097 0
1074 1072 1095 0
1026 1031 1049 0
1031 1052 1054 0
1012 991 1010 0
1032 1012 1010 0
1034 1013 1012 0
1014 1013 1036 0
993 971 992 0
1129 1103 1105 0
1151 1129 1134 0
1128 1103 1129 0
1151 1128 1129 0
1083 1081 1105 0
1037 1035 1015 0
1060 1061 1036 0
1059 1035 1061 0
1080 1059 1083 0
1080 1079 1056 0
1103 1080 1083 0
1056 1070 1048 0
1102 1079 1080 0
1102 1114 1091 0
1007 1016 1015 0
1030 1007 1025 0
1030 1008 1007 0
1052 1030 1053 0
1006 1009 986 0
1061 1060 1083 0
1037 1036 1061 0
1035 1037 1061 0
1015 1016 1037 0
1014 993 1013 0
1081 1058 1082 0
1060 1081 1083 0
1060 1057 1081 0
1059 1061 1083 0
1025 1007 1015 0
1048 1025 1035 0
1048 1030 1025 0
992 970 991 0
1012 992 991 0
1013 993 992 0
1016 994 1014 0
951 933 952 0
973 951 952 0
973 950 951 0
1057 1058 1081 0
963 964 988 0
984 963 987 0
943 944 963 0
986 1009 988 0
1006 1008 1029 0
1009 1006 1029 0
1008 1016 1007 0
986 1008 1006 0
986 965 985 0
1029 1008 1030 0
964 965 988 0
994 1016 1008 0
952 972 973 0
993 1014 994 0
1015 1035 1025 0
1014 1037 1016 0
1014 1036 1037 0
1052 1076 1054 0
1030 1052 1029 0
1053 1076 1052 0
1005 984 987 0
983 997 1002 0
1001 983 1002 0
982 961 983 0
959 960 981 0
976 979 997 0
960 961 982 0
958 979 961 0
1046 1047 1024 0
1026 1027 1005 0
1029 1031 1009 0
1049 1027 1026 0
959 981 966 0
967 946 966 0
939 960 959 0
918 898 920 0
897 918 917 0
897 898 918 0
960 982 981 0
940 960 939 0
940 961 960 0
955 977 956 0
953 954 934 0
953 975 974 0
998 999 1019 0
998 1019 1018 0
976 961 979 0
983 976 997 0
983 961 976 0
999 980 1000 0
979 999 998 0
978 977 999 0
1020 1021 1042 0
1045 1067 1066 0
1040 1045 1023 0
1040 1063 1045 0
972 993 994 0
973 972 994 0
952 971 972 0
911 932 933 0
971 993 972 0
932 949 952 0
970 992 971 0
1039 1062 1043 0
1004 987 1009 0
1005 1004 1026 0
1005 987 1004 0
896 897 917 0
905 896 917 0
885 864 874 0
905 885 896 0
865 864 885 0
821 842 843 0
822 821 843 0
822 820 821 0
841 851 864 0
820 841 842 0
820 819 841 0
874 875 897 0
874 851 875 0
842 841 864 0
875 852 876 0
808 827 830 0
851 852 875 0
873 876 853 0
850 872 853 0
894 876 873 0
895 916 898 0
894 895 876 0
894 916 895 0
916 937 920 0
941 937 958 0
919 918 920 0
939 919 940 0
939 918 919 0
916 912 935 0
898 916 920 0
898 876 895 0
940 919 920 0
875 876 898 0
893 912 894 0
913 914 892 0
913 936 914 0
875 898 897 0
949 929 948 0
952 949 971 0
932 929 949 0
889 907 910 0
949 970 971 0
928 948 929 0
928 947 948 0
967 989 969 0
946 967 945 0
966 989 967 0
926 925 946 0
981 990 968 0
991 970 969 0
989 991 969 0
1011 1010 990 0
1032 1034 1012 0
1022 1044 1033 0
1057 1060 1034 0
1013 1034 1036 0
947 969 948 0
945 947 927 0
967 969 947 0
968 989 966 0
981 968 966 0
990 989 968 0
1010 991 989 0
1068 1046 1055 0
1078 1099 1077 0
1021 1020 1000 0
1021 1039 1042 0
1017 1021 1000 0
1017 1039 1021 0
1043 1064 1042 0
1039 1043 1042 0
1038 1039 1017 0
1038 1062 1039 0
1068 1069 1047 0
1089 1069 1068 0
1111 1089 1098 0
1090 1069 1089 0
998 1018 997 0
1042 1041 1020 0
1040 1018 1019 0
1020 1041 1019 0
1063 1067 1045 0
1086 1106 1107 0
1064 1086 1085 0
1040 1041 1063 0
1043 1065 1064 0
1064 1065 1086 0
1112 1090 1111 0
1131 1112 1136 0
1106 1090 1112 0
1065 1084 1086 0
1062 1065 1043 0
1062 1084 1065 0
1062 1047 1069 0
1110 1134 1129 0
1108 1110 1104 0
1108 1132 1110 0
1133 1132 1109 0
1154 1134 1132 0
1066 1058 1044 0
1045 1066 1044 0
1085 1067 1063 0
1088 1087 1067 0
1087 1082 1066 0
1124 1098 1099 0
1146 1122 1124 0
1169 1168 1148 0
1156 1137 1146 0
1111 1136 1112 0
1148 1146 1124 0
1137 1136 1122 0
1055 1077 1068 0
1055 1078 1077 0
1082 1105 1081 0
1066 1082 1058 0
1104 1105 1082 0
1095 1071 1076 0
1051 1072 1074 0
1049 1054 1072 0
1027 1049 1028 0
1031 1029 1052 0
1049 1031 1054 0
1026 1009 1031 0
1100 1099 1078 0
1075 1094 1097 0
1053 1075 1076 0
1053 1070 1075 0
1150 1172 1171 0
1126 1127 1149 0
1159 1181 1180 0
1172 1159 1180 0
1144 1165 1159 0
1165 1185 1186 0
1159 1165 1181 0
1164 1185 1165 0
1143 1164 1142 0
1163 1185 1164 0
1144 1159 1150 0
1121 1117 1096 0
1160 1139 1152 0
1108 1109 1132 0
1154 1155 1134 0
1098 1077 1099 0
1125 1124 1099 0
1100 1125 1099 0
1123 1145 1147 0
1085 1086 1107 0
1112 1131 1106 0
1111 1122 1136 0
1089 1111 1090 0
1098 1122 1111 0
1137 1157 1136 0
1135 1153 1131 0
1136 1135 1131 0
1136 1157 1135 0
1077 1098 1089 0
1047 1046 1068 0
1133 1109 1131 0
1153 1133 1131 0
1153 1154 1133 0
1157 1153 1135 0
1156 1157 1137 0
1179 1176 1158 0
1154 1132 1133 0
1123 1125 1100 0
1166 1145 1167 0
1125 1147 1148 0
1125 1123 1147 0
1140 1162 1163 0
1115 1140 1141 0
1094 1115 1119 0
1092 1113 1115 0
1185 1184 1207 0
1144 1164 1165 0
1163 1162 1185 0
1161 1162 1140 0
1138 1161 1140 0
1160 1182 1161 0
1183 1182 1204 0
1162 1183 1184 0
1161 1182 1183 0
1129 1105 1104 0
1130 1114 1128 0
1083 1105 1103 0
1218 1219 1242 0
1182 1197 1204 0
1174 1196 1197 0
1239 1260 1263 0
1259 1239 1262 0
1238 1260 1239 0
1217 1238 1216 0
1217 1224 1237 0
1206 1225 1203 0
1205 1204 1227 0
1183 1205 1207 0
1183 1204 1205 0
1248 1247 1227 0
1249 1271 1270 0
1247 1249 1246 0
1247 1271 1249 0
1227 1247 1225 0
1248 1271 1247 0
1163 1141 1140 0
1082 1087 1104 0
1022 1001 1002 0
1023 1022 1002 0
1033 1011 1022 0
1058 1033 1044 0
1032 1010 1011 0
1041 1040 1019 0
1064 1041 1042 0
1064 1063 1041 0
1023 1018 1040 0
1044 1023 1045 0
1057 1033 1058 0
1057 1032 1033 0
1002 997 1018 0
1044 1022 1023 0
1001 982 983 0
979 958 978 0
999 979 978 0
998 997 979 0
1023 1002 1018 0
1001 981 982 0
1268 1243 1244 0
1289 1268 1266 0
1242 1219 1220 0
1241 1242 1268 0
1241 1218 1242 0
1226 1241 1248 0
1227 1226 1248 0
1227 1204 1226 0
1242 1243 1268 0
1218 1197 1219 0
1226 1218 1241 0
1204 1197 1218 0
1198 1176 1199 0
1221 1220 1199 0
1196 1173 1175 0
1108 1087 1088 0
1134 1110 1132 0
1104 1087 1108 0
1241 1267 1248 0
1196 1198 1219 0
1232 1223 1212 0
1264 1245 1254 0
1276 1264 1254 0
1269 1245 1264 0
1265 1266 1240 0
1245 1265 1240 0
1269 1288 1265 0
1221 1200 1222 0
1177 1157 1156 0
1170 1177 1156 0
1179 1157 1177 0
1176 1155 1154 0
1153 1176 1154 0
1198 1220 1219 0
1179 1199 1176 0
1179 1200 1199 0
1168 1146 1148 0
1191 1168 1169 0
1170 1156 1168 0
1158 1153 1157 0
1179 1158 1157 0
1176 1153 1158 0
1069 1084 1062 0
1077 1089 1068 0
1090 1084 1069 0
1124 1122 1098 0
1107 1109 1088 0
1085 1107 1088 0
1067 1085 1088 0
1063 1064 1085 0
1106 1131 1107 0
1090 1106 1084 0
1131 1109 1107 0
1232 1212 1213 0
1254 1232 1233 0
1245 1223 1232 0
1288 1266 1265 0
1232 1213 1233 0
1201 1212 1223 0
1190 1192 1212 0
1222 1201 1223 0
1178 1177 1170 0
1190 1178 1170 0
1200 1177 1178 0
1268 1267 1241 0
1240 1223 1245 0
1244 1240 1266 0
1268 1244 1266 0
1243 1222 1244 0
1222 1223 1240 0
1221 1222 1243 0
1220 1221 1243 0
1242 1220 1243 0
1198 1199 1220 0
1199 1200 1221 0
1201 1190 1212 0
1200 1201 1222 0
1200 1190 1201 0
1287 1271 1267 0
1312 1287 1289 0
1311 1315 1306 0
1312 1314 1292 0
1312 1313 1335 0
1249 1270 1246 0
1267 1271 1248 0
1267 1289 1287 0
1067 1087 1066 0
1086 1084 1106 0
1109 1108 1088 0
1148 1124 1125 0
1166 1188 1169 0
1145 1166 1147 0
1167 1188 1166 0
1177 1200 1179 0
1122 1146 1137 0
1178 1190 1200 0
1146 1168 1156 0
1191 1192 1170 0
1049 1050 1028 0
1189 1188 1167 0
1072 1051 1050 0
1071 1095 1072 0
1054 1071 1072 0
1054 1076 1071 0
1096 1073 1074 0
1095 1096 1074 0
1127 1142 1144 0
1117 1116 1101 0
1117 1142 1116 0
1121 1120 1117 0
1121 1143 1120 0
1166 1169 1147 0
1211 1210 1189 0
1208 1213 1191 0
1093 1073 1096 0
1210 1229 1209 0
1231 1230 1211 0
1231 1253 1252 0
1127 1116 1142 0
1150 1127 1144 0
1150 1149 1127 0
1192 1213 1212 0
1170 1192 1190 0
1191 1213 1192 0
1168 1191 1170 0
1147 1169 1148 0
1188 1209 1187 0
1209 1229 1228 0
1187 1209 1191 0
1169 1187 1191 0
1169 1188 1187 0
1188 1210 1209 0
1208 1228 1213 0
1209 1208 1191 0
1209 1228 1208 0
1252 1275 1274 0
1251 1250 1229 0
1230 1252 1229 0
1274 1273 1251 0
1250 1255 1233 0
1141 1143 1119 0
1115 1141 1119 0
1163 1143 1141 0
1184 1185 1162 0
1164 1143 1163 0
1164 1144 1142 0
1207 1206 1186 0
1162 1161 1183 0
1246 1270 1261 0
1237 1224 1246 0
1238 1237 1260 0
1238 1217 1237 0
1225 1247 1246 0
1150 1171 1149 0
1159 1172 1150 0
1202 1180 1181 0
1217 1216 1195 0
1194 1193 1172 0
1126 1101 1116 0
1252 1251 1229 0
1231 1252 1230 0
1253 1275 1252 0
1194 1195 1215 0
1127 1126 1116 0
1261 1270 1282 0
1260 1261 1282 0
1260 1246 1261 0
1284 1263 1282 0
1202 1181 1203 0
1224 1202 1203 0
1217 1195 1202 0
1246 1260 1237 0
1195 1194 1180 0
1202 1195 1180 0
1216 1215 1195 0
1275 1253 1256 0
1171 1172 1193 0
1277 1256 1278 0
1272 1276 1255 0
1250 1272 1255 0
1294 1276 1272 0
1233 1213 1228 0
1250 1233 1228 0
1229 1250 1228 0
1294 1316 1297 0
1276 1294 1297 0
1295 1296 1318 0
1316 1295 1318 0
1273 1274 1295 0
1251 1273 1250 0
1274 1296 1295 0
1254 1245 1232 0
1193 1194 1214 0
1299 1278 1300 0
1339 1322 1343 0
1299 1323 1322 0
1296 1299 1317 0
1300 1323 1299 0
1309 1331 1323 0
1275 1256 1277 0
1296 1275 1277 0
1274 1251 1252 0
1215 1235 1234 0
1336 1315 1334 0
1356 1337 1355 0
1375 1356 1376 0
1388 1375 1389 0
1368 1356 1375 0
1388 1368 1375 0
1411 1388 1389 0
1369 1370 1367 0
1390 1369 1388 0
1390 1370 1369 0
1367 1347 1368 0
1368 1347 1348 0
1328 1327 1305 0
1315 1328 1306 0
1348 1327 1328 0
1117 1093 1096 0
1142 1117 1120 0
1101 1093 1117 0
1293 1314 1311 0
1271 1293 1270 0
1292 1314 1293 0
1287 1292 1293 0
1287 1312 1292 0
1268 1289 1267 0
1222 1240 1244 0
1265 1245 1269 0
1285 1269 1264 0
1285 1310 1291 0
1293 1271 1287 0
1151 1134 1155 0
1175 1173 1155 0
1176 1175 1155 0
1198 1196 1175 0
1056 1035 1059 0
1070 1056 1079 0
1048 1035 1056 0
1114 1113 1091 0
1130 1152 1139 0
1151 1130 1128 0
1151 1152 1130 0
1160 1161 1139 0
1138 1140 1115 0
1139 1138 1113 0
1139 1161 1138 0
1180 1194 1172 0
1224 1225 1246 0
1202 1224 1217 0
1203 1225 1224 0
1186 1203 1181 0
1165 1186 1181 0
1185 1207 1186 0
1206 1227 1225 0
1186 1206 1203 0
1207 1227 1206 0
1235 1258 1257 0
1236 1235 1215 0
1236 1258 1235 0
1049 1072 1050 0
1198 1175 1176 0
1174 1160 1152 0
1197 1182 1174 0
1226 1204 1218 0
1227 1207 1205 0
1207 1184 1183 0
1113 1138 1115 0
1118 1119 1143 0
1121 1118 1143 0
1097 1094 1118 0
1121 1097 1118 0
1142 1120 1143 0
1073 1051 1074 0
1092 1075 1070 0
1091 1113 1092 0
1079 1091 1092 0
1079 1102 1091 0
1070 1079 1092 0
1103 1128 1102 0
1104 1110 1129 0
1197 1196 1219 0
1160 1174 1182 0
1152 1173 1174 0
1114 1130 1139 0
1113 1114 1139 0
1102 1128 1114 0
1173 1196 1174 0
1151 1173 1152 0
1151 1155 1173 0
1094 1092 1115 0
1118 1094 1119 0
1097 1076 1075 0
1103 1102 1080 0
1094 1075 1092 0
1080 1056 1059 0
1053 1048 1070 0
1053 1030 1048 0
1095 1121 1096 0
1339 1338 1318 0
1340 1342 1321 0
1358 1340 1338 0
1359 1342 1340 0
1340 1321 1319 0
1291 1269 1285 0
1313 1291 1310 0
1290 1269 1291 0
1312 1290 1313 0
1288 1269 1290 0
1289 1288 1312 0
1289 1266 1288 0
1294 1272 1273 0
1285 1276 1297 0
1272 1250 1273 0
1254 1255 1276 0
1254 1233 1255 0
1210 1211 1230 0
1229 1210 1230 0
1188 1189 1210 0
1361 1362 1382 0
1381 1361 1382 0
1360 1341 1361 0
1333 1354 1335 0
1320 1333 1310 0
1353 1360 1374 0
1341 1353 1333 0
1341 1360 1353 0
1395 1374 1381 0
1333 1313 1310 0
1374 1376 1355 0
1354 1374 1355 0
1360 1381 1374 0
1334 1314 1335 0
1340 1319 1338 0
1319 1297 1316 0
1338 1319 1316 0
1321 1298 1319 0
1362 1361 1342 0
1298 1297 1319 0
1320 1298 1321 0
1310 1285 1298 0
1285 1264 1276 0
1318 1317 1339 0
1294 1295 1316 0
1296 1317 1318 0
1275 1296 1274 0
1277 1299 1296 0
1323 1300 1309 0
1279 1257 1280 0
1332 1351 1331 0
1332 1352 1351 0
1215 1234 1214 0
1194 1215 1214 0
1216 1236 1215 0
1238 1239 1236 0
1311 1306 1286 0
1293 1311 1286 0
1314 1334 1311 0
1346 1350 1365 0
1366 1346 1365 0
1345 1324 1326 0
1308 1307 1330 0
1281 1283 1303 0
1284 1307 1308 0
1347 1367 1349 0
1235 1257 1234 0
1259 1258 1236 0
1239 1259 1236 0
1281 1280 1259 0
1280 1257 1258 0
1302 1279 1280 0
1491 1514 1492 0
1473 1491 1492 0
1454 1473 1474 0
1453 1434 1452 0
1454 1453 1473 0
1454 1434 1453 0
1481 1501 1491 0
1500 1520 1498 0
1574 1562 1582 0
1554 1553 1576 0
1542 1560 1562 0
1535 1542 1555 0
1535 1522 1542 0
1501 1522 1514 0
1562 1581 1582 0
1522 1540 1542 0
1540 1521 1541 0
1387 1406 1405 0
1364 1366 1385 0
1386 1408 1387 0
1371 1370 1391 0
1386 1371 1392 0
1350 1370 1371 0
1408 1406 1387 0
1407 1413 1428 0
1365 1371 1386 0
1391 1413 1392 0
1371 1391 1392 0
1370 1390 1391 0
1428 1450 1429 0
1335 1314 1312 0
1333 1335 1313 0
1334 1315 1311 0
1354 1334 1335 0
1354 1355 1336 0
1301 1302 1280 0
1281 1301 1280 0
1303 1324 1301 0
1393 1373 1394 0
1416 1415 1394 0
1402 1384 1393 0
1324 1302 1301 0
1361 1341 1342 0
1288 1290 1312 0
1341 1321 1342 0
1374 1354 1353 0
1320 1321 1341 0
1333 1320 1341 0
1310 1298 1320 0
1290 1291 1313 0
1285 1297 1298 0
1343 1351 1363 0
1343 1357 1339 0
1323 1343 1322 0
1331 1351 1343 0
1294 1273 1295 0
1277 1278 1299 0
1309 1332 1331 0
1498 1480 1500 0
1501 1498 1520 0
1478 1458 1461 0
1481 1478 1498 0
1481 1462 1478 0
1514 1491 1501 0
1498 1478 1480 0
1462 1458 1478 0
1491 1472 1481 0
1443 1458 1462 0
1439 1438 1458 0
1411 1418 1431 0
1430 1410 1431 0
1400 1422 1417 0
1382 1400 1381 0
1401 1422 1400 0
1399 1401 1382 0
1421 1422 1401 0
1396 1395 1417 0
1411 1396 1418 0
1389 1375 1396 0
1336 1337 1315 0
1354 1336 1334 0
1355 1337 1336 0
1333 1353 1354 0
1376 1356 1355 0
1396 1376 1395 0
1396 1375 1376 0
1460 1459 1479 0
1458 1438 1442 0
1418 1417 1438 0
1431 1418 1439 0
1411 1389 1396 0
1401 1400 1382 0
1439 1418 1438 0
1395 1381 1400 0
1440 1425 1446 0
1441 1440 1460 0
1442 1441 1460 0
1421 1420 1441 0
1441 1420 1440 0
1283 1281 1262 0
1326 1324 1303 0
1346 1326 1330 0
1346 1345 1326 0
1283 1262 1284 0
1308 1283 1284 0
1308 1303 1283 0
1301 1281 1303 0
1280 1258 1259 0
1238 1236 1216 0
1263 1262 1239 0
1282 1263 1260 0
1284 1262 1263 0
1306 1305 1282 0
1308 1330 1326 0
1305 1304 1284 0
1327 1347 1329 0
1329 1347 1349 0
1304 1327 1307 0
1284 1304 1307 0
1305 1327 1304 0
1282 1305 1284 0
1306 1328 1305 0
1286 1306 1282 0
1270 1286 1282 0
1270 1293 1286 0
1315 1337 1328 0
1328 1337 1348 0
1349 1350 1330 0
1329 1349 1330 0
1307 1329 1330 0
1307 1327 1329 0
1367 1370 1349 0
1281 1259 1262 0
1415 1435 1414 0
1424 1404 1423 0
1444 1424 1423 0
1444 1446 1424 0
1459 1440 1446 0
1419 1404 1425 0
1440 1419 1425 0
1397 1398 1419 0
1399 1397 1419 0
1399 1379 1397 0
1372 1363 1351 0
1403 1384 1402 0
1403 1383 1384 0
1403 1404 1398 0
1383 1403 1398 0
1377 1383 1398 0
1377 1384 1383 0
1402 1423 1403 0
1393 1415 1414 0
1437 1436 1416 0
1456 1475 1455 0
1483 1484 1503 0
1464 1465 1483 0
1446 1464 1466 0
1445 1465 1464 0
1435 1445 1423 0
1435 1455 1445 0
1414 1435 1423 0
1402 1414 1423 0
1402 1393 1414 0
1436 1456 1455 0
1455 1475 1465 0
1445 1455 1465 0
1435 1436 1455 0
1324 1345 1325 0
1302 1324 1325 0
1303 1308 1326 0
1370 1350 1349 0
1388 1369 1367 0
1390 1413 1391 0
1345 1344 1325 0
1350 1346 1330 0
1346 1366 1345 0
1456 1436 1437 0
1371 1365 1350 0
1387 1366 1386 0
1364 1344 1345 0
1456 1437 1457 0
1499 1480 1479 0
1502 1499 1482 0
1500 1480 1499 0
1521 1500 1499 0
1521 1520 1500 0
1379 1378 1398 0
1380 1379 1399 0
1382 1380 1399 0
1382 1362 1380 0
1359 1378 1379 0
1342 1359 1362 0
1358 1378 1359 0
1339 1358 1338 0
1357 1378 1358 0
1339 1357 1358 0
1316 1318 1338 0
1343 1323 1331 0
1317 1322 1339 0
1317 1299 1322 0
1377 1378 1357 0
1363 1377 1357 0
1363 1384 1377 0
1372 1393 1384 0
1363 1372 1384 0
1351 1352 1372 0
1398 1378 1377 0
1419 1398 1404 0
1397 1379 1398 0
1366 1364 1345 0
1386 1366 1365 0
1387 1385 1366 0
1496 1476 1477 0
1412 1413 1390 0
1410 1409 1390 0
1432 1433 1412 0
1449 1433 1454 0
1470 1449 1454 0
1470 1450 1449 0
1429 1427 1408 0
1407 1428 1408 0
1392 1407 1408 0
1392 1413 1407 0
1450 1471 1451 0
1451 1467 1447 0
1489 1469 1471 0
1488 1487 1469 0
1392 1408 1386 0
1430 1432 1412 0
1428 1429 1408 0
1433 1428 1413 0
1433 1450 1428 0
1427 1406 1408 0
1447 1427 1429 0
1451 1447 1429 0
1450 1451 1429 0
1469 1467 1451 0
1467 1448 1447 0
1447 1448 1427 0
1405 1385 1387 0
1476 1457 1477 0
1485 1503 1505 0
1466 1483 1485 0
1465 1484 1483 0
1444 1445 1464 0
1425 1424 1446 0
1423 1445 1444 0
1485 1502 1482 0
1466 1485 1482 0
1463 1466 1482 0
1479 1463 1482 0
1459 1466 1463 0
1446 1444 1464 0
1483 1503 1485 0
1475 1495 1484 0
1556 1537 1557 0
1583 1563 1577 0
1517 1536 1516 0
1577 1563 1556 0
1544 1564 1543 0
1563 1565 1545 0
1556 1563 1545 0
1583 1565 1563 0
1545 1544 1525 0
1484 1504 1503 0
1556 1557 1577 0
1495 1517 1516 0
1517 1518 1537 0
1556 1545 1536 0
1495 1496 1518 0
1424 1425 1404 0
1454 1433 1432 0
1496 1477 1497 0
1519 1539 1538 0
1426 1405 1406 0
1368 1388 1367 0
1348 1337 1356 0
1368 1348 1356 0
1347 1327 1348 0
1420 1399 1419 0
1440 1420 1419 0
1421 1399 1420 0
1461 1442 1460 0
1400 1417 1395 0
1442 1422 1421 0
1441 1442 1421 0
1461 1458 1442 0
1438 1417 1422 0
1395 1376 1374 0
1459 1446 1466 0
1461 1460 1479 0
1480 1478 1461 0
1442 1438 1422 0
1460 1440 1459 0
1401 1399 1421 0
1360 1361 1381 0
1362 1379 1380 0
1372 1352 1373 0
1373 1393 1372 0
1415 1436 1435 0
1394 1415 1393 0
1416 1436 1415 0
1423 1404 1403 0
1362 1359 1379 0
1358 1359 1340 0
1343 1363 1357 0
1547 1569 1551 0
1507 1509 1528 0
1550 1554 1570 0
1530 1531 1549 0
1529 1530 1549 0
1511 1512 1530 0
1493 1512 1494 0
1515 1493 1494 0
1513 1512 1493 0
1550 1531 1533 0
1568 1550 1570 0
1549 1531 1550 0
1547 1548 1569 0
1529 1510 1530 0
1469 1451 1471 0
1468 1467 1487 0
1468 1448 1467 0
1515 1514 1535 0
1515 1492 1514 0
1555 1553 1534 0
1512 1511 1489 0
1494 1512 1490 0
1513 1531 1512 0
1474 1473 1492 0
1494 1474 1492 0
1489 1490 1512 0
1510 1489 1511 0
1471 1490 1489 0
1471 1470 1490 0
1443 1439 1458 0
1452 1443 1462 0
1452 1439 1443 0
1472 1452 1462 0
1434 1430 1452 0
1388 1411 1410 0
1562 1560 1581 0
1594 1574 1582 0
1555 1542 1562 0
1520 1521 1540 0
1522 1520 1540 0
1501 1481 1498 0
1431 1439 1452 0
1430 1431 1452 0
1432 1430 1434 0
1454 1432 1434 0
1433 1413 1412 0
1410 1411 1431 0
1409 1410 1430 0
1412 1409 1430 0
1412 1390 1409 0
1390 1388 1410 0
1418 1396 1417 0
1499 1502 1506 0
1479 1482 1499 0
1461 1479 1480 0
1459 1463 1479 0
1476 1456 1457 0
1475 1476 1496 0
1475 1456 1476 0
1504 1484 1495 0
1484 1465 1475 0
1546 1564 1567 0
1541 1546 1561 0
1560 1541 1561 0
1521 1506 1526 0
1523 1505 1524 0
1550 1568 1549 0
1575 1593 1588 0
1576 1575 1554 0
1576 1595 1575 0
1629 1626 1646 0
1609 1607 1626 0
1554 1575 1570 0
1595 1612 1593 0
1612 1614 1632 0
1472 1453 1452 0
1481 1472 1462 0
1473 1453 1472 0
1470 1454 1474 0
1490 1470 1474 0
1471 1450 1470 0
1449 1450 1433 0
1488 1469 1489 0
1530 1510 1511 0
1487 1467 1469 0
1510 1509 1488 0
1489 1510 1488 0
1529 1509 1510 0
1486 1468 1487 0
1427 1426 1406 0
1448 1426 1427 0
1519 1518 1496 0
1559 1558 1539 0
1557 1537 1538 0
1558 1557 1538 0
1539 1558 1538 0
1559 1580 1579 0
1536 1517 1537 0
1579 1598 1578 0
1559 1579 1558 0
1580 1599 1597 0
1633 1632 1614 0
1652 1651 1631 0
1653 1652 1633 0
1641 1653 1633 0
1673 1652 1653 0
1673 1694 1671 0
1571 1572 1551 0
1589 1571 1569 0
1589 1590 1571 0
1589 1609 1590 0
1591 1592 1573 0
1630 1611 1610 0
1628 1648 1627 0
1630 1628 1611 0
1630 1649 1628 0
1548 1529 1549 0
1569 1548 1549 0
1547 1528 1548 0
1532 1547 1551 0
1527 1508 1528 0
1509 1507 1487 0
1488 1509 1487 0
1528 1508 1507 0
1529 1528 1509 0
1529 1548 1528 0
1597 1617 1598 0
1580 1597 1579 0
1599 1617 1597 0
1598 1616 1615 0
1558 1579 1578 0
1579 1597 1598 0
1584 1585 1565 0
1487 1507 1486 0
1617 1637 1616 0
1547 1532 1527 0
1527 1528 1547 0
1572 1573 1552 0
1569 1571 1551 0
1588 1609 1589 0
1613 1607 1593 0
1613 1626 1607 0
1611 1591 1610 0
1607 1588 1593 0
1572 1571 1590 0
1568 1570 1589 0
1569 1568 1589 0
1569 1549 1568 0
1637 1636 1616 0
1638 1637 1618 0
1638 1658 1657 0
1551 1552 1532 0
1678 1675 1700 0
1551 1572 1552 0
1678 1700 1702 0
1657 1678 1677 0
1657 1658 1678 0
1572 1590 1591 0
1726 1725 1749 0
1747 1726 1749 0
1700 1699 1726 0
1591 1611 1592 0
1572 1591 1573 0
1590 1610 1591 0
1626 1613 1631 0
1646 1626 1631 0
1588 1589 1570 0
1575 1588 1570 0
1607 1609 1588 0
1629 1609 1626 0
1629 1610 1609 0
1650 1629 1646 0
1610 1590 1609 0
1648 1634 1627 0
1649 1648 1628 0
1672 1651 1671 0
1694 1672 1671 0
1690 1691 1672 0
1649 1650 1669 0
1646 1651 1667 0
1610 1629 1630 0
1631 1651 1646 0
1668 1688 1666 0
1668 1693 1688 0
1647 1648 1668 0
1649 1669 1668 0
1578 1577 1557 0
1558 1578 1557 0
1598 1596 1578 0
1617 1616 1598 0
1618 1617 1599 0
1618 1637 1617 0
1636 1635 1616 0
1661 1660 1684 0
1673 1661 1683 0
1641 1660 1661 0
1614 1620 1633 0
1640 1660 1641 0
1620 1640 1641 0
1566 1586 1581 0
1561 1566 1581 0
1567 1586 1566 0
1624 1606 1623 0
1600 1586 1605 0
1587 1585 1604 0
1587 1586 1567 0
1585 1587 1567 0
1606 1605 1587 0
1623 1606 1604 0
1605 1586 1587 0
1625 1605 1606 0
1625 1619 1605 0
1622 1643 1623 0
1639 1642 1621 0
1635 1639 1621 0
1659 1642 1639 0
1662 1680 1685 0
1659 1662 1642 0
1659 1680 1662 0
1709 1703 1728 0
1685 1709 1710 0
1685 1703 1709 0
1642 1662 1663 0
1679 1676 1701 0
1574 1555 1562 0
1576 1574 1594 0
1576 1555 1574 0
1593 1575 1595 0
1534 1513 1515 0
1535 1534 1515 0
1553 1533 1534 0
1576 1553 1555 0
1533 1513 1534 0
1554 1533 1553 0
1554 1550 1533 0
1585 1564 1565 0
1604 1585 1584 0
1604 1606 1587 0
1644 1645 1624 0
1566 1561 1567 0
1560 1540 1541 0
1535 1514 1522 0
1540 1560 1542 0
1512 1531 1530 0
1535 1555 1534 0
1533 1531 1513 0
1472 1491 1473 0
1520 1522 1501 0
1493 1515 1513 0
1474 1494 1490 0
1492 1515 1494 0
1603 1604 1584 0
1602 1603 1584 0
1622 1623 1603 0
1644 1624 1643 0
1622 1603 1602 0
1624 1625 1606 0
1643 1624 1623 0
1605 1619 1600 0
1645 1625 1624 0
1645 1640 1625 0
1567 1564 1585 0
1561 1546 1567 0
1560 1561 1581 0
1506 1502 1523 0
1541 1521 1526 0
1521 1499 1506 0
1525 1503 1504 0
1526 1543 1546 0
1505 1523 1502 0
1524 1543 1523 0
1525 1524 1505 0
1544 1543 1524 0
1565 1544 1545 0
1565 1564 1544 0
1505 1503 1525 0
1544 1524 1525 0
1546 1543 1564 0
1526 1506 1523 0
1543 1526 1523 0
1546 1541 1526 0
1502 1485 1505 0
1496 1497 1519 0
1518 1517 1495 0
1538 1518 1519 0
1538 1537 1518 0
1536 1537 1556 0
1525 1536 1545 0
1516 1504 1495 0
1525 1516 1536 0
1525 1504 1516 0
1464 1483 1466 0
1496 1495 1475 0
1671 1651 1652 0
1673 1671 1652 0
1694 1690 1672 0
1583 1584 1565 0
1596 1583 1577 0
1602 1584 1583 0
1596 1615 1602 0
1578 1596 1577 0
1598 1615 1596 0
1622 1642 1643 0
1604 1603 1623 0
1621 1642 1622 0
1750 1729 1727 0
1677 1678 1702 0
1659 1639 1655 0
1636 1637 1657 0
1699 1725 1726 0
1660 1645 1665 0
1736 1710 1735 0
1653 1641 1661 0
1685 1680 1703 0
1686 1685 1710 0
1664 1663 1685 0
1665 1645 1644 0
1686 1687 1664 0
1684 1660 1665 0
1643 1642 1663 0
1635 1655 1639 0
1615 1635 1621 0
1636 1656 1655 0
1615 1616 1635 0
1602 1615 1621 0
1602 1583 1596 0
1678 1658 1675 0
1636 1657 1656 0
1637 1638 1657 0
1675 1699 1700 0
1758 1778 1785 0
1725 1748 1749 0
1853 1832 1835 0
1861 1853 1835 0
1858 1832 1853 0
1885 1859 1858 0
1908 1885 1880 0
1886 1912 1910 0
1885 1886 1860 0
1913 1912 1886 0
1789 1788 1766 0
1773 1748 1771 0
1820 1842 1822 0
1800 1820 1822 0
1819 1842 1820 0
1655 1676 1659 0
1636 1655 1635 0
1656 1676 1655 0
1677 1701 1676 0
1724 1702 1700 0
1724 1727 1702 0
1679 1704 1680 0
1659 1679 1680 0
1659 1676 1679 0
1677 1702 1701 0
1656 1677 1676 0
1656 1657 1677 0
1750 1751 1774 0
1702 1727 1701 0
1724 1747 1727 0
1679 1701 1704 0
1726 1724 1700 0
1749 1773 1772 0
1687 1711 1708 0
1664 1687 1665 0
1686 1711 1687 0
1685 1686 1664 0
1710 1711 1686 0
1734 1710 1709 0
1735 1758 1759 0
1734 1735 1710 0
1734 1758 1735 0
1762 1763 1788 0
1761 1762 1787 0
1761 1739 1762 0
1652 1631 1632 0
1672 1667 1651 0
1716 1690 1694 0
1691 1667 1672 0
1718 1719 1691 0
1716 1718 1690 0
1716 1742 1718 0
1719 1693 1691 0
1669 1693 1668 0
1667 1669 1650 0
1667 1670 1669 0
1773 1771 1795 0
1819 1800 1797 0
1749 1748 1773 0
1696 1695 1683 0
1718 1691 1690 0
1650 1649 1630 0
1629 1650 1630 0
1646 1667 1650 0
1688 1693 1692 0
1738 1714 1713 0
1654 1634 1647 0
1628 1608 1611 0
1771 1796 1795 0
1832 1808 1813 0
1835 1832 1813 0
1858 1859 1834 0
1810 1788 1811 0
1830 1810 1833 0
1787 1788 1810 0
1790 1767 1786 0
1809 1790 1786 0
1834 1833 1811 0
1831 1834 1812 0
1858 1831 1832 0
1858 1834 1831 0
1811 1788 1789 0
1812 1811 1790 0
1833 1810 1811 0
1819 1817 1840 0
1799 1774 1775 0
1800 1799 1775 0
1772 1797 1775 0
1819 1820 1800 0
1798 1802 1776 0
1822 1821 1799 0
1821 1844 1823 0
1799 1821 1798 0
1822 1844 1821 0
1843 1822 1842 0
1847 1843 1842 0
1847 1868 1843 0
1821 1823 1802 0
1797 1817 1819 0
1863 1862 1838 0
1721 1722 1744 0
1883 1911 1909 0
1855 1856 1883 0
1863 1855 1881 0
1828 1856 1855 0
1806 1828 1815 0
1806 1807 1829 0
1884 1882 1910 0
1829 1807 1830 0
1828 1829 1856 0
1828 1806 1829 0
1830 1854 1857 0
1745 1769 1768 0
1723 1745 1722 0
1714 1723 1722 0
1739 1761 1746 0
1746 1769 1745 0
1941 1913 1937 0
1940 1941 1966 0
1912 1913 1941 0
1882 1860 1886 0
1941 1963 1966 0
1910 1882 1886 0
1937 1942 1963 0
1908 1937 1913 0
1885 1908 1913 0
1880 1887 1908 0
1914 1895 1923 0
1908 1914 1937 0
1887 1895 1914 0
1908 1887 1914 0
1880 1853 1861 0
1860 1859 1885 0
1913 1886 1885 0
1882 1859 1860 0
1911 1883 1884 0
1859 1833 1834 0
1870 1846 1869 0
1887 1870 1895 0
1861 1835 1846 0
1887 1861 1870 0
1887 1880 1861 0
1801 1824 1813 0
1778 1801 1791 0
1778 1802 1801 0
1797 1772 1773 0
1817 1797 1795 0
1800 1775 1797 0
1704 1703 1680 0
1727 1704 1701 0
1728 1703 1704 0
1752 1728 1729 0
1752 1734 1728 0
1747 1749 1772 0
1823 1824 1802 0
1798 1821 1802 0
1845 1869 1846 0
1844 1845 1823 0
1844 1868 1845 0
1594 1595 1576 0
1601 1594 1582 0
1614 1595 1594 0
1601 1620 1614 0
1581 1600 1582 0
1619 1620 1601 0
1632 1631 1613 0
1612 1632 1613 0
1593 1612 1613 0
1595 1614 1612 0
1633 1652 1632 0
1600 1619 1601 0
1582 1600 1601 0
1581 1586 1600 0
1809 1808 1832 0
1740 1742 1716 0
1720 1740 1716 0
1764 1742 1740 0
1757 1759 1784 0
1738 1741 1763 0
1611 1608 1592 0
1720 1716 1694 0
1712 1720 1696 0
1708 1712 1696 0
1737 1720 1712 0
1737 1743 1720 0
1802 1824 1801 0
1858 1853 1880 0
1801 1813 1791 0
1824 1835 1813 0
1698 1721 1697 0
1788 1787 1762 0
1770 1783 1794 0
1763 1762 1739 0
1783 1806 1794 0
1787 1783 1761 0
1787 1807 1783 0
1807 1787 1810 0
1857 1829 1830 0
1806 1783 1807 0
1608 1628 1627 0
1817 1796 1818 0
1752 1750 1774 0
1758 1753 1777 0
1734 1709 1728 0
1841 1842 1819 0
1840 1841 1819 0
1840 1867 1841 0
1871 1890 1896 0
1872 1871 1896 0
1865 1890 1871 0
1842 1865 1847 0
1867 1892 1865 0
1752 1774 1776 0
1729 1750 1752 0
1704 1729 1728 0
1704 1727 1729 0
1727 1751 1750 0
1647 1666 1654 0
1741 1738 1715 0
1765 1741 1742 0
1765 1766 1763 0
1743 1737 1760 0
1764 1743 1767 0
1790 1789 1767 0
1765 1742 1764 0
1740 1720 1743 0
1763 1739 1738 0
1765 1763 1741 0
1766 1788 1763 0
1698 1697 1674 0
1713 1714 1698 0
1688 1713 1689 0
1688 1692 1713 0
1714 1739 1723 0
1717 1741 1715 0
1692 1717 1715 0
1719 1742 1717 0
1722 1721 1698 0
1714 1722 1698 0
1689 1713 1698 0
1738 1739 1714 0
1746 1761 1770 0
1817 1818 1840 0
1867 1842 1841 0
1795 1796 1817 0
1649 1668 1648 0
1666 1647 1668 0
1689 1666 1688 0
1689 1674 1666 0
1634 1648 1647 0
1840 1839 1864 0
1866 1840 1864 0
1891 1866 1864 0
1867 1840 1866 0
1893 1867 1866 0
1920 1893 1891 0
1921 1892 1893 0
1946 1918 1919 0
1872 1897 1894 0
1871 1872 1847 0
1896 1897 1872 0
1918 1896 1890 0
1924 1897 1896 0
1824 1845 1846 0
1777 1776 1802 0
1776 1774 1799 0
1798 1776 1799 0
1777 1752 1776 0
1799 1800 1822 0
1751 1775 1774 0
1797 1773 1795 0
1751 1772 1775 0
1747 1724 1726 0
1751 1747 1772 0
1751 1727 1747 0
1843 1868 1844 0
1867 1865 1842 0
1868 1869 1845 0
1872 1868 1847 0
1894 1922 1895 0
1872 1894 1868 0
1897 1922 1894 0
1894 1869 1868 0
1952 1923 1951 0
1870 1861 1846 0
1845 1824 1823 0
1894 1870 1869 0
1835 1824 1846 0
1818 1839 1840 0
2628 2626 2627 0
2626 2623 2624 0
2624 2620 2625 0
2626 2624 2627 0
2623 2619 2624 0
2622 2623 2626 0
2618 2617 2611 0
2618 2622 2617 0
2619 2618 2612 0
2623 2622 2618 0
2612 2618 2611 0
2625 2627 2624 0
2602 2610 2601 0
2591 2592 2602 0
2621 2620 2615 0
2621 2625 2620 0
2617 2610 2611 0
2551 2564 2550 0
2591 2601 2590 0
2592 2591 2582 0
2602 2601 2591 0
2592 2594 2602 0
2568 2570 2581 0
2575 2563 2576 0
2587 2575 2576 0
2585 2587 2576 0
2597 2598 2587 0
2574 2563 2575 0
2583 2574 2586 0
2593 2583 2586 0
2595 2593 2586 0
2594 2583 2593 0
2581 2570 2583 0
2562 2563 2574 0
2583 2570 2571 0
2582 2581 2592 0
2582 2568 2581 0
2569 2568 2582 0
2557 2542 2558 0
2549 2550 2563 0
2611 2610 2602 0
2554 2538 2539 0
2541 2522 2523 0
2540 2554 2539 0
2524 2523 2507 0
2525 2524 2507 0
2510 2525 2507 0
2527 2543 2525 0
2543 2542 2525 0
2559 2558 2544 0
2558 2542 2543 0
2557 2541 2542 0
2559 2562 2571 0
2558 2559 2571 0
2548 2562 2559 0
2568 2569 2555 0
2541 2540 2522 0
2542 2541 2524 0
2555 2569 2556 0
2540 2555 2556 0
2557 2568 2555 0
2556 2567 2554 0
2523 2524 2541 0
2582 2580 2569 0
2527 2525 2510 0
2569 2579 2567 0
2526 2510 2509 0
2584 2573 2572 0
2578 2584 2572 0
2596 2585 2584 0
2609 2606 2600 0
2585 2573 2584 0
2603 2605 2612 0
2593 2603 2594 0
2595 2605 2603 0
2598 2595 2586 0
2587 2598 2586 0
2597 2607 2598 0
2607 2613 2604 0
2604 2613 2605 0
2595 2604 2605 0
2595 2598 2604 0
2596 2606 2597 0
2606 2609 2615 0
2597 2606 2607 0
2596 2600 2606 0
2615 2620 2613 0
2614 2605 2613 0
2619 2614 2620 0
2619 2612 2614 0
2612 2611 2603 0
2614 2612 2605 0
2624 2619 2620 0
2623 2618 2619 0
2603 2602 2594 0
2563 2550 2564 0
2586 2574 2575 0
2562 2549 2563 0
2533 2550 2549 0
2517 2518 2533 0
2516 2517 2532 0
2501 2518 2517 0
2534 2535 2551 0
2502 2519 2518 0
2502 2495 2512 0
2615 2607 2606 0
2564 2573 2576 0
2563 2564 2576 0
2551 2561 2564 0
2584 2589 2596 0
2556 2569 2567 0
2540 2556 2554 0
2540 2541 2555 0
2522 2540 2539 0
2541 2557 2555 0
2580 2590 2579 0
2569 2580 2579 0
2582 2591 2580 0
2524 2525 2542 0
2599 2589 2588 0
2598 2607 2604 0
2575 2587 2586 0
2585 2596 2597 0
2573 2585 2576 0
2607 2615 2613 0
2616 2615 2609 0
2620 2614 2613 0
2553 2545 2537 0
2566 2553 2565 0
2566 2560 2553 0
2588 2578 2577 0
2560 2545 2553 0
2572 2560 2566 0
2572 2561 2560 0
2570 2568 2557 0
2558 2570 2557 0
2544 2558 2543 0
2571 2570 2558 0
2548 2559 2544 0
2562 2574 2571 0
2571 2574 2583 0
2530 2514 2513 0
2560 2561 2547 0
2546 2551 2535 0
2529 2546 2535 0
2547 2561 2546 0
2573 2561 2572 0
2573 2564 2561 0
2535 2518 2519 0
2550 2534 2551 0
2550 2533 2534 0
2535 2534 2518 0
2529 2535 2519 0
2529 2530 2546 0
2590 2580 2591 0
2508 2493 2499 0
2609 2608 2616 0
2621 2615 2616 0
2548 2544 2531 0
2532 2548 2531 0
2549 2562 2548 0
2533 2549 2532 0
2517 2533 2532 0
2518 2534 2533 0
2597 2587 2585 0
2603 2593 2595 0
2611 2602 2603 0
2592 2581 2583 0
2594 2592 2583 0
2508 2499 2516 0
2526 2508 2515 0
2509 2493 2508 0
2608 2609 2600 0
2512 2519 2502 0
2514 2512 2497 0
2514 2529 2512 0
2548 2532 2549 0
2526 2531 2544 0
2527 2526 2544 0
2543 2527 2544 0
2510 2526 2527 0
2509 2508 2526 0
2508 2516 2515 0
2516 2501 2517 0
2515 2516 2532 0
2531 2515 2532 0
2531 2526 2515 0
2488 2475 2476 0
2501 2488 2489 0
2487 2475 2488 0
2500 2499 2487 0
2499 2486 2487 0
2486 2499 2493 0
2486 2474 2487 0
2600 2599 2608 0
2475 2487 2474 0
2589 2600 2596 0
2578 2589 2584 0
2566 2578 2572 0
2566 2577 2578 0
2599 2600 2589 0
2461 2475 2474 0
2589 2578 2588 0
2488 2476 2489 0
2446 2462 2461 0
2463 2448 2447 0
2566 2565 2577 0
2547 2546 2530 0
2545 2547 2530 0
2561 2551 2546 0
2482 2470 2483 0
2495 2482 2483 0
2489 2476 2482 0
2521 2506 2520 0
2511 2505 2506 0
2528 2511 2521 0
2528 2513 2511 0
2496 2494 2511 0
2498 2496 2513 0
2498 2494 2496 0
2498 2484 2494 0
2497 2498 2514 0
2485 2472 2484 0
2497 2485 2498 0
2497 2483 2485 0
2471 2481 2484 0
2484 2481 2494 0
2492 2490 2504 0
2494 2481 2492 0
2469 2458 2468 0
2537 2552 2553 0
2448 2446 2432 0
2447 2448 2432 0
2463 2476 2462 0
2553 2552 2565 0
2457 2470 2463 0
2459 2460 2445 0
2430 2444 2445 0
2471 2484 2472 0
2473 2470 2460 0
2473 2483 2470 0
2472 2473 2460 0
2485 2483 2473 0
2529 2519 2512 0
2495 2483 2497 0
2512 2495 2497 0
2502 2489 2495 0
2502 2501 2489 0
2447 2449 2463 0
2431 2447 2432 0
2431 2415 2433 0
2447 2431 2433 0
2547 2545 2560 0
2514 2530 2529 0
2513 2528 2530 0
2498 2513 2514 0
2494 2505 2511 0
2520 2536 2521 0
2536 2552 2537 0
2433 2415 2416 0
2409 2425 2416 0
2441 2449 2433 0
2528 2521 2537 0
2401 2412 2398 0
2402 2401 2385 0
2402 2418 2401 0
2506 2505 2504 0
2520 2506 2504 0
2521 2511 2506 0
2537 2521 2536 0
2528 2545 2530 0
2496 2511 2513 0
2537 2545 2528 0
2458 2456 2468 0
2503 2520 2504 0
2409 2416 2400 0
2458 2471 2459 0
2399 2411 2397 0
2447 2433 2449 0
2385 2368 2384 0
2402 2385 2384 0
2398 2382 2385 0
2417 2412 2401 0
2428 2413 2412 0
2443 2429 2428 0
2450 2443 2434 0
2456 2458 2443 0
2430 2442 2427 0
2411 2410 2397 0
2414 2411 2399 0
2429 2414 2413 0
2429 2430 2414 0
2411 2427 2426 0
2443 2444 2429 0
2445 2457 2442 0
2365 2380 2363 0
2382 2365 2368 0
2382 2380 2365 0
2385 2382 2368 0
2397 2396 2382 0
2399 2397 2398 0
2412 2399 2398 0
2413 2414 2399 0
2410 2409 2396 0
2425 2409 2410 0
2441 2425 2426 0
2433 2416 2425 0
2400 2383 2395 0
2504 2491 2503 0
2442 2457 2441 0
2426 2442 2441 0
2430 2445 2442 0
2472 2485 2473 0
2463 2449 2457 0
2476 2463 2470 0
2476 2475 2462 0
2482 2476 2470 0
2495 2489 2482 0
2501 2516 2500 0
2518 2501 2502 0
2500 2487 2488 0
2501 2500 2488 0
2500 2516 2499 0
2462 2446 2448 0
2463 2462 2448 0
2475 2461 2462 0
2466 2467 2454 0
2465 2466 2453 0
2465 2478 2466 0
2425 2441 2433 0
2411 2426 2410 0
2427 2414 2430 0
2426 2427 2442 0
2411 2414 2427 0
2472 2460 2459 0
2471 2472 2459 0
2484 2498 2485 0
2457 2449 2441 0
2460 2457 2445 0
2460 2470 2457 0
2388 2405 2402 0
2390 2389 2407 0
2440 2451 2435 0
2423 2440 2422 0
2439 2455 2440 0
2424 2439 2440 0
2407 2424 2423 0
2421 2439 2424 0
2420 2421 2408 0
2420 2436 2438 0
2450 2456 2443 0
2464 2450 2451 0
2464 2456 2450 0
2455 2464 2451 0
2467 2477 2464 0
2444 2430 2429 0
2459 2444 2458 0
2459 2445 2444 0
2391 2374 2392 0
2390 2407 2392 0
2405 2422 2418 0
2407 2405 2391 0
2423 2422 2405 0
2435 2418 2422 0
2428 2412 2417 0
2443 2428 2434 0
2429 2413 2428 0
2401 2398 2385 0
2434 2428 2417 0
2413 2399 2412 0
2388 2374 2391 0
2405 2388 2391 0
2402 2384 2388 0
2417 2401 2418 0
2371 2358 2374 0
2384 2371 2388 0
2367 2347 2346 0
2384 2367 2371 0
2384 2368 2367 0
2491 2504 2490 0
2381 2395 2383 0
2345 2364 2366 0
2380 2396 2381 0
2343 2364 2345 0
2398 2397 2382 0
2381 2383 2366 0
2396 2395 2381 0
2382 2396 2380 0
2397 2410 2396 0
2409 2400 2395 0
2396 2409 2395 0
2410 2426 2425 0
2492 2504 2505 0
2494 2492 2505 0
2481 2468 2480 0
2490 2477 2479 0
2469 2468 2481 0
2471 2469 2481 0
2471 2458 2469 0
2456 2464 2468 0
2479 2491 2490 0
2364 2343 2344 0
2380 2364 2363 0
2381 2366 2364 0
2436 2419 2437 0
2452 2453 2437 0
2479 2478 2491 0
2477 2468 2464 0
2479 2477 2467 0
2480 2468 2477 0
2492 2480 2490 0
2492 2481 2480 0
2467 2466 2479 0
2479 2466 2478 0
2490 2480 2477 0
2444 2443 2458 0
2455 2439 2454 0
2467 2455 2454 0
2451 2440 2455 0
2434 2451 2450 0
2435 2417 2418 0
2405 2418 2402 0
2424 2440 2423 0
2435 2434 2417 0
2440 2435 2422 0
2451 2434 2435 0
2345 2323 2343 0
2419 2420 2404 0
2323 2295 2321 0
2297 2270 2271 0
2325 2297 2324 0
2294 2270 2297 0
2325 2322 2297 0
2346 2325 2324 0
2322 2321 2294 0
2344 2322 2325 0
2343 2323 2321 0
2344 2343 2322 0
2344 2363 2364 0
2321 2295 2293 0
2408 2404 2420 0
2363 2368 2365 0
2381 2364 2380 0
2344 2347 2363 0
2293 2270 2294 0
2321 2293 2294 0
2268 2244 2241 0
2325 2346 2347 0
2134 2124 2105 0
2189 2156 2188 0
2215 2189 2216 0
2215 2187 2186 0
2243 2214 2215 0
2269 2243 2244 0
2242 2213 2243 0
2157 2154 2123 0
2189 2157 2156 0
2186 2154 2157 0
2215 2186 2189 0
2155 2154 2186 0
2046 2075 2044 0
2049 2046 2019 0
2050 2075 2046 0
2145 2175 2142 0
2235 2232 2260 0
2176 2205 2175 0
2179 2204 2176 0
2262 2289 2261 0
2233 2234 2261 0
2263 2290 2262 0
2438 2453 2454 0
2419 2436 2420 0
2437 2453 2436 0
2371 2374 2388 0
2318 2339 2316 0
2289 2318 2316 0
2317 2340 2318 0
2389 2372 2379 0
2375 2373 2354 0
2389 2390 2372 0
2394 2389 2379 0
2407 2423 2405 0
2392 2407 2391 0
2406 2424 2407 0
2394 2406 2389 0
2408 2421 2424 0
2392 2376 2373 0
2336 2356 2357 0
2356 2373 2376 0
2313 2309 2332 0
2336 2313 2332 0
2286 2285 2313 0
2309 2289 2316 0
2281 2258 2286 0
2355 2339 2361 0
2317 2318 2290 0
2361 2339 2340 0
2333 2316 2339 0
2354 2333 2355 0
2375 2354 2355 0
2372 2375 2355 0
2390 2392 2375 0
2353 2332 2354 0
2313 2314 2286 0
2333 2332 2309 0
2353 2336 2332 0
2289 2290 2318 0
2375 2392 2373 0
2406 2408 2424 0
2374 2376 2392 0
2296 2324 2297 0
2312 2296 2284 0
2312 2324 2296 0
2312 2335 2324 0
2310 2334 2311 0
2334 2335 2312 0
2357 2352 2335 0
2358 2357 2376 0
2352 2346 2335 0
2358 2352 2357 0
2358 2371 2352 0
1902 1877 1876 0
1901 1902 1876 0
1903 1877 1902 0
1901 1930 1902 0
1903 1902 1930 0
1930 1931 1903 0
1929 1930 1901 0
1929 1957 1930 0
1957 1931 1930 0
1957 1933 1931 0
1932 1957 1929 0
1932 1958 1957 0
1959 1933 1957 0
1957 1958 1983 0
1983 1959 1957 0
1984 1983 1958 0
1985 1959 1983 0
1983 1984 2012 0
2012 1985 1983 0
2040 2011 2039 0
1985 2012 1986 0
1984 2011 2012 0
2013 1986 2012 0
2040 2012 2011 0
2040 2013 2012 0
2068 2040 2039 0
2068 2042 2040 0
2068 2039 2041 0
2069 2068 2041 0
2042 2013 2040 0
2042 2068 2070 0
2069 2096 2068 0
2096 2100 2070 0
2068 2096 2070 0
2069 2097 2096 0
2097 2127 2096 0
2100 2096 2127 0
2098 2127 2097 0
2127 2126 2099 0
2100 2127 2099 0
2098 2125 2127 0
2125 2160 2127 0
2160 2158 2126 0
2127 2160 2126 0
2125 2159 2160 0
2191 2160 2159 0
2191 2158 2160 0
2218 2190 2217 0
2158 2191 2161 0
2159 2190 2191 0
2192 2161 2191 0
2218 2192 2191 0
2190 2218 2191 0
2217 2246 2218 0
2246 2219 2218 0
2220 2246 2217 0
2218 2219 2192 0
2248 2246 2220 0
2248 2272 2246 0
2246 2247 2219 0
2274 2272 2248 0
2272 2273 2247 0
2246 2272 2247 0
2274 2299 2298 0
2274 2298 2272 0
2298 2273 2272 0
2326 2298 2299 0
2275 2273 2298 0
2326 2300 2298 0
2298 2300 2275 0
2300 2301 2275 0
2348 2327 2326 0
2327 2350 2329 0
2300 2327 2301 0
2327 2348 2350 0
2303 2327 2329 0
2300 2326 2327 0
2369 2350 2348 0
2328 2349 2330 0
2328 2350 2349 0
2303 2329 2305 0
2303 2301 2327 0
2369 2349 2350 0
2329 2328 2304 0
2302 2276 2277 0
2304 2328 2302 0
2305 2304 2277 0
2305 2329 2304 0
2306 2280 2278 0
2302 2306 2278 0
2328 2330 2306 0
2277 2304 2302 0
2329 2350 2328 0
2360 2377 2378 0
2386 2370 2369 0
2386 2387 2370 0
2328 2306 2302 0
2351 2331 2330 0
2369 2351 2349 0
2370 2377 2359 0
2341 2360 2362 0
2319 2341 2320 0
2292 2319 2320 0
2291 2315 2319 0
2337 2315 2331 0
2351 2337 2331 0
2338 2319 2337 0
2202 2193 2221 0
2231 2202 2221 0
2207 2177 2202 0
2224 2221 2194 0
2195 2224 2194 0
2250 2252 2279 0
2251 2223 2222 0
2252 2251 2280 0
2224 2252 2250 0
2223 2251 2252 0
2278 2280 2251 0
2276 2278 2249 0
2276 2302 2278 0
2280 2279 2252 0
2249 2278 2251 0
2308 2330 2331 0
2163 2193 2172 0
2195 2194 2164 0
2221 2193 2194 0
2249 2251 2222 0
2260 2288 2263 0
2236 2235 2263 0
2239 2265 2260 0
2260 2265 2288 0
2209 2239 2210 0
2209 2207 2237 0
2338 2341 2319 0
2315 2337 2319 0
2359 2360 2338 0
2370 2359 2351 0
2360 2341 2338 0
2377 2360 2359 0
2342 2340 2320 0
2362 2342 2341 0
2362 2361 2342 0
2319 2292 2291 0
2342 2320 2341 0
2317 2292 2320 0
2339 2318 2340 0
2288 2292 2317 0
2264 2238 2259 0
2239 2266 2265 0
2291 2264 2287 0
2287 2264 2259 0
2337 2351 2359 0
2292 2266 2291 0
2266 2238 2264 0
2237 2238 2266 0
2202 2208 2207 0
2202 2231 2208 0
2351 2330 2349 0
2359 2338 2337 0
2266 2264 2291 0
2307 2279 2308 0
2291 2287 2315 0
2259 2279 2287 0
2308 2280 2306 0
2315 2307 2331 0
2279 2280 2308 0
2141 2166 2132 0
2176 2206 2205 0
2253 2233 2258 0
2174 2203 2196 0
2261 2236 2262 0
2353 2354 2373 0
2258 2261 2285 0
2253 2258 2281 0
2233 2261 2258 0
2203 2233 2225 0
2205 2206 2236 0
2203 2205 2234 0
2203 2174 2205 0
2375 2372 2390 0
2309 2316 2333 0
2354 2332 2333 0
2285 2289 2309 0
2361 2372 2355 0
2229 2254 2256 0
2201 2229 2227 0
2201 2226 2229 0
2225 2226 2197 0
2225 2253 2226 0
2203 2225 2196 0
2253 2254 2226 0
2233 2253 2225 0
2281 2282 2253 0
2310 2281 2286 0
2310 2311 2282 0
2314 2310 2286 0
2285 2309 2313 0
2336 2357 2334 0
2311 2283 2282 0
2314 2334 2310 0
2267 2240 2245 0
2282 2283 2256 0
2253 2282 2254 0
2281 2310 2282 0
2284 2271 2257 0
2312 2284 2311 0
2346 2324 2335 0
2371 2367 2352 0
2367 2368 2347 0
2293 2295 2269 0
2297 2322 2294 0
2322 2343 2321 0
2134 2156 2124 0
2134 2169 2156 0
2106 2134 2105 0
2106 2135 2134 0
2074 2106 2105 0
2107 2108 2136 0
2199 2198 2227 0
2200 2168 2199 0
2211 2200 2228 0
2211 2188 2200 0
2168 2167 2199 0
2228 2199 2227 0
2138 2171 2137 0
2138 2165 2170 0
2256 2283 2255 0
2227 2229 2255 0
2254 2282 2256 0
2296 2271 2284 0
2188 2216 2189 0
2211 2241 2216 0
2169 2168 2200 0
2257 2283 2284 0
2270 2245 2271 0
2255 2283 2257 0
2230 2255 2257 0
2228 2230 2240 0
2228 2255 2230 0
2255 2229 2256 0
2268 2293 2269 0
2244 2268 2269 0
2267 2293 2268 0
2188 2211 2216 0
2169 2188 2156 0
2245 2230 2257 0
2241 2240 2267 0
2211 2228 2240 0
2228 2227 2255 0
2188 2169 2200 0
2168 2133 2167 0
2228 2200 2199 0
2169 2133 2168 0
2198 2201 2227 0
2296 2297 2271 0
2267 2268 2241 0
2244 2215 2216 0
2241 2244 2216 0
2269 2242 2243 0
1706 1681 1705 0
1731 1706 1705 0
1682 1681 1706 0
1707 1682 1706 0
1705 1730 1731 0
1731 1732 1707 0
1706 1731 1707 0
1730 1755 1731 0
1755 1754 1780 0
1731 1755 1732 0
1730 1754 1755 0
1732 1755 1756 0
1754 1779 1780 0
1780 1779 1803 0
1756 1780 1781 0
1756 1755 1780 0
1803 1779 1782 0
1803 1782 1805 0
1781 1803 1804 0
1781 1780 1803 0
1825 1805 1827 0
1804 1825 1826 0
1803 1805 1825 0
1804 1803 1825 0
1825 1827 1848 0
1848 1826 1825 0
1848 1850 1873 0
1873 1850 1875 0
1849 1873 1874 0
1848 1827 1850 0
1849 1848 1873 0
1849 1826 1848 0
1898 1875 1900 0
1874 1898 1899 0
1873 1875 1898 0
1898 1874 1873 0
1898 1900 1926 0
1926 1899 1898 0
1926 1928 1955 0
1899 1926 1927 0
1900 1928 1926 0
1955 1927 1926 0
1955 1956 1981 0
1955 1954 1927 0
1956 1955 1928 0
1981 1954 1955 0
1982 1981 1956 0
1980 1954 1981 0
1981 1982 2009 0
2008 1980 1981 0
1982 2010 2009 0
2009 2008 1981 0
2037 2009 2010 0
2036 2008 2009 0
2066 2038 2067 0
2092 2066 2093 0
2037 2038 2066 0
2009 2037 2036 0
2010 2038 2037 0
2065 2036 2037 0
2066 2067 2093 0
2037 2066 2065 0
2093 2120 2092 0
2065 2066 2092 0
2067 2094 2093 0
2094 2121 2093 0
2120 2093 2121 0
2152 2122 2151 0
2181 2152 2182 0
2121 2122 2152 0
2120 2121 2150 0
2094 2122 2121 0
2150 2121 2152 0
2182 2152 2151 0
2182 2151 2153 0
2181 2182 2212 0
2181 2150 2152 0
2214 2184 2183 0
2182 2213 2212 0
2184 2182 2153 0
2183 2184 2153 0
2213 2182 2184 0
2185 2214 2183 0
2242 2212 2213 0
2187 2185 2155 0
2214 2187 2215 0
2214 2185 2187 0
2244 2243 2215 0
2213 2184 2214 0
2214 2243 2213 0
2186 2187 2155 0
2157 2189 2186 0
2124 2157 2123 0
2095 2124 2123 0
2105 2095 2074 0
2136 2108 2137 0
2198 2167 2171 0
2107 2076 2108 0
2133 2107 2136 0
2135 2106 2107 0
2133 2135 2107 0
2133 2169 2135 0
2167 2133 2136 0
2171 2167 2136 0
2198 2199 2167 0
2169 2134 2135 0
2156 2157 2124 0
2075 2074 2045 0
2044 2075 2045 0
2106 2076 2107 0
2050 2076 2075 0
2050 2079 2076 0
2387 2386 2403 0
2404 2387 2403 0
2419 2404 2403 0
2408 2394 2393 0
2455 2467 2464 0
2421 2438 2439 0
2453 2466 2454 0
2438 2436 2453 0
2439 2438 2454 0
2421 2420 2438 0
2452 2465 2453 0
2340 2342 2361 0
2389 2406 2407 0
2374 2358 2376 0
2147 2179 2145 0
2180 2147 2148 0
2180 2179 2147 0
2207 2208 2237 0
2235 2260 2263 0
2176 2204 2206 0
2204 2232 2235 0
2394 2379 2378 0
2387 2393 2377 0
2408 2406 2394 0
2334 2357 2335 0
2311 2334 2312 0
2356 2353 2373 0
2357 2356 2376 0
2336 2353 2356 0
2314 2336 2334 0
2314 2313 2336 0
2347 2344 2325 0
2352 2367 2346 0
2368 2363 2347 0
2231 2238 2208 0
2224 2250 2221 0
2250 2259 2231 0
2307 2287 2279 0
2331 2307 2308 0
2315 2287 2307 0
2231 2259 2238 0
2250 2279 2259 0
2221 2250 2231 0
2224 2223 2252 0
2308 2306 2330 0
1962 1990 1961 0
2017 2048 2016 0
2020 1990 1991 0
2222 2223 2195 0
2370 2387 2377 0
2079 2050 2078 0
2109 2079 2078 0
2108 2076 2079 0
2137 2108 2109 0
2130 2137 2109 0
2170 2165 2197 0
2106 2074 2075 0
2076 2106 2075 0
2124 2095 2105 0
2020 2014 1989 0
1990 2020 1989 0
2048 2077 2078 0
2043 2028 2056 0
2073 2043 2056 0
2015 2028 2043 0
2019 2044 2014 0
2020 2019 2014 0
2049 2050 2046 0
2018 2049 2020 0
1991 2018 2020 0
2048 2049 2018 0
2019 2046 2044 0
2078 2050 2049 0
2048 2078 2049 0
2077 2109 2078 0
2136 2137 2171 0
1953 1979 1977 0
1925 1953 1951 0
1922 1925 1951 0
1897 1924 1925 0
1947 1946 1972 0
1973 1979 1953 0
2002 1973 1972 0
2001 1979 1973 0
2031 2059 2035 0
2061 2090 2089 0
2059 2061 2089 0
2060 2090 2061 0
2149 2177 2178 0
2146 2149 2180 0
2118 2110 2139 0
2173 2144 2139 0
2119 2091 2118 0
2007 2005 1979 0
2031 2007 2001 0
2034 2005 2007 0
2035 2059 2064 0
2032 2031 2001 0
2032 2059 2031 0
1995 2024 1994 0
1963 1993 1966 0
2023 2024 1995 0
1967 1996 1993 0
1942 1967 1963 0
1978 1977 2005 0
2025 2053 2054 0
2030 2053 2025 0
2082 2112 2083 0
2023 2025 2054 0
1993 1996 2023 0
2006 2005 2034 0
1996 2006 2025 0
2023 1996 2025 0
1967 1978 1996 0
1978 1952 1977 0
1996 1978 2006 0
1967 1952 1978 0
2362 2379 2361 0
2362 2360 2378 0
2379 2362 2378 0
2340 2317 2320 0
2377 2393 2378 0
2369 2370 2351 0
2393 2404 2408 0
2378 2393 2394 0
2387 2404 2393 0
2141 2143 2175 0
2174 2141 2175 0
2174 2166 2141 0
2118 2091 2089 0
2118 2149 2119 0
2086 2115 2088 0
2072 2103 2077 0
2015 2043 2047 0
2000 2029 2027 0
2073 2072 2043 0
2057 2085 2056 0
2114 2143 2132 0
2103 2130 2109 0
2073 2104 2072 0
2130 2138 2137 0
2104 2131 2103 0
2131 2132 2166 0
2103 2131 2130 0
2104 2132 2131 0
2047 2043 2072 0
1997 2000 2027 0
2165 2131 2166 0
2196 2225 2197 0
2166 2196 2197 0
2174 2175 2205 0
2138 2130 2165 0
2072 2104 2103 0
2114 2113 2143 0
2073 2085 2104 0
2073 2056 2085 0
2079 2109 2108 0
2047 2077 2048 0
2103 2109 2077 0
2170 2201 2171 0
2138 2170 2171 0
2197 2226 2201 0
2229 2226 2254 0
2171 2201 2198 0
2170 2197 2201 0
2166 2197 2165 0
2166 2174 2196 0
2311 2284 2283 0
2245 2240 2230 0
2271 2245 2257 0
2270 2267 2245 0
2293 2267 2270 0
2241 2211 2240 0
2049 2019 2020 0
1936 1935 1907 0
1934 1936 1907 0
1962 1991 1990 0
1960 1962 1936 0
1987 1991 1962 0
1977 1952 1951 0
2001 2007 1979 0
2034 2058 2030 0
2163 2140 2128 0
2194 2193 2163 0
2193 2202 2172 0
2195 2223 2224 0
2202 2177 2173 0
2016 1991 1987 0
1988 2016 1987 0
2018 1991 2016 0
2173 2177 2144 0
2140 2173 2139 0
2172 2202 2173 0
1962 1961 1936 0
1917 1915 1909 0
1960 1936 1934 0
1987 1960 1969 0
1987 1962 1960 0
1916 1909 1938 0
1945 1917 1944 0
1945 1943 1917 0
1934 1915 1943 0
1889 1881 1888 0
1965 1940 1966 0
1884 1857 1882 0
1911 1884 1910 0
1856 1857 1884 0
1810 1830 1807 0
1757 1760 1737 0
1808 1786 1784 0
1831 1809 1832 0
1812 1790 1809 0
1831 1812 1809 0
1834 1811 1812 0
1767 1760 1786 0
1789 1764 1767 0
1811 1789 1790 0
1766 1765 1789 0
1789 1765 1764 0
1859 1882 1854 0
1880 1885 1858 0
1854 1830 1833 0
1859 1854 1833 0
1882 1857 1854 0
2088 2082 2058 0
2063 2088 2058 0
2117 2087 2088 0
2148 2117 2146 0
2148 2116 2117 0
2112 2113 2084 0
2087 2112 2082 0
2088 2087 2082 0
2116 2112 2087 0
2116 2142 2112 0
2145 2142 2116 0
2261 2289 2285 0
2286 2258 2285 0
2236 2206 2235 0
2262 2236 2263 0
2234 2205 2236 0
2261 2234 2236 0
2233 2203 2234 0
2262 2290 2289 0
2232 2210 2239 0
2260 2232 2239 0
2204 2210 2232 0
2206 2204 2235 0
2179 2210 2204 0
2288 2290 2263 0
2361 2379 2372 0
2288 2317 2290 0
2292 2265 2266 0
2355 2333 2339 0
2288 2265 2292 0
2141 2132 2143 0
2143 2113 2142 0
2175 2143 2142 0
2114 2104 2085 0
2113 2114 2085 0
2132 2104 2114 0
2165 2130 2131 0
2015 2048 2017 0
2015 2047 2048 0
1988 2015 2017 0
1998 2028 2015 0
2072 2077 2047 0
2029 2057 2056 0
2026 2029 2000 0
2055 2057 2029 0
2054 2055 2026 0
2084 2057 2055 0
1965 1995 1994 0
1939 1910 1912 0
1944 1938 1964 0
1911 1910 1939 0
1993 2023 1995 0
1966 1993 1995 0
1963 1967 1993 0
1977 1951 1953 0
2005 1977 1979 0
2005 2006 1978 0
2030 2025 2006 0
2034 2030 2006 0
2058 2053 2030 0
1894 1895 1870 0
1925 1922 1897 0
1923 1895 1922 0
1942 1923 1952 0
1942 1914 1923 0
1967 1942 1952 0
1963 1941 1937 0
1968 1964 1994 0
2000 1997 1994 0
1971 1944 1968 0
1968 1944 1964 0
1998 1970 1999 0
1945 1944 1971 0
1999 1970 1971 0
1943 1915 1917 0
1938 1911 1939 0
1916 1938 1944 0
1917 1916 1944 0
1917 1909 1916 0
1909 1911 1938 0
1888 1909 1915 0
1889 1888 1915 0
1881 1909 1888 0
1862 1863 1889 0
1883 1909 1881 0
1855 1883 1881 0
1856 1884 1883 0
1938 1939 1964 0
2163 2162 2194 0
2140 2163 2172 0
2128 2129 2163 0
1907 1935 1906 0
2089 2064 2059 0
2115 2117 2088 0
2086 2063 2091 0
2119 2115 2091 0
2088 2063 2086 0
2053 2058 2082 0
2063 2064 2091 0
2034 2063 2058 0
2034 2064 2063 0
2052 2021 2051 0
2101 2111 2081 0
2102 2101 2081 0
2128 2111 2101 0
2022 1992 2021 0
2062 2033 2052 0
1976 1972 1949 0
1950 1976 1949 0
2004 2002 1976 0
2052 2033 2022 0
2002 1972 1976 0
2032 2002 2004 0
2032 2001 2002 0
1953 1925 1924 0
2022 2003 1992 0
2051 2071 2081 0
1905 1906 1879 0
1943 1945 1970 0
1934 1943 1960 0
2128 2102 2129 0
2162 2163 2129 0
2140 2111 2128 0
1905 1879 1878 0
1889 1904 1878 0
1907 1906 1905 0
2081 2071 2102 0
1878 1852 1851 0
1904 1934 1905 0
1879 1852 1878 0
2052 2051 2081 0
1851 1862 1878 0
2021 2052 2022 0
1965 1964 1939 0
1995 1965 1966 0
1994 1964 1965 0
2084 2113 2085 0
2057 2084 2085 0
2027 2029 2056 0
2029 2026 2055 0
1997 1968 1994 0
1999 1997 2027 0
1999 1971 1997 0
2055 2054 2083 0
2024 2026 2000 0
2024 2054 2026 0
2083 2112 2084 0
2055 2083 2084 0
2023 2054 2024 0
2053 2083 2054 0
2053 2082 2083 0
1997 1971 1968 0
2024 2000 1994 0
1934 1907 1905 0
1904 1915 1934 0
1878 1904 1905 0
1889 1915 1904 0
1943 1969 1960 0
1970 1969 1943 0
1971 1970 1945 0
1998 1969 1970 0
2028 1998 1999 0
2027 2028 1999 0
2027 2056 2028 0
2015 1988 1998 0
1936 1961 1935 0
1988 1987 1969 0
1998 1988 1969 0
2017 2016 1988 0
2016 2048 2018 0
1857 1856 1829 0
1855 1838 1828 0
1889 1863 1881 0
1838 1816 1815 0
1862 1837 1838 0
1862 1836 1837 0
1878 1862 1889 0
1836 1816 1837 0
1816 1814 1793 0
1838 1837 1816 0
1828 1838 1815 0
1855 1863 1838 0
1836 1814 1816 0
1722 1745 1744 0
1783 1770 1761 0
1745 1768 1744 0
1793 1769 1770 0
1793 1792 1769 0
2003 2004 1975 0
1974 2003 1975 0
2022 2033 2003 0
2002 2001 1973 0
1976 1950 1975 0
2237 2239 2209 0
2238 2237 2208 0
2266 2239 2237 0
2178 2209 2210 0
2178 2207 2209 0
2178 2177 2207 0
2180 2178 2210 0
2180 2149 2178 0
2179 2180 2210 0
2146 2119 2149 0
2148 2146 2180 0
2145 2116 2148 0
2147 2145 2148 0
2176 2175 2145 0
2116 2087 2117 0
2179 2176 2145 0
2142 2113 2112 0
2115 2146 2117 0
2091 2115 2086 0
2119 2146 2115 0
2194 2162 2164 0
2173 2140 2172 0
2144 2118 2139 0
2149 2144 2177 0
2149 2118 2144 0
2110 2111 2139 0
2111 2080 2081 0
2139 2111 2140 0
2110 2090 2111 0
2090 2110 2118 0
2089 2090 2118 0
2064 2089 2091 0
2059 2060 2061 0
2035 2007 2031 0
2034 2035 2064 0
2034 2007 2035 0
2060 2062 2090 0
2032 2060 2059 0
2032 2033 2060 0
2080 2111 2090 0
2062 2080 2090 0
2033 2062 2060 0
2004 2033 2032 0
2004 2003 2033 0
2052 2080 2062 0
2052 2081 2080 0
2101 2102 2128 0
1937 1914 1942 0
1940 1965 1939 0
1912 1940 1939 0
1912 1941 1940 0
1692 1719 1717 0
1713 1692 1715 0
1693 1719 1692 0
1708 1711 1733 0
1712 1708 1733 0
1696 1683 1708 0
1653 1661 1673 0
1684 1687 1708 0
1661 1684 1683 0
1644 1643 1663 0
1664 1644 1663 0
1662 1685 1663 0
1687 1684 1665 0
1625 1640 1619 0
1664 1665 1644 0
1660 1640 1645 0
1620 1619 1640 0
1633 1620 1641 0
1614 1594 1601 0
1622 1602 1621 0
1717 1742 1741 0
1670 1691 1693 0
1669 1670 1693 0
1667 1691 1670 0
1718 1742 1719 0
1757 1733 1736 0
1760 1757 1784 0
1737 1733 1757 0
1767 1743 1760 0
1712 1733 1737 0
1694 1673 1695 0
1683 1684 1708 0
1784 1759 1785 0
1808 1784 1785 0
1813 1808 1791 0
1809 1786 1808 0
1786 1760 1784 0
1695 1673 1683 0
1720 1695 1696 0
1720 1694 1695 0
1711 1736 1733 0
1736 1759 1757 0
1710 1736 1711 0
1735 1759 1736 0
1753 1758 1734 0
1752 1753 1734 0
1752 1777 1753 0
1785 1791 1808 0
1758 1785 1759 0
1778 1791 1785 0
1777 1778 1758 0
1777 1802 1778 0
1764 1740 1743 0
1893 1866 1891 0
2003 1974 1992 0
1976 1975 2004 0
1950 1948 1975 0
1836 1862 1851 0
1975 1948 1974 0
1946 1919 1949 0
1920 1948 1950 0
1921 1950 1919 0
1892 1921 1919 0
1893 1920 1921 0
1792 1793 1814 0
1793 1794 1816 0
1768 1769 1792 0
1794 1815 1816 0
1770 1794 1793 0
1806 1815 1794 0
1892 1890 1865 0
1893 1892 1867 0
1919 1890 1892 0
1920 1950 1921 0
1950 1949 1919 0
1746 1745 1723 0
1739 1746 1723 0
1770 1769 1746 0
1922 1951 1923 0
1844 1822 1843 0
1947 1924 1946 0
1953 1947 1973 0
1953 1924 1947 0
1847 1865 1871 0
1947 1972 1973 0
1918 1946 1924 0
1896 1918 1924 0
1890 1919 1918 0
1949 1972 1946 0
1689 1698 1674 0
1654 1666 1674 0
1713 1715 1738 0

SubDomainFromMesh
1
3 1 1 0

SubDomainFromGeom
1
2 136 1 0

VertexOnGeometricVertex
386
 1 1
 2 2
 3 3
 4 4
 5 5
 6 6
 7 7
 8 8
 10 9
 12 10
 13 11
 17 12
 19 13
 20 14
 21 15
 22 16
 24 17
 25 18
 27 19
 28 20
 32 21
 38 22
 42 23
 55 24
 61 25
 77 26
 83 27
 100 28
 107 29
 123 30
 130 31
 147 32
 155 33
 169 34
 177 35
 190 36
 198 37
 212 38
 219 39
 232 40
 239 41
 252 42
 258 43
 272 44
 278 45
 291 46
 298 47
 310 48
 318 49
 324 50
 337 51
 345 52
 358 53
 364 54
 379 55
 383 56
 385 57
 402 58
 405 59
 422 60
 425 61
 443 62
 446 63
 462 64
 466 65
 482 66
 484 67
 488 68
 504 69
 507 70
 524 71
 528 72
 545 73
 549 74
 565 75
 570 76
 584 77
 588 78
 603 79
 608 80
 622 81
 623 82
 630 83
 645 84
 652 85
 653 86
 667 87
 672 88
 688 89
 692 90
 699 91
 713 92
 721 93
 733 94
 742 95
 753 96
 764 97
 765 98
 786 99
 788 100
 807 101
 810 102
 828 103
 831 104
 849 105
 855 106
 871 107
 878 108
 892 109
 899 110
 913 111
 915 112
 921 113
 934 114
 942 115
 953 116
 962 117
 975 118
 984 119
 996 120
 1003 121
 1005 122
 1024 123
 1027 124
 1028 125
 1046 126
 1050 127
 1051 128
 1055 129
 1073 130
 1078 131
 1093 132
 1100 133
 1101 134
 1123 135
 1126 136
 1145 137
 1149 138
 1167 139
 1171 140
 1189 141
 1193 142
 1211 143
 1214 144
 1231 145
 1234 146
 1253 147
 1256 148
 1257 149
 1278 150
 1279 151
 1300 152
 1302 153
 1309 154
 1325 155
 1332 156
 1344 157
 1352 158
 1364 159
 1373 160
 1385 161
 1394 162
 1405 163
 1416 164
 1426 165
 1437 166
 1448 167
 1457 168
 1468 169
 1477 170
 1486 171
 1497 172
 1507 173
 1508 174
 1519 175
 1527 176
 1532 177
 1539 178
 1552 179
 1559 180
 1573 181
 1580 182
 1592 183
 1599 184
 1608 185
 1618 186
 1627 187
 1634 188
 1638 189
 1654 190
 1658 191
 1674 192
 1675 193
 1681 194
 1682 195
 1697 196
 1699 197
 1705 198
 1707 199
 1721 200
 1725 201
 1730 202
 1732 203
 1744 204
 1748 205
 1754 206
 1756 207
 1768 208
 1771 209
 1779 210
 1781 211
 1782 212
 1792 213
 1796 214
 1804 215
 1805 216
 1814 217
 1818 218
 1826 219
 1827 220
 1836 221
 1839 222
 1849 223
 1850 224
 1851 225
 1852 226
 1864 227
 1874 228
 1875 229
 1876 230
 1877 231
 1879 232
 1891 233
 1899 234
 1900 235
 1901 236
 1903 237
 1906 238
 1920 239
 1927 240
 1928 241
 1929 242
 1931 243
 1932 244
 1933 245
 1935 246
 1948 247
 1954 248
 1956 249
 1958 250
 1959 251
 1961 252
 1974 253
 1980 254
 1982 255
 1984 256
 1985 257
 1986 258
 1989 259
 1990 260
 1992 261
 2008 262
 2010 263
 2011 264
 2013 265
 2014 266
 2021 267
 2036 268
 2038 269
 2039 270
 2041 271
 2042 272
 2044 273
 2045 274
 2051 275
 2065 276
 2067 277
 2069 278
 2070 279
 2071 280
 2074 281
 2092 282
 2094 283
 2095 284
 2097 285
 2098 286
 2099 287
 2100 288
 2102 289
 2120 290
 2122 291
 2123 292
 2125 293
 2126 294
 2129 295
 2150 296
 2151 297
 2153 298
 2154 299
 2155 300
 2158 301
 2159 302
 2161 303
 2162 304
 2164 305
 2181 306
 2183 307
 2185 308
 2190 309
 2192 310
 2195 311
 2212 312
 2217 313
 2219 314
 2220 315
 2222 316
 2242 317
 2247 318
 2248 319
 2249 320
 2269 321
 2273 322
 2274 323
 2275 324
 2276 325
 2277 326
 2295 327
 2299 328
 2301 329
 2303 330
 2305 331
 2323 332
 2326 333
 2345 334
 2348 335
 2366 336
 2369 337
 2383 338
 2386 339
 2400 340
 2403 341
 2415 342
 2416 343
 2419 344
 2431 345
 2432 346
 2437 347
 2446 348
 2452 349
 2461 350
 2465 351
 2474 352
 2478 353
 2486 354
 2491 355
 2493 356
 2503 357
 2507 358
 2509 359
 2510 360
 2520 361
 2522 362
 2523 363
 2536 364
 2538 365
 2539 366
 2552 367
 2554 368
 2565 369
 2567 370
 2577 371
 2579 372
 2588 373
 2590 374
 2599 375
 2601 376
 2608 377
 2610 378
 2616 379
 2617 380
 2621 381
 2622 382
 2625 383
 2626 384
 2627 385
 2628 386

VertexOnGeometricEdge
0

EdgeOnGeometricEdge
386
1 1
2 2
3 3
4 4
5 5
6 6
7 7
8 8
9 9
10 10
11 11
12 12
13 13
14 14
15 15
16 16
17 17
18 18
19 19
20 20
21 21
22 22
23 23
24 24
25 25
26 26
27 27
28 28
29 29
30 30
31 31
32 32
33 33
34 34
35 35
36 36
37 37
38 38
39 39
40 40
41 41
42 42
43 43
44 44
45 45
46 46
47 47
48 48
49 49
50 50
51 51
52 52
53 53
54 54
55 55
56 56
57 57
58 58
59 59
60 60
61 61
62 62
63 63
64 64
65 65
66 66
67 67
68 68
69 69
70 70
71 71
72 72
73 73
74 74
75 75
76 76
77 77
78 78
79 79
80 80
81 81
82 82
83 83
84 84
85 85
86 86
87 87
88 88
89 89
90 90
91 91
92 92
93 93
94 94
95 95
96 96
97 97
98 98
99 99
100 100
101 101
102 102
103 103
104 104
105 105
106 106
107 107
108 108
109 109
110 110
111 111
112 112
113 113
114 114
115 115
116 116
117 117
118 118
119 119
120 120
121 121
122 122
123 123
124 124
125 125
126 126
127 127
128 128
129 129
130 130
131 131
132 132
133 133
134 134
135 135
136 136
137 137
138 138
139 139
140 140
141 141
142 142
143 143
144 144
145 145
146 146
147 147
148 148
149 149
150 150
151 151
152 152
153 153
154 154
155 155
156 156
157 157
158 158
159 159
160 160
161 161
162 162
163 163
164 164
165 165
166 166
167 167
168 168
169 169
170 170
171 171
172 172
173 173
174 174
175 175
176 176
177 177
178 178
179 179
180 180
181 181
182 182
183 183
184 184
185 185
186 186
187 187
188 188
189 189
190 190
191 191
192 192
193 193
194 194
195 195
196 196
197 197
198 198
199 199
200 200
201 201
202 202
203 203
204 204
205 205
206 206
207 207
208 208
209 209
210 210
211 211
212 212
213 213
214 214
215 215
216 216
217 217
218 218
219 219
220 220
221 221
222 222
223 223
224 224
225 225
226 226
227 227
228 228
229 229
230 230
231 231
232 232
233 233
234 234
235 235
236 236
237 237
238 238
239 239
240 240
241 241
242 242
243 243
244 244
245 245
246 246
247 247
248 248
249 249
250 250
251 251
252 252
253 253
254 254
255 255
256 256
257 257
258 258
259 259
260 260
261 261
262 262
263 263
264 264
265 265
266 266
267 267
268 268
269 269
270 270
271 271
272 272
273 273
274 274
275 275
276 276
277 277
278 278
279 279
280 280
281 281
282 282
283 283
284 284
285 285
286 286
287 287
288 288
289 289
290 290
291 291
292 292
293 293
294 294
295 295
296 296
297 297
298 298
299 299
300 300
301 301
302 302
303 303
304 304
305 305
306 306
307 307
308 308
309 309
310 310
311 311
312 312
313 313
314 314
315 315
316 316
317 317
318 318
319 319
320 320
321 321
322 322
323 323
324 324
325 325
326 326
327 327
328 328
329 329
330 330
331 331
332 332
333 333
334 334
335 335
336 336
337 337
338 338
339 339
340 340
341 341
342 342
343 343
344 344
345 345
346 346
347 347
348 348
349 349
350 350
351 351
352 352
353 353
354 354
355 355
356 356
357 357
358 358
359 359
360 360
361 361
362 362
363 363
364 364
365 365
366 366
367 367
368 368
369 369
370 370
371 371
372 372
373 373
374 374
375 375
376 376
377 377
378 378
379 379
380 380
381 381
382 382
383 383
384 384
385 385
386 386

End
