MeshVersionFormatted 1

Dimension
2

Identifier
";2, Date: 26/03/29 03:09 41s"

Geometry
"Maillage_L0.01932.mesh.gmsh"

Vertices
1584
0.01932 0.002208 12
0.01932 0.00138 11
0.01932 0.00117263556338 11
0.01932 0.000965271126761 11
0.01932 0.002484 19
0.01932 0.00158736443662 11
0.01932 0.00179472887324 11
0.01932 0.00200208566434 11
0.0191158495893 0.002208 12
0.0191846083503 0.00124199998021 0
0.0191846083503 0.00151799998021 0
0.01932 0.000552 11
0.01932 0.000757914335664 11
0.0191675958142 0.000861953334525 0
0.0191675958142 0.00101747666479 0
0.01932 0.000276 4
0.01932 0.00276 20
0.0192076559462 0.00262775224521 0
0.0191027015747 0.002484 18
0.0191675958142 0.00174252331542 0
0.0191675958142 0.00189804664568 0
0.0190487442841 0.00207024295254 0
0.0189131164321 0.002208 12
0.0190492166907 0.0011039999901 0
0.0190266513976 0.00140299996536 0
0.0190492166907 0.0016559999901 0
0.0191158495893 0.000552 10
0.0190487442841 0.000689757027671 0
0.0190151916184 0.000862317773227 0
0.01932 0 3
0.0192076559462 0.000132247735 0
0.0191027015747 0.000276 4
0.0191043028363 0.00276 20
0.0189011636915 0.002484 18
0.0190035338947 0.002622 0
0.0189138250509 0.000965999980208 0
0.0188686944845 0.00112699996536 0
0.0190151916184 0.00189768220698 0
0.0188627874425 0.00205284109854 0
0.0187103832749 0.002208 12
0.0188686944648 0.00134549995794 0
0.0188686944648 0.00156399997031 0
0.0189138250509 0.00179399998021 0
0.0189131164321 0.000552 10
0.0188627874425 0.000707158881665 0
0.0187784334111 0.000827999990104 0
0.0191043028363 0 2
0.0190035338947 0.000137999980208 0
0.0189011636915 0.000276 4
0.0189043662149 0.00276 20
0.0186996258084 0.002484 18
0.0188027966322 0.002622 0
0.0187107375715 0.00106949997773 0
0.0186881722784 0.00128799997031 0
0.0186430417516 0.00206999998021 0
0.0187784334111 0.0019319999901 0
0.0187107375715 0.00179399998021 0
0.0185076501177 0.002208 12
0.0186881722784 0.00147199997031 0
0.018699454915 0.00163299997526 0
0.0185076501118 0.00179399998021 0
0.0186430417516 0.000896999975259 0
0.0187103832749 0.000552 10
0.0186430417516 0.000689999980208 0
0.0189043662149 0 2
0.0188027966322 0.000137999980208 0
0.0186996258084 0.000276 4
0.0187044295934 0.00276 20
0.0184980879253 0.002484 18
0.0186020593894 0.002622 0
0.0185076501118 0.000965999980208 0
0.0185076501118 0.0013799999901 0
0.0185076501118 0.00117299999505 0
0.0185076501118 0.00200099999505 0
0.0183049169605 0.002208 12
0.0183936127036 0.00189749997773 0
0.0183809418826 0.00169049998268 0
0.0185076501118 0.00158699998516 0
0.018304916957 0.0013799999901 0
0.0185076501118 0.000758999985156 0
0.0185076501177 0.000552 10
0.0187044295934 0 2
0.0186020593894 0.000138 0
0.0184980879253 0.000276 4
0.0185044929719 0.00276 20
0.0182965500421 0.002484 18
0.0184013221269 0.002622 0
0.0183556002408 0.000965999980208 0
0.018304916957 0.00117299999505 0
0.0182795753152 0.00200099999505 0
0.0181021838033 0.002208 12
0.0182542336535 0.00179399998021 0
0.0182288920117 0.00158699998516 0
0.0181021838023 0.0013799999901 0
0.0183302585989 0.000758999985156 0
0.0183049169605 0.000552 10
0.0185044929719 0 2
0.0184013221269 0.000137999980208 0
0.0182965500421 0.000276 4
0.0183045563504 0.00276 20
0.018095012159 0.002484 18
0.0182005848842 0.002622 0
0.0181528670861 0.000965999980208 0
0.0181021838023 0.00117299999505 0
0.0181021838023 0.00200099999505 0
0.0178994506461 0.002208 12
0.0179881463941 0.00189749997773 0
0.0181021838023 0.00179399998021 0
0.0180261588569 0.00158699998516 0
0.0179501339115 0.0013799999901 0
0.0180134880162 0.000862499962889 0
0.0181021838033 0.000552 10
0.0181275254442 0.000758999985156 0
0.0183045563504 0 2
0.0182005848842 0.000137999980208 0
0.018095012159 0.000276 4
0.0181046197289 0.00276 20
0.0178934742758 0.002484 18
0.0179998476217 0.002622 0
0.0178994506278 0.000965999980208 0
0.0178994506278 0.00117299999505 0
0.0178741089859 0.00200099999505 0
0.0176967174889 0.002208 12
0.0178487673441 0.00179399998021 0
0.0178234257022 0.00158699998516 0
0.0177980840603 0.0013799999901 0
0.0178994506461 0.000552 10
0.0178994506278 0.000758999985156 0
0.0181046197289 0 2
0.0179998476217 0.000137999980208 0
0.0178934742758 0.000276 4
0.0179046831074 0.00276 20
0.0176919363927 0.002484 18
0.0177991103789 0.002622 0
0.0177474007766 0.000965999980208 0
0.0176967174731 0.00117299999505 0
0.0176713758312 0.00200099999505 0
0.0174939843317 0.002208 12
0.0176460341893 0.00179399998021 0
0.0176206925475 0.00158699998516 0
0.0175953509056 0.0013799999901 0
0.0176967174731 0.000758999985156 0
0.0176967174889 0.000552 10
0.0179046831074 0 2
0.0177991103789 0.000137999980208 0
0.0176919363927 0.000276 4
0.0177047464859 0.00276 20
0.0174903985095 0.002484 18
0.0175983731164 0.002622 0
0.0175446676021 0.000966 0
0.0174939843183 0.00117299999505 0
0.0174939843183 0.00200099999505 0
0.0172912511745 0.002208 12
0.0174179593927 0.00158699998516 0
0.0174433010346 0.00179399998021 0
0.0173926177509 0.0013799999901 0
0.0174939843317 0.000552 10
0.0175193259602 0.000758999985156 0
0.017405288552 0.000862499982682 0
0.0177047464859 0 2
0.0175983731164 0.000137999980208 0
0.0174903985095 0.000276 4
0.0175048098645 0.00276 20
0.0172888606264 0.002484 18
0.0173976358737 0.002622 0
0.0172912511636 0.000965999980208 0
0.0172912511636 0.00117299999505 0
0.0172661026764 0.0020010027462 0
0.0170900632847 0.00220797791255 12
0.0172540113196 0.00158699721421 0
0.0172409541893 0.00179400550231 0
0.0172413404986 0.0013799999901 0
0.0172912511745 0.000552 10
0.0172912511636 0.000758999985156 0
0.017068210304 0.000747566114263 0
0.0175048098645 0 2
0.0173976358737 0.000137999980208 0
0.0172888606264 0.000276 4
0.017304873243 0.00276 20
0.0170889721605 0.00248402501717 18
0.0171968986111 0.002622 0
0.016905 0.002208 13
0.0170900632662 0.00117300551715 0
0.0170900632662 0.000966011024404 0
0.0169243563156 0.00203479626645 0
0.0170900632662 0.00200098342876 0
0.0170900632662 0.0017939889558 0
0.0170900632662 0.00158699446306 0
0.0170900632662 0.0013799999901 0
0.0170900632847 0.000552022087449 10
0.0169049999951 0.000717599982187 0
0.0169049999951 0.000883199994062 0
0.017304873243 0 2
0.0171968986111 0.000137999980208 0
0.0170889721605 0.000275974982828 4
0.0171049366215 0.00276 20
0.016905 0.002484 18
0.0169969860612 0.00262201248905 0
0.0167450521973 0.00204879492444 0
0.0167450522132 0.00221599367092 13
0.0169438905903 0.0011920412987 0
0.0169049999951 0.00104879998615 0
0.0168730104395 0.00187520124959 0
0.0169049999951 0.00171119999406 0
0.0169049999951 0.0013799999901 0
0.0169837650294 0.00150319701573 0
0.0167450521973 0.0018815961958 0
0.016905 0.000552 10
0.0167450521973 0.00104560251304 0
0.0167450521973 0.000711205055771 0
0.0167450521973 0.000878403784406 0
0.0171049366215 0 2
0.0169969860612 0.000137987491161 0
0.016905 0.000276 5
0.0167450522132 0.00247600632908 17
0.016905 0.00276 21
0.0168214966044 0.00261173637853 0
0.0165764079822 0.00245991649009 17
0.0165764079822 0.00223208350991 14
0.0165961691606 0.00203427996015 0
0.0168090313085 0.00120960378836 0
0.0167450521973 0.0013799999901 0
0.0167450521973 0.00171439746717 0
0.0167450521973 0.00154719871874 0
0.0165341700483 0.0018405864805 0
0.0167450522132 0.000544006329083 9
0.0165764079653 0.00109597214554 0
0.0165764079653 0.000906620262366 0
0.0165764079653 0.000717268379188 0
0.016905 0 2
0.0167253277962 0.000148263601674 0
0.0167450522132 0.000283993670917 5
0.0166400949991 0.00260995824306 0
0.0167037820299 0.00276 21
0.0164934172194 0.00260128025553 0
0.0163897510443 0.00190680724697 0
0.0163897510492 0.00243398791913 16
0.0163897510492 0.00225801208087 14
0.0163897510443 0.00208240965933 0
0.0165764079653 0.00147467593169 0
0.0165764079653 0.00128532404851 0
0.0165130510897 0.00164483794896 0
0.0163897510443 0.00173120481482 0
0.0163897510443 0.00120439757775 0
0.0165764079822 0.000527916490087 9
0.0163897510443 0.00102879516539 0
0.0163897510443 0.000853192733239 0
0.0163897510443 0.000677590320881 0
0.0167037820299 0 1
0.0165849828143 0.000157830627251 0
0.0165764079822 0.000300083509913 6
0.0165025640597 0.00276 21
0.0163467394595 0.002592602268 0
0.0162654059368 0.00182433021451 0
0.0162507331276 0.00198036753536 0
0.0162215010595 0.00240076533629 16
0.0162215010595 0.00229123466371 15
0.0162215010586 0.00212555561522 0
0.0163108029296 0.00134155801097 0
0.0164312214095 0.0014896180966 0
0.0162804866688 0.00166395472129 0
0.0162215010586 0.001131481455 0
0.0163897510492 0.00050198791913 8
0.0162215010586 0.000965802411798 0
0.0162094593016 0.000625201540026 0
0.0162215010586 0.000800123388393 0
0.0165025640597 0 1
0.0164446378523 0.000167397712206 0
0.0163897510492 0.00032601208087 6
0.0163013460896 0.00276 21
0.0160475821935 0.00249355852471 0
0.0161642722277 0.00257014886173 0
0.0160769999951 0.00175153844784 0
0.0161010835089 0.00203312754374 0
0.0161131252461 0.0018766913255 0
0.016077 0.002346 15
0.016089041752 0.00218956376197 0
0.0161612922739 0.00125094643276 0
0.0161910194713 0.00139932264368 0
0.0162955674206 0.00150357922806 0
0.0160769999951 0.00160292306474 0
0.0160769999951 0.00100846153237 0
0.0160769999951 0.00115707691546 0
0.0162215010595 0.000468765336293 8
0.0162215010595 0.000359234663707 7
0.0160769999951 0.000859846149279 0
0.0160769999951 0.000562615383093 0
0.0160769999951 0.000711230766186 0
0.0163013460896 0 1
0.0162591489639 0.000189851118479 0
0.0161113454283 0.000170049269475 0
0.0161001281194 0.00276 21
0.0159362957601 0.00242051487909 0
0.0159635418926 0.00260975252015 0
0.0159518534114 0.00174457789229 0
0.0159519308197 0.00204750184296 0
0.0158871160508 0.00189281072657 0
0.0158984485446 0.00219537198028 0
0.0160142961521 0.00134719215452 0
0.0160769999951 0.00145430768165 0
0.0159196847735 0.00159032650515 0
0.0159515923092 0.00124007664719 0
0.0159086029117 0.000929992989164 0
0.0159301603921 0.00108547471566 0
0.016077 0.000414 7
0.0160226876437 0.000287741732826 0
0.0159358490837 0.000757698135614 0
0.0159197254471 0.000602397688326 0
0.0161001281194 0 1
0.0159635418926 0.000150247460056 0
0.0158989101493 0.00276 21
0.0158440890872 0.00234566740738 0
0.0157887582748 0.00249864855355 0
0.0158219807032 0.00173735449277 0
0.0157113994952 0.00224256240812 0
0.0157038172385 0.00191098112207 0
0.0157951290544 0.00206963039546 0
0.0157885437443 0.00080619160055 0
0.0158874475152 0.00143529810532 0
0.0157548464748 0.0015771275816 0
0.0157770501595 0.00121737043173 0
0.0156747450332 0.00112650679645 0
0.0157319458973 0.00100358055158 0
0.0158880227239 0.000365100453011 0
0.0157549521468 0.000644076824462 0
0.0158214874353 0.000504588638736 0
0.0158989101493 0 1
0.0157887582748 0.00026135142666 0
0.0156976921791 0.00276 21
0.0156325350235 0.00258138209638 0
0.0156250651682 0.00242087427072 0
0.0156525168454 0.00174595200413 0
0.0155876876478 0.00218064282191 0
0.0155894704345 0.00199630490511 0
0.0156350760003 0.000856713734015 0
0.0155822773966 0.00072754696376 0
0.015686997857 0.00141519568791 0
0.0155998787982 0.00157713114424 0
0.0156175441889 0.00124943306112 0
0.0155468406067 0.00108068731365 0
0.015639696631 0.000356363820402 0
0.0156229747274 0.000551120274306 0
0.0156976921791 0 1
0.0156325350235 0.000178617883828 0
0.015496474209 0.00276 21
0.0154507713942 0.00260975252015 0
0.0155031230642 0.00248217512461 0
0.0154549067532 0.00234002817716 0
0.0154381616132 0.00157713488502 0
0.0154749799371 0.00175495912059 0
0.0154511589307 0.00197368130341 0
0.0154602991515 0.00211688305083 0
0.0154013764616 0.000733513185333 0
0.0154750675386 0.000909389109797 0
0.0154219722062 0.00104316406127 0
0.0153609701196 0.00146440255254 0
0.0154502232418 0.00135417438282 0
0.0153688768739 0.00117693903253 0
0.0154979673244 0.000309121991518 0
0.0154857664558 0.000454479455311 0
0.0154507713942 0.000150247460056 0
0.015496474209 0 1
0.0152952562389 0.00276 21
0.0153154719081 0.00261123841985 0
0.0153351118943 0.00246671342723 0
0.0152339708423 0.00227584350139 0
0.0152812332553 0.00214215361794 0
0.0152889368399 0.00176439777223 0
0.0152696862507 0.00157713878414 0
0.0153078237425 0.00195023597784 0
0.0152505493296 0.000760533169056 0
0.0153268929337 0.000555746011441 0
0.0152889934463 0.000946662165601 0
0.0152100851541 0.00133467484397 0
0.0151750313683 0.00114759246406 0
0.0153518716807 0.00026042476313 0
0.0152504812237 0.000373376871168 0
0.0152952562389 0 1
0.0150940382687 0.00276 21
0.0150940382563 0.00256285713862 0
0.0150940382563 0.00236571426734 0
0.0150940382563 0.00216857141585 0
0.0150940382563 0.00197142856436 0
0.0148928202941 0.00216857141585 0
0.0150940382563 0.00157714284159 0
0.0150940382563 0.00177428571287 0
0.0149934292653 0.0013799999901 0
0.0150940382563 0.000788571415848 0
0.0150940382563 0.00059142856436 0
0.0150940382563 0.000985714267336 0
0.0149790565692 0.00118285713862 0
0.0150940382563 0.000394285712872 0
0.0150940382563 0.000197142841592 0
0.0150940382687 0 1
0.0148928202986 0.00276 21
0.0148784475783 0.00256285713862 0
0.0148928202941 0.00236571426734 0
0.0147778385873 0.0022671428317 0
0.0147706522392 0.00206999998021 0
0.0148928202941 0.00177428571287 0
0.0148928202941 0.00197142856436 0
0.0148928202941 0.00157714284159 0
0.0148353294308 0.00128142855446 0
0.0148928202941 0.000788571415848 0
0.0149359384218 0.00059142856436 0
0.0148928202941 0.000985714267336 0
0.0149215657059 0.000394285712872 0
0.0149071930099 0.000197142841592 0
0.0148928202986 0 1
0.0146916023284 0.00276 21
0.0146772296161 0.00256285713862 0
0.0146628569002 0.00236571426734 0
0.0146341114686 0.00197142856436 0
0.0146484841844 0.00216857141585 0
0.0146916023121 0.00157714284159 0
0.0146916023121 0.00177428571287 0
0.0146916023121 0.0013799999901 0
0.0146916023121 0.00118285713862 0
0.0147490931754 0.000788571415848 0
0.0147347204596 0.00059142856436 0
0.0146916023121 0.000985714267336 0
0.0146916023121 0.000394285712872 0
0.0146916023121 0.000197142841592 0
0.0146916023284 0 1
0.0144903843583 0.00276 21
0.0144760116341 0.00256285713862 0
0.0144472662024 0.00216857141585 0
0.0144616389183 0.00236571426734 0
0.0142891663877 0.00216857141585 0
0.0144903843499 0.00177428571287 0
0.0144903843499 0.00197142856436 0
0.0144903843499 0.00157714284159 0
0.0145335024776 0.00059142856436 0
0.0144903843499 0.0013799999901 0
0.0144903843499 0.00118285713862 0
0.0144903843499 0.000985714267336 0
0.0145478751934 0.000788571415848 0
0.0145191297816 0.000394285712872 0
0.0145047570657 0.000197142841592 0
0.0144903843583 0 1
0.0142891663881 0.00276 21
0.0142891663877 0.00256285713862 0
0.0142891663877 0.00236571426734 0
0.0140879484058 0.00216857141585 0
0.0142316755244 0.00197142856436 0
0.0142891663877 0.00177428571287 0
0.0142891663877 0.0013799999901 0
0.0142029301126 0.00157714284159 0
0.0143322845154 0.00059142856436 0
0.0142891663877 0.00118285713862 0
0.0143250981476 0.000985714267336 0
0.0142891663877 0.000788571415848 0
0.0142029300928 0.00049285712872 0
0.0143179117996 0.000394285712872 0
0.0143035390838 0.000197142841592 0
0.0142891663881 0 1
0.0141310665532 0.00118285713862 0
0.014087948418 0.00276 21
0.0140735756899 0.00256285713862 0
0.0140879484058 0.00236571426734 0
0.013972966699 0.0022671428317 0
0.0139657803509 0.00206999998021 0
0.0140879484058 0.00197142856436 0
0.0140879484058 0.00177428571287 0
0.0140017121306 0.00157714284159 0
0.0139873394148 0.0013799999901 0
0.0141454392493 0.000788571415848 0
0.0140879484058 0.00059142856436 0
0.0141598119651 0.000985714267336 0
0.0140879484058 0.000394285712872 0
0.0140879484058 0.000197142841592 0
0.014087948418 0 1
0.0140160848464 0.000887142831695 0
0.0139729667188 0.00118285713862 0
0.0138867304479 0.00276 21
0.0138723577278 0.00256285713862 0
0.0138579850119 0.00236571426734 0
0.0138436122961 0.00216857141585 0
0.0138292395803 0.00197142856436 0
0.0138867304436 0.00177428571287 0
0.0138436122961 0.00157714284159 0
0.0137861214526 0.0013799999901 0
0.0138867304436 0.00059142856436 0
0.0138867304436 0.000788571415848 0
0.0138867304436 0.000985714267336 0
0.0138867304436 0.000394285712872 0
0.0138867304436 0.000197142841592 0
0.0138867304479 0 1
0.0137717487368 0.00118285713862 0
0.0136855124777 0.00276 21
0.0136855124616 0.00256285713862 0
0.0136855124616 0.00236571426734 0
0.0135705307548 0.0022671428317 0
0.0136855124616 0.00197142856436 0
0.0136855124616 0.00216857141585 0
0.0136855124616 0.00177428571287 0
0.0136855124616 0.00157714284159 0
0.0136855124616 0.000985714267336 0
0.0135849034904 0.0013799999901 0
0.0137286306091 0.00059142856436 0
0.0136855124616 0.000788571415848 0
0.0137142578933 0.000394285712872 0
0.0136998851774 0.000197142841592 0
0.0136855124777 0 1
0.0135705307746 0.00118285713862 0
0.0134842945076 0.00276 21
0.0134699217836 0.00256285713862 0
0.0134555490678 0.00236571426734 0
0.013441176352 0.00216857141585 0
0.0134842944994 0.00197142856436 0
0.0134842944994 0.00177428571287 0
0.0133980582243 0.00157714284159 0
0.0134842944994 0.000985714267336 0
0.0133836855085 0.0013799999901 0
0.0134842944994 0.000788571415848 0
0.0135274126271 0.00059142856436 0
0.0135130399311 0.000394285712872 0
0.0133980582243 0.00049285712872 0
0.0134986672153 0.000197142841592 0
0.0134842945076 0 1
0.0133693127926 0.00118285713862 0
0.0132830765374 0.00276 21
0.0132830765373 0.00256285713862 0
0.0132830765373 0.00236571426734 0
0.0132830765373 0.00216857141585 0
0.0132830765373 0.00197142856436 0
0.0132830765373 0.00177428571287 0
0.013232772022 0.00147857140595 0
0.0133190082971 0.000985714267336 0
0.0131680948304 0.00118285713862 0
0.0132830765373 0.000788571415848 0
0.0132830765373 0.00059142856436 0
0.0132830765373 0.000394285712872 0
0.0132830765373 0.000197142841592 0
0.0132830765374 0 1
0.0130818585673 0.00276 21
0.0130818585553 0.00256285713862 0
0.0130818585553 0.00236571426734 0
0.0130818585553 0.00216857141585 0
0.0130818585553 0.00177428571287 0
0.0129596905005 0.00206999998021 0
0.0130818585553 0.00197142856436 0
0.0130818585553 0.0013799999901 0
0.0130818585553 0.00157714284159 0
0.0131537221146 0.000985714267336 0
0.0129668768683 0.00118285713862 0
0.0131393493988 0.000788571415848 0
0.0130818585553 0.00059142856436 0
0.0130818585553 0.000394285712872 0
0.0130818585553 0.000197142841592 0
0.0130818585673 0 1
0.0128806405971 0.00276 21
0.0128806405931 0.00256285713862 0
0.0128806405931 0.00236571426734 0
0.0128375224456 0.00216857141585 0
0.0128806405931 0.00177428571287 0
0.0128231497298 0.00197142856436 0
0.0128806405931 0.0013799999901 0
0.0127944043179 0.00157714284159 0
0.0127656588863 0.00118285713862 0
0.0129525041524 0.000985714267336 0
0.0129381314366 0.000788571415848 0
0.0128806405931 0.00059142856436 0
0.0128806405931 0.000394285712872 0
0.0128950133089 0.000197142841592 0
0.0128806405971 0 1
0.012679422627 0.00276 21
0.0126650498953 0.00256285713862 0
0.0126506771993 0.00236571426734 0
0.0126363044834 0.00216857141585 0
0.0126794226111 0.00177428571287 0
0.0126219317676 0.00197142856436 0
0.0126794226111 0.0013799999901 0
0.0126363044834 0.00157714284159 0
0.0125644409241 0.00118285713862 0
0.0127512861705 0.000985714267336 0
0.0126794226111 0.000788571415848 0
0.0126794226111 0.00059142856436 0
0.0126794226111 0.000394285712872 0
0.0126794226111 0.000197142841592 0
0.012679422627 0 1
0.0124782046569 0.00276 21
0.0124638319331 0.00256285713862 0
0.0124494592173 0.00236571426734 0
0.0124782046489 0.00216857141585 0
0.0124782046489 0.00177428571287 0
0.0124207138054 0.00197142856436 0
0.0124782046489 0.0013799999901 0
0.0124782046489 0.00157714284159 0
0.0124135274376 0.00108428570298 0
0.012276986667 0.00118285713862 0
0.0125500682083 0.000985714267336 0
0.0125356954925 0.000788571415848 0
0.0125213227766 0.00059142856436 0
0.0125069500806 0.000394285712872 0
0.0124925773648 0.000197142841592 0
0.0124782046569 0 1
0.0122769866867 0.00276 21
0.012276986667 0.00256285713862 0
0.0122482412551 0.00236571426734 0
0.0122338685393 0.00216857141585 0
0.0122194958235 0.00197142856436 0
0.012276986667 0.00157714284159 0
0.012276986667 0.00177428571287 0
0.012276986667 0.0013799999901 0
0.0121188868325 0.00118285713862 0
0.012276986667 0.000985714267336 0
0.0123344775303 0.000788571415848 0
0.0123057320986 0.000394285712872 0
0.0121979367596 0.000689999980208 0
0.0123201048145 0.00059142856436 0
0.012276986667 0.000197142841592 0
0.0122769866867 0 1
0.0120757687166 0.00276 21
0.012061395989 0.00256285713862 0
0.0120470232731 0.00236571426734 0
0.0120757687048 0.00216857141585 0
0.0120757687048 0.00197142856436 0
0.0118745507426 0.00216857141585 0
0.0120757687048 0.00157714284159 0
0.0120757687048 0.00177428571287 0
0.0119751597138 0.0013799999901 0
0.0120757687048 0.000985714267336 0
0.0119607870178 0.00118285713862 0
0.0120757687048 0.000788571415848 0
0.0121045141364 0.000394285712872 0
0.0120757687048 0.00059142856436 0
0.0120757687048 0.000197142841592 0
0.0120757687166 0 1
0.0118745507464 0.00276 21
0.0118745507426 0.00256285713862 0
0.0118745507426 0.00236571426734 0
0.0117595690358 0.0022671428317 0
0.0117523826878 0.00206999998021 0
0.0118745507426 0.00197142856436 0
0.0118745507426 0.00157714284159 0
0.0118026871833 0.00177428571287 0
0.0117739417516 0.0013799999901 0
0.0119104825025 0.000985714267336 0
0.0117595690358 0.00118285713862 0
0.0118745507426 0.000788571415848 0
0.0118745507426 0.00059142856436 0
0.0118745507426 0.000394285712872 0
0.0118745507426 0.000197142841592 0
0.0118745507464 0 1
0.0116733327763 0.00276 21
0.0116589600448 0.00256285713862 0
0.0116445873488 0.00236571426734 0
0.011630214633 0.00216857141585 0
0.0116158419171 0.00197142856436 0
0.0116733327606 0.00157714284159 0
0.011637400981 0.00177428571287 0
0.0117164509081 0.00059142856436 0
0.0115727237894 0.0013799999901 0
0.01174519632 0.000985714267336 0
0.0115583510736 0.00118285713862 0
0.0117308236239 0.000788571415848 0
0.0117020781923 0.000394285712872 0
0.0116877054765 0.000197142841592 0
0.0116733327763 0 1
0.0116014692013 0.000887142831695 0
0.0114721148061 0.00276 21
0.0114721147985 0.00256285713862 0
0.0114433693668 0.00236571426734 0
0.011428996651 0.00216857141585 0
0.0114721147985 0.00197142856436 0
0.0114721147985 0.00177428571287 0
0.0114721147985 0.00157714284159 0
0.0115152329261 0.00059142856436 0
0.0114146239352 0.00128142855446 0
0.0114721147985 0.000985714267336 0
0.0114721147985 0.000788571415848 0
0.0115008602301 0.000394285712872 0
0.0114864875143 0.000197142841592 0
0.0114721148061 0 1
0.011270896836 0.00276 21
0.0112565241205 0.00256285713862 0
0.0112421514046 0.00236571426734 0
0.0112277786888 0.00216857141585 0
0.011213405973 0.00197142856436 0
0.0112708968165 0.00177428571287 0
0.0112708968165 0.00157714284159 0
0.0112708968165 0.0013799999901 0
0.011314014964 0.00059142856436 0
0.0112708968165 0.000788571415848 0
0.0112708968165 0.00118285713862 0
0.0112708968165 0.000985714267336 0
0.0112996422481 0.000394285712872 0
0.0112852695323 0.000197142841592 0
0.011270896836 0 1
0.0110696788659 0.00276 21
0.0110553061385 0.00256285713862 0
0.0110409334227 0.00236571426734 0
0.0110696788543 0.00197142856436 0
0.0110696788543 0.00216857141585 0
0.0110696788543 0.00177428571287 0
0.0110696788543 0.00157714284159 0
0.0110696788543 0.0013799999901 0
0.0111271696978 0.000788571415848 0
0.0111127970018 0.00059142856436 0
0.0110696788543 0.00118285713862 0
0.011105610634 0.000985714267336 0
0.011098424286 0.000394285712872 0
0.0110696788543 0.000197142841592 0
0.0110696788659 0 1
0.0108684608957 0.00276 21
0.0108684608921 0.00177428571287 0
0.0108684608921 0.00236571426734 0
0.0108540881763 0.00256285713862 0
0.0108684608921 0.00216857141585 0
0.0108684608921 0.00197142856436 0
0.0108684608921 0.00157714284159 0
0.0109115790198 0.00059142856436 0
0.0108684608921 0.0013799999901 0
0.0108684608921 0.00118285713862 0
0.0109259517356 0.000788571415848 0
0.0109403244515 0.000985714267336 0
0.0107247337735 0.000788571415848 0
0.010897206304 0.000394285712872 0
0.0108828335882 0.000197142841592 0
0.0108684608957 0 1
0.0106672429102 0.00157714284159 0
0.0106672429102 0.00177428571287 0
0.0106672429256 0.00276 21
0.0106672429102 0.00256285713862 0
0.0106672429102 0.00197142856436 0
0.0106672429102 0.00236571426734 0
0.0106672429102 0.00216857141585 0
0.0106672429102 0.0013799999901 0
0.0107103610576 0.00059142856436 0
0.0105881930028 0.000689999980208 0
0.0106672429102 0.00118285713862 0
0.0107391064695 0.000985714267336 0
0.0105953793508 0.000887142831695 0
0.0106672429102 0.000394285712872 0
0.0106672429102 0.000197142841592 0
0.0106672429256 0 1
0.010466024948 0.00157714284159 0
0.010466024948 0.00177428571287 0
0.010466024948 0.00256285713862 0
0.0104660249554 0.00276 21
0.010466024948 0.00236571426734 0
0.010466024948 0.00197142856436 0
0.010466024948 0.00216857141585 0
0.010466024948 0.0013799999901 0
0.010466024948 0.00118285713862 0
0.010466024948 0.000788571415848 0
0.010466024948 0.00059142856436 0
0.010466024948 0.000985714267336 0
0.010466024948 0.000394285712872 0
0.010466024948 0.000197142841592 0
0.0104660249554 0 1
0.0103222978293 0.00147857140595 0
0.010264806966 0.00177428571287 0
0.010264806966 0.00197142856436 0
0.010264806966 0.00256285713862 0
0.0102648069853 0.00276 21
0.010264806966 0.00236571426734 0
0.010264806966 0.00216857141585 0
0.010264806966 0.00059142856436 0
0.0103151114615 0.00128142855446 0
0.0103079251135 0.00108428570298 0
0.0103222978293 0.000788571415848 0
0.010264806966 0.000394285712872 0
0.010264806966 0.000197142841592 0
0.0102648069853 0 1
0.0100635890038 0.00216857141585 0
0.0101785707106 0.00157714284159 0
0.0101641979948 0.0013799999901 0
0.0100635890038 0.00177428571287 0
0.0100635890038 0.00197142856436 0
0.0100635890152 0.00276 21
0.0100635890038 0.00256285713862 0
0.0100635890038 0.00236571426734 0
0.0101210798473 0.000788571415848 0
0.0100635890038 0.00059142856436 0
0.00999172544449 0.000887142831695 0
0.010149825279 0.00118285713862 0
0.0101354525632 0.000985714267336 0
0.0100635890038 0.000394285712872 0
0.0100635890038 0.000197142841592 0
0.0100635890152 0 1
0.00994860729701 0.0022671428317 0
0.00994142094899 0.00206999998021 0
0.0100204708761 0.00157714284159 0
0.00996298001283 0.0013799999901 0
0.00986237104164 0.00177428571287 0
0.00980488017834 0.00197142856436 0
0.00986237104501 0.00276 21
0.00984799832582 0.00256285713862 0
0.00983362560999 0.00236571426734 0
0.00990548916933 0.00059142856436 0
0.00986237104164 0.000788571415848 0
0.00986237104164 0.000985714267336 0
0.0099486073168 0.00118285713862 0
0.0098911164535 0.000394285712872 0
0.00977613474669 0.00049285712872 0
0.00987674373767 0.000197142841592 0
0.00986237104501 0 1
0.00981925289416 0.00216857141585 0
0.00986237104164 0.00157714284159 0
0.00966115305967 0.00216857141585 0
0.00966115305967 0.00197142856436 0
0.00976176205065 0.0013799999901 0
0.00966115305967 0.00177428571287 0
0.00966115307487 0.00276 21
0.00966115305967 0.00256285713862 0
0.00966115305967 0.00236571426734 0
0.00966115305967 0.000788571415848 0
0.00966115305967 0.00059142856436 0
0.00966115305967 0.000985714267336 0
0.00974738933483 0.00118285713862 0
0.00966115305967 0.000394285712872 0
0.00950305322517 0.00059142856436 0
0.00966115305967 0.000197142841592 0
0.00966115307487 0 1
0.00966115305967 0.00157714284159 0
0.00954617133306 0.0022671428317 0
0.00953898500484 0.00206999998021 0
0.00953179863703 0.00187285712872 0
0.00956054408847 0.0013799999901 0
0.00952461228901 0.00167571427723 0
0.00945993510472 0.00276 21
0.00944556238166 0.00256285713862 0
0.00943118966584 0.00236571426734 0
0.009517425941 0.000788571415848 0
0.00949586687716 0.000985714267336 0
0.00954617137265 0.00118285713862 0
0.00938088517034 0.000689999980208 0
0.00937369880253 0.00049285712872 0
0.00948868050935 0.000394285712872 0
0.00947430781331 0.000197142841592 0
0.00945993510472 0 1
0.00941681695001 0.00216857141585 0
0.00938807153815 0.00177428571287 0
0.00940244425398 0.00197142856436 0
0.0093593261065 0.0013799999901 0
0.00937369882233 0.00157714284159 0
0.00925871713458 0.00276 21
0.00924434441948 0.00256285713862 0
0.00922997170366 0.00236571426734 0
0.00925871711551 0.00216857141585 0
0.00925871711551 0.000788571415848 0
0.00933058069464 0.000985714267336 0
0.00934495339068 0.00118285713862 0
0.00925871711551 0.00059142856436 0
0.00925871711551 0.000394285712872 0
0.00927308983134 0.000197142841592 0
0.00925871713458 0 1
0.00922278533585 0.00177428571287 0
0.009201226272 0.00197142856436 0
0.00915810814432 0.0013799999901 0
0.00917248086015 0.00157714284159 0
0.00905749916444 0.00276 21
0.00905749915333 0.00256285713862 0
0.00905749915333 0.00236571426734 0
0.00894251744652 0.0022671428317 0
0.00905749915333 0.00216857141585 0
0.00912936271267 0.000985714267336 0
0.00911498999684 0.000788571415848 0
0.0091437354285 0.00118285713862 0
0.00910061730081 0.00059142856436 0
0.00908624458499 0.000394285712872 0
0.00905749915333 0.000197142841592 0
0.00905749916444 0 1
0.00905749915333 0.00177428571287 0
0.00905749915333 0.00197142856436 0
0.00900000830982 0.00128142855446 0
0.00897126287817 0.00157714284159 0
0.0088562811943 0.00276 21
0.00885628119115 0.00197142856436 0
0.00884190847533 0.00256285713862 0
0.0088275357595 0.00236571426734 0
0.00881316304368 0.00216857141585 0
0.00865506320918 0.00216857141585 0
0.00891377203466 0.000788571415848 0
0.00892814475049 0.000985714267336 0
0.00885628119115 0.00118285713862 0
0.00889939931884 0.00059142856436 0
0.00888502660301 0.000394285712872 0
0.00887065388719 0.000197142841592 0
0.0088562811943 0 1
0.00885628119115 0.00177428571287 0
0.00885628119115 0.0013799999901 0
0.00881316304368 0.00157714284159 0
0.00865506322415 0.00276 21
0.00865506320918 0.00197142856436 0
0.00864069049336 0.00256285713862 0
0.00865506320918 0.00236571426734 0
0.00854008150237 0.0022671428317 0
0.00853289513456 0.00206999998021 0
0.00869818133687 0.00118285713862 0
0.00871255407248 0.000788571415848 0
0.00872692676852 0.000985714267336 0
0.00869818135666 0.00059142856436 0
0.00868380864083 0.000394285712872 0
0.00866943592501 0.000197142841592 0
0.00865506322415 0 1
0.00865506320918 0.00177428571287 0
0.00865506320918 0.0013799999901 0
0.00854008152216 0.00118285713862 0
0.00865506320918 0.00157714284159 0
0.00845384525401 0.00276 21
0.00852570880634 0.00187285712872 0
0.008453845247 0.00256285713862 0
0.00842509981535 0.00236571426734 0
0.00839635440349 0.00197142856436 0
0.00841072709952 0.00216857141585 0
0.00851133609051 0.000788571415848 0
0.00852570880634 0.000985714267336 0
0.00849696337468 0.00059142856436 0
0.00848259065886 0.000394285712872 0
0.00846821796283 0.000197142841592 0
0.00845384525401 0 1
0.00851852243853 0.00167571427723 0
0.00838916801589 0.00108428570298 0
0.008453845247 0.0013799999901 0
0.00825262728387 0.00276 21
0.00838198168766 0.00177428571287 0
0.00823825456899 0.00256285713862 0
0.00822388185317 0.00236571426734 0
0.00820950913734 0.00216857141585 0
0.00825262726503 0.00197142856436 0
0.00831011812833 0.000788571415848 0
0.00825262726503 0.000985714267336 0
0.0082957454125 0.00059142856436 0
0.00828137269668 0.000394285712872 0
0.00826699998085 0.000197142841592 0
0.00825262728387 0 1
0.00836760897184 0.00157714284159 0
0.00825262726503 0.00118285713862 0
0.00825262726503 0.0013799999901 0
0.00805140931373 0.00276 21
0.00818076370569 0.00177428571287 0
0.00803703658702 0.00256285713862 0
0.0080226638712 0.00236571426734 0
0.00800829117516 0.00216857141585 0
0.00805140930285 0.00197142856436 0
0.00810890014636 0.000788571415848 0
0.00805140930285 0.000985714267336 0
0.0079723593757 0.000689999980208 0
0.00809452743053 0.00059142856436 0
0.0080801547345 0.000394285712872 0
0.00806578201867 0.000197142841592 0
0.00805140931373 0 1
0.00816639100966 0.00157714284159 0
0.00805140930285 0.00118285713862 0
0.00805140930285 0.0013799999901 0
0.00785019134358 0.00276 21
0.00797954574351 0.00177428571287 0
0.00800829115537 0.00157714284159 0
0.00780707319319 0.00216857141585 0
0.00785019134067 0.00256285713862 0
0.00782144590902 0.00236571426734 0
0.00779270047736 0.00197142856436 0
0.00785019134067 0.000788571415848 0
0.00785019134067 0.000985714267336 0
0.00785019134067 0.00118285713862 0
0.00785019134067 0.00059142856436 0
0.00787893675253 0.000394285712872 0
0.00785019134358 0 1
0.0078645640367 0.000197142841592 0
0.00785019134067 0.0013799999901 0
0.00764897337344 0.00276 21
0.00777832778133 0.00177428571287 0
0.00785019134067 0.00157714284159 0
0.00764897335869 0.00216857141585 0
0.00764897335869 0.00236571426734 0
0.00764897335869 0.00256285713862 0
0.00744775539651 0.00216857141585 0
0.00764897335869 0.00197142856436 0
0.00757710979936 0.00177428571287 0
0.00764897335869 0.00059142856436 0
0.00764897335869 0.000788571415848 0
0.00764897335869 0.000985714267336 0
0.00764897335869 0.00118285713862 0
0.00764897335869 0.000394285712872 0
0.00764897337344 0 1
0.00764897335869 0.000197142841592 0
0.00764897335869 0.0013799999901 0
0.0074477554033 0.00276 21
0.00749805987221 0.00128142855446 0
0.00756273708353 0.00157714284159 0
0.00743338268069 0.00256285713862 0
0.00744775539651 0.00236571426734 0
0.00724653741454 0.00216857141585 0
0.007390264553 0.00197142856436 0
0.00737589183718 0.00177428571287 0
0.00744775539651 0.00059142856436 0
0.00744775539651 0.000788571415848 0
0.0074908735044 0.00108428570298 0
0.00744775539651 0.000394285712872 0
0.0074477554033 0 1
0.00744775539651 0.000197142841592 0
0.00724653743316 0.00276 21
0.0073327736897 0.00118285713862 0
0.00734714640553 0.0013799999901 0
0.00736151912135 0.00157714284159 0
0.00724653741454 0.00256285713862 0
0.00713155570773 0.0022671428317 0
0.00724653741454 0.00236571426734 0
0.00712436935971 0.00206999998021 0
0.00724653741454 0.00197142856436 0
0.0071746738552 0.00177428571287 0
0.00724653741454 0.000394285712872 0
0.00718186022301 0.00108428570298 0
0.00730402827784 0.000788571415848 0
0.00724653741454 0.00059142856436 0
0.00731840099367 0.000985714267336 0
0.00724653741454 0.000197142841592 0
0.00724653743316 0 1
0.00708843758004 0.00059142856436 0
0.00704531946301 0.00276 21
0.00718904655124 0.00128142855446 0
0.00716030115917 0.00157714284159 0
0.00703094673653 0.00256285713862 0
0.00700220132468 0.00216857141585 0
0.00701657402071 0.00236571426734 0
0.00698782860885 0.00197142856436 0
0.00684410149018 0.00216857141585 0
0.00697345589302 0.00177428571287 0
0.00707406488401 0.000394285712872 0
0.00704531945236 0.00118285713862 0
0.00704531945236 0.000985714267336 0
0.00710281029587 0.000788571415848 0
0.00705969216819 0.000197142841592 0
0.00704531946301 0 1
0.00696626952522 0.000689999980208 0
0.0069590831772 0.00049285712872 0
0.00684410149287 0.00276 21
0.0069590831772 0.00157714284159 0
0.00704531945236 0.0013799999901 0
0.00684410149018 0.00256285713862 0
0.00684410149018 0.00236571426734 0
0.00672911978337 0.0022671428317 0
0.00684410149018 0.00197142856436 0
0.00672193343535 0.00206999998021 0
0.00677223793084 0.00177428571287 0
0.00684410149018 0.00118285713862 0
0.00684410149018 0.000394285712872 0
0.00684410149018 0.000985714267336 0
0.00684410149018 0.000788571415848 0
0.00684410149018 0.000197142841592 0
0.00684410149287 0 1
0.00684410149018 0.00059142856436 0
0.00664288352273 0.00276 21
0.00675786521502 0.00157714284159 0
0.00684410149018 0.0013799999901 0
0.00662851079238 0.00256285713862 0
0.00661413809635 0.00236571426734 0
0.00659976538052 0.00216857141585 0
0.0065853926647 0.00197142856436 0
0.00657101994887 0.00177428571287 0
0.00655664723305 0.00157714284159 0
0.00664288350821 0.00118285713862 0
0.00668600165568 0.00059142856436 0
0.00667162893986 0.000394285712872 0
0.00664288350821 0.000985714267336 0
0.00664288350821 0.000788571415848 0
0.00665725622403 0.000197142841592 0
0.00664288352273 0 1
0.00644166555258 0.00276 21
0.00654227453701 0.0013799999901 0
0.00635542927086 0.00157714284159 0
0.0064272928302 0.00256285713862 0
0.00641292011437 0.00236571426734 0
0.00639854739855 0.00216857141585 0
0.00638417470252 0.00197142856436 0
0.00636980198669 0.00177428571287 0
0.00644166554603 0.00118285713862 0
0.00648478367371 0.00059142856436 0
0.00647041095788 0.000394285712872 0
0.00644166554603 0.000985714267336 0
0.00644166554603 0.000788571415848 0
0.00645603826185 0.000197142841592 0
0.00644166555258 0 1
0.00624044758244 0.00276 21
0.00624044756405 0.0013799999901 0
0.00619732943637 0.00157714284159 0
0.00622607486802 0.00256285713862 0
0.00621170215219 0.00236571426734 0
0.00619732943637 0.00216857141585 0
0.00618295672054 0.00197142856436 0
0.00616858400472 0.00177428571287 0
0.00624044756405 0.00118285713862 0
0.00624044756405 0.000985714267336 0
0.00628356571153 0.00059142856436 0
0.0062691929957 0.000394285712872 0
0.00629793842736 0.000788571415848 0
0.00625482027988 0.000197142841592 0
0.00624044758244 0 1
0.00603922960187 0.00118285713862 0
0.0060392296123 0.00276 21
0.00603922960187 0.0013799999901 0
0.00603922960187 0.00157714284159 0
0.00602485688605 0.00256285713862 0
0.00601048417022 0.00236571426734 0
0.00599611147419 0.00216857141585 0
0.00598173875836 0.00197142856436 0
0.00596736604254 0.00177428571287 0
0.00603922960187 0.000985714267336 0
0.00606797503352 0.000394285712872 0
0.00603922960187 0.000788571415848 0
0.00608234772956 0.00059142856436 0
0.0060536023177 0.000197142841592 0
0.0060392296123 0 1
0.0058955024832 0.00128142855446 0
0.00583801163969 0.000985714267336 0
0.00583801164216 0.00276 21
0.00588831611539 0.00147857140595 0
0.00584519798771 0.00167571427723 0
0.00583801163969 0.00256285713862 0
0.00583801163969 0.00236571426734 0
0.00583801163969 0.00216857141585 0
0.00570865721705 0.00177428571287 0
0.00583801163969 0.00197142856436 0
0.00571584358486 0.00206999998021 0
0.00583801163969 0.000788571415848 0
0.00586675705155 0.000394285712872 0
0.00583801163969 0.00059142856436 0
0.00585238433572 0.000197142841592 0
0.00583801164216 0 1
0.00575177536453 0.00118285713862 0
0.00573740264871 0.0013799999901 0
0.00567272543739 0.000985714267336 0
0.00563679367201 0.00276 21
0.00563679365772 0.00256285713862 0
0.00572302993288 0.00157714284159 0
0.00563679365772 0.00236571426734 0
0.00559367553003 0.00216857141585 0
0.00556493009838 0.00177428571287 0
0.00557930281421 0.00197142856436 0
0.00563679365772 0.000788571415848 0
0.00563679365772 0.00059142856436 0
0.00563679365772 0.000394285712872 0
0.00563679365772 0.000197142841592 0
0.00563679367201 0 1
0.00559367553003 0.00118285713862 0
0.00553618468652 0.0013799999901 0
0.00550743925487 0.000985714267336 0
0.00543557570187 0.00276 21
0.00542120297971 0.00256285713862 0
0.00543557569554 0.00157714284159 0
0.00543557569554 0.00216857141585 0
0.00540683026389 0.00236571426734 0
0.0053637121362 0.00177428571287 0
0.00543557569554 0.00197142856436 0
0.00549306653905 0.000788571415848 0
0.00543557569554 0.00059142856436 0
0.00543557569554 0.000394285712872 0
0.00544994841136 0.000197142841592 0
0.00543557570187 0 1
0.00527747586104 0.00059142856436 0
0.00543557569554 0.00118285713862 0
0.00533496670455 0.0013799999901 0
0.0053062212729 0.000985714267336 0
0.00523435773173 0.00276 21
0.00521998501753 0.00256285713862 0
0.0051481214582 0.00157714284159 0
0.00520561230171 0.00236571426734 0
0.00523435771357 0.00216857141585 0
0.00516249415423 0.00177428571287 0
0.00517686687006 0.00197142856436 0
0.00529184857687 0.000788571415848 0
0.00523435771357 0.000197142841592 0
0.00526310314522 0.000394285712872 0
0.00523435773173 0 1
0.00515530780621 0.000689999980208 0
0.0051481214384 0.00049285712872 0
0.00527747586104 0.00118285713862 0
0.00513374874237 0.0013799999901 0
0.00510500331072 0.000985714267336 0
0.00494690347622 0.00157714284159 0
0.00503313976159 0.00276 21
0.00503313975139 0.00256285713862 0
0.00503313975139 0.00236571426734 0
0.00496127619205 0.00177428571287 0
0.00503313975139 0.00216857141585 0
0.00503313975139 0.00197142856436 0
0.00503313975139 0.000788571415848 0
0.00504751246721 0.000197142841592 0
0.00503313975139 0.000394285712872 0
0.00503313976159 0 1
0.00503313975139 0.00059142856436 0
0.00511937602655 0.00118285713862 0
0.0049325307604 0.0013799999901 0
0.00491815804457 0.00118285713862 0
0.00490378534854 0.000985714267336 0
0.00476005822987 0.00177428571287 0
0.00474568551404 0.00157714284159 0
0.00483192179144 0.00276 21
0.0048319217892 0.00256285713862 0
0.0048319217892 0.00236571426734 0
0.0047744309259 0.00197142856436 0
0.0048319217892 0.00216857141585 0
0.00488941263271 0.000788571415848 0
0.0048319217892 0.00059142856436 0
0.0048319217892 0.000197142841592 0
0.0048319217892 0.000394285712872 0
0.00483192179144 0 1
0.00476005821008 0.000887142831695 0
0.00473131279822 0.0013799999901 0
0.00471694008239 0.00118285713862 0
0.00463070380723 0.000985714267336 0
0.00459477202756 0.00177428571287 0
0.00458758567955 0.00157714284159 0
0.0046307038213 0.00276 21
0.00463070380723 0.00256285713862 0
0.00463070380723 0.00236571426734 0
0.00457321296372 0.00197142856436 0
0.00451572210042 0.0022671428317 0
0.00463070380723 0.00216857141585 0
0.00463070380723 0.000788571415848 0
0.00463070380723 0.00059142856436 0
0.00463070380723 0.000394285712872 0
0.00464507652306 0.000197142841592 0
0.0046307038213 0 1
0.00453009483604 0.0013799999901 0
0.00451572212021 0.00118285713862 0
0.00442948584505 0.000985714267336 0
0.00437199500154 0.00197142856436 0
0.00442948584505 0.00177428571287 0
0.00442948584505 0.00157714284159 0
0.00442948585116 0.00276 21
0.00441511312923 0.00256285713862 0
0.0044007404134 0.00236571426734 0
0.00438636769757 0.00216857141585 0
0.00418514973539 0.00216857141585 0
0.00442948584505 0.000788571415848 0
0.00442948584505 0.00059142856436 0
0.00445823125691 0.000394285712872 0
0.00444385856088 0.000197142841592 0
0.00442948585116 0 1
0.00422826786308 0.000788571415848 0
0.00432887685406 0.0013799999901 0
0.00422826786308 0.00118285713862 0
0.00422826786308 0.000985714267336 0
0.00422826786308 0.00197142856436 0
0.00422826786308 0.00177428571287 0
0.00422826786308 0.00157714284159 0
0.00422826788102 0.00276 21
0.00421389516705 0.00256285713862 0
0.00419952245122 0.00236571426734 0
0.0040270499009 0.00216857141585 0
0.00422826786308 0.00059142856436 0
0.00422826786308 0.000394285712872 0
0.00422826786308 0.000197142841592 0
0.00422826788102 0 1
0.00408454074441 0.000788571415848 0
0.0040270499009 0.000985714267336 0
0.0040270499009 0.0013799999901 0
0.0040270499009 0.00118285713862 0
0.0040270499009 0.00177428571287 0
0.00396955905739 0.00197142856436 0
0.0040270499009 0.00157714284159 0
0.00402704991087 0.00276 21
0.00401267718507 0.00256285713862 0
0.00382583193872 0.00197142856436 0
0.00399830446925 0.00236571426734 0
0.00382583193872 0.00216857141585 0
0.00407016802858 0.00059142856436 0
0.00405579533255 0.000394285712872 0
0.00404142261672 0.000197142841592 0
0.00402704991087 0 1
0.00388332278223 0.000788571415848 0
0.00382583193872 0.000985714267336 0
0.00382583193872 0.00157714284159 0
0.00382583193872 0.0013799999901 0
0.00382583193872 0.00118285713862 0
0.00369647751608 0.00187285712872 0
0.00382583193872 0.00177428571287 0
0.00382583194073 0.00276 21
0.00382583193872 0.00256285713862 0
0.00370366388389 0.00206999998021 0
0.00371085021211 0.0022671428317 0
0.00382583193872 0.00236571426734 0
0.0038689500664 0.00059142856436 0
0.00385457735058 0.000394285712872 0
0.00382583193872 0.000197142841592 0
0.00382583194073 0 1
0.00368210480025 0.000788571415848 0
0.00362461395674 0.000985714267336 0
0.00362461395674 0.00118285713862 0
0.00362461395674 0.00157714284159 0
0.00362461395674 0.0013799999901 0
0.00356712311323 0.00197142856436 0
0.00355275039741 0.00177428571287 0
0.00362461397059 0.00276 21
0.00361024124092 0.00256285713862 0
0.00358149582906 0.00216857141585 0
0.00359586854489 0.00236571426734 0
0.00342339599456 0.00216857141585 0
0.00366773210422 0.00059142856436 0
0.0036533593884 0.000394285712872 0
0.00363898667257 0.000197142841592 0
0.00362461397059 0 1
0.00348088683807 0.000788571415848 0
0.00342339599456 0.00118285713862 0
0.00342339599456 0.000985714267336 0
0.00342339599456 0.0013799999901 0
0.00342339599456 0.00157714284159 0
0.00342339599456 0.00197142856436 0
0.00335153243523 0.00177428571287 0
0.00342339600045 0.00276 21
0.00342339599456 0.00256285713862 0
0.00342339599456 0.00236571426734 0
0.00330841428775 0.0022671428317 0
0.00330122790015 0.00206999998021 0
0.00345214140642 0.000394285712872 0
0.00346651412225 0.00059142856436 0
0.00342339599456 0.000197142841592 0
0.00342339600045 0 1
0.00333715969961 0.00049285712872 0
0.00327966887589 0.000788571415848 0
0.00322217801259 0.00118285713862 0
0.00322217801259 0.000985714267336 0
0.00322217801259 0.0013799999901 0
0.00322217801259 0.00157714284159 0
0.00315031445326 0.00177428571287 0
0.0032221780303 0.00276 21
0.00316468716908 0.00197142856436 0
0.00322217801259 0.00256285713862 0
0.00319343260073 0.00236571426734 0
0.00317905988491 0.00216857141585 0
0.00322217801259 0.000394285712872 0
0.00322217801259 0.00059142856436 0
0.00323655072842 0.000197142841592 0
0.0032221780303 0 1
0.00307845089392 0.000788571415848 0
0.00302096005041 0.00118285713862 0
0.00302096005041 0.000985714267336 0
0.00302096005041 0.0013799999901 0
0.00302096005041 0.00157714284159 0
0.00298502827074 0.00177428571287 0
0.00302096006016 0.00276 21
0.0029634692069 0.00197142856436 0
0.00297784192273 0.00216857141585 0
0.00300658733458 0.00256285713862 0
0.00299221461876 0.00236571426734 0
0.00304970548206 0.000394285712872 0
0.00302096005041 0.00059142856436 0
0.00303533276624 0.000197142841592 0
0.00302096006016 0 1
0.00287723293174 0.000788571415848 0
0.00281974208823 0.000985714267336 0
0.00281974208823 0.0013799999901 0
0.00281974208823 0.00118285713862 0
0.00281974208823 0.00177428571287 0
0.00281974208823 0.00157714284159 0
0.00281974209002 0.00276 21
0.00277662394075 0.00216857141585 0
0.00276225122493 0.00197142856436 0
0.00279099665658 0.00236571426734 0
0.00281974208823 0.00256285713862 0
0.00284848750009 0.000394285712872 0
0.00286286021591 0.00059142856436 0
0.00283411478426 0.000197142841592 0
0.00281974209002 0 1
0.00274069216109 0.000689999980208 0
0.00261852410626 0.0013799999901 0
0.00265445588592 0.000985714267336 0
0.00261852410626 0.000788571415848 0
0.00261852410626 0.00118285713862 0
0.00261852410626 0.00177428571287 0
0.00261852410626 0.00197142856436 0
0.0025322878311 0.00157714284159 0
0.00261852411988 0.00276 21
0.00261852410626 0.00216857141585 0
0.0025897786944 0.00236571426734 0
0.00260415139043 0.00256285713862 0
0.00264726953791 0.000394285712872 0
0.00261852410626 0.00059142856436 0
0.00263289682208 0.000197142841592 0
0.00261852411988 0 1
0.00247479698759 0.000788571415848 0
0.00246042427176 0.00059142856436 0
0.00241730614408 0.0013799999901 0
0.00241730614408 0.00118285713862 0
0.00248916970341 0.000985714267336 0
0.00234544258474 0.00177428571287 0
0.00241730614408 0.00197142856436 0
0.00233106986892 0.00157714284159 0
0.00241730614973 0.00276 21
0.00241730614408 0.00216857141585 0
0.00241730614408 0.00236571426734 0
0.00240293342825 0.00256285713862 0
0.00244605155594 0.000394285712872 0
0.0024316788599 0.000197142841592 0
0.00241730614973 0 1
0.0022160881621 0.00216857141585 0
0.00234544254516 0.000887142831695 0
0.00233825617735 0.000689999980208 0
0.00233106982933 0.00049285712872 0
0.0022160881621 0.0013799999901 0
0.0022160881621 0.00118285713862 0
0.0022160881621 0.000985714267336 0
0.00218015636264 0.00177428571287 0
0.0022160881621 0.00197142856436 0
0.00212985188694 0.00157714284159 0
0.0022160881621 0.00256285713862 0
0.00221608817959 0.00276 21
0.0022160881621 0.00236571426734 0
0.0022160881621 0.000394285712872 0
0.0022160881621 0.000197142841592 0
0.00221608817959 0 1
0.00210110645529 0.0022671428317 0
0.00209392008748 0.00206999998021 0
0.0022160881621 0.000788571415848 0
0.0022160881621 0.00059142856436 0
0.00206517465583 0.00128142855446 0
0.00191426120894 0.0013799999901 0
0.00205798830782 0.00108428570298 0
0.00201487019992 0.000788571415848 0
0.00195737935641 0.00197142856436 0
0.00197175203265 0.00157714284159 0
0.00201487019992 0.00177428571287 0
0.00201487019992 0.00256285713862 0
0.00201487020945 0.00276 21
0.00198612476827 0.00236571426734 0
0.00202924291575 0.000197142841592 0
0.00204361563157 0.000394285712872 0
0.00201487020945 0 1
0.00197175207224 0.00216857141585 0
0.00181365223774 0.00157714284159 0
0.00201487019992 0.00059142856436 0
0.00189988849311 0.00118285713862 0
0.00181365223774 0.00197142856436 0
0.00171304324676 0.0013799999901 0
0.00188551579708 0.000985714267336 0
0.00187114308125 0.000788571415848 0
0.00181365223774 0.00216857141585 0
0.00181365223774 0.00177428571287 0
0.00181365223774 0.00236571426734 0
0.0018136522393 0.00276 21
0.00181365223774 0.00256285713862 0
0.00181365223774 0.000197142841592 0
0.00181365223774 0.000394285712872 0
0.0018136522393 0 1
0.0016771114473 0.00167571427723 0
0.00181365223774 0.00059142856436 0
0.00169867053093 0.00118285713862 0
0.00161243425577 0.00197142856436 0
0.00152619798061 0.00157714284159 0
0.00151182526478 0.0013799999901 0
0.00166992509928 0.000788571415848 0
0.00168429781511 0.000985714267336 0
0.00161243425577 0.00216857141585 0
0.00154057069643 0.00177428571287 0
0.00161243425577 0.00256285713862 0
0.00161243425577 0.00236571426734 0
0.00161243426916 0.00276 21
0.00161243425577 0.000394285712872 0
0.00161243425577 0.000197142841592 0
0.00161243426916 0 1
0.00154057065685 0.000887142831695 0
0.00161243425577 0.00059142856436 0
0.00149745256875 0.00118285713862 0
0.00141121629359 0.00197142856436 0
0.00131631473766 0.00164504816475 0
0.00132388783049 0.00128075281983 0
0.00133931799847 0.00146944490132 0
0.00141121629359 0.00236571426734 0
0.00141121629359 0.000788571415848 0
0.00141121629359 0.000985714267336 0
0.00141121629359 0.00216857141585 0
0.00127032205098 0.00180276244199 0
0.00141121629359 0.00256285713862 0
0.00141121629902 0.00276 21
0.00143996170545 0.000394285712872 0
0.00142558900941 0.000197142841592 0
0.00141121629902 0 1
0.00141121629359 0.00059142856436 0
0.00131238967367 0.0011230385426 0
0.0012243293643 0.00196047673901 0
0.00116681077175 0.00155888981254 0
0.00115091803401 0.00126480537572 0
0.00125648383074 0.00232463907855 0
0.00122553731837 0.000721281757175 0
0.00123714225556 0.000922630211093 0
0.00110175136789 0.00221784963232 0
0.00110931644477 0.00180440573138 0
0.00125648383074 0.00262035338547 0
0.00120999832888 0.00276 21
0.001202327444 0.000515727700827 0
0.00127085652677 0.000336789446226 0
0.00125648383074 0.000139646594738 0
0.00120999832888 0 1
0.00112732679838 0.00106321994659 0
0.00103744247459 0.00194952491366 0
0.000994303525232 0.00164833472375 0
0.000982383966983 0.00142777138625 0
0.000970464428526 0.00120720806853 0
0.00110175138768 0.00248070678083 0
0.00103985838274 0.000719706375735 0
0.000942263903294 0.00100340135058 0
0.000993438653785 0.000440026837295 0
0.000957146512664 0.00215469972654 0
0.000947018924826 0.0023410601762 0
0.000821796278715 0.00173777963497 0
0.00100878035873 0.00276 21
0.00110175138768 0.000279293199373 0
0.00100878035873 0 1
0.000850555565093 0.0019385731081 0
0.000812541677235 0.00209154984055 0
0.000800605968332 0.00134566704595 0
0.000811201113627 0.00154172333056 0
0.000790010823037 0.00114961076134 0
0.000911490911493 0.000314204835687 0
0.000866570739031 0.00261044531589 0
0.000888994238886 0.000796462098608 0
0.000854179447115 0.00058670243983 0
0.00078190766814 0.000909251670904 0
0.000762237201534 0.000471307268375 0
0.000762237201534 0.00228869271183 0
0.000724361148419 0.00246089064167 0
0.000649289032198 0.00182722454619 0
0.000637369473948 0.00160666122847 0
0.000807562388592 0.00276 21
0.000842869140596 0.00013949098636 0
0.000807562388592 0 1
0.000612983491576 0.00213159027914 0
0.000621476756006 0.00131257679165 0
0.000609557217549 0.00109201345414 0
0.000676957951548 0.000278981982616 0
0.000674744916186 0.00262050899385 0
0.000714920240444 0.000733378062158 0
0.000612983491576 0.000628409701063 0
0.000572138152713 0.000883764158552 0
0.000582151538015 0.000448664012755 0
0.000541927445117 0.00248101799759 0
0.000582151538015 0.00231133596745 0
0.000452942688974 0.00147554282197 0
0.000476781785681 0.0019166694772 0
0.000464862227431 0.00169610613969 0
0.000606344418449 0.00276 21
0.000606344418449 0 1
0.000459899958974 0.00210234045626 0
0.000429103612061 0.00103441616675 0
0.000441023150518 0.00125497948446 0
0.000488800464607 0.000250803704117 0
0.000456758835024 0.00260324766637 0
0.000505166440237 0.000741910139616 0
0.000438194747552 0.000600056120681 0
0.000306599975948 0.000950904839323 0
0.00032740356131 0.000377791719563 0
0.00032740356131 0.00238220826064 0
0.00034081812379 0.00219840610615 0
0.000306599975948 0.0019679324823 0
0.000296664216703 0.00138112445955 0
0.000307259361998 0.00157718074417 0
0.000317854527086 0.00177323702878 0
0.000405126448307 0.00276 21
0.000405126448307 0 1
0.000286069071408 0.00118506817494 0
0.000307173244973 0.000208536256681 0
0.00027186647184 0.00262097579919 0
0.000292129821805 0.000753665222462 0
0.000136872640851 0.00248014275489 0
0.000272836302741 0.000561593874059 0
0.000146064915851 0.000907274344036 0
0.00015329997313 0.0011122663141 0
0.000143034530756 0.00133572016334 0
0.000153640858795 0.000315555513246 0
0.000153640858795 0.00228560714534 0
0.000170409056947 0.0020551335017 0
0.000146064915851 0.00185272563617 0
0.000158927248699 0.00162980460016 0
0.000203908478164 0.00276 21
0.000203908478164 0 1
0 0.00255006229411 22
0.000136418146423 0.000704866478509 0
0 0.00233734961871 22
0 0.000422650381293 22
0 0.000635394741006 22
0 0.000848139100718 22
0 0.00106088346043 22
0 0.00148637217986 22
0 0.00127362782014 22
0 0.000209937705891 22
0 0.00191186089928 22
0 0.00212460525899 22
0 0.00169911653957 22
0 0.00276 22
0 0 22

Edges
283
1583 1570 22
1570 1572 22
1572 1581 22
1581 1580 22
1580 1582 22
1582 1577 22
1577 1578 22
1578 1576 22
1576 1575 22
1575 1574 22
1574 1573 22
1573 1579 22
1579 1584 22
216 234 21
234 252 21
252 270 21
270 292 21
292 311 21
311 329 21
329 345 21
345 363 21
363 379 21
379 395 21
395 410 21
410 425 21
425 441 21
441 458 21
458 475 21
475 490 21
490 506 21
506 522 21
522 536 21
536 552 21
552 567 21
567 582 21
582 598 21
598 614 21
614 630 21
630 646 21
646 662 21
662 676 21
676 691 21
691 706 21
706 724 21
724 741 21
741 757 21
757 772 21
772 789 21
789 806 21
806 823 21
823 839 21
839 854 21
854 870 21
870 886 21
886 903 21
903 918 21
918 933 21
933 949 21
949 964 21
964 981 21
981 995 21
995 1013 21
1013 1030 21
1030 1046 21
1046 1062 21
1062 1077 21
1077 1093 21
1093 1109 21
1109 1126 21
1126 1141 21
1141 1157 21
1157 1174 21
1174 1191 21
1191 1207 21
1207 1224 21
1224 1241 21
1241 1256 21
1256 1272 21
1272 1288 21
1288 1304 21
1304 1320 21
1320 1335 21
1335 1350 21
1350 1367 21
1367 1383 21
1383 1401 21
1401 1418 21
1418 1434 21
1434 1451 21
1451 1468 21
1468 1483 21
1483 1500 21
1500 1518 21
1518 1535 21
1535 1552 21
1552 1568 21
1568 1583 21
17 33 20
33 50 20
50 68 20
68 85 20
85 100 20
100 117 20
117 132 20
132 147 20
147 163 20
163 179 20
179 196 20
196 216 20
5 17 19
197 180 18
180 164 18
164 148 18
148 133 18
133 118 18
118 101 18
101 86 18
86 69 18
69 51 18
51 34 18
34 19 18
19 5 18
218 215 17
215 197 17
256 237 16
237 218 16
257 276 15
276 256 15
219 238 14
238 257 14
182 200 13
200 219 13
1 9 12
9 23 12
23 40 12
40 58 12
58 75 12
75 91 12
91 106 12
106 123 12
123 138 12
138 153 12
153 169 12
169 182 12
12 13 11
13 4 11
4 3 11
3 2 11
2 6 11
6 7 11
7 8 11
8 1 11
208 190 10
190 173 10
173 157 10
157 143 10
143 127 10
127 112 10
112 96 10
96 81 10
81 63 10
63 44 10
44 27 10
27 12 10
245 226 9
226 208 9
284 263 8
263 245 8
285 305 7
305 284 7
251 269 6
269 285 6
214 232 5
232 251 5
16 32 4
32 49 4
49 67 4
67 84 4
84 99 4
99 116 4
116 131 4
131 146 4
146 162 4
162 178 4
178 195 4
195 214 4
30 16 3
230 212 2
212 193 2
193 176 2
176 160 2
160 144 2
144 129 2
129 114 2
114 97 2
97 82 2
82 65 2
65 47 2
47 30 2
1584 1569 1
1569 1553 1
1553 1536 1
1536 1520 1
1520 1502 1
1502 1487 1
1487 1471 1
1471 1454 1
1454 1438 1
1438 1422 1
1422 1405 1
1405 1389 1
1389 1374 1
1374 1358 1
1358 1343 1
1343 1328 1
1328 1312 1
1312 1296 1
1296 1280 1
1280 1264 1
1264 1248 1
1248 1233 1
1233 1217 1
1217 1200 1
1200 1183 1
1183 1167 1
1167 1152 1
1152 1137 1
1137 1122 1
1122 1106 1
1106 1091 1
1091 1076 1
1076 1061 1
1061 1044 1
1044 1027 1
1027 1011 1
1011 993 1
993 978 1
978 961 1
961 945 1
945 929 1
929 914 1
914 898 1
898 882 1
882 865 1
865 849 1
849 833 1
833 816 1
816 799 1
799 782 1
782 766 1
766 752 1
752 737 1
737 721 1
721 705 1
705 690 1
690 675 1
675 660 1
660 645 1
645 629 1
629 613 1
613 597 1
597 581 1
581 566 1
566 551 1
551 535 1
535 520 1
520 504 1
504 488 1
488 472 1
472 456 1
456 440 1
440 424 1
424 409 1
409 394 1
394 378 1
378 362 1
362 343 1
343 327 1
327 309 1
309 289 1
289 267 1
267 249 1
249 230 1

Triangles
2883
1568 1583 1570 0
1558 1556 1570 0
1572 1558 1570 0
1546 1556 1558 0
1558 1572 1564 0
1556 1568 1570 0
1541 1556 1546 0
1541 1552 1556 0
1565 1564 1581 0
1566 1565 1580 0
1530 1515 1525 0
1546 1530 1541 0
1531 1515 1530 0
1547 1531 1546 0
1521 1514 1531 0
1516 1504 1521 0
1498 1509 1515 0
1556 1552 1568 0
1531 1514 1515 0
1535 1552 1541 0
1582 1567 1566 0
1447 1442 1431 0
1450 1447 1433 0
1435 1450 1433 0
1462 1467 1477 0
1477 1467 1482 0
1450 1462 1465 0
1450 1467 1462 0
1518 1509 1500 0
1465 1458 1447 0
1450 1465 1447 0
1497 1498 1514 0
1474 1480 1489 0
1477 1493 1480 0
1462 1477 1465 0
1493 1498 1480 0
1509 1498 1493 0
1500 1509 1493 0
1518 1535 1525 0
1492 1495 1488 0
1499 1506 1490 0
1523 1512 1507 0
1538 1523 1539 0
1512 1495 1507 0
1481 1474 1489 0
1475 1481 1490 0
1466 1474 1481 0
1475 1466 1481 0
1459 1448 1466 0
1458 1465 1474 0
1530 1525 1541 0
1534 1516 1533 0
1567 1550 1551 0
1517 1506 1499 0
1532 1517 1534 0
1532 1522 1517 0
1550 1532 1534 0
1551 1550 1534 0
1567 1549 1550 0
1507 1522 1523 0
1537 1533 1521 0
1566 1580 1582 0
1548 1566 1551 0
1548 1565 1566 0
1565 1548 1547 0
1564 1565 1547 0
1581 1580 1565 0
1562 1577 1578 0
1566 1567 1551 0
1582 1577 1567 0
1458 1442 1447 0
1497 1503 1489 0
1514 1504 1497 0
1514 1521 1504 0
1448 1442 1458 0
1521 1533 1516 0
1439 1428 1424 0
1458 1474 1466 0
1444 1428 1443 0
1490 1481 1499 0
1457 1441 1444 0
1564 1546 1558 0
1581 1564 1572 0
1547 1546 1564 0
1537 1547 1548 0
1533 1537 1548 0
1521 1531 1537 0
1537 1531 1547 0
1551 1533 1548 0
1549 1554 1539 0
1523 1528 1512 0
1539 1554 1538 0
1505 1522 1507 0
1549 1567 1562 0
1554 1544 1538 0
1549 1562 1554 0
1532 1549 1539 0
1532 1550 1549 0
1562 1561 1554 0
1525 1509 1518 0
1541 1525 1535 0
1515 1509 1525 0
1546 1531 1530 0
1514 1498 1515 0
1562 1567 1577 0
1561 1562 1578 0
1561 1544 1554 0
1428 1444 1441 0
1390 1398 1381 0
1424 1415 1432 0
1399 1382 1397 0
1439 1432 1448 0
1411 1424 1428 0
1411 1399 1415 0
1480 1465 1477 0
1449 1467 1450 0
1435 1449 1450 0
1451 1467 1449 0
1468 1483 1482 0
1482 1500 1493 0
1436 1453 1438 0
1422 1436 1438 0
1437 1453 1436 0
1420 1405 1404 0
1456 1472 1469 0
1440 1456 1452 0
1440 1430 1445 0
1432 1427 1442 0
1439 1424 1432 0
1443 1439 1448 0
1443 1428 1439 0
1415 1399 1416 0
1432 1415 1416 0
1424 1411 1415 0
1453 1454 1438 0
1452 1453 1437 0
1440 1452 1437 0
1485 1501 1486 0
1470 1485 1486 0
1469 1484 1485 0
1470 1469 1485 0
1510 1494 1495 0
1526 1510 1512 0
1526 1511 1510 0
1404 1403 1421 0
1420 1404 1421 0
1437 1420 1421 0
1422 1405 1420 0
1405 1389 1404 0
1430 1429 1446 0
1425 1430 1440 0
1413 1429 1430 0
1349 1348 1364 0
1382 1377 1366 0
1332 1317 1318 0
1346 1332 1349 0
1330 1317 1332 0
1315 1330 1331 0
1315 1317 1330 0
1417 1401 1418 0
1433 1419 1435 0
1451 1449 1435 0
1381 1380 1364 0
1369 1384 1368 0
1384 1390 1381 0
1447 1431 1433 0
1414 1432 1416 0
1442 1427 1431 0
1442 1448 1432 0
1352 1364 1348 0
1353 1370 1369 0
1381 1364 1365 0
1433 1431 1423 0
1330 1347 1331 0
1399 1394 1382 0
1410 1411 1426 0
1412 1410 1426 0
1395 1394 1410 0
1377 1382 1394 0
1363 1377 1378 0
1366 1364 1380 0
1360 1366 1377 0
1349 1364 1366 0
1399 1411 1410 0
1422 1420 1436 0
1482 1493 1477 0
1468 1482 1467 0
1483 1500 1482 0
1387 1373 1371 0
1467 1451 1468 0
1398 1414 1416 0
1381 1398 1380 0
1390 1406 1407 0
1434 1451 1435 0
1413 1430 1425 0
1441 1426 1428 0
1464 1446 1457 0
1429 1426 1441 0
1446 1429 1441 0
1457 1446 1441 0
1445 1456 1440 0
1446 1445 1430 0
1446 1464 1455 0
1413 1396 1412 0
1409 1408 1425 0
1421 1403 1409 0
1437 1421 1425 0
1437 1436 1420 0
1392 1408 1409 0
1393 1392 1409 0
1376 1375 1392 0
1396 1378 1395 0
1411 1428 1426 0
1418 1434 1435 0
1362 1379 1375 0
1331 1345 1344 0
1347 1363 1361 0
1346 1347 1330 0
1360 1377 1363 0
1346 1360 1363 0
1346 1349 1360 0
1347 1345 1331 0
1408 1413 1425 0
1391 1408 1392 0
1379 1391 1375 0
1396 1408 1391 0
1396 1413 1408 0
1378 1396 1379 0
1395 1410 1412 0
1372 1376 1387 0
1344 1362 1359 0
1375 1376 1372 0
1396 1391 1379 0
1372 1371 1356 0
1391 1392 1375 0
1403 1404 1388 0
1387 1403 1388 0
1409 1425 1421 0
1437 1425 1440 0
1359 1372 1356 0
1344 1359 1356 0
1362 1372 1359 0
1345 1362 1344 0
1375 1372 1362 0
1388 1389 1374 0
1387 1388 1373 0
1393 1409 1403 0
1387 1393 1403 0
1387 1376 1393 0
1392 1393 1376 0
1404 1389 1388 0
1388 1374 1373 0
1373 1374 1358 0
1342 1355 1357 0
1371 1372 1387 0
1418 1435 1417 0
1326 1340 1325 0
1361 1379 1362 0
1345 1361 1362 0
1345 1347 1361 0
1371 1355 1356 0
1385 1369 1370 0
1402 1385 1386 0
1402 1384 1385 0
1385 1384 1369 0
1417 1402 1400 0
1419 1433 1423 0
1381 1368 1384 0
1354 1370 1353 0
1386 1401 1400 0
1419 1417 1435 0
1390 1384 1402 0
1419 1406 1402 0
1407 1414 1398 0
1390 1407 1398 0
1423 1414 1407 0
1402 1417 1419 0
1370 1386 1385 0
1401 1417 1400 0
1412 1426 1429 0
1413 1412 1429 0
1396 1395 1412 0
1394 1395 1378 0
1394 1399 1410 0
1357 1358 1343 0
1371 1357 1355 0
1373 1358 1357 0
1314 1299 1316 0
1344 1329 1331 0
1326 1310 1314 0
1300 1298 1283 0
1300 1315 1298 0
1303 1321 1319 0
1318 1333 1332 0
1339 1353 1337 0
1338 1354 1339 0
1322 1338 1323 0
1335 1350 1338 0
1367 1383 1370 0
1363 1378 1379 0
1361 1363 1379 0
1347 1346 1363 0
1332 1346 1330 0
1349 1366 1360 0
1352 1365 1364 0
1334 1336 1348 0
1349 1334 1348 0
1319 1321 1334 0
1351 1368 1352 0
1336 1337 1351 0
1348 1336 1352 0
1321 1337 1336 0
1386 1370 1383 0
1401 1386 1383 0
1400 1402 1386 0
1414 1431 1427 0
1414 1423 1431 0
1432 1414 1427 0
1397 1380 1398 0
1416 1397 1398 0
1416 1399 1397 0
1406 1419 1423 0
1407 1406 1423 0
1390 1402 1406 0
1368 1353 1369 0
1352 1368 1365 0
1351 1353 1368 0
1377 1394 1378 0
1380 1382 1366 0
1380 1397 1382 0
1342 1357 1343 0
1355 1340 1341 0
1373 1357 1371 0
1342 1340 1355 0
1328 1342 1343 0
1327 1325 1340 0
1312 1327 1328 0
1311 1309 1325 0
1354 1350 1367 0
1339 1354 1353 0
1338 1350 1354 0
1370 1354 1367 0
1365 1368 1381 0
1306 1291 1305 0
1322 1306 1305 0
1292 1290 1306 0
1312 1311 1327 0
1322 1335 1338 0
1341 1340 1326 0
1328 1327 1342 0
1293 1278 1277 0
1296 1311 1312 0
1279 1280 1264 0
1294 1279 1278 0
1295 1296 1280 0
1294 1295 1279 0
1294 1309 1295 0
1322 1320 1335 0
1307 1306 1323 0
1304 1320 1322 0
1263 1278 1279 0
1326 1313 1310 0
1313 1325 1309 0
1310 1313 1309 0
1326 1325 1313 0
1297 1314 1310 0
1341 1356 1355 0
1314 1329 1326 0
1344 1356 1341 0
1340 1342 1327 0
1305 1289 1304 0
1323 1306 1322 0
1291 1289 1305 0
1290 1291 1306 0
1263 1279 1264 0
1259 1244 1243 0
1288 1289 1273 0
1292 1302 1286 0
1264 1248 1263 0
1257 1259 1243 0
1272 1257 1256 0
1275 1291 1290 0
1274 1275 1290 0
1260 1276 1275 0
1273 1276 1259 0
1273 1289 1276 0
1272 1273 1257 0
1272 1288 1273 0
1217 1232 1233 0
1215 1199 1214 0
1230 1231 1214 0
1216 1198 1199 0
1246 1247 1232 0
1217 1200 1216 0
1280 1279 1295 0
1262 1278 1263 0
1247 1246 1262 0
1248 1247 1263 0
1248 1233 1247 0
1252 1236 1251 0
1269 1252 1251 0
1269 1266 1252 0
1214 1213 1229 0
1261 1246 1245 0
1199 1197 1214 0
1220 1219 1236 0
1234 1220 1237 0
1204 1219 1220 0
1285 1268 1284 0
1294 1310 1309 0
1281 1293 1277 0
1281 1297 1293 0
1265 1281 1277 0
1329 1314 1316 0
1341 1329 1344 0
1341 1326 1329 0
1293 1297 1310 0
1282 1298 1299 0
1283 1282 1266 0
1283 1298 1282 0
1250 1237 1252 0
1266 1250 1252 0
1266 1265 1250 0
1250 1265 1249 0
1285 1283 1269 0
1299 1298 1315 0
1316 1299 1315 0
1331 1316 1315 0
1331 1329 1316 0
1297 1282 1299 0
1277 1261 1265 0
1262 1277 1278 0
1237 1236 1252 0
1202 1186 1190 0
1206 1202 1190 0
1203 1187 1202 0
1201 1196 1188 0
1213 1201 1204 0
1213 1196 1201 0
1171 1170 1155 0
1194 1210 1205 0
1177 1194 1189 0
1195 1209 1212 0
1242 1257 1243 0
1266 1281 1265 0
1327 1311 1325 0
1311 1296 1295 0
1282 1281 1266 0
1235 1240 1251 0
1260 1244 1259 0
1339 1323 1338 0
1351 1337 1353 0
1324 1323 1339 0
1337 1324 1339 0
1352 1336 1351 0
1321 1324 1337 0
1319 1318 1303 0
1336 1334 1321 0
1333 1318 1319 0
1349 1333 1334 0
1349 1332 1333 0
1308 1324 1321 0
1302 1308 1321 0
1302 1292 1308 0
1308 1292 1307 0
1242 1225 1241 0
1256 1242 1241 0
1209 1195 1193 0
1225 1209 1208 0
1226 1243 1227 0
1256 1257 1242 0
1212 1194 1195 0
1226 1211 1209 0
1221 1238 1239 0
1227 1221 1210 0
1227 1238 1221 0
1182 1199 1198 0
1192 1193 1176 0
1173 1190 1186 0
1173 1177 1189 0
1171 1173 1186 0
1159 1177 1173 0
1178 1195 1179 0
1205 1190 1189 0
1218 1235 1219 0
1206 1223 1218 0
1205 1206 1190 0
1205 1222 1206 0
1222 1239 1223 0
1209 1193 1208 0
1179 1195 1194 0
1178 1193 1195 0
1251 1268 1269 0
1235 1251 1236 0
1255 1268 1251 0
1223 1240 1235 0
1253 1271 1255 0
1220 1236 1237 0
1218 1223 1235 0
1203 1218 1219 0
1202 1206 1218 0
1240 1239 1255 0
1251 1240 1255 0
1223 1239 1240 0
1259 1276 1260 0
1297 1281 1282 0
1299 1314 1297 0
1294 1278 1293 0
1310 1294 1293 0
1309 1311 1295 0
1269 1283 1266 0
1285 1300 1283 0
1268 1285 1269 0
1284 1301 1285 0
1267 1271 1284 0
1255 1267 1268 0
1255 1271 1267 0
1287 1303 1301 0
1270 1258 1274 0
1268 1267 1284 0
1253 1254 1271 0
1333 1319 1334 0
1300 1301 1317 0
1315 1300 1317 0
1285 1301 1300 0
1303 1302 1321 0
1301 1303 1318 0
1317 1301 1318 0
1284 1287 1301 0
1287 1302 1303 0
1286 1302 1287 0
1284 1271 1287 0
1290 1292 1286 0
1274 1260 1275 0
1270 1271 1258 0
1287 1270 1286 0
1287 1271 1270 0
1254 1238 1244 0
1289 1288 1304 0
1322 1305 1304 0
1291 1276 1289 0
1275 1276 1291 0
1274 1258 1260 0
1286 1274 1290 0
1286 1270 1274 0
1244 1238 1228 0
1259 1257 1273 0
1307 1323 1324 0
1308 1307 1324 0
1292 1306 1307 0
1216 1232 1217 0
1166 1165 1151 0
1150 1166 1151 0
1135 1150 1151 0
1135 1134 1150 0
1153 1168 1169 0
1150 1153 1166 0
1164 1180 1168 0
1148 1140 1156 0
1197 1199 1182 0
1182 1181 1165 0
1213 1197 1196 0
1220 1213 1204 0
1246 1232 1231 0
1263 1247 1262 0
1232 1216 1215 0
1231 1232 1215 0
1214 1231 1215 0
1230 1246 1231 0
1247 1233 1232 0
1229 1234 1245 0
1220 1229 1213 0
1220 1234 1229 0
1237 1250 1249 0
1198 1200 1183 0
1182 1198 1181 0
1199 1215 1216 0
1213 1214 1197 0
1216 1200 1198 0
1226 1225 1242 0
1228 1227 1243 0
1209 1225 1226 0
1181 1198 1183 0
1178 1179 1163 0
1160 1158 1175 0
1178 1160 1176 0
1145 1158 1160 0
1211 1212 1209 0
1227 1211 1226 0
1227 1212 1211 0
1238 1227 1228 0
1210 1212 1227 0
1205 1210 1222 0
1223 1206 1222 0
1189 1194 1205 0
1194 1212 1210 0
1176 1193 1178 0
1161 1160 1178 0
1175 1192 1176 0
1161 1145 1160 0
1174 1192 1175 0
1192 1207 1208 0
1207 1192 1191 0
1225 1224 1241 0
1243 1226 1242 0
1208 1224 1225 0
1192 1208 1193 0
1207 1224 1208 0
1181 1183 1167 0
1152 1165 1167 0
1192 1174 1191 0
1165 1181 1167 0
1121 1106 1105 0
1221 1222 1210 0
1254 1258 1271 0
1238 1254 1253 0
1244 1260 1254 0
1243 1244 1228 0
1260 1258 1254 0
1239 1222 1221 0
1253 1239 1238 0
1253 1255 1239 0
1218 1203 1202 0
1236 1219 1235 0
1202 1187 1186 0
1204 1203 1219 0
1204 1188 1203 0
1246 1261 1262 0
1230 1245 1246 0
1229 1230 1214 0
1229 1245 1230 0
1234 1249 1245 0
1249 1261 1245 0
1237 1249 1234 0
1265 1261 1249 0
1277 1262 1261 0
1172 1156 1170 0
1187 1172 1185 0
1188 1180 1172 0
1203 1188 1187 0
1166 1182 1165 0
1188 1196 1180 0
1197 1182 1184 0
1162 1163 1179 0
1159 1162 1177 0
1171 1159 1173 0
1155 1143 1159 0
1159 1143 1146 0
1171 1155 1159 0
1187 1185 1186 0
1170 1156 1154 0
1155 1170 1154 0
1185 1172 1170 0
1186 1185 1171 0
1187 1188 1172 0
1139 1138 1124 0
1149 1150 1134 0
1152 1151 1165 0
1136 1122 1121 0
1054 1064 1063 0
1053 1069 1054 0
1035 1050 1051 0
1037 1035 1051 0
1020 1034 1035 0
1082 1083 1068 0
1083 1099 1084 0
1147 1163 1146 0
1094 1092 1078 0
1064 1079 1078 0
1124 1123 1107 0
1157 1174 1158 0
1158 1174 1175 0
1151 1152 1137 0
1129 1142 1145 0
1140 1125 1138 0
1136 1121 1135 0
1092 1085 1078 0
1108 1092 1107 0
1101 1085 1092 0
1108 1101 1092 0
1138 1125 1123 0
1124 1138 1123 0
1154 1140 1138 0
1118 1101 1108 0
1103 1089 1086 0
1119 1102 1104 0
1135 1119 1120 0
1121 1105 1119 0
1089 1073 1086 0
1135 1120 1134 0
1106 1121 1122 0
1105 1102 1119 0
1091 1105 1106 0
1075 1076 1061 0
1105 1090 1102 0
1091 1076 1090 0
1142 1141 1157 0
1158 1142 1157 0
1176 1160 1175 0
1145 1142 1158 0
1144 1145 1161 0
1144 1130 1145 0
1129 1127 1142 0
1163 1161 1178 0
1097 1082 1081 0
1113 1114 1098 0
1112 1113 1097 0
1129 1114 1113 0
1099 1083 1098 0
1084 1069 1083 0
1095 1084 1100 0
1079 1064 1069 0
1095 1079 1084 0
1095 1094 1079 0
1046 1049 1033 0
1050 1066 1051 0
1033 1049 1034 0
1065 1066 1050 0
1077 1065 1062 0
1080 1066 1065 0
1067 1051 1066 0
1082 1067 1081 0
1068 1052 1067 0
1127 1126 1141 0
1142 1127 1141 0
1114 1129 1130 0
1112 1127 1129 0
1112 1126 1127 0
1104 1087 1089 0
1120 1104 1103 0
1102 1090 1088 0
1120 1119 1104 0
1105 1091 1090 0
1107 1123 1108 0
1094 1107 1092 0
1094 1110 1107 0
1128 1143 1139 0
1132 1131 1115 0
1146 1163 1162 0
1132 1147 1131 0
1132 1130 1144 0
1139 1154 1138 0
1089 1074 1073 0
1104 1089 1103 0
1087 1074 1089 0
1088 1087 1104 0
1088 1072 1087 0
1039 1041 1023 0
1032 1039 1023 0
1055 1041 1039 0
1035 1037 1020 0
1015 1021 1031 0
1050 1035 1034 0
1052 1051 1067 0
1037 1036 1020 0
1052 1037 1051 0
1052 1036 1037 0
1053 1052 1068 0
1053 1038 1052 0
1004 1019 1021 0
1002 986 1000 0
987 972 971 0
998 988 1004 0
998 983 988 0
970 985 986 0
1086 1085 1101 0
1103 1086 1101 0
1073 1085 1086 0
1059 1073 1074 0
1070 1085 1073 0
1058 1070 1073 0
1063 1078 1070 0
1047 1063 1048 0
1038 1053 1047 0
1031 1038 1047 0
1021 1019 1036 0
1069 1064 1054 0
1064 1078 1063 0
1113 1098 1097 0
1117 1114 1130 0
1116 1099 1114 0
1112 1109 1126 0
1098 1083 1082 0
1117 1116 1114 0
1132 1117 1130 0
1132 1116 1117 0
1100 1084 1099 0
1096 1109 1112 0
1044 1060 1061 0
1096 1081 1080 0
1129 1113 1112 0
1098 1082 1097 0
1177 1179 1194 0
1190 1173 1189 0
1162 1179 1177 0
1145 1130 1129 0
1147 1144 1161 0
1147 1132 1144 0
1146 1131 1147 0
1159 1146 1162 0
1143 1131 1146 0
1139 1143 1155 0
1154 1139 1155 0
1124 1128 1139 0
1116 1100 1099 0
1128 1115 1131 0
1111 1100 1115 0
1128 1111 1115 0
1128 1110 1111 0
1143 1128 1131 0
1110 1094 1095 0
1111 1110 1095 0
1124 1107 1110 0
1114 1099 1098 0
1115 1116 1132 0
1115 1100 1116 0
1147 1161 1163 0
1096 1097 1081 0
1069 1068 1083 0
1096 1080 1093 0
1109 1096 1093 0
1112 1097 1096 0
1068 1067 1082 0
1080 1077 1093 0
1067 1066 1081 0
1065 1077 1080 0
1044 1043 1060 0
1049 1050 1034 0
1062 1049 1046 0
1065 1050 1049 0
1062 1065 1049 0
1002 1019 1003 0
986 1002 1003 0
1017 1019 1002 0
1036 1038 1021 0
1020 1036 1019 0
1052 1038 1036 0
1069 1053 1068 0
1054 1047 1053 0
1016 999 1013 0
1010 1026 1011 0
1026 1040 1043 0
1027 1026 1043 0
1010 1005 1022 0
994 1010 1011 0
992 989 1005 0
1108 1125 1118 0
1124 1110 1128 0
1070 1078 1085 0
1095 1100 1111 0
1078 1079 1094 0
1079 1069 1084 0
1136 1151 1137 0
1122 1136 1137 0
1135 1151 1136 0
1119 1135 1121 0
1149 1164 1153 0
1150 1149 1153 0
1134 1133 1148 0
1133 1134 1120 0
1180 1164 1172 0
1169 1166 1153 0
1182 1169 1184 0
1182 1166 1169 0
1148 1133 1140 0
1149 1148 1164 0
1149 1134 1148 0
1118 1133 1120 0
1103 1118 1120 0
1103 1101 1118 0
1201 1188 1204 0
1184 1196 1197 0
1172 1164 1156 0
1184 1180 1196 0
1168 1153 1164 0
1184 1168 1180 0
1184 1169 1168 0
1148 1156 1164 0
1125 1140 1133 0
1118 1125 1133 0
1108 1123 1125 0
1154 1156 1140 0
1185 1170 1171 0
1057 1043 1040 0
1072 1088 1075 0
1060 1072 1075 0
1057 1056 1071 0
1075 1061 1060 0
1044 1027 1043 0
1081 1066 1080 0
993 994 1011 0
1033 1030 1046 0
1018 1033 1034 0
1017 1018 1034 0
1001 999 1016 0
1016 1030 1033 0
1006 1023 1024 0
1009 1006 1024 0
1009 996 1006 0
990 1009 1007 0
1014 997 1015 0
988 1003 1004 0
965 972 983 0
972 987 988 0
1014 1032 1023 0
1006 1014 1023 0
996 997 1014 0
991 996 1009 0
990 991 1009 0
975 976 991 0
1014 1015 1032 0
982 997 996 0
991 982 996 0
976 980 982 0
998 1015 997 0
983 998 997 0
983 972 988 0
965 971 972 0
1009 1024 1025 0
996 1014 1006 0
1031 1032 1015 0
1048 1063 1055 0
1032 1048 1039 0
1047 1054 1063 0
1031 1047 1048 0
1031 1021 1038 0
1039 1048 1055 0
999 995 1013 0
1016 1018 1001 0
1030 1016 1013 0
1033 1018 1016 0
1001 984 999 0
937 938 922 0
921 936 922 0
968 985 967 0
952 968 967 0
953 964 969 0
992 1010 994 0
994 993 978 0
961 962 979 0
1071 1072 1057 0
1059 1071 1056 0
1074 1087 1071 0
1102 1088 1104 0
1072 1060 1057 0
1090 1075 1088 0
1090 1076 1075 0
1087 1072 1071 0
1043 1057 1060 0
1040 1045 1056 0
1027 1011 1026 0
1028 1025 1042 0
1031 1048 1032 0
1070 1055 1063 0
1058 1041 1055 0
1059 1058 1073 0
1059 1042 1058 0
978 961 979 0
1058 1055 1070 0
981 995 984 0
1041 1024 1023 0
1042 1041 1058 0
1042 1024 1041 0
1056 1042 1059 0
1028 1012 1025 0
1045 1028 1042 0
1045 1029 1028 0
1056 1045 1042 0
1074 1071 1059 0
1057 1040 1056 0
1022 1026 1010 0
1008 989 1007 0
1012 1005 1008 0
1029 1022 1012 0
1040 1029 1045 0
1040 1022 1029 0
1040 1026 1022 0
1010 992 1005 0
979 992 994 0
978 979 994 0
962 960 977 0
1025 1007 1009 0
1042 1025 1024 0
1012 1008 1025 0
1025 1008 1007 0
1029 1012 1028 0
1022 1005 1012 0
1005 989 1008 0
977 989 992 0
974 956 957 0
973 974 990 0
973 956 974 0
977 973 989 0
959 956 973 0
975 974 957 0
958 975 957 0
991 990 975 0
989 990 1007 0
989 973 990 0
977 959 973 0
944 960 962 0
943 942 960 0
929 928 944 0
924 909 910 0
926 924 939 0
926 911 924 0
893 909 895 0
892 910 894 0
917 901 900 0
902 917 900 0
932 931 917 0
917 916 901 0
916 925 910 0
901 916 910 0
931 925 916 0
984 969 981 0
977 960 959 0
979 977 992 0
979 962 977 0
945 962 961 0
944 943 960 0
969 984 985 0
954 969 968 0
964 981 969 0
942 959 960 0
947 958 940 0
931 947 940 0
931 932 947 0
974 975 990 0
945 944 962 0
945 929 944 0
985 968 969 0
1001 986 985 0
995 999 984 0
1000 1017 1002 0
1001 1000 986 0
1018 1017 1000 0
970 967 985 0
955 965 950 0
955 971 965 0
937 955 938 0
967 970 971 0
952 967 955 0
937 952 955 0
937 936 954 0
969 954 953 0
987 1003 988 0
970 987 971 0
970 986 987 0
986 1003 987 0
984 1001 985 0
1017 1020 1019 0
1001 1018 1000 0
1034 1020 1017 0
1004 1021 1015 0
998 1004 1015 0
1003 1019 1004 0
949 953 935 0
955 967 971 0
954 936 953 0
952 954 968 0
952 937 954 0
922 936 937 0
921 920 935 0
949 964 953 0
912 896 911 0
950 951 934 0
980 983 982 0
931 916 917 0
948 947 932 0
930 946 932 0
963 947 948 0
976 975 958 0
963 976 958 0
982 991 976 0
956 939 940 0
925 924 910 0
884 900 892 0
852 845 837 0
877 861 878 0
859 844 861 0
885 902 900 0
869 885 884 0
869 883 885 0
946 948 932 0
919 934 930 0
951 948 946 0
983 966 965 0
963 948 951 0
983 980 966 0
958 947 963 0
980 976 963 0
966 980 963 0
983 997 982 0
957 940 958 0
902 915 917 0
884 885 900 0
883 866 867 0
902 885 899 0
869 866 883 0
950 965 966 0
951 950 966 0
963 951 966 0
946 934 951 0
934 938 950 0
928 929 914 0
913 928 914 0
898 913 914 0
897 896 912 0
943 944 928 0
898 897 913 0
919 923 934 0
908 921 922 0
891 908 907 0
904 891 907 0
887 875 891 0
906 921 908 0
890 906 908 0
891 890 908 0
875 889 890 0
905 920 906 0
903 905 888 0
908 922 923 0
920 921 906 0
918 920 905 0
918 933 920 0
935 933 949 0
936 935 953 0
920 933 935 0
936 921 935 0
881 882 865 0
905 903 918 0
864 881 865 0
849 864 865 0
880 896 881 0
864 880 881 0
863 862 879 0
857 874 858 0
856 857 858 0
873 874 857 0
855 854 870 0
841 855 856 0
840 854 855 0
890 889 906 0
903 888 886 0
923 922 938 0
934 923 938 0
955 950 938 0
946 930 934 0
907 908 923 0
904 907 919 0
915 904 919 0
899 887 904 0
889 873 872 0
905 889 888 0
875 874 889 0
927 912 926 0
928 927 943 0
928 913 927 0
882 897 898 0
912 911 926 0
913 912 927 0
913 897 912 0
881 896 897 0
882 881 897 0
864 863 880 0
880 863 879 0
849 848 864 0
877 876 860 0
847 862 863 0
894 878 892 0
893 894 910 0
893 876 894 0
909 893 910 0
876 862 860 0
895 879 893 0
895 880 879 0
846 860 862 0
877 878 894 0
876 877 894 0
859 861 877 0
843 859 860 0
844 845 861 0
871 883 867 0
858 871 867 0
874 887 871 0
868 861 852 0
878 868 884 0
878 861 868 0
905 906 889 0
883 899 885 0
887 899 883 0
875 887 874 0
873 889 874 0
890 891 875 0
891 904 887 0
904 915 899 0
923 919 907 0
915 902 899 0
930 915 919 0
930 917 915 0
858 842 841 0
871 858 874 0
867 851 858 0
887 883 871 0
850 853 838 0
852 837 853 0
855 841 840 0
857 856 873 0
858 841 856 0
895 909 911 0
880 895 896 0
877 860 859 0
879 876 893 0
879 862 876 0
892 901 910 0
884 892 878 0
900 901 892 0
925 939 924 0
930 932 917 0
942 943 927 0
926 942 927 0
909 924 911 0
939 942 926 0
940 939 925 0
931 940 925 0
957 956 940 0
956 941 939 0
941 959 942 0
939 941 942 0
956 959 941 0
848 833 832 0
771 770 754 0
767 771 755 0
774 767 759 0
790 807 791 0
774 790 791 0
789 806 790 0
773 789 790 0
807 806 823 0
824 825 808 0
839 824 823 0
840 825 824 0
808 791 807 0
800 808 802 0
790 806 807 0
823 824 807 0
788 802 803 0
790 774 773 0
800 791 808 0
783 767 774 0
800 783 791 0
800 784 783 0
872 888 889 0
856 872 873 0
870 886 872 0
848 847 863 0
833 848 849 0
832 831 848 0
816 832 833 0
815 813 831 0
799 815 816 0
798 781 796 0
888 872 886 0
799 782 798 0
872 856 855 0
870 872 855 0
819 836 820 0
802 819 803 0
834 836 819 0
808 825 818 0
842 836 834 0
811 794 812 0
840 841 825 0
834 825 842 0
839 840 824 0
839 854 840 0
729 714 712 0
732 729 745 0
732 714 729 0
732 715 714 0
749 732 746 0
733 715 732 0
734 733 749 0
718 716 733 0
702 687 686 0
717 702 701 0
717 716 702 0
679 695 680 0
681 666 680 0
678 677 692 0
665 649 664 0
663 662 676 0
648 663 664 0
647 662 663 0
747 763 748 0
731 747 748 0
730 731 748 0
730 718 731 0
734 749 747 0
731 734 747 0
718 733 734 0
747 749 763 0
730 719 713 0
717 715 733 0
640 624 638 0
654 640 638 0
687 685 672 0
722 712 723 0
701 698 715 0
717 701 715 0
686 698 701 0
711 694 695 0
707 711 726 0
707 694 711 0
697 696 712 0
714 697 712 0
682 668 681 0
697 682 681 0
683 668 682 0
697 683 682 0
686 683 698 0
702 686 701 0
716 699 702 0
672 669 657 0
655 671 661 0
685 684 672 0
642 653 643 0
640 655 639 0
671 686 687 0
640 656 655 0
640 654 656 0
668 667 681 0
754 753 738 0
812 795 804 0
779 763 762 0
786 795 778 0
768 785 769 0
804 795 786 0
733 732 749 0
768 754 770 0
787 785 770 0
753 745 738 0
769 753 768 0
769 761 753 0
785 786 769 0
770 785 768 0
801 786 785 0
761 746 745 0
778 761 769 0
778 762 761 0
732 745 746 0
753 754 768 0
729 738 745 0
739 754 738 0
723 739 738 0
723 726 739 0
725 709 724 0
741 725 724 0
727 709 725 0
741 740 725 0
708 710 693 0
709 708 693 0
727 710 708 0
757 756 741 0
726 711 728 0
743 726 728 0
744 743 728 0
727 744 728 0
759 743 744 0
755 739 743 0
754 755 771 0
754 739 755 0
698 714 715 0
697 698 683 0
697 714 698 0
707 712 696 0
694 707 696 0
723 712 707 0
722 738 729 0
712 722 729 0
723 738 722 0
742 744 727 0
725 742 727 0
758 744 742 0
755 759 767 0
755 743 759 0
786 778 769 0
794 795 812 0
794 779 795 0
801 804 786 0
787 801 785 0
771 787 770 0
805 801 787 0
817 804 801 0
817 822 821 0
838 837 821 0
803 819 820 0
853 869 852 0
835 850 838 0
866 869 853 0
762 778 779 0
746 762 749 0
746 761 762 0
827 844 826 0
828 827 811 0
828 845 827 0
837 845 828 0
805 820 822 0
852 869 868 0
868 869 884 0
845 852 861 0
837 838 853 0
848 863 864 0
816 815 832 0
811 809 794 0
828 811 812 0
804 821 812 0
845 844 827 0
826 809 811 0
829 826 843 0
814 810 826 0
821 837 828 0
812 821 828 0
804 817 821 0
896 895 911 0
762 763 749 0
779 775 763 0
745 753 761 0
794 777 779 0
827 826 811 0
777 775 779 0
793 777 794 0
793 775 777 0
781 782 766 0
780 781 765 0
776 780 764 0
793 776 775 0
792 796 780 0
793 792 776 0
793 810 792 0
796 813 798 0
776 792 780 0
829 843 846 0
830 829 846 0
814 826 829 0
830 814 829 0
810 809 826 0
813 810 814 0
826 844 843 0
793 809 810 0
793 794 809 0
798 815 799 0
780 796 781 0
830 846 847 0
831 830 847 0
831 814 830 0
798 813 815 0
797 792 810 0
831 847 848 0
815 831 832 0
797 796 792 0
813 797 810 0
813 796 797 0
813 814 831 0
859 843 844 0
860 846 843 0
862 847 846 0
798 782 781 0
851 836 842 0
866 851 867 0
850 836 851 0
822 835 838 0
821 822 838 0
817 805 822 0
851 842 858 0
820 836 835 0
822 820 835 0
805 803 820 0
819 802 818 0
788 803 805 0
787 788 805 0
784 767 783 0
791 783 774 0
788 800 802 0
784 771 767 0
788 784 800 0
788 771 784 0
751 736 735 0
752 751 765 0
752 736 751 0
788 787 771 0
850 866 853 0
836 850 835 0
851 866 850 0
817 801 805 0
776 760 775 0
765 764 780 0
765 751 764 0
818 834 819 0
808 818 802 0
825 834 818 0
807 824 808 0
841 842 825 0
773 774 758 0
772 773 757 0
772 789 773 0
720 736 721 0
705 720 721 0
719 735 720 0
763 760 748 0
750 751 735 0
730 748 735 0
764 751 750 0
766 765 781 0
766 752 765 0
736 737 721 0
748 760 750 0
735 748 750 0
731 718 734 0
752 737 736 0
739 726 743 0
704 719 720 0
778 795 779 0
680 694 696 0
710 695 693 0
711 710 728 0
711 695 710 0
723 707 726 0
680 695 694 0
681 680 696 0
697 681 696 0
667 666 681 0
651 652 668 0
649 648 664 0
666 649 665 0
680 666 665 0
652 637 650 0
667 652 650 0
667 668 652 0
635 618 617 0
666 650 649 0
637 621 635 0
633 619 632 0
649 633 648 0
649 634 633 0
677 664 663 0
691 677 676 0
678 664 677 0
693 678 692 0
679 665 678 0
728 710 727 0
700 688 684 0
700 703 688 0
718 713 716 0
730 735 719 0
704 689 703 0
719 704 703 0
713 719 703 0
735 736 720 0
705 690 704 0
671 656 670 0
672 671 687 0
661 657 655 0
672 661 671 0
672 657 661 0
622 638 624 0
651 668 654 0
689 704 690 0
689 688 703 0
675 689 690 0
675 674 689 0
700 716 713 0
703 700 713 0
699 687 702 0
684 685 700 0
684 669 672 0
758 759 744 0
756 758 742 0
773 756 757 0
773 758 756 0
774 759 758 0
674 673 688 0
660 674 675 0
660 645 659 0
651 637 652 0
654 638 651 0
683 670 668 0
670 686 671 0
654 670 656 0
683 686 670 0
636 637 651 0
674 688 689 0
645 644 659 0
669 684 673 0
673 684 688 0
657 641 655 0
623 625 607 0
627 642 643 0
611 627 626 0
625 642 627 0
625 641 642 0
607 625 608 0
623 639 625 0
591 606 607 0
624 640 639 0
657 642 641 0
656 671 655 0
653 642 657 0
669 653 657 0
669 673 658 0
643 626 627 0
610 608 625 0
595 594 611 0
612 596 609 0
579 578 594 0
592 577 576 0
577 563 562 0
576 577 562 0
593 594 578 0
608 593 592 0
608 611 594 0
564 548 563 0
606 622 624 0
590 591 607 0
592 590 607 0
592 575 590 0
604 603 586 0
587 604 586 0
621 603 604 0
606 605 622 0
588 589 605 0
590 588 591 0
575 573 588 0
622 636 638 0
668 670 654 0
602 617 618 0
602 601 617 0
621 602 618 0
586 572 587 0
584 600 601 0
678 695 679 0
706 692 691 0
693 695 678 0
709 693 692 0
709 727 708 0
724 709 706 0
740 741 756 0
742 740 756 0
742 725 740 0
621 618 635 0
622 605 620 0
603 589 586 0
620 603 621 0
636 620 621 0
636 622 620 0
605 589 603 0
692 677 691 0
648 647 663 0
650 666 667 0
635 650 637 0
634 649 650 0
635 634 650 0
635 619 634 0
678 665 664 0
679 680 665 0
633 632 648 0
616 617 600 0
634 619 633 0
635 617 619 0
636 621 637 0
587 572 585 0
601 587 585 0
602 604 587 0
631 615 630 0
646 631 630 0
615 600 599 0
632 616 631 0
632 619 616 0
601 600 617 0
584 583 599 0
663 676 677 0
704 720 705 0
713 718 730 0
699 716 700 0
685 699 700 0
685 687 699 0
717 733 716 0
760 763 775 0
764 760 776 0
764 750 760 0
709 692 706 0
643 628 626 0
659 644 658 0
673 659 658 0
674 660 659 0
645 628 644 0
647 646 662 0
628 629 613 0
646 647 631 0
610 627 611 0
608 610 611 0
625 627 610 0
658 643 653 0
669 658 653 0
673 674 659 0
644 628 643 0
629 628 645 0
644 643 658 0
612 626 628 0
609 611 626 0
615 616 600 0
630 615 614 0
631 616 615 0
612 628 613 0
597 612 613 0
609 626 612 0
597 596 612 0
620 605 603 0
651 638 636 0
606 623 607 0
605 606 591 0
624 623 606 0
632 647 648 0
617 616 619 0
631 647 632 0
580 581 566 0
595 580 579 0
596 581 580 0
609 596 595 0
597 581 596 0
583 568 582 0
539 538 554 0
555 539 554 0
569 555 554 0
570 572 557 0
541 542 539 0
557 541 555 0
557 542 541 0
544 540 556 0
558 544 559 0
573 558 559 0
560 546 558 0
528 514 512 0
543 528 544 0
543 530 528 0
527 511 526 0
544 527 540 0
512 511 527 0
540 527 526 0
525 524 539 0
542 525 539 0
492 478 477 0
508 493 492 0
526 509 525 0
510 495 509 0
510 494 495 0
585 584 601 0
568 569 554 0
568 583 569 0
598 583 582 0
599 600 584 0
598 599 583 0
598 614 599 0
599 614 615 0
551 550 565 0
534 519 533 0
514 530 521 0
590 575 588 0
564 563 578 0
576 560 575 0
593 577 592 0
561 560 576 0
608 592 607 0
639 655 641 0
625 639 641 0
623 624 639 0
578 563 577 0
593 578 577 0
594 595 579 0
608 594 593 0
611 609 595 0
547 545 561 0
548 547 562 0
531 545 547 0
543 544 558 0
546 543 558 0
530 514 528 0
573 559 574 0
553 568 554 0
529 513 521 0
530 529 521 0
545 531 529 0
576 575 592 0
546 560 561 0
545 546 561 0
530 543 546 0
573 575 560 0
518 533 517 0
516 518 517 0
532 533 518 0
538 523 537 0
569 570 555 0
524 523 538 0
539 524 538 0
525 509 524 0
527 528 512 0
503 504 488 0
471 487 488 0
517 533 519 0
503 517 519 0
502 500 516 0
516 517 502 0
501 516 500 0
515 532 516 0
519 504 503 0
448 465 466 0
445 464 446 0
463 479 480 0
481 466 465 0
499 482 497 0
499 505 489 0
474 457 466 0
482 474 466 0
485 473 469 0
568 567 582 0
584 569 583 0
553 567 568 0
537 553 554 0
552 567 553 0
513 515 501 0
537 536 552 0
553 537 552 0
555 541 539 0
584 585 569 0
556 559 544 0
542 556 540 0
572 586 571 0
585 572 570 0
569 585 570 0
601 602 587 0
571 559 556 0
557 571 556 0
586 589 574 0
557 572 571 0
542 557 556 0
555 570 557 0
523 507 522 0
554 538 537 0
524 508 523 0
487 503 488 0
486 487 471 0
486 502 487 0
512 514 499 0
510 526 511 0
527 544 528 0
486 471 470 0
483 486 470 0
502 503 487 0
537 522 536 0
574 559 571 0
586 574 571 0
589 588 574 0
574 588 573 0
602 621 604 0
605 591 588 0
579 564 578 0
596 580 595 0
580 564 579 0
551 565 566 0
550 549 565 0
565 549 564 0
535 550 551 0
534 533 550 0
535 534 550 0
535 520 534 0
548 564 549 0
547 561 562 0
515 529 531 0
530 546 545 0
565 580 566 0
562 563 548 0
532 547 548 0
561 576 562 0
564 580 565 0
533 549 550 0
517 503 502 0
520 519 534 0
520 504 519 0
532 549 533 0
459 460 442 0
475 459 458 0
476 460 459 0
506 507 491 0
477 461 460 0
491 492 477 0
490 491 476 0
490 506 491 0
479 496 480 0
495 494 479 0
510 496 494 0
522 537 523 0
482 499 489 0
512 499 497 0
514 505 499 0
573 560 558 0
481 480 496 0
447 448 466 0
481 496 497 0
464 480 465 0
464 463 480 0
511 497 496 0
526 542 540 0
509 526 510 0
525 542 526 0
512 497 511 0
489 485 474 0
482 489 474 0
505 513 498 0
507 523 508 0
492 507 508 0
506 522 507 0
472 471 488 0
476 475 490 0
498 501 485 0
521 513 505 0
514 521 505 0
530 545 529 0
501 500 484 0
485 501 484 0
515 516 501 0
529 515 513 0
531 532 515 0
532 518 516 0
547 532 531 0
548 549 532 0
483 468 484 0
500 486 483 0
456 471 472 0
455 439 454 0
455 440 439 0
476 459 475 0
414 431 413 0
442 428 426 0
427 431 414 0
443 427 428 0
445 463 464 0
429 445 431 0
429 444 445 0
476 477 460 0
448 464 465 0
432 448 447 0
432 430 446 0
431 445 446 0
461 477 478 0
462 461 478 0
444 460 461 0
457 450 447 0
469 457 474 0
469 450 457 0
485 469 474 0
437 449 433 0
436 452 437 0
421 436 437 0
435 450 451 0
467 449 452 0
473 467 469 0
484 473 485 0
484 467 473 0
498 513 501 0
489 498 485 0
489 505 498 0
453 470 454 0
449 453 454 0
468 470 453 0
484 468 467 0
483 470 468 0
500 483 484 0
500 502 486 0
419 420 404 0
418 421 406 0
437 420 419 0
421 435 436 0
449 438 433 0
430 413 431 0
403 406 391 0
434 418 417 0
421 419 406 0
435 421 418 0
434 435 418 0
451 469 452 0
435 451 436 0
450 469 451 0
436 451 452 0
466 457 447 0
437 452 449 0
420 437 433 0
419 421 437 0
403 402 417 0
442 458 459 0
423 408 422 0
438 423 422 0
424 409 423 0
396 380 395 0
426 412 411 0
426 428 412 0
481 497 482 0
466 481 482 0
465 480 481 0
479 494 496 0
462 479 463 0
444 462 463 0
478 479 462 0
478 495 479 0
444 461 462 0
508 524 509 0
493 508 509 0
495 493 509 0
495 492 493 0
492 491 507 0
478 492 495 0
477 476 491 0
510 511 496 0
412 398 397 0
415 432 417 0
427 429 431 0
415 417 402 0
416 415 402 0
416 432 415 0
446 448 432 0
431 446 430 0
464 448 446 0
434 417 432 0
447 434 432 0
447 450 434 0
400 386 383 0
430 416 413 0
402 386 400 0
416 402 400 0
401 416 400 0
430 432 416 0
387 385 402 0
408 407 422 0
394 408 409 0
393 407 408 0
406 419 404 0
439 440 424 0
449 454 438 0
455 470 471 0
438 454 439 0
423 409 408 0
422 433 438 0
449 468 453 0
442 426 441 0
458 442 441 0
443 428 442 0
460 443 442 0
460 444 443 0
407 392 405 0
439 424 423 0
393 392 407 0
392 389 405 0
394 393 408 0
361 378 362 0
423 438 439 0
420 422 407 0
420 433 422 0
394 378 393 0
450 435 434 0
388 371 373 0
404 388 390 0
389 372 371 0
403 417 418 0
406 403 418 0
391 387 403 0
429 443 444 0
463 445 444 0
427 443 429 0
411 396 410 0
425 411 410 0
412 397 411 0
414 412 428 0
398 384 397 0
414 398 412 0
414 399 398 0
427 414 428 0
401 383 382 0
399 401 384 0
413 399 414 0
413 401 399 0
413 416 401 0
425 441 426 0
376 377 393 0
378 376 393 0
359 341 360 0
361 359 376 0
361 344 359 0
344 361 362 0
344 341 359 0
410 396 395 0
452 469 467 0
468 449 467 0
455 471 456 0
440 455 456 0
454 470 455 0
296 297 275 0
281 300 280 0
273 281 261 0
274 296 275 0
297 314 295 0
295 314 301 0
391 375 374 0
335 340 354 0
323 318 303 0
353 336 354 0
342 360 341 0
326 342 341 0
325 336 342 0
354 336 335 0
353 360 342 0
307 286 303 0
266 286 288 0
264 262 282 0
338 357 337 0
342 336 353 0
326 325 342 0
308 326 324 0
308 325 326 0
305 308 324 0
287 288 308 0
318 336 325 0
284 287 305 0
265 266 288 0
357 374 358 0
324 328 310 0
287 308 305 0
308 307 325 0
375 390 373 0
358 375 373 0
339 358 340 0
356 349 369 0
339 357 358 0
339 337 357 0
391 390 375 0
353 372 360 0
373 353 354 0
355 373 354 0
340 355 354 0
358 373 355 0
390 388 373 0
389 392 377 0
222 241 221 0
224 222 205 0
224 240 222 0
242 240 224 0
259 278 262 0
241 259 244 0
280 300 279 0
328 344 343 0
305 324 306 0
344 362 343 0
308 288 307 0
361 376 378 0
359 360 376 0
372 389 377 0
30 16 31 0
31 16 32 0
48 31 32 0
47 30 31 0
48 32 49 0
47 48 65 0
47 31 48 0
66 48 49 0
66 65 48 0
66 82 65 0
67 66 49 0
67 83 66 0
83 97 82 0
66 83 82 0
67 84 83 0
83 84 98 0
98 84 99 0
97 98 114 0
97 83 98 0
115 98 99 0
115 114 98 0
116 115 99 0
129 114 115 0
116 130 115 0
130 144 129 0
115 130 129 0
116 131 130 0
130 131 145 0
145 131 146 0
144 145 160 0
144 130 145 0
161 145 146 0
161 160 145 0
162 161 146 0
176 160 161 0
162 177 161 0
177 193 176 0
161 177 176 0
162 178 177 0
177 178 194 0
194 178 195 0
193 194 212 0
193 177 194 0
213 194 195 0
213 212 194 0
213 230 212 0
214 213 195 0
214 231 213 0
232 231 214 0
213 231 230 0
250 232 251 0
268 250 251 0
249 230 231 0
249 231 250 0
251 269 268 0
268 289 267 0
250 268 267 0
249 250 267 0
231 232 250 0
269 285 290 0
269 290 268 0
290 289 268 0
306 291 285 0
309 289 290 0
306 285 305 0
310 291 306 0
310 328 327 0
309 310 327 0
306 324 310 0
291 290 285 0
309 291 310 0
309 290 291 0
288 287 265 0
264 286 266 0
286 282 303 0
343 327 328 0
337 339 321 0
403 387 402 0
404 405 388 0
358 355 340 0
406 390 391 0
406 404 390 0
8 1 9 0
23 39 22 0
22 39 38 0
21 22 38 0
9 23 22 0
39 40 55 0
39 23 40 0
74 61 57 0
22 21 8 0
55 40 58 0
78 77 93 0
58 74 55 0
76 92 77 0
74 76 61 0
90 92 76 0
75 90 74 0
75 91 90 0
20 11 6 0
21 38 20 0
7 21 20 0
8 9 22 0
12 13 27 0
14 13 4 0
29 14 15 0
29 28 14 0
15 14 4 0
45 64 63 0
27 28 44 0
29 36 46 0
28 29 45 0
44 28 45 0
27 13 28 0
15 10 24 0
3 15 4 0
10 2 11 0
73 53 54 0
64 46 62 0
29 24 36 0
120 103 104 0
128 120 135 0
142 128 135 0
150 142 135 0
158 143 142 0
127 112 128 0
71 88 80 0
62 71 80 0
64 62 80 0
46 53 62 0
73 88 71 0
42 26 43 0
60 59 42 0
61 60 57 0
78 59 60 0
41 37 24 0
59 41 42 0
54 37 41 0
73 54 72 0
25 10 11 0
26 25 11 0
41 24 25 0
36 37 53 0
24 10 25 0
72 89 73 0
94 89 79 0
103 88 89 0
111 103 120 0
113 95 103 0
81 95 96 0
80 88 95 0
64 80 81 0
46 45 29 0
53 71 62 0
24 37 36 0
73 71 53 0
64 45 46 0
44 45 63 0
14 28 13 0
11 2 6 0
38 26 20 0
10 3 2 0
72 78 79 0
88 73 89 0
53 37 54 0
54 59 72 0
20 26 11 0
60 42 43 0
72 59 78 0
54 41 59 0
38 43 26 0
38 39 56 0
77 92 93 0
61 77 78 0
61 76 77 0
15 3 10 0
42 25 26 0
57 60 43 0
7 20 6 0
7 8 21 0
57 56 74 0
78 60 61 0
43 56 57 0
64 81 63 0
80 95 81 0
106 122 105 0
140 139 155 0
110 109 125 0
121 110 126 0
94 109 110 0
124 139 125 0
109 124 125 0
107 105 122 0
90 105 92 0
137 139 124 0
95 113 96 0
92 108 93 0
138 137 123 0
152 155 139 0
138 152 137 0
138 153 152 0
111 128 113 0
103 111 113 0
120 128 111 0
152 139 137 0
113 128 112 0
96 113 112 0
95 88 103 0
89 72 79 0
15 24 29 0
41 25 42 0
104 94 110 0
58 75 74 0
107 124 108 0
105 107 108 0
122 124 107 0
123 122 106 0
137 124 122 0
76 74 90 0
79 78 93 0
94 79 93 0
36 53 46 0
56 39 55 0
74 56 55 0
43 38 56 0
105 91 106 0
92 105 108 0
90 91 105 0
104 103 89 0
94 104 89 0
121 120 104 0
203 187 186 0
167 151 156 0
140 155 154 0
94 93 109 0
122 123 137 0
135 120 121 0
186 168 169 0
143 127 128 0
128 142 143 0
185 203 186 0
172 167 156 0
221 201 205 0
184 167 183 0
110 125 126 0
108 109 93 0
108 124 109 0
150 151 166 0
159 150 166 0
140 126 125 0
151 141 156 0
136 126 141 0
135 136 150 0
135 121 136 0
206 204 224 0
182 185 169 0
182 200 199 0
158 174 157 0
143 158 157 0
142 150 158 0
174 184 175 0
159 166 174 0
158 159 174 0
158 150 159 0
167 184 166 0
121 126 136 0
189 205 201 0
167 172 183 0
170 154 171 0
172 170 188 0
172 156 170 0
191 210 208 0
190 175 191 0
209 227 228 0
211 209 228 0
202 221 209 0
183 202 184 0
228 246 247 0
221 227 209 0
221 241 227 0
171 154 155 0
171 188 170 0
171 187 188 0
152 168 155 0
168 153 169 0
171 168 186 0
152 153 168 0
203 223 204 0
199 203 185 0
204 188 187 0
203 204 187 0
223 224 204 0
170 156 154 0
189 172 188 0
189 183 172 0
151 136 141 0
166 151 167 0
150 136 151 0
141 154 156 0
104 110 121 0
140 154 141 0
126 140 141 0
125 139 140 0
239 219 238 0
223 203 207 0
200 219 220 0
227 241 244 0
174 166 184 0
173 174 190 0
173 157 174 0
199 185 182 0
220 199 200 0
220 225 207 0
201 183 189 0
202 201 221 0
202 183 201 0
168 171 155 0
185 186 169 0
187 171 186 0
175 184 192 0
191 175 192 0
211 229 210 0
209 211 192 0
228 229 211 0
208 190 191 0
190 174 175 0
206 224 205 0
189 206 205 0
188 204 206 0
225 242 223 0
255 274 275 0
236 255 254 0
261 243 254 0
225 220 236 0
238 257 258 0
239 238 258 0
236 239 255 0
220 219 239 0
246 262 264 0
227 244 246 0
205 222 221 0
260 280 259 0
241 260 259 0
240 242 260 0
241 240 260 0
242 243 260 0
207 199 220 0
223 207 225 0
203 199 207 0
258 257 277 0
274 258 277 0
255 239 258 0
279 278 259 0
280 279 259 0
300 299 279 0
188 206 189 0
242 224 223 0
240 241 222 0
184 202 192 0
229 247 248 0
202 209 192 0
227 246 228 0
239 236 220 0
273 254 275 0
243 242 225 0
254 243 236 0
261 260 243 0
261 254 273 0
260 261 280 0
243 225 236 0
246 244 262 0
266 247 264 0
192 211 191 0
247 246 264 0
265 248 266 0
210 226 208 0
211 210 191 0
229 226 210 0
261 281 280 0
255 275 254 0
258 274 255 0
276 277 257 0
276 293 298 0
277 276 298 0
365 347 346 0
333 331 348 0
333 315 331 0
334 333 352 0
334 317 333 0
317 298 315 0
346 347 330 0
348 352 333 0
365 348 347 0
365 366 348 0
293 294 313 0
312 293 313 0
276 256 271 0
346 345 363 0
367 382 383 0
386 370 383 0
367 348 366 0
351 352 370 0
350 351 370 0
334 352 351 0
316 334 332 0
314 316 332 0
297 296 317 0
317 296 298 0
366 381 382 0
352 348 367 0
365 381 366 0
363 364 346 0
366 382 367 0
313 311 329 0
313 294 311 0
271 256 272 0
265 287 284 0
263 265 284 0
307 288 286 0
335 336 318 0
324 326 341 0
263 248 265 0
304 282 283 0
323 303 304 0
339 322 321 0
335 318 323 0
318 307 303 0
229 245 226 0
247 229 228 0
248 245 229 0
266 248 247 0
263 245 248 0
321 302 319 0
299 278 279 0
319 299 300 0
302 283 299 0
299 283 278 0
301 319 300 0
321 323 304 0
322 323 321 0
340 322 339 0
340 323 322 0
304 283 302 0
321 304 302 0
303 282 304 0
282 262 283 0
340 335 323 0
286 264 282 0
262 244 259 0
262 278 283 0
405 389 388 0
420 405 404 0
420 407 405 0
341 344 328 0
324 341 328 0
360 377 376 0
325 307 318 0
372 377 360 0
371 372 353 0
373 371 353 0
388 389 371 0
392 393 377 0
426 411 425 0
346 330 345 0
364 365 346 0
379 364 363 0
380 365 364 0
380 381 365 0
395 380 379 0
386 368 370 0
396 397 380 0
370 352 367 0
383 370 367 0
368 350 370 0
351 350 334 0
385 369 386 0
386 369 368 0
332 334 350 0
277 296 274 0
331 313 330 0
331 312 313 0
348 331 347 0
315 333 317 0
298 293 312 0
331 315 312 0
296 277 298 0
397 384 381 0
380 397 381 0
396 411 397 0
275 297 295 0
384 401 382 0
381 384 382 0
398 399 384 0
301 314 320 0
273 295 281 0
273 275 295 0
331 330 347 0
319 337 321 0
299 319 302 0
301 320 319 0
319 320 337 0
281 301 300 0
281 295 301 0
369 349 368 0
387 374 385 0
349 350 368 0
356 357 349 0
374 356 369 0
374 357 356 0
338 320 332 0
357 338 349 0
337 320 338 0
314 332 320 0
314 297 316 0
315 298 312 0
316 317 334 0
316 297 317 0
338 332 350 0
401 400 383 0
338 350 349 0
402 385 386 0
374 375 358 0
385 374 369 0
387 391 374 0
379 380 364 0
329 345 330 0
329 330 313 0
18 17 33 0
18 5 17 0
35 18 33 0
19 5 18 0
35 19 18 0
50 35 33 0
50 52 35 0
35 34 19 0
50 68 52 0
52 68 70 0
34 52 51 0
34 35 52 0
70 85 87 0
52 70 51 0
68 85 70 0
70 69 51 0
87 100 102 0
70 87 69 0
85 100 87 0
87 86 69 0
102 86 87 0
117 102 100 0
117 119 102 0
101 86 102 0
119 117 132 0
134 119 132 0
101 102 119 0
101 119 118 0
134 118 119 0
147 134 132 0
147 149 134 0
133 118 134 0
149 133 134 0
163 149 147 0
163 165 149 0
148 133 149 0
165 179 181 0
149 165 148 0
163 179 165 0
164 148 165 0
181 179 196 0
198 181 196 0
164 165 181 0
180 164 181 0
198 196 216 0
198 216 217 0
180 198 197 0
180 181 198 0
217 197 198 0
234 217 216 0
215 197 217 0
217 234 233 0
233 234 252 0
215 233 218 0
215 217 233 0
235 233 252 0
253 235 252 0
253 237 235 0
218 233 235 0
252 270 253 0
272 270 292 0
237 253 256 0
237 218 235 0
272 292 294 0
253 272 256 0
253 270 272 0
271 294 293 0
276 271 293 0
272 294 271 0
294 292 311 0
1579 1584 1569 0
1553 1540 1555 0
1545 1540 1529 0
1573 1563 1559 0
1555 1540 1545 0
1569 1555 1563 0
1569 1553 1555 0
1553 1536 1540 0
1563 1573 1579 0
1569 1563 1579 0
1545 1559 1563 0
1519 1536 1520 0
1484 1496 1501 0
1463 1478 1472 0
1494 1496 1484 0
1527 1511 1526 0
1478 1484 1472 0
1464 1479 1463 0
1494 1484 1478 0
1513 1524 1508 0
1527 1513 1511 0
1529 1524 1513 0
1501 1485 1484 0
1508 1501 1496 0
1508 1519 1501 0
1511 1513 1496 0
1524 1519 1508 0
1540 1524 1529 0
1540 1536 1524 0
1520 1502 1519 0
1502 1487 1486 0
1555 1545 1563 0
1559 1574 1573 0
1529 1543 1545 0
1560 1561 1576 0
1571 1560 1575 0
1544 1561 1560 0
1557 1544 1560 0
1559 1557 1571 0
1542 1528 1544 0
1543 1542 1557 0
1543 1527 1542 0
1523 1538 1528 0
1469 1452 1456 0
1484 1469 1472 0
1470 1453 1469 0
1471 1470 1486 0
1453 1452 1469 0
1456 1445 1463 0
1508 1496 1513 0
1534 1533 1551 0
1476 1488 1473 0
1490 1506 1491 0
1507 1495 1492 0
1503 1504 1516 0
1499 1503 1516 0
1534 1517 1516 0
1476 1473 1460 0
1497 1480 1498 0
1503 1497 1504 0
1489 1480 1497 0
1499 1489 1503 0
1474 1465 1480 0
1560 1571 1557 0
1486 1501 1502 0
1471 1486 1487 0
1471 1454 1470 0
1542 1527 1526 0
1544 1557 1542 0
1559 1545 1543 0
1501 1519 1502 0
1543 1529 1527 0
1524 1536 1519 0
1513 1527 1529 0
1479 1464 1473 0
1495 1479 1488 0
1478 1463 1479 0
1456 1463 1472 0
1494 1510 1511 0
1496 1494 1511 0
1512 1528 1526 0
1478 1479 1494 0
1460 1457 1444 0
1460 1473 1457 0
1443 1459 1461 0
1476 1492 1488 0
1461 1476 1460 0
1491 1505 1492 0
1475 1491 1476 0
1475 1490 1491 0
1492 1476 1491 0
1461 1475 1476 0
1444 1461 1460 0
1444 1443 1461 0
1466 1448 1458 0
1461 1459 1475 0
1443 1448 1459 0
1522 1532 1539 0
1523 1522 1539 0
1505 1506 1522 0
1492 1505 1507 0
1506 1517 1522 0
1491 1506 1505 0
1499 1516 1517 0
1488 1479 1473 0
1494 1479 1495 0
1464 1457 1473 0
1455 1464 1463 0
1445 1455 1463 0
1445 1446 1455 0
1481 1489 1499 0
1510 1495 1512 0
1459 1466 1475 0
1528 1542 1526 0
1571 1575 1574 0
1559 1571 1574 0
1559 1543 1557 0
1454 1453 1470 0
1538 1544 1528 0
1576 1561 1578 0
1576 1575 1560 0

SubDomainFromMesh
1
3 1 1 0

SubDomainFromGeom
1
2 1 1 0

VertexOnGeometricVertex
283
 1 1
 2 2
 3 3
 4 4
 5 5
 6 6
 7 7
 8 8
 9 9
 12 10
 13 11
 16 12
 17 13
 19 14
 23 15
 27 16
 30 17
 32 18
 33 19
 34 20
 40 21
 44 22
 47 23
 49 24
 50 25
 51 26
 58 27
 63 28
 65 29
 67 30
 68 31
 69 32
 75 33
 81 34
 82 35
 84 36
 85 37
 86 38
 91 39
 96 40
 97 41
 99 42
 100 43
 101 44
 106 45
 112 46
 114 47
 116 48
 117 49
 118 50
 123 51
 127 52
 129 53
 131 54
 132 55
 133 56
 138 57
 143 58
 144 59
 146 60
 147 61
 148 62
 153 63
 157 64
 160 65
 162 66
 163 67
 164 68
 169 69
 173 70
 176 71
 178 72
 179 73
 180 74
 182 75
 190 76
 193 77
 195 78
 196 79
 197 80
 200 81
 208 82
 212 83
 214 84
 215 85
 216 86
 218 87
 219 88
 226 89
 230 90
 232 91
 234 92
 237 93
 238 94
 245 95
 249 96
 251 97
 252 98
 256 99
 257 100
 263 101
 267 102
 269 103
 270 104
 276 105
 284 106
 285 107
 289 108
 292 109
 305 110
 309 111
 311 112
 327 113
 329 114
 343 115
 345 116
 362 117
 363 118
 378 119
 379 120
 394 121
 395 122
 409 123
 410 124
 424 125
 425 126
 440 127
 441 128
 456 129
 458 130
 472 131
 475 132
 488 133
 490 134
 504 135
 506 136
 520 137
 522 138
 535 139
 536 140
 551 141
 552 142
 566 143
 567 144
 581 145
 582 146
 597 147
 598 148
 613 149
 614 150
 629 151
 630 152
 645 153
 646 154
 660 155
 662 156
 675 157
 676 158
 690 159
 691 160
 705 161
 706 162
 721 163
 724 164
 737 165
 741 166
 752 167
 757 168
 766 169
 772 170
 782 171
 789 172
 799 173
 806 174
 816 175
 823 176
 833 177
 839 178
 849 179
 854 180
 865 181
 870 182
 882 183
 886 184
 898 185
 903 186
 914 187
 918 188
 929 189
 933 190
 945 191
 949 192
 961 193
 964 194
 978 195
 981 196
 993 197
 995 198
 1011 199
 1013 200
 1027 201
 1030 202
 1044 203
 1046 204
 1061 205
 1062 206
 1076 207
 1077 208
 1091 209
 1093 210
 1106 211
 1109 212
 1122 213
 1126 214
 1137 215
 1141 216
 1152 217
 1157 218
 1167 219
 1174 220
 1183 221
 1191 222
 1200 223
 1207 224
 1217 225
 1224 226
 1233 227
 1241 228
 1248 229
 1256 230
 1264 231
 1272 232
 1280 233
 1288 234
 1296 235
 1304 236
 1312 237
 1320 238
 1328 239
 1335 240
 1343 241
 1350 242
 1358 243
 1367 244
 1374 245
 1383 246
 1389 247
 1401 248
 1405 249
 1418 250
 1422 251
 1434 252
 1438 253
 1451 254
 1454 255
 1468 256
 1471 257
 1483 258
 1487 259
 1500 260
 1502 261
 1518 262
 1520 263
 1535 264
 1536 265
 1552 266
 1553 267
 1568 268
 1569 269
 1570 270
 1572 271
 1573 272
 1574 273
 1575 274
 1576 275
 1577 276
 1578 277
 1579 278
 1580 279
 1581 280
 1582 281
 1583 282
 1584 283

VertexOnGeometricEdge
0

EdgeOnGeometricEdge
283
1 1
2 2
3 3
4 4
5 5
6 6
7 7
8 8
9 9
10 10
11 11
12 12
13 13
14 14
15 15
16 16
17 17
18 18
19 19
20 20
21 21
22 22
23 23
24 24
25 25
26 26
27 27
28 28
29 29
30 30
31 31
32 32
33 33
34 34
35 35
36 36
37 37
38 38
39 39
40 40
41 41
42 42
43 43
44 44
45 45
46 46
47 47
48 48
49 49
50 50
51 51
52 52
53 53
54 54
55 55
56 56
57 57
58 58
59 59
60 60
61 61
62 62
63 63
64 64
65 65
66 66
67 67
68 68
69 69
70 70
71 71
72 72
73 73
74 74
75 75
76 76
77 77
78 78
79 79
80 80
81 81
82 82
83 83
84 84
85 85
86 86
87 87
88 88
89 89
90 90
91 91
92 92
93 93
94 94
95 95
96 96
97 97
98 98
99 99
100 100
101 101
102 102
103 103
104 104
105 105
106 106
107 107
108 108
109 109
110 110
111 111
112 112
113 113
114 114
115 115
116 116
117 117
118 118
119 119
120 120
121 121
122 122
123 123
124 124
125 125
126 126
127 127
128 128
129 129
130 130
131 131
132 132
133 133
134 134
135 135
136 136
137 137
138 138
139 139
140 140
141 141
142 142
143 143
144 144
145 145
146 146
147 147
148 148
149 149
150 150
151 151
152 152
153 153
154 154
155 155
156 156
157 157
158 158
159 159
160 160
161 161
162 162
163 163
164 164
165 165
166 166
167 167
168 168
169 169
170 170
171 171
172 172
173 173
174 174
175 175
176 176
177 177
178 178
179 179
180 180
181 181
182 182
183 183
184 184
185 185
186 186
187 187
188 188
189 189
190 190
191 191
192 192
193 193
194 194
195 195
196 196
197 197
198 198
199 199
200 200
201 201
202 202
203 203
204 204
205 205
206 206
207 207
208 208
209 209
210 210
211 211
212 212
213 213
214 214
215 215
216 216
217 217
218 218
219 219
220 220
221 221
222 222
223 223
224 224
225 225
226 226
227 227
228 228
229 229
230 230
231 231
232 232
233 233
234 234
235 235
236 236
237 237
238 238
239 239
240 240
241 241
242 242
243 243
244 244
245 245
246 246
247 247
248 248
249 249
250 250
251 251
252 252
253 253
254 254
255 255
256 256
257 257
258 258
259 259
260 260
261 261
262 262
263 263
264 264
265 265
266 266
267 267
268 268
269 269
270 270
271 271
272 272
273 273
274 274
275 275
276 276
277 277
278 278
279 279
280 280
281 281
282 282
283 283

End
