MeshVersionFormatted 1

Dimension
2

Identifier
";2, Date: 26/03/24 15:55 03s"

Geometry
"Maillage_L0.25.mesh.gmsh"

Vertices
5171
0 0.017 22
0 0.016 22
0 0.015 22
0 0.014 22
0 0.019 22
0 0.018 22
0 0 22
0 0.013 22
0.000666666415675 0.0176666664992 0
0.000749999925727 0.0167499999375 0
0.000666666415675 0.0156666666119 0
0.000714285637452 0.0147142855058 0
0.000749999925727 0.0137499999785 0
0.001 0.019 21
0 0.002 22
0 0.001 22
0.001 0 1
0 0.005 22
0 0.007 22
0 0.006 22
0 0.012 22
0 0.011 22
0 0.008 22
0 0.009 22
0 0.01 22
0.000699999870919 0.012699999852 0
0.00133333321552 0.018333333299 0
0.00159999983301 0.0171999999186 0
0.00133333321552 0.0163333331556 0
0.00142857140296 0.0154285712713 0
0.00149999997951 0.0144999997762 0
0.00139999986989 0.0133999998509 0
0.002 0.019 21
0 0.003 22
0.000749999925727 0.00437499994647 0
0 0.004 22
0.00133333321552 0.000666666560636 0
0.000799999980535 0.00239999983045 0
0.000749999925727 0.00149999986836 0
0.002 0 1
0.000749999925727 0.00524999988116 0
0.00072727265137 0.00727272704283 0
0.000699999870919 0.00629999975157 0
0.00149999997951 0.00449999982738 0
0.00072727265137 0.0117272725607 0
0.000769230735739 0.0106923075894 0
0.000769230735739 0.00830769227022 0
0.000714285637452 0.00971428565948 0
0.0014545454308 0.0124545453401 0
0.00218181795411 0.0131818181196 0
0.00224999977718 0.018249999789 0
0.0026666665591 0.0173333332273 0
0.00214285691235 0.0161428570368 0
0.00224999977718 0.0152499998299 0
0.00254545434382 0.013909090899 0
0.003 0.019 21
0.00133333321552 0.00333333324779 0
0.00224999977718 0.000749999814574 0
0.00159999983301 0.00179999994109 0
0.003 0 1
0.00139999986989 0.00559999975259 0
0.00153846134342 0.00761538439036 0
0.0014545454308 0.00654545451952 0
0.00187499987835 0.00381249971405 0
0.00209999986887 0.00489999975362 0
0.00153846134342 0.0113846152132 0
0.00142857140296 0.010428571425 0
0.00150183119252 0.00855311323116 0
0.00164835154 0.00955219769636 0
0.00276923062305 0.0127692307168 0
0.00230769220722 0.0120769228369 0
0.00333333310283 0.018166666535 0
0.00374999988475 0.0174999999913 0
0.00312499996799 0.0167499999375 0
0.00333333310283 0.0158888887931 0
0.00318181802582 0.0146363634223 0
0.00333333310283 0.0137499999785 0
0.004 0.019 21
0.00224999977718 0.00312499985683 0
0.0026666665591 0.00133333310437 0
0.00333333310283 0.000666666560636 0
0.00285714267786 0.00214285705732 0
0.004 0 1
0.00224999977718 0.00599999993495 0
0.0025183147425 0.00786446854567 0
0.00230769220722 0.00692307676661 0
0.00279999986785 0.00419999975464 0
0.00299999983096 0.0053333331351 0
0.00236263704939 0.0112600730075 0
0.00241758214768 0.010443223178 0
0.00248626364859 0.00947664825025 0
0.00250228919555 0.0086705582699 0
0.00357142844337 0.0125714284654 0
0.00348901079594 0.0115146518263 0
0.00437499980151 0.018249999789 0
0.00449999993853 0.0174999999913 0
0.00399999990268 0.0166666664275 0
0.00381818170782 0.0153636362017 0
0.0038986011561 0.0143951045652 0
0.00428571420888 0.0132857142309 0
0.00466666644641 0.0152499998299 0
0.005 0.019 21
0.00299999983096 0.00299999997593 0
0.00349999986682 0.00349999975567 0
0.00357142844337 0.00142857129181 0
0.00428571420888 0.000714285526298 0
0.00374999988475 0.00224999992214 0
0.005 0 1
0.00324175810976 0.008344322165 0
0.00307692307101 0.00623076914286 0
0.00315934046233 0.00728754552588 0
0.00363636351296 0.00436363618124 0
0.00384615367869 0.00553846151912 0
0.00390109877698 0.00860805832945 0
0.00340659314851 0.0104578751871 0
0.00332417575719 0.00940109880413 0
0.00448979560005 0.0120612243472 0
0.00440737769651 0.0110044477081 0
0.00524999999232 0.018249999789 0
0.00489999986477 0.0168999998458 0
0.0057272724977 0.01754545454 0
0.00509090907182 0.0160909089812 0
0.00461538454249 0.0141538459643 0
0.0052380948027 0.0129047617373 0
0.00538461515017 0.0148461538441 0
0.006 0.019 21
0.0041999998658 0.00279999975669 0
0.00436363629239 0.00363636340181 0
0.00449999993853 0.00149999986836 0
0.00524999999232 0.000749999814574 0
0.00489999986477 0.00209999975772 0
0.006 0 1
0.00414835120705 0.00768314977254 0
0.00406593381573 0.00662637338953 0
0.00461538454249 0.00484615363925 0
0.00472527422684 0.00603296689147 0
0.00479591807099 0.00881972760146 0
0.00432496056131 0.00994767106892 0
0.00540816301285 0.011551020229 0
0.00532574536542 0.0104942435898 0
0.00629999986272 0.0182999998438 0
0.00654545437456 0.01754545454 0
0.00599999978999 0.0167499999375 0
0.00615384601397 0.0155384614679 0
0.00632653042565 0.0118979587732 0
0.00619047590875 0.0128571427716 0
0.00577289326421 0.0135908422123 0
0.00630769198184 0.0142769229435 0
0.007 0.019 21
0.00524999999232 0.00333333324779 0
0.00538461515017 0.00415384601551 0
0.0063636361797 0.000727272540217 0
0.0057272724977 0.00145454531964 0
0.00599999978999 0.00266666644795 0
0.00727272715398 0.000727272540217 0
0.007 0 1
0.00537284109078 0.00802668738288 0
0.00505494481656 0.00702197789231 0
0.00538461515017 0.00543956013731 0
0.00560439503109 0.00652747226383 0
0.00569073762111 0.00903139687346 0
0.00667386133612 0.00789913635333 0
0.00600863389532 0.010036106364 0
0.00632653042565 0.0110408161107 0
0.00643642036611 0.0094062005892 0
0.00692307687776 0.0169230767154 0
0.00727272715398 0.0182727270633 0
0.00761538450151 0.0176153845953 0
0.0071428570148 0.0161428570368 0
0.00711538446566 0.015153846036 0
0.00724489758233 0.0116734692173 0
0.00714285675869 0.0126428570419 0
0.0072307688135 0.0137076920428 0
0.008 0.019 21
0.00615384601397 0.00346153839176 0
0.00630769198184 0.00452307669695 0
0.0064102563019 0.00523076907115 0
0.00674999984377 0.00199999990421 0
0.00761538450151 0.0013846152644 0
0.00692307687776 0.00276923076801 0
0.00824999995134 0.000666666560636 0
0.008 0 1
0.00648351609147 0.00702197789231 0
0.00615384601397 0.00603296663536 0
0.00728414393476 0.00952590224582 0
0.0068642068369 0.00877629481435 0
0.00736263689572 0.00751648326466 0
0.00724489758233 0.0105306119925 0
0.00816326499513 0.0100204078743 0
0.00785714278031 0.0168571428023 0
0.00846153834924 0.0176153845953 0
0.00830769212526 0.018307692219 0
0.0078571425242 0.0156071427127 0
0.00864160395799 0.0162380949682 0
0.00807692291734 0.0147692306041 0
0.00809523760862 0.0117619045125 0
0.00815384590128 0.0131384613982 0
0.00811538428125 0.0139538460012 0
0.009 0.019 21
0.00711538446566 0.00384615356754 0
0.0072307688135 0.00489230737839 0
0.00727472484091 0.00576703250307 0
0.00846153834924 0.0013846152644 0
0.00820512806131 0.00211538450817 0
0.00794871777338 0.00284615375194 0
0.00923076921304 0.000692307640652 0
0.009 0 1
0.00731868086832 0.00664175788387 0
0.00802197781906 0.00820879088841 0
0.00809262140709 0.0091145992533 0
0.00837362603831 0.00734945025807 0
0.00862244870153 0.0106224487338 0
0.00908163240792 0.00951020375608 0
0.00892857117246 0.0169285713789 0
0.00923076921304 0.018307692219 0
0.00939974919604 0.0161190474259 0
0.00918796979514 0.0153809520495 0
0.00908163240792 0.0112244895933 0
0.00928571405521 0.0145357140644 0
0.00904761871467 0.0122142855826 0
0.00907692273294 0.0135692305693 0
0.01 0.019 21
0.00807692291734 0.00423076899944 0
0.00846153809313 0.00498461511278 0
0.00809523760862 0.00582857099267 0
0.00923076895692 0.00219230749211 0
0.00897435866899 0.00358974327961 0
0.00999999982072 0.00199999990421 0
0.00999999982072 0.000999999832502 0
0.01 0 1
0.00872527425757 0.00649010937162 0
0.00923076895692 0.0084065931398 0
0.00917948679689 0.00748131834029 0
0.00954081611432 0.0102551017687 0
0.00999999982072 0.0109999997813 0
0.00999999982072 0.00899999989397 0
0.00999999982072 0.0169999999554 0
0.0100526314439 0.017999999771 0
0.0101578946902 0.0159999998837 0
0.0102105263134 0.014999999812 0
0.00999999982072 0.011999999853 0
0.00999999982072 0.0139999999964 0
0.0103157893036 0.0129999999247 0
0.011 0.019 21
0.0109999998924 0.017999999771 0
0.00923076895692 0.00444230739734 0
0.00907692273294 0.00563076899739 0
0.011 0 1
0.00999999982072 0.00399999979152 0
0.00999999982072 0.00299999997593 0
0.0108947366461 0.00199999990421 0
0.0109999998924 0.000999999832502 0
0.00974358953279 0.00680219749916 0
0.00993117361556 0.00770329618906 0
0.0105789471633 0.00799999982226 0
0.0104736841731 0.00999999996568 0
0.0109999998924 0.0109999997813 0
0.0109999998924 0.00899999989397 0
0.0109999998924 0.0169999999554 0
0.0109999998924 0.014999999812 0
0.0109999998924 0.0159999998837 0
0.0109999998924 0.0139999999964 0
0.0116315788581 0.011999999853 0
0.0109736839528 0.0124999998888 0
0.0109868417946 0.0132499999426 0
0.012 0.019 21
0.0120526313312 0.017999999771 0
0.00999999982072 0.00599999993495 0
0.00999999982072 0.00499999986324 0
0.012 0 1
0.0109999998924 0.00399999979152 0
0.0111578945058 0.00299999997593 0
0.0119999999641 0.00199999990421 0
0.0119999999641 0.000999999832502 0
0.0106315787864 0.00699999975055 0
0.0114210526216 0.00799999982226 0
0.0115263156118 0.00999999996568 0
0.0119999999641 0.0109999997813 0
0.0119999999641 0.00899999989397 0
0.0121052629544 0.0169999999554 0
0.0119999999641 0.0159999998837 0
0.0119999999641 0.0139999999964 0
0.0117894734715 0.014999999812 0
0.012368420814 0.011999999853 0
0.0119999999641 0.0129999999247 0
0.013 0.019 21
0.0129999997797 0.0169999999554 0
0.0130526314029 0.017999999771 0
0.013 0 1
0.0109999998924 0.00599999993495 0
0.0112631577521 0.00499999986324 0
0.0119999999641 0.00499999986324 0
0.0129999997797 0.000999999832502 0
0.0119999999641 0.00399999979152 0
0.0119999999641 0.00299999997593 0
0.0128947367895 0.00199999990421 0
0.0120263156477 0.00749999953029 0
0.0113684209984 0.00699999975055 0
0.0125789473067 0.00799999982226 0
0.0124736840604 0.00999999996568 0
0.0129999997797 0.0109999997813 0
0.0129999997797 0.00899999989397 0
0.0131842103327 0.011999999853 0
0.0129999997797 0.0159999998837 0
0.0129999997797 0.0139999999964 0
0.0132105262724 0.014999999812 0
0.0133157892626 0.0129999999247 0
0.0139999998515 0.017999999771 0
0.014 0.019 21
0.0139999998515 0.0169999999554 0
0.014 0 1
0.0140526314746 0.000999999832502 0
0.0119999999641 0.00599999993495 0
0.0127368419201 0.00499999986324 0
0.0139999998515 0.00199999990421 0
0.0129999997797 0.00399999979152 0
0.0129999997797 0.00299999997593 0
0.0126315789298 0.00699999975055 0
0.0135789471223 0.00799999982226 0
0.0134736841321 0.00999999996568 0
0.0137894733588 0.0109999997813 0
0.0139999998515 0.00899999989397 0
0.015 0.019 21
0.0139999998515 0.011999999853 0
0.014578947194 0.0109999997813 0
0.0141578944648 0.0129999999247 0
0.0139999998515 0.0159999998837 0
0.0139999998515 0.014999999812 0
0.0139999998515 0.0139999999964 0
0.0149999999232 0.017999999771 0
0.0148421050537 0.0159999998837 0
0.0149999999232 0.0169999999554 0
0.0151052629134 0.00199999990421 0
0.015 0 1
0.0150526315463 0.000999999832502 0
0.0129999997797 0.00599999993495 0
0.0137368419918 0.00499999986324 0
0.0146315788172 0.00449999982738 0
0.0141578947209 0.00299999997593 0
0.0139999998515 0.00399999979152 0
0.0139999998515 0.00699999975055 0
0.0144210525806 0.00799999982226 0
0.0151578945365 0.00299999997593 0
0.0149999999232 0.00899999989397 0
0.0145263155708 0.00999999996568 0
0.016 0.019 21
0.0160526313619 0.017999999771 0
0.0149999999232 0.011999999853 0
0.0155789472657 0.0109999997813 0
0.0149999999232 0.0129999999247 0
0.0149999999232 0.0139999999964 0
0.0147894734305 0.014999999812 0
0.0159999999949 0.0169999999554 0
0.0158421051254 0.0159999998837 0
0.0159999999949 0.00199999990421 0
0.0159999999949 0.000999999832502 0
0.016 0 1
0.0143157893343 0.00599999993495 0
0.0144736839477 0.00524999988116 0
0.0152631577829 0.00499999986324 0
0.0152105261597 0.00399999979152 0
0.0154210523962 0.00799999982226 0
0.0149999999232 0.00699999975055 0
0.0159999999949 0.00299999997593 0
0.0159999999949 0.00899999989397 0
0.0159999999949 0.00999999996568 0
0.0164210524679 0.0109999997813 0
0.017 0.019 21
0.0169999998105 0.0169999999554 0
0.0169999998105 0.017999999771 0
0.0159999999949 0.011999999853 0
0.0159999999949 0.0129999999247 0
0.0157368418791 0.0139999999964 0
0.0159999999949 0.014999999812 0
0.0169999998105 0.011999999853 0
0.0169999998105 0.0159999998837 0
0.0168947368203 0.00199999990421 0
0.0169473681873 0.000999999832502 0
0.017 0 1
0.015315789406 0.00599999993495 0
0.0159999999949 0.00499999986324 0
0.0159999999949 0.00399999979152 0
0.0162105259753 0.00799999982226 0
0.0159999999949 0.00699999975055 0
0.0169999998105 0.00399999979152 0
0.0169999998105 0.00299999997593 0
0.0169999998105 0.00799999982226 0
0.0169999998105 0.00899999989397 0
0.0174736841628 0.00999999996568 0
0.0174210525396 0.0109999997813 0
0.018 0 1
0.0172105263031 0.014999999812 0
0.018 0.019 21
0.0179999998822 0.0169999999554 0
0.0179999998822 0.017999999771 0
0.0169999998105 0.0129999999247 0
0.0169999998105 0.0139999999964 0
0.0185789472247 0.0109999997813 0
0.0178157893292 0.011999999853 0
0.0179999998822 0.0159999998837 0
0.0178947366359 0.00199999990421 0
0.017947368259 0.000999999832502 0
0.0166842103276 0.00599999993495 0
0.0167368419508 0.00499999986324 0
0.0176315787762 0.00449999982738 0
0.0169999998105 0.00699999975055 0
0.0182105261187 0.00399999979152 0
0.0179999998822 0.00299999997593 0
0.0179999998822 0.00899999989397 0
0.0179999998822 0.00799999982226 0
0.0185263156016 0.00999999996568 0
0.019 0 1
0.0189999999539 0.000999999832502 0
0.0179999998822 0.014999999812 0
0.0179999998822 0.0139999999964 0
0.019 0.019 21
0.0189999999539 0.0169999999554 0
0.0189473683307 0.017999999771 0
0.019421052427 0.0109999997813 0
0.0179999998822 0.0129999999247 0
0.0186315788479 0.011999999853 0
0.0193684208038 0.011999999853 0
0.0187894734613 0.014999999812 0
0.0191578945673 0.0159999998837 0
0.0189999999539 0.00199999990421 0
0.0176842103993 0.00599999993495 0
0.0182631577419 0.00499999986324 0
0.0183684209882 0.00699999975055 0
0.0189999999539 0.00399999979152 0
0.0189999999539 0.00299999997593 0
0.0189736840143 0.00749999953029 0
0.0189999999539 0.00899999989397 0
0.0194736840501 0.00999999996568 0
0.02 0 1
0.0199999997695 0.000999999832502 0
0.0189999999539 0.0139999999964 0
0.02 0.019 21
0.0199999997695 0.0159999998837 0
0.0199999997695 0.0169999999554 0
0.0199999997695 0.017999999771 0
0.020026315453 0.0114999998171 0
0.0202763154709 0.0107499997634 0
0.0193157894367 0.0129999999247 0
0.019973684086 0.0124999998888 0
0.0199999997695 0.014999999812 0
0.0206315787352 0.011999999853 0
0.0201052630158 0.00199999990421 0
0.0189999999539 0.00499999986324 0
0.0189999999539 0.00599999993495 0
0.0196315789196 0.00699999975055 0
0.0199999997695 0.00399999979152 0
0.020157894639 0.00299999997593 0
0.0199999997695 0.00899999989397 0
0.0195789472964 0.00799999982226 0
0.020526315745 0.00999999996568 0
0.021 0 1
0.0209999998412 0.000999999832502 0
0.0199999997695 0.0139999999964 0
0.021 0.019 21
0.0210526314644 0.017999999771 0
0.0208421052278 0.0159999998837 0
0.0209999998412 0.0169999999554 0
0.0209999998412 0.0109999997813 0
0.0206842103584 0.0129999999247 0
0.0212105260777 0.014999999812 0
0.0209999998412 0.0139999999964 0
0.0213684209472 0.011999999853 0
0.0209999998412 0.00199999990421 0
0.0209999998412 0.00299999997593 0
0.0202631578853 0.00499999986324 0
0.0199999997695 0.00599999993495 0
0.0203684208755 0.00699999975055 0
0.0209999998412 0.00399999979152 0
0.0209999998412 0.00499999986324 0
0.0209999998412 0.00899999989397 0
0.0209999998412 0.00799999982226 0
0.0214736841935 0.00999999996568 0
0.022 0 1
0.0220526315361 0.000999999832502 0
0.0219999999129 0.014999999812 0
0.022 0.019 21
0.0219999999129 0.0169999999554 0
0.0219999999129 0.017999999771 0
0.0219999999129 0.0159999998837 0
0.0219736839733 0.0114999998171 0
0.0217236839554 0.0107499997634 0
0.0219999999129 0.0129999999247 0
0.0219999999129 0.0139999999964 0
0.0226315788786 0.011999999853 0
0.0221052629031 0.00199999990421 0
0.0218421050434 0.00299999997593 0
0.0209999998412 0.00599999993495 0
0.0216315788069 0.00699999975055 0
0.0219999999129 0.00799999982226 0
0.0222105261495 0.00399999979152 0
0.0217368420532 0.00499999986324 0
0.0222368420891 0.00999999996568 0
0.0219999999129 0.00899999989397 0
0.023 0 1
0.0229999999846 0.00199999990421 0
0.0229999999846 0.000999999832502 0
0.022605262939 0.0144999997762 0
0.0225789472555 0.0154999998479 0
0.023 0.019 21
0.0229999999846 0.017999999771 0
0.0229999999846 0.0169999999554 0
0.023157894598 0.0159999998837 0
0.0225789472555 0.0109999997813 0
0.0229999999846 0.0129999999247 0
0.0232631578443 0.0139999999964 0
0.0233684208345 0.011999999853 0
0.0229999999846 0.00399999979152 0
0.0229999999846 0.00299999997593 0
0.0223157893958 0.00599999993495 0
0.0229999999846 0.00799999982226 0
0.0223684210189 0.00699999975055 0
0.0229999999846 0.00499999986324 0
0.0229999999846 0.00999999996568 0
0.0229999999846 0.00899999989397 0
0.0239999998002 0.00799999982226 0
0.024 0 1
0.0240526314234 0.000999999832502 0
0.02389473681 0.00199999990421 0
0.0232105262212 0.014999999812 0
0.024 0.019 21
0.0239999998002 0.017999999771 0
0.0239999998002 0.0159999998837 0
0.0239999998002 0.0169999999554 0
0.0239999998002 0.014999999812 0
0.0234210524577 0.0109999997813 0
0.0239736838606 0.0114999998171 0
0.0239999998002 0.0139999999964 0
0.0239999998002 0.0129999999247 0
0.0246315787659 0.011999999853 0
0.0237894735637 0.00399999979152 0
0.0241578946697 0.00299999997593 0
0.022973684045 0.00649999971469 0
0.0229868418868 0.00574999966091 0
0.0236315786942 0.00699999975055 0
0.0239999998002 0.00499999986324 0
0.0243684209062 0.00699999975055 0
0.0239999998002 0.00999999996568 0
0.0244736841526 0.00899999989397 0
0.0249999998719 0.00799999982226 0
0.0249999998719 0.000999999832502 0
0.025 0 1
0.0249999998719 0.00199999990421 0
0.0246052628263 0.0144999997762 0
0.025 0.019 21
0.0250526314951 0.017999999771 0
0.0248421052586 0.0159999998837 0
0.0251052631183 0.0169999999554 0
0.0252105261085 0.014999999812 0
0.0245789471428 0.0109999997813 0
0.0252631577316 0.0139999999964 0
0.0249999998719 0.0129999999247 0
0.025368420978 0.011999999853 0
0.0249999998719 0.00399999979152 0
0.0249999998719 0.00299999997593 0
0.0243157892831 0.00599999993495 0
0.0249736839323 0.00649999971469 0
0.0249999998719 0.00499999986324 0
0.0256315788376 0.00699999975055 0
0.0249999998719 0.00999999996568 0
0.0255263155913 0.00899999989397 0
0.0259999999437 0.00799999982226 0
0.026 0 1
0.0259473683205 0.000999999832502 0
0.0259999999437 0.00199999990421 0
0.026 0.019 21
0.0259999999437 0.017999999771 0
0.0259999999437 0.0169999999554 0
0.0259999999437 0.0159999998837 0
0.0259999999437 0.0139999999964 0
0.0259999999437 0.014999999812 0
0.0254210526011 0.0109999997813 0
0.025973684004 0.0114999998171 0
0.0259999999437 0.0129999999247 0
0.027 0 1
0.025789473451 0.00399999979152 0
0.0259999999437 0.00299999997593 0
0.0256842104608 0.00599999993495 0
0.0259999999437 0.00499999986324 0
0.0263684210497 0.00699999975055 0
0.0259999999437 0.00999999996568 0
0.0269999997593 0.00799999982226 0
0.0269999997593 0.00899999989397 0
0.0269999997593 0.00299999997593 0
0.0269999997593 0.000999999832502 0
0.0269999997593 0.00199999990421 0
0.0265789472862 0.0154999998479 0
0.027 0.019 21
0.0269999997593 0.017999999771 0
0.0269999997593 0.0169999999554 0
0.0271578946287 0.0159999998837 0
0.0269999997593 0.0139999999964 0
0.0272105262519 0.014999999812 0
0.0269999997593 0.011999999853 0
0.0265789472862 0.0109999997813 0
0.0269999997593 0.0129999999247 0
0.028 0 1
0.027999999831 0.000999999832502 0
0.0269999997593 0.00399999979152 0
0.0269999997593 0.00599999993495 0
0.0269999997593 0.00499999986324 0
0.027631578725 0.00699999975055 0
0.0274736841116 0.00999999996568 0
0.0277894733383 0.00799999982226 0
0.0277631573987 0.00899999989397 0
0.027999999831 0.00299999997593 0
0.0277894735944 0.00399999979152 0
0.0278947368408 0.00199999990421 0
0.027631578725 0.0134999999606 0
0.0282631576907 0.0139999999964 0
0.028 0.019 21
0.0280526314541 0.017999999771 0
0.0281052630773 0.0169999999554 0
0.027999999831 0.0159999998837 0
0.027999999831 0.014999999812 0
0.027999999831 0.011999999853 0
0.027999999831 0.0109999997813 0
0.0283157893138 0.0129999999247 0
0.0289999999027 0.011999999853 0
0.029 0 1
0.0289999999027 0.000999999832502 0
0.027999999831 0.00599999993495 0
0.0277368419713 0.00499999986324 0
0.0285263155503 0.00449999982738 0
0.0286315787967 0.00699999975055 0
0.0285789471735 0.00799999982226 0
0.0284736841833 0.00999999996568 0
0.0285263155503 0.00899999989397 0
0.0292105261392 0.00399999979152 0
0.0288421050332 0.00299999997593 0
0.029105263149 0.00199999990421 0
0.0289999999027 0.014999999812 0
0.0289999999027 0.0139999999964 0
0.029 0.019 21
0.0289999999027 0.017999999771 0
0.0289999999027 0.0169999999554 0
0.0289999999027 0.0159999998837 0
0.0289999999027 0.0109999997813 0
0.0299999999744 0.011999999853 0
0.0296842104915 0.0129999999247 0
0.03 0 1
0.0299999999744 0.000999999832502 0
0.0301052629646 0.00199999990421 0
0.0289999999027 0.00599999993495 0
0.0292631577624 0.00499999986324 0
0.0293684210087 0.00699999975055 0
0.0294210523757 0.00799999982226 0
0.0295263156221 0.00999999996568 0
0.0299999999744 0.00899999989397 0
0.0299999999744 0.00399999979152 0
0.0301578945878 0.00299999997593 0
0.0299999999744 0.0159999998837 0
0.0297894734817 0.014999999812 0
0.0299999999744 0.0139999999964 0
0.03 0.019 21
0.0299473683512 0.017999999771 0
0.0299999999744 0.0169999999554 0
0.0299999999744 0.0109999997813 0
0.03099999979 0.011999999853 0
0.0306842103071 0.0129999999247 0
0.031 0 1
0.03099999979 0.00199999990421 0
0.03099999979 0.000999999832502 0
0.032 0 1
0.0299999999744 0.00599999993495 0
0.0302631578341 0.00499999986324 0
0.0303684208243 0.00699999975055 0
0.0304210524474 0.00799999982226 0
0.0307631576138 0.00899999989397 0
0.0305263156938 0.00999999996568 0
0.03099999979 0.00399999979152 0
0.03099999979 0.00499999986324 0
0.03099999979 0.00299999997593 0
0.0306052630005 0.0144999997762 0
0.0308421051766 0.0159999998837 0
0.0312105262826 0.014999999812 0
0.0312631576497 0.0139999999964 0
0.031 0.019 21
0.0309473681668 0.017999999771 0
0.03099999979 0.0169999999554 0
0.0314210525192 0.0109999997813 0
0.0319999998617 0.00999999996568 0
0.0319999998617 0.011999999853 0
0.0319999998617 0.0129999999247 0
0.0319473682385 0.000999999832502 0
0.0318947366154 0.00199999990421 0
0.033 0 1
0.0330526315566 0.000999999832502 0
0.0316842103788 0.00599999993495 0
0.0308421051766 0.00599999993495 0
0.0312105260265 0.00749999953029 0
0.0315263157655 0.00899999989397 0
0.0325263155811 0.00899999989397 0
0.0317894736252 0.00399999979152 0
0.0319999998617 0.00499999986324 0
0.0319999998617 0.00299999997593 0
0.0322631577214 0.0139999999964 0
0.032 0.019 21
0.0319999998617 0.0159999998837 0
0.0319999998617 0.014999999812 0
0.0319999998617 0.0169999999554 0
0.0319999998617 0.017999999771 0
0.0324210525909 0.0109999997813 0
0.0327631577572 0.00999999996568 0
0.0329999999334 0.011999999853 0
0.0329999999334 0.0129999999247 0
0.0329999999334 0.00199999990421 0
0.033999999749 0.000999999832502 0
0.034 0 1
0.0327368420737 0.00499999986324 0
0.0324999998976 0.00599999993495 0
0.0319999998617 0.00699999975055 0
0.0319999998617 0.00799999982226 0
0.0329999999334 0.00799999982226 0
0.0335263156528 0.00999999996568 0
0.0334736840296 0.00899999989397 0
0.0327894734408 0.00399999979152 0
0.0331578945468 0.00299999997593 0
0.0334999999693 0.00499999986324 0
0.0329999999334 0.0139999999964 0
0.0338157889399 0.011999999853 0
0.0329999999334 0.014999999812 0
0.0329999999334 0.017999999771 0
0.033 0.019 21
0.0329999999334 0.0159999998837 0
0.0329999999334 0.0169999999554 0
0.033578947276 0.0109999997813 0
0.0337368418893 0.0139999999964 0
0.033999999749 0.0129999999247 0
0.035 0 1
0.036 0 1
0.033999999749 0.00299999997593 0
0.0341052629953 0.00199999990421 0
0.0349999998207 0.000999999832502 0
0.0345263157245 0.00999999996568 0
0.0333157894163 0.00599999993495 0
0.0329999999334 0.00699999975055 0
0.033999999749 0.00799999982226 0
0.0344736841013 0.00899999989397 0
0.0342105262417 0.00399999979152 0
0.0342631578648 0.00499999986324 0
0.0341578946185 0.00599999993495 0
0.0346315787147 0.011999999853 0
0.0337894735125 0.014999999812 0
0.034 0.019 21
0.033999999749 0.0169999999554 0
0.033999999749 0.017999999771 0
0.0338421051356 0.0159999998837 0
0.0349999998207 0.0109999997813 0
0.034736841961 0.0139999999964 0
0.0349999998207 0.0129999999247 0
0.0354736841731 0.00999999996568 0
0.037 0 1
0.0359999998924 0.000999999832502 0
0.0349999998207 0.00299999997593 0
0.0349999998207 0.00199999990421 0
0.0358947366461 0.00199999990421 0
0.0355263155401 0.00899999989397 0
0.034368420855 0.00699999975055 0
0.0349999998207 0.00799999982226 0
0.0349999998207 0.00499999986324 0
0.0349999998207 0.00399999979152 0
0.0349999998207 0.00599999993495 0
0.0353684209267 0.011999999853 0
0.035 0.019 21
0.0353947366103 0.0144999997762 0
0.0347894735842 0.014999999812 0
0.0349999998207 0.017999999771 0
0.0348947368305 0.0169999999554 0
0.0351578946902 0.0159999998837 0
0.0359999998924 0.0109999997813 0
0.0359999998924 0.0139999999964 0
0.0359999998924 0.0129999999247 0
0.0362368420686 0.00999999996568 0
0.038 0 1
0.0369999999641 0.000999999832502 0
0.0379999997797 0.000999999832502 0
0.0368947367178 0.00199999990421 0
0.035842105023 0.00299999997593 0
0.0365263156118 0.00899999989397 0
0.0357894733998 0.00799999982226 0
0.0356315787864 0.00699999975055 0
0.036578947235 0.00799999982226 0
0.0357368420327 0.00499999986324 0
0.0359999998924 0.00399999979152 0
0.0359999998924 0.00599999993495 0
0.0363684209984 0.011999999853 0
0.036 0.019 21
0.0360526315156 0.017999999771 0
0.0359999998924 0.0159999998837 0
0.036210526129 0.014999999812 0
0.0361052631388 0.0169999999554 0
0.0367894732154 0.0109999997813 0
0.0369999999641 0.0139999999964 0
0.0369999999641 0.0129999999247 0
0.0369999999641 0.00999999996568 0
0.039 0 1
0.0389999998515 0.000999999832502 0
0.0367894734715 0.00399999979152 0
0.0379999997797 0.00199999990421 0
0.0371578945775 0.00299999997593 0
0.0372894732512 0.00849999985811 0
0.0366315788581 0.00699999975055 0
0.0373289467765 0.00774999954822 0
0.0369999999641 0.00499999986324 0
0.0369999999641 0.00599999993495 0
0.0376315789298 0.011999999853 0
0.037 0.019 21
0.0369999999641 0.017999999771 0
0.0369999999641 0.0159999998837 0
0.0369999999641 0.014999999812 0
0.0369999999641 0.0169999999554 0
0.0375789473067 0.0109999997813 0
0.0379999997797 0.0139999999964 0
0.0379999997797 0.0129999999247 0
0.0379999997797 0.00899999989397 0
0.0384736841321 0.00999999996568 0
0.04 0 1
0.0399999999232 0.000999999832502 0
0.0391052630978 0.00199999990421 0
0.0399999999232 0.00199999990421 0
0.0379999997797 0.00499999986324 0
0.0389999998515 0.00299999997593 0
0.0379999997797 0.00399999979152 0
0.0379999997797 0.00299999997593 0
0.0379999997797 0.00799999982226 0
0.037368420814 0.00699999975055 0
0.0379999997797 0.00599999993495 0
0.0383684208858 0.011999999853 0
0.038 0.019 21
0.0379473684127 0.017999999771 0
0.0382105262724 0.014999999812 0
0.0378421051664 0.0159999998837 0
0.0381052630261 0.0169999999554 0
0.0389999998515 0.0109999997813 0
0.0389999998515 0.0139999999964 0
0.0389999998515 0.0129999999247 0
0.0389999998515 0.00899999989397 0
0.0392368420276 0.00999999996568 0
0.041 0 1
0.0409999999949 0.00199999990421 0
0.0409999999949 0.000999999832502 0
0.0399999999232 0.00299999997593 0
0.0399999999232 0.00399999979152 0
0.0387368419918 0.00499999986324 0
0.0389999998515 0.00399999979152 0
0.0389999998515 0.00799999982226 0
0.0386315787454 0.00699999975055 0
0.0389999998515 0.00599999993495 0
0.0411578946082 0.00299999997593 0
0.0391842104045 0.011999999853 0
0.039 0.019 21
0.0389999998515 0.017999999771 0
0.0389999998515 0.014999999812 0
0.0389999998515 0.0159999998837 0
0.0389999998515 0.0169999999554 0
0.0399999999232 0.0109999997813 0
0.0397368420635 0.0139999999964 0
0.0399999999232 0.0129999999247 0
0.0397631574909 0.00899999989397 0
0.0399999999232 0.00999999996568 0
0.0399999999232 0.00799999982226 0
0.042 0 1
0.0419999998105 0.00199999990421 0
0.0419999998105 0.000999999832502 0
0.0399999999232 0.00599999993495 0
0.0407894735022 0.00399999979152 0
0.0399999999232 0.00499999986324 0
0.0406842099998 0.00749999953029 0
0.0399999999232 0.00699999975055 0
0.0419999998105 0.00399999979152 0
0.0419999998105 0.00299999997593 0
0.0399999999232 0.011999999853 0
0.04 0.019 21
0.0399999999232 0.017999999771 0
0.0398947366768 0.0169999999554 0
0.0399999999232 0.014999999812 0
0.0398421050537 0.0159999998837 0
0.0408157891858 0.011999999853 0
0.0407631575626 0.00999999996568 0
0.0409999999949 0.0109999997813 0
0.0408421051254 0.0129999999247 0
0.0409999999949 0.0139999999964 0
0.0405263156425 0.00899999989397 0
0.0414210524679 0.00799999982226 0
0.043 0 1
0.0428421050127 0.00299999997593 0
0.0429999998822 0.00199999990421 0
0.0430526315053 0.000999999832502 0
0.0409999999949 0.00599999993495 0
0.0412631578546 0.00499999986324 0
0.0413684208448 0.00699999975055 0
0.0419999998105 0.00499999986324 0
0.0434210520991 0.00349999975567 0
0.0427894736457 0.00399999979152 0
0.0409999999949 0.014999999812 0
0.041 0.019 21
0.0409999999949 0.017999999771 0
0.0409999999949 0.0169999999554 0
0.0409999999949 0.0159999998837 0
0.0416315787045 0.011999999853 0
0.0415263157143 0.00999999996568 0
0.0424210525396 0.0109999997813 0
0.0417894735739 0.014999999812 0
0.0419999998105 0.0139999999964 0
0.0416842103276 0.0129999999247 0
0.042210526047 0.00799999982226 0
0.0419999998105 0.00899999989397 0
0.0439999999539 0.000999999832502 0
0.044 0 1
0.0439999999539 0.00299999997593 0
0.0439999999539 0.00199999990421 0
0.0419999998105 0.00599999993495 0
0.0426315787762 0.00699999975055 0
0.0429999998822 0.00499999986324 0
0.0439999999539 0.00399999979152 0
0.04215789468 0.0159999998837 0
0.042 0.019 21
0.0419473681873 0.017999999771 0
0.0421052630568 0.0169999999554 0
0.0423684209165 0.011999999853 0
0.0429999998822 0.00999999996568 0
0.0432105258626 0.0109999997813 0
0.0429999998822 0.0139999999964 0
0.0429999998822 0.014999999812 0
0.0429999998822 0.0129999999247 0
0.0434736839784 0.00899999989397 0
0.0429999998822 0.00799999982226 0
0.0433684209882 0.00699999975055 0
0.0449473684025 0.000999999832502 0
0.045 0 1
0.0449999997695 0.00199999990421 0
0.0448421051561 0.00299999997593 0
0.0440263151252 0.00649999971469 0
0.043315789365 0.00599999993495 0
0.0439999999539 0.00499999986324 0
0.0449999997695 0.00399999979152 0
0.0429999998822 0.0159999998837 0
0.0429999998822 0.0169999999554 0
0.043 0.019 21
0.0429999998822 0.017999999771 0
0.046 0 1
0.0436315788479 0.011999999853 0
0.0439999999539 0.00999999996568 0
0.044236841874 0.00899999989397 0
0.0439999999539 0.0109999997813 0
0.0437894734613 0.014999999812 0
0.0443947362312 0.0144999997762 0
0.0439999999539 0.0129999999247 0
0.0437368420942 0.0139999999964 0
0.0439999999539 0.00799999982226 0
0.0446315789196 0.00699999975055 0
0.0459999998412 0.00199999990421 0
0.0459999998412 0.000999999832502 0
0.0459999998412 0.00299999997593 0
0.0446842102866 0.00599999993495 0
0.0452631578853 0.00499999986324 0
0.0459999998412 0.00499999986324 0
0.0459999998412 0.00399999979152 0
0.0439999999539 0.0159999998837 0
0.0438947367076 0.0169999999554 0
0.044 0.019 21
0.0439999999539 0.017999999771 0
0.047 0 1
0.0443684208038 0.011999999853 0
0.0447631578494 0.00999999996568 0
0.0449999997695 0.00899999989397 0
0.0449999997695 0.0109999997813 0
0.045026315453 0.0124999998888 0
0.0449999997695 0.014999999812 0
0.0450131576113 0.0132499999426 0
0.0449999997695 0.0139999999964 0
0.0454210524987 0.00799999982226 0
0.0459736839016 0.00749999953029 0
0.0453684208755 0.00699999975055 0
0.0468947366666 0.00199999990421 0
0.0469999999129 0.000999999832502 0
0.0469999999129 0.00299999997593 0
0.0459999998412 0.00599999993495 0
0.0469999999129 0.00399999979152 0
0.0469999999129 0.00499999986324 0
0.0449999997695 0.0159999998837 0
0.0449999997695 0.0169999999554 0
0.045 0.019 21
0.0449999997695 0.017999999771 0
0.048 0 1
0.0456315787352 0.011999999853 0
0.0459999998412 0.00899999989397 0
0.045526315745 0.00999999996568 0
0.0459999998412 0.0109999997813 0
0.0456842103584 0.0129999999247 0
0.0457894736047 0.014999999812 0
0.0459999998412 0.0139999999964 0
0.0465789471837 0.00799999982226 0
0.0466315788069 0.00699999975055 0
0.0479999999846 0.00399999979152 0
0.0479999999846 0.00199999990421 0
0.0480526313517 0.000999999832502 0
0.048157894598 0.00299999997593 0
0.0469999999129 0.00599999993495 0
0.0479999999846 0.00499999986324 0
0.0459999998412 0.0159999998837 0
0.0458947365949 0.0169999999554 0
0.046 0.019 21
0.045947368218 0.017999999771 0
0.049 0 1
0.0469999999129 0.00899999989397 0
0.0463684209472 0.011999999853 0
0.0469999999129 0.00999999996568 0
0.0469999999129 0.0109999997813 0
0.0464999998771 0.0129999999247 0
0.0472105261495 0.014999999812 0
0.0469999999129 0.0139999999964 0
0.0479999999846 0.00699999975055 0
0.0475789472555 0.00799999982226 0
0.0489999998002 0.00399999979152 0
0.0489999998002 0.000999999832502 0
0.0489999998002 0.00199999990421 0
0.0491578946697 0.00299999997593 0
0.0483157894675 0.00599999993495 0
0.0492631576599 0.00499999986324 0
0.0469999999129 0.0159999998837 0
0.0465263153045 0.0174999997352 0
0.047 0.019 21
0.0471052629031 0.0169999999554 0
0.0470526315361 0.017999999771 0
0.05 0 1
0.0499999998719 0.000999999832502 0
0.0479999999846 0.014999999812 0
0.0479999999846 0.0159999998837 0
0.0479999999846 0.00899999989397 0
0.0479999999846 0.00999999996568 0
0.0471842102098 0.011999999853 0
0.047789473492 0.0109999997813 0
0.0473157893958 0.0129999999247 0
0.0479999999846 0.0139999999964 0
0.0489999998002 0.00699999975055 0
0.0484210524577 0.00799999982226 0
0.0499999998719 0.00399999979152 0
0.0499999998719 0.00199999990421 0
0.0499999998719 0.00299999997593 0
0.0493157892831 0.00599999993495 0
0.0499999998719 0.00499999986324 0
0.0479999999846 0.0169999999554 0
0.048 0.019 21
0.0479999999846 0.017999999771 0
0.051 0 1
0.0509473683205 0.000999999832502 0
0.0487894735637 0.014999999812 0
0.0488421051869 0.0159999998837 0
0.0489999998002 0.00899999989397 0
0.0487631576241 0.00999999996568 0
0.0485789473272 0.0109999997813 0
0.0479999999846 0.011999999853 0
0.0486842103174 0.0129999999247 0
0.0489999998002 0.0139999999964 0
0.0497631576958 0.00899999989397 0
0.0499999998719 0.00699999975055 0
0.0494210525294 0.00799999982226 0
0.050789473451 0.00399999979152 0
0.0509999999437 0.00199999990421 0
0.0508421050742 0.00299999997593 0
0.0508157891345 0.00699999923832 0
0.0506842104608 0.00599999993495 0
0.0509999999437 0.00499999986324 0
0.04889473681 0.0169999999554 0
0.049 0.019 21
0.0489473681771 0.017999999771 0
0.052 0 1
0.0519999997593 0.000999999832502 0
0.051894736769 0.00199999990421 0
0.0498947366256 0.0169999999554 0
0.0497894736354 0.014999999812 0
0.0501578944853 0.0159999998837 0
0.0495263157757 0.00999999996568 0
0.0495789471428 0.0109999997813 0
0.0489999998002 0.011999999853 0
0.0496842103891 0.0129999999247 0
0.0502631577316 0.0139999999964 0
0.0505263155913 0.00899999989397 0
0.0509999999437 0.00999999996568 0
0.0505789472145 0.00799999982226 0
0.0517894735227 0.00399999979152 0
0.0519999997593 0.00299999997593 0
0.0519999997593 0.00599999993495 0
0.0516315789094 0.00699999975055 0
0.0519999997593 0.00499999986324 0
0.05 0.019 21
0.0499473682488 0.017999999771 0
0.0505263155913 0.0174999997352 0
0.053 0 1
0.052999999831 0.000999999832502 0
0.052999999831 0.00199999990421 0
0.0511052629339 0.0169999999554 0
0.0509999999437 0.0159999998837 0
0.0509999999437 0.014999999812 0
0.0504210526011 0.0109999997813 0
0.0499999998719 0.011999999853 0
0.0512105259241 0.0109999997813 0
0.0509999999437 0.0129999999247 0
0.0509999999437 0.0139999999964 0
0.051526315663 0.00899999989397 0
0.0519999997593 0.00999999996568 0
0.0519999997593 0.00799999982226 0
0.052999999831 0.00399999979152 0
0.052999999831 0.00299999997593 0
0.0528421049615 0.00599999993495 0
0.052999999831 0.00699999975055 0
0.052999999831 0.00499999986324 0
0.051 0.019 21
0.0510526315668 0.017999999771 0
0.0519999997593 0.0169999999554 0
0.0519999997593 0.017999999771 0
0.054 0 1
0.0539999999027 0.00199999990421 0
0.0539473682795 0.000999999832502 0
0.0519999997593 0.014999999812 0
0.0519999997593 0.0159999998837 0
0.0519999997593 0.0139999999964 0
0.0513684210497 0.011999999853 0
0.0519999997593 0.0109999997813 0
0.0519999997593 0.0129999999247 0
0.0524736841116 0.00899999989397 0
0.052999999831 0.00999999996568 0
0.052999999831 0.00799999982226 0
0.0537894736661 0.00399999979152 0
0.054157894516 0.00299999997593 0
0.0542631577624 0.00499999986324 0
0.0539999999027 0.00699999975055 0
0.0536842104198 0.00599999993495 0
0.052 0.019 21
0.0528947368408 0.0169999999554 0
0.052999999831 0.017999999771 0
0.0549999999744 0.00199999990421 0
0.055 0 1
0.0549999999744 0.000999999832502 0
0.052999999831 0.014999999812 0
0.0531578947004 0.0159999998837 0
0.0532631576907 0.0139999999964 0
0.052999999831 0.0129999999247 0
0.0534210525601 0.0109999997813 0
0.052631578725 0.011999999853 0
0.0537631574704 0.00999999996568 0
0.0535263155503 0.00899999989397 0
0.0544210523757 0.00799999982226 0
0.0548157894214 0.00699999923832 0
0.0549999999744 0.00499999986324 0
0.0549999999744 0.00299999997593 0
0.0549999999744 0.00399999979152 0
0.0549999999744 0.00599999993495 0
0.053 0.019 21
0.054 0.019 21
0.0539999999027 0.017999999771 0
0.0539999999027 0.0159999998837 0
0.0539999999027 0.0169999999554 0
0.0558947367998 0.00199999990421 0
0.056 0 1
0.0560526314131 0.000999999832502 0
0.0561578946595 0.00299999997593 0
0.0539999999027 0.014999999812 0
0.0538421050332 0.0129999999247 0
0.0539999999027 0.0139999999964 0
0.0542105261392 0.0109999997813 0
0.0539999999027 0.011999999853 0
0.0545263156221 0.00999999996568 0
0.0549999999744 0.0109999997813 0
0.0549999999744 0.00899999989397 0
0.0555789473169 0.00799999982226 0
0.0556315789401 0.00699999975055 0
0.05599999979 0.00499999986324 0
0.05599999979 0.00399999979152 0
0.0569999998617 0.00399999979152 0
0.0563157892728 0.00599999993495 0
0.055 0.019 21
0.0549473683512 0.017999999771 0
0.0552105262109 0.014999999812 0
0.0549999999744 0.0159999998837 0
0.0549999999744 0.0169999999554 0
0.0569999998617 0.00199999990421 0
0.057 0 1
0.0569999998617 0.000999999832502 0
0.0569999998617 0.00299999997593 0
0.0575789472042 0.00349999975567 0
0.0549999999744 0.0139999999964 0
0.0546842104915 0.0129999999247 0
0.0549999999744 0.011999999853 0
0.0557894735535 0.0109999997813 0
0.05599999979 0.00999999996568 0
0.05599999979 0.00899999989397 0
0.056368420896 0.00699999975055 0
0.0570263155452 0.00749999953029 0
0.0564210525192 0.00799999982226 0
0.0573157893445 0.00599999993495 0
0.0576052628878 0.00449999982738 0
0.0569999998617 0.00499999986324 0
0.05599999979 0.0139999999964 0
0.056 0.019 21
0.05599999979 0.017999999771 0
0.05599999979 0.0159999998837 0
0.05599999979 0.014999999812 0
0.05599999979 0.0169999999554 0
0.0581052629236 0.00199999990421 0
0.0580526315566 0.000999999832502 0
0.058 0 1
0.0581578945468 0.00299999997593 0
0.0582105261699 0.00399999979152 0
0.05599999979 0.0129999999247 0
0.0566578944392 0.0124999996327 0
0.05599999979 0.011999999853 0
0.0565789471325 0.0109999997813 0
0.0569999998617 0.00999999996568 0
0.0569999998617 0.00899999989397 0
0.0576315788274 0.00699999975055 0
0.0575789472042 0.00799999982226 0
0.0579999999334 0.00899999989397 0
0.0583684210394 0.00699999975055 0
0.0583157894163 0.00599999993495 0
0.0582631577931 0.00499999986324 0
0.056736842002 0.0139999999964 0
0.057 0.019 21
0.0570526314849 0.017999999771 0
0.0568421052483 0.0159999998837 0
0.0572105260982 0.014999999812 0
0.057105263108 0.0169999999554 0
0.058999999749 0.00399999979152 0
0.058999999749 0.00199999990421 0
0.058999999749 0.000999999832502 0
0.059 0 1
0.058999999749 0.00299999997593 0
0.06 0 1
0.0573157893445 0.0129999999247 0
0.0573684209677 0.011999999853 0
0.0579736839938 0.0114999998171 0
0.0574210525909 0.0109999997813 0
0.0577631577572 0.00999999996568 0
0.0585263156528 0.00999999996568 0
0.0584210524065 0.00799999982226 0
0.058999999749 0.00899999989397 0
0.0590263154325 0.00749999953029 0
0.0589736840655 0.00649999945858 0
0.058999999749 0.00499999986324 0
0.0589868419072 0.00574999966091 0
0.0579999999334 0.014999999812 0
0.0579999999334 0.0139999999964 0
0.058 0.019 21
0.0579999999334 0.017999999771 0
0.0579999999334 0.0159999998837 0
0.0579999999334 0.0169999999554 0
0.0597894735842 0.00399999979152 0
0.0602631576804 0.00499999986324 0
0.0598947368305 0.00199999990421 0
0.0599999998207 0.000999999832502 0
0.0601578946902 0.00299999997593 0
0.061 0 1
0.0609999998924 0.000999999832502 0
0.0583157891601 0.0129999999247 0
0.0586315788991 0.011999999853 0
0.059368420855 0.011999999853 0
0.058578947276 0.0109999997813 0
0.0594736841013 0.00999999996568 0
0.0599999998207 0.00899999989397 0
0.0595789473477 0.00799999982226 0
0.0596315787147 0.00699999975055 0
0.0599999998207 0.00599999993495 0
0.0587894735125 0.014999999812 0
0.0587368418893 0.0139999999964 0
0.059 0.019 21
0.0590526313722 0.017999999771 0
0.0588421051356 0.0159999998837 0
0.0591052629953 0.0169999999554 0
0.060842105023 0.00599999993495 0
0.0609999998924 0.00499999986324 0
0.0609999998924 0.00399999979152 0
0.0609999998924 0.00299999997593 0
0.0609999998924 0.00199999990421 0
0.062 0 1
0.061947368341 0.000999999832502 0
0.0593157892319 0.0129999999247 0
0.0600263155042 0.0124999998888 0
0.0605263155401 0.00999999996568 0
0.0599999998207 0.0109999997813 0
0.0607631577163 0.00899999989397 0
0.0604210525499 0.00799999982226 0
0.0609999998924 0.00699999975055 0
0.0614736839887 0.00999999996568 0
0.0615263156118 0.00899999989397 0
0.0593947365385 0.0144999997762 0
0.0594210524782 0.0154999998479 0
0.0599999998207 0.0139999999964 0
0.0599999998207 0.017999999771 0
0.06 0.019 21
0.0599999998207 0.0169999999554 0
0.0599999998207 0.0159999998837 0
0.0616842104813 0.00599999993495 0
0.0622631578238 0.00499999986324 0
0.0619999999641 0.00399999979152 0
0.0621052629544 0.00199999990421 0
0.0618421050947 0.00299999997593 0
0.0629999997797 0.00199999990421 0
0.063 0 1
0.0629999997797 0.000999999832502 0
0.0606842104096 0.0129999999247 0
0.0609999998924 0.011999999853 0
0.0614210526216 0.0109999997813 0
0.061578947235 0.00799999982226 0
0.0619999999641 0.00699999975055 0
0.0622368418842 0.00999999996568 0
0.0624736840604 0.00899999989397 0
0.0599999998207 0.014999999812 0
0.0612631577521 0.0139999999964 0
0.0607894736559 0.014999999812 0
0.061 0.019 21
0.0609473682693 0.017999999771 0
0.0609999998924 0.0169999999554 0
0.0611578945058 0.0159999998837 0
0.064 0 1
0.0626842102969 0.00599999993495 0
0.0629999997797 0.00399999979152 0
0.0629999997797 0.00499999986324 0
0.0629999997797 0.00299999997593 0
0.0638947366051 0.00199999990421 0
0.0639473682283 0.000999999832502 0
0.0619999999641 0.0129999999247 0
0.0619999999641 0.011999999853 0
0.0625789473067 0.0109999997813 0
0.0629999997797 0.00799999982226 0
0.0629999997797 0.00699999975055 0
0.0629999997797 0.00999999996568 0
0.0635263157552 0.00899999989397 0
0.0619999999641 0.0159999998837 0
0.0619999999641 0.0139999999964 0
0.0619999999641 0.014999999812 0
0.062 0.019 21
0.0619999999641 0.017999999771 0
0.0619999999641 0.0169999999554 0
0.065 0 1
0.0649999999232 0.000999999832502 0
0.0636842103686 0.00599999993495 0
0.0637894736149 0.00399999979152 0
0.0639999998515 0.00499999986324 0
0.0641578947209 0.00299999997593 0
0.0649999999232 0.00199999990421 0
0.0629999997797 0.0129999999247 0
0.0633684208858 0.011999999853 0
0.064026315535 0.0114999998171 0
0.0634210525089 0.0109999997813 0
0.0639999998515 0.00799999982226 0
0.0643684209575 0.00699999975055 0
0.0644736842038 0.00899999989397 0
0.0639999998515 0.00999999996568 0
0.0629999997797 0.0159999998837 0
0.0632631576394 0.0139999999964 0
0.0629999997797 0.014999999812 0
0.063 0.019 21
0.0629999997797 0.017999999771 0
0.0631052630261 0.0169999999554 0
0.0659473683717 0.000999999832502 0
0.066 0 1
0.0658947367486 0.00199999990421 0
0.0649999999232 0.00499999986324 0
0.0649999999232 0.00599999993495 0
0.0649999999232 0.00399999979152 0
0.0649999999232 0.00299999997593 0
0.0639999998515 0.0129999999247 0
0.0646315788172 0.011999999853 0
0.064578947194 0.0109999997813 0
0.0649999999232 0.00799999982226 0
0.0656315788889 0.00699999975055 0
0.0652368420993 0.00899999989397 0
0.0654736840194 0.00999999996568 0
0.0639999998515 0.0139999999964 0
0.0639999998515 0.0159999998837 0
0.0639999998515 0.014999999812 0
0.064 0.019 21
0.0639999998515 0.017999999771 0
0.0639999998515 0.0169999999554 0
0.0658421048693 0.00599999993495 0
0.0659999999949 0.00299999997593 0
0.0669473681873 0.000999999832502 0
0.067 0 1
0.0669999998105 0.00199999990421 0
0.0657368418791 0.00499999986324 0
0.0659999999949 0.00399999979152 0
0.0665789473374 0.00349999975567 0
0.0647368420635 0.0139999999964 0
0.0649999999232 0.0129999999247 0
0.0653684210292 0.011999999853 0
0.0654210523962 0.0109999997813 0
0.0659999999949 0.00799999982226 0
0.0666315787045 0.00699999975055 0
0.0662368419149 0.00999999996568 0
0.0659999999949 0.00899999989397 0
0.068 0 1
0.0648421050537 0.0159999998837 0
0.0652105261597 0.014999999812 0
0.065 0.019 21
0.0649999999232 0.017999999771 0
0.0651052629134 0.0169999999554 0
0.0666842103276 0.00599999993495 0
0.06715789468 0.00299999997593 0
0.0679999998822 0.00199999990421 0
0.0680526315053 0.000999999832502 0
0.0669999998105 0.00499999986324 0
0.0672105263031 0.00399999979152 0
0.0659999999949 0.0129999999247 0
0.0659999999949 0.0139999999964 0
0.0664210524679 0.0109999997813 0
0.0663684208448 0.011999999853 0
0.0669736838708 0.0114999998171 0
0.0669999998105 0.00799999982226 0
0.0673684209165 0.00699999975055 0
0.0669999998105 0.00999999996568 0
0.0674736841628 0.00899999989397 0
0.0689999999539 0.000999999832502 0
0.069 0 1
0.0659999999949 0.0159999998837 0
0.0659999999949 0.014999999812 0
0.066 0.019 21
0.0659999999949 0.017999999771 0
0.0659999999949 0.0169999999554 0
0.0669999998105 0.0139999999964 0
0.0669999998105 0.014999999812 0
0.0674999998463 0.00599999993495 0
0.0679999998822 0.00299999997593 0
0.0689999999539 0.00199999990421 0
0.0679999998822 0.00499999986324 0
0.0682105261187 0.00399999979152 0
0.0669999998105 0.0129999999247 0
0.067578947153 0.0109999997813 0
0.0676315787762 0.011999999853 0
0.0679999998822 0.00799999982226 0
0.0681842104352 0.00699999923832 0
0.0682368420584 0.00899999989397 0
0.0679999998822 0.00999999996568 0
0.0699473684025 0.000999999832502 0
0.07 0 1
0.0669999998105 0.0159999998837 0
0.067 0.019 21
0.0669999998105 0.0169999999554 0
0.0669999998105 0.017999999771 0
0.0677368420225 0.0139999999964 0
0.0678421050127 0.0159999998837 0
0.0679999998822 0.014999999812 0
0.068315789365 0.00599999993495 0
0.0699999997695 0.00199999990421 0
0.0689999999539 0.00299999997593 0
0.0689999999539 0.00399999979152 0
0.0699999997695 0.00299999997593 0
0.0689999999539 0.00499999986324 0
0.0679999998822 0.0129999999247 0
0.0685789472247 0.0109999997813 0
0.0686315788479 0.011999999853 0
0.0689999999539 0.00899999989397 0
0.0689999999539 0.00799999982226 0
0.0689999999539 0.00699999975055 0
0.0689999999539 0.00999999996568 0
0.070947368218 0.000999999832502 0
0.071 0 1
0.0711052630875 0.00199999990421 0
0.068 0.019 21
0.0679999998822 0.017999999771 0
0.0679999998822 0.0169999999554 0
0.0689999999539 0.014999999812 0
0.0689999999539 0.0139999999964 0
0.0688421050844 0.0159999998837 0
0.0696842102866 0.00599999993495 0
0.0709999998412 0.00299999997593 0
0.069789473533 0.00399999979152 0
0.0699999997695 0.00499999986324 0
0.0689999999539 0.0129999999247 0
0.069421052427 0.0109999997813 0
0.0693684208038 0.011999999853 0
0.0699999997695 0.00699999975055 0
0.0697631578494 0.00899999989397 0
0.0699999997695 0.00799999982226 0
0.0699999997695 0.00999999996568 0
0.0719999999129 0.000999999832502 0
0.072 0 1
0.0719999999129 0.00299999997593 0
0.0719999999129 0.00199999990421 0
0.0696315789196 0.0134999999606 0
0.069 0.019 21
0.0689999999539 0.017999999771 0
0.0691052629441 0.0169999999554 0
0.0699999997695 0.014999999812 0
0.0702631578853 0.0139999999964 0
0.070157894639 0.0159999998837 0
0.0706842103584 0.00599999993495 0
0.0712105260777 0.00399999979152 0
0.0709999998412 0.00499999986324 0
0.0703157892523 0.0129999999247 0
0.0713684209472 0.00699999975055 0
0.0704210524987 0.0109999997813 0
0.0703684208755 0.011999999853 0
0.0710263155247 0.0114999998171 0
0.0709999998412 0.00799999982226 0
0.070526315745 0.00899999989397 0
0.0709999998412 0.00999999996568 0
0.0719999999129 0.00399999979152 0
0.0729999999846 0.000999999832502 0
0.073 0 1
0.0728421051152 0.00299999997593 0
0.0729999999846 0.00199999990421 0
0.07 0.019 21
0.0699999997695 0.017999999771 0
0.0701052630158 0.0169999999554 0
0.0709999998412 0.014999999812 0
0.0709999998412 0.0139999999964 0
0.0709999998412 0.0169999999554 0
0.0709999998412 0.0159999998837 0
0.0719999999129 0.00599999993495 0
0.0719999999129 0.00499999986324 0
0.0713157893241 0.0129999999247 0
0.0717894734203 0.00799999982226 0
0.0721842104659 0.00699999923832 0
0.0715789471837 0.0109999997813 0
0.0716315788069 0.011999999853 0
0.0723157893958 0.0114999998171 0
0.0719999999129 0.00999999996568 0
0.0719999999129 0.00899999989397 0
0.0729999999846 0.00399999979152 0
0.0739999998002 0.000999999832502 0
0.0739999998002 0.00199999990421 0
0.074 0 1
0.0739999998002 0.00299999997593 0
0.071 0.019 21
0.0709999998412 0.017999999771 0
0.0717894736764 0.014999999812 0
0.0717368420532 0.0139999999964 0
0.0719999999129 0.0169999999554 0
0.0721578945263 0.0159999998837 0
0.0732631578443 0.00499999986324 0
0.0729999999846 0.00599999993495 0
0.0723157893958 0.0129999999247 0
0.0725789472555 0.00799999982226 0
0.0729999999846 0.00699999975055 0
0.0729999999846 0.00899999989397 0
0.0729999999846 0.0109999997813 0
0.0729999999846 0.011999999853 0
0.0729999999846 0.00999999996568 0
0.0739999998002 0.00499999986324 0
0.0739999998002 0.00399999979152 0
0.0749473682488 0.000999999832502 0
0.0748947366256 0.00199999990421 0
0.075 0 1
0.0749999998719 0.00299999997593 0
0.0723947367025 0.0144999997762 0
0.072 0.019 21
0.0720526315361 0.017999999771 0
0.0729999999846 0.014999999812 0
0.0729999999846 0.0159999998837 0
0.0729999999846 0.0139999999964 0
0.0729999999846 0.0169999999554 0
0.0739999998002 0.00599999993495 0
0.0736842103174 0.0129999999247 0
0.0739999998002 0.00799999982226 0
0.0739999998002 0.00699999975055 0
0.0739999998002 0.00899999989397 0
0.0739999998002 0.0109999997813 0
0.0739999998002 0.011999999853 0
0.0739999998002 0.00999999996568 0
0.0749999998719 0.00499999986324 0
0.0749999998719 0.00399999979152 0
0.0759999999437 0.00399999979152 0
0.0759999999437 0.000999999832502 0
0.0759999999437 0.00199999990421 0
0.076 0 1
0.0759999999437 0.00299999997593 0
0.0729999999846 0.017999999771 0
0.073 0.019 21
0.0738421051869 0.0159999998837 0
0.0737894735637 0.014999999812 0
0.0739999998002 0.0139999999964 0
0.0739999998002 0.0169999999554 0
0.0739473681771 0.017999999771 0
0.0749999998719 0.00599999993495 0
0.0749999998719 0.0129999999247 0
0.0749999998719 0.011999999853 0
0.0749999998719 0.00699999975055 0
0.0749999998719 0.00799999982226 0
0.0749999998719 0.00899999989397 0
0.0749999998719 0.00999999996568 0
0.0749999998719 0.0109999997813 0
0.0759999999437 0.00499999986324 0
0.0765789472862 0.00349999975567 0
0.0766052629697 0.00449999982738 0
0.077 0 1
0.0769999997593 0.00199999990421 0
0.0769999997593 0.000999999832502 0
0.0771578946287 0.00299999997593 0
0.0749999998719 0.0139999999964 0
0.0744210525294 0.0154999998479 0
0.074 0.019 21
0.0749999998719 0.0159999998837 0
0.0749999998719 0.014999999812 0
0.0749999998719 0.0169999999554 0
0.0749999998719 0.017999999771 0
0.0759999999437 0.00599999993495 0
0.0759999999437 0.00699999975055 0
0.075736842084 0.0139999999964 0
0.0759999999437 0.0129999999247 0
0.0759999999437 0.011999999853 0
0.0759999999437 0.0109999997813 0
0.0759999999437 0.00799999982226 0
0.0759999999437 0.00899999989397 0
0.0759999999437 0.00999999996568 0
0.0769999997593 0.00599999993495 0
0.0772631578751 0.00499999986324 0
0.0772105262519 0.00399999979152 0
0.078 0 1
0.077999999831 0.00199999990421 0
0.077999999831 0.000999999832502 0
0.077999999831 0.00299999997593 0
0.075 0.019 21
0.0762105261802 0.014999999812 0
0.0758421050742 0.0159999998837 0
0.0761052629339 0.0169999999554 0
0.0759999999437 0.017999999771 0
0.0769999997593 0.00799999982226 0
0.0769999997593 0.00699999975055 0
0.0769999997593 0.0129999999247 0
0.0769999997593 0.0139999999964 0
0.0769999997593 0.011999999853 0
0.0769999997593 0.0109999997813 0
0.0769999997593 0.00999999996568 0
0.0769999997593 0.00899999989397 0
0.077999999831 0.00499999986324 0
0.077999999831 0.00599999993495 0
0.077999999831 0.00699999975055 0
0.077999999831 0.00399999979152 0
0.0785789471735 0.00349999975567 0
0.079 0 1
0.0789999999027 0.000999999832502 0
0.0788947366564 0.00199999990421 0
0.079157894516 0.00299999997593 0
0.0769999997593 0.014999999812 0
0.076 0.019 21
0.0769999997593 0.0169999999554 0
0.0769999997593 0.0159999998837 0
0.077 0.019 21
0.0769999997593 0.017999999771 0
0.077999999831 0.00799999982226 0
0.077999999831 0.0129999999247 0
0.077999999831 0.0139999999964 0
0.077999999831 0.014999999812 0
0.077999999831 0.0109999997813 0
0.078368420937 0.011999999853 0
0.0789999999027 0.00899999989397 0
0.077999999831 0.00999999996568 0
0.077999999831 0.00899999989397 0
0.0789999999027 0.00699999975055 0
0.078736842043 0.00499999986324 0
0.0789999999027 0.00599999993495 0
0.0792105261392 0.00399999979152 0
0.0799999999744 0.000999999832502 0
0.08 0 1
0.0799999999744 0.00299999997593 0
0.0799999999744 0.00199999990421 0
0.077999999831 0.0159999998837 0
0.0778947368408 0.0169999999554 0
0.078 0.019 21
0.077999999831 0.017999999771 0
0.0789999999027 0.0159999998837 0
0.0795789469891 0.0154999998479 0
0.0794210523757 0.00799999982226 0
0.0788421050332 0.0129999999247 0
0.0789999999027 0.014999999812 0
0.0789999999027 0.0139999999964 0
0.0799999999744 0.00899999989397 0
0.0789999999027 0.0109999997813 0
0.0791842101996 0.011999999853 0
0.0789999999027 0.00999999996568 0
0.0799999999744 0.00599999993495 0
0.0799999999744 0.00699999975055 0
0.0799999999744 0.00499999986324 0
0.0799999999744 0.00399999979152 0
0.0809473681668 0.000999999832502 0
0.08099999979 0.00199999990421 0
0.081 0 1
0.0808421051766 0.00299999997593 0
0.0789999999027 0.0169999999554 0
0.0789999999027 0.017999999771 0
0.079 0.019 21
0.0799999999744 0.0169999999554 0
0.0802105262109 0.014999999812 0
0.0801578945878 0.0159999998837 0
0.0802105259548 0.00799999982226 0
0.0796842104915 0.0129999999247 0
0.0799999999744 0.0139999999964 0
0.0799999999744 0.011999999853 0
0.0799999999744 0.00999999996568 0
0.0807631578699 0.00899999989397 0
0.0799999999744 0.0109999997813 0
0.0808421051766 0.00599999993495 0
0.08099999979 0.00699999975055 0
0.08099999979 0.00499999986324 0
0.08099999979 0.00399999979152 0
0.0815789471325 0.00349999975567 0
0.0819473682385 0.000999999832502 0
0.0819999998617 0.00199999990421 0
0.082 0 1
0.0821578947312 0.00299999997593 0
0.0799473683512 0.017999999771 0
0.08 0.019 21
0.0811052630363 0.0169999999554 0
0.08099999979 0.017999999771 0
0.08099999979 0.014999999812 0
0.0811578946595 0.0159999998837 0
0.08099999979 0.00799999982226 0
0.0812631576497 0.0139999999964 0
0.08099999979 0.011999999853 0
0.08099999979 0.0129999999247 0
0.0814210525192 0.0109999997813 0
0.0815263157655 0.00899999989397 0
0.08099999979 0.00999999996568 0
0.0819999998617 0.00699999975055 0
0.0816842103788 0.00599999993495 0
0.0819999998617 0.00499999986324 0
0.0822105260982 0.00399999979152 0
0.0829999999334 0.00199999990421 0
0.083 0 1
0.0829999999334 0.000999999832502 0
0.0831578945468 0.00299999997593 0
0.081 0.019 21
0.0819999998617 0.0139999999964 0
0.0819999998617 0.0169999999554 0
0.0819999998617 0.017999999771 0
0.082 0.019 21
0.0819999998617 0.014999999812 0
0.0819999998617 0.0159999998837 0
0.0824210525909 0.00799999982226 0
0.0818421049922 0.0129999999247 0
0.0818157893087 0.011999999853 0
0.0824736839579 0.00899999989397 0
0.0822105260982 0.0109999997813 0
0.0819999998617 0.00999999996568 0
0.0829999999334 0.00699999975055 0
0.0829999999334 0.00599999993495 0
0.0832631577931 0.00499999986324 0
0.0832105261699 0.00399999979152 0
0.083999999749 0.00199999990421 0
0.084 0 1
0.083999999749 0.000999999832502 0
0.083999999749 0.00299999997593 0
0.0826842104506 0.0129999999247 0
0.083 0.019 21
0.0827368420737 0.0139999999964 0
0.0829999999334 0.014999999812 0
0.0828947366871 0.0169999999554 0
0.0829999999334 0.017999999771 0
0.0829999999334 0.0159999998837 0
0.0832368418535 0.00899999989397 0
0.0834210524065 0.00799999982226 0
0.0826315788274 0.011999999853 0
0.0829999999334 0.0109999997813 0
0.0829999999334 0.00999999996568 0
0.083999999749 0.00699999975055 0
0.083999999749 0.00499999986324 0
0.083999999749 0.00599999993495 0
0.083999999749 0.00399999979152 0
0.0849999998207 0.000999999832502 0
0.0849999998207 0.00199999990421 0
0.085 0 1
0.0849999998207 0.00399999979152 0
0.0849999998207 0.00299999997593 0
0.0836842105223 0.0129999999247 0
0.084 0.019 21
0.083947368382 0.017999999771 0
0.083999999749 0.0139999999964 0
0.0842105262417 0.014999999812 0
0.083999999749 0.0159999998837 0
0.083999999749 0.0169999999554 0
0.083999999749 0.00999999996568 0
0.083999999749 0.00899999989397 0
0.0845789473477 0.00799999982226 0
0.083999999749 0.011999999853 0
0.083999999749 0.0109999997813 0
0.0849999998207 0.00599999993495 0
0.0849999998207 0.00699999975055 0
0.0849999998207 0.00499999986324 0
0.0859473682693 0.000999999832502 0
0.0859999998924 0.00199999990421 0
0.086 0 1
0.0861578945058 0.00299999997593 0
0.0859999998924 0.00399999979152 0
0.0846578943982 0.0134999999606 0
0.085 0.019 21
0.0850526314439 0.017999999771 0
0.0849999998207 0.014999999812 0
0.0852631576804 0.0139999999964 0
0.0849999998207 0.0159999998837 0
0.085105263067 0.0169999999554 0
0.0849999998207 0.00899999989397 0
0.0849999998207 0.00999999996568 0
0.0855789471633 0.00799999982226 0
0.0849999998207 0.011999999853 0
0.0849999998207 0.0109999997813 0
0.0859999998924 0.00599999993495 0
0.0859999998924 0.00699999975055 0
0.0862631577521 0.00499999986324 0
0.0869999999641 0.000999999832502 0
0.0871052629544 0.00199999990421 0
0.087 0 1
0.0871578945775 0.00299999997593 0
0.0869999999641 0.00399999979152 0
0.0853157893036 0.0129999999247 0
0.0859999998924 0.017999999771 0
0.086 0.019 21
0.0859999998924 0.014999999812 0
0.0859999998924 0.0139999999964 0
0.0859999998924 0.0159999998837 0
0.0859999998924 0.0169999999554 0
0.0859999998924 0.00999999996568 0
0.0864210526216 0.00799999982226 0
0.0859999998924 0.00899999989397 0
0.0859999998924 0.0109999997813 0
0.0859999998924 0.011999999853 0
0.088 0 1
0.0869999999641 0.00699999975055 0
0.0869999999641 0.00599999993495 0
0.0872631578238 0.00499999986324 0
0.0879999997797 0.00199999990421 0
0.0879999997797 0.000999999832502 0
0.0879999997797 0.00299999997593 0
0.0879999997797 0.00399999979152 0
0.0866842104813 0.0129999999247 0
0.087 0.019 21
0.086947368341 0.017999999771 0
0.0869999999641 0.0169999999554 0
0.0869999999641 0.0139999999964 0
0.0867894734715 0.014999999812 0
0.0869999999641 0.0159999998837 0
0.0874210524372 0.00799999982226 0
0.086763157788 0.00999999996568 0
0.0869999999641 0.00899999989397 0
0.0869999999641 0.011999999853 0
0.0869999999641 0.0109999997813 0
0.0889473682283 0.000999999832502 0
0.089 0 1
0.0879999997797 0.00699999975055 0
0.0878421051664 0.00599999993495 0
0.0879999997797 0.00499999986324 0
0.0888947366051 0.00199999990421 0
0.0889999998515 0.00299999997593 0
0.0887894736149 0.00399999979152 0
0.0876842102969 0.0129999999247 0
0.088 0.019 21
0.0879473684127 0.017999999771 0
0.0879999997797 0.0169999999554 0
0.0879999997797 0.0139999999964 0
0.0886052628058 0.0144999997762 0
0.0877894735432 0.014999999812 0
0.0881578946492 0.0159999998837 0
0.0885789471223 0.00799999982226 0
0.0877631578597 0.00899999989397 0
0.0875263156835 0.00999999996568 0
0.0879999997797 0.011999999853 0
0.0884210525089 0.0109999997813 0
0.0899999999232 0.000999999832502 0
0.09 0 1
0.0888157890423 0.00699999923832 0
0.0886842103686 0.00599999993495 0
0.0889999998515 0.00499999986324 0
0.0901052629134 0.00199999990421 0
0.0898421050537 0.00299999997593 0
0.0899999999232 0.00399999979152 0
0.0884999998156 0.0129999999247 0
0.089 0.019 21
0.0890526314746 0.017999999771 0
0.0891052630978 0.0169999999554 0
0.0892631577111 0.0139999999964 0
0.089210526088 0.014999999812 0
0.0891578947209 0.0159999998837 0
0.0896315788172 0.00699999975055 0
0.089578947194 0.00799999982226 0
0.0885263157552 0.00899999989397 0
0.0889999998515 0.00999999996568 0
0.0889999998515 0.011999999853 0
0.0894210525806 0.0109999997813 0
0.0909999999949 0.00199999990421 0
0.0909999999949 0.000999999832502 0
0.091 0 1
0.0896842104403 0.00599999993495 0
0.0903684210292 0.00699999975055 0
0.0902631577829 0.00499999986324 0
0.0909999999949 0.00299999997593 0
0.0909999999949 0.00399999979152 0
0.0893157893343 0.0129999999247 0
0.0899999999232 0.017999999771 0
0.09 0.019 21
0.0899999999232 0.0169999999554 0
0.0899999999232 0.014999999812 0
0.0899999999232 0.0139999999964 0
0.0899999999232 0.0159999998837 0
0.089763157747 0.00999999996568 0
0.0909736840552 0.00749999953029 0
0.0904210523962 0.00799999982226 0
0.0899999999232 0.00899999989397 0
0.0905789472657 0.0109999997813 0
0.0899999999232 0.011999999853 0
0.0918421051971 0.00299999997593 0
0.0919999998105 0.00199999990421 0
0.092 0 1
0.0919473681873 0.000999999832502 0
0.0909999999949 0.00599999993495 0
0.0909999999949 0.00499999986324 0
0.0917894735739 0.00399999979152 0
0.0924210525396 0.00349999975567 0
0.093 0 1
0.0906578943163 0.0124999998888 0
0.0903289469917 0.0132499999426 0
0.091 0.019 21
0.0909473683717 0.017999999771 0
0.0911052629851 0.0169999999554 0
0.0911578946082 0.0159999998837 0
0.0909999999949 0.0139999999964 0
0.0907894735022 0.014999999812 0
0.0919999998105 0.00699999975055 0
0.0905263156425 0.00999999996568 0
0.0915789473374 0.00799999982226 0
0.0909999999949 0.00899999989397 0
0.0914210524679 0.0109999997813 0
0.0913684208448 0.011999999853 0
0.0929999998822 0.00299999997593 0
0.0929999998822 0.00199999990421 0
0.0929999998822 0.000999999832502 0
0.0919999998105 0.00599999993495 0
0.0922631576702 0.00499999986324 0
0.0928157890731 0.00699999923832 0
0.0929999998822 0.00499999986324 0
0.0929999998822 0.00399999979152 0
0.094 0 1
0.0913157892216 0.0129999999247 0
0.092026315494 0.0114999998171 0
0.092 0.019 21
0.0919999998105 0.017999999771 0
0.0919999998105 0.0169999999554 0
0.0919999998105 0.0139999999964 0
0.0919999998105 0.0159999998837 0
0.0919999998105 0.014999999812 0
0.0921578944238 0.0129999999247 0
0.0929999998822 0.00799999982226 0
0.0914736840911 0.00999999996568 0
0.0919999998105 0.00899999989397 0
0.092578947153 0.0109999997813 0
0.0926315787762 0.011999999853 0
0.0938421050844 0.00299999997593 0
0.0938947367076 0.00199999990421 0
0.0940526315771 0.000999999832502 0
0.0936315788479 0.00699999975055 0
0.0929999998822 0.00599999993495 0
0.0939999999539 0.00499999986324 0
0.0942105261904 0.00399999979152 0
0.0943684208038 0.00699999975055 0
0.0949999997695 0.000999999832502 0
0.095 0 1
0.093 0.019 21
0.0930526315053 0.017999999771 0
0.0931052631285 0.0169999999554 0
0.0927368420225 0.0139999999964 0
0.0931578944956 0.0159999998837 0
0.0927894736457 0.014999999812 0
0.0933947366717 0.0144999997762 0
0.0929999998822 0.0129999999247 0
0.0939999999539 0.00799999982226 0
0.0929999998822 0.00899999989397 0
0.092526315786 0.00999999996568 0
0.0934210526114 0.0109999997813 0
0.0933684209882 0.011999999853 0
0.0949999997695 0.00399999979152 0
0.0949999997695 0.00299999997593 0
0.0949999997695 0.00199999990421 0
0.094973684086 0.00649999971469 0
0.0943157894367 0.00599999993495 0
0.0949999997695 0.00499999986324 0
0.094973684086 0.00749999953029 0
0.0947236838119 0.00824999958407 0
0.096 0 1
0.095947368218 0.000999999832502 0
0.094 0.019 21
0.0939999999539 0.017999999771 0
0.0939999999539 0.0159999998837 0
0.0939999999539 0.0169999999554 0
0.0939999999539 0.0139999999964 0
0.0939999999539 0.014999999812 0
0.0939999999539 0.0129999999247 0
0.0944736840501 0.00899999989397 0
0.0939999999539 0.00999999996568 0
0.0942105261904 0.0109999997813 0
0.0946315789196 0.011999999853 0
0.095526315745 0.00899999989397 0
0.0957894736047 0.00399999979152 0
0.0959999998412 0.00199999990421 0
0.0964210525704 0.00349999975567 0
0.0958421052278 0.00299999997593 0
0.0956315787352 0.00699999975055 0
0.0956842103584 0.00599999993495 0
0.0962631577009 0.00499999986324 0
0.0955789473682 0.00799999982226 0
0.0969999999129 0.00199999990421 0
0.097 0 1
0.0969999999129 0.000999999832502 0
0.094789473533 0.014999999812 0
0.095 0.019 21
0.0950526313927 0.017999999771 0
0.0949999997695 0.0159999998837 0
0.0951052630158 0.0169999999554 0
0.0947368419098 0.0139999999964 0
0.0953157892523 0.0129999999247 0
0.0949999997695 0.00999999996568 0
0.0949999997695 0.0109999997813 0
0.0959999998412 0.00999999996568 0
0.0953684208755 0.011999999853 0
0.0964736841935 0.00899999989397 0
0.0969999999129 0.00399999979152 0
0.0969999999129 0.00299999997593 0
0.0963684209472 0.00699999975055 0
0.0966842104301 0.00599999993495 0
0.0969999999129 0.00499999986324 0
0.0969999999129 0.00799999982226 0
0.0978947367383 0.00199999990421 0
0.098 0 1
0.0979999999846 0.000999999832502 0
0.095394736559 0.0144999997762 0
0.0959999998412 0.014999999812 0
0.096 0.019 21
0.0959999998412 0.0169999999554 0
0.0959999998412 0.017999999771 0
0.0959999998412 0.0159999998837 0
0.0961578944546 0.0129999999247 0
0.0959999998412 0.0139999999964 0
0.0959999998412 0.0109999997813 0
0.0969999999129 0.00999999996568 0
0.0966315788069 0.011999999853 0
0.0975263156323 0.00899999989397 0
0.097789473492 0.00399999979152 0
0.098157894598 0.00299999997593 0
0.0989999998002 0.00299999997593 0
0.0976315788786 0.00699999975055 0
0.0979999999846 0.00499999986324 0
0.0976842105018 0.00599999993495 0
0.0979999999846 0.00799999982226 0
0.0989999998002 0.00199999990421 0
0.0989999998002 0.000999999832502 0
0.099 0 1
0.097 0.019 21
0.0967894736764 0.014999999812 0
0.0969999999129 0.017999999771 0
0.0968947366666 0.0169999999554 0
0.0971578945263 0.0159999998837 0
0.0979999999846 0.00999999996568 0
0.0969999999129 0.0129999999247 0
0.0972631577726 0.0139999999964 0
0.097421052386 0.0109999997813 0
0.0973684210189 0.011999999853 0
0.0985789473272 0.0109999997813 0
0.0989999998002 0.00899999989397 0
0.0989999998002 0.00499999986324 0
0.0989999998002 0.00399999979152 0
0.0998421052586 0.00299999997593 0
0.0997368420123 0.00499999986324 0
0.0983684208345 0.00699999975055 0
0.0997894733793 0.00799999982226 0
0.0986842103174 0.00599999993495 0
0.0989999998002 0.00799999982226 0
0.0998947366256 0.00199999990421 0
0.0999473682488 0.000999999832502 0
0.1 0 1
0.0979999999846 0.0139999999964 0
0.098 0.019 21
0.0979999999846 0.017999999771 0
0.0979999999846 0.014999999812 0
0.0979999999846 0.0169999999554 0
0.0979999999846 0.0159999998837 0
0.0994736841526 0.00999999996568 0
0.0979999999846 0.0129999999247 0
0.0981842102815 0.011999999853 0
0.0989999998002 0.011999999853 0
0.0994210525294 0.0109999997813 0
0.100473683968 0.00999999996568 0
0.0999999998719 0.00899999989397 0
0.0996842103891 0.00599999993495 0
0.0999999998719 0.00399999979152 0
0.100842105074 0.00299999997593 0
0.100499999908 0.00499999986324 0
0.100578947214 0.00799999982226 0
0.100342105038 0.00649999971469 0
0.0996315787659 0.00699999975055 0
0.100894736697 0.00199999990421 0
0.100999999944 0.000999999832502 0
0.101 0 1
0.101421052417 0.00249999994007 0
0.0985789473272 0.0154999998479 0
0.0989999998002 0.0139999999964 0
0.099 0.019 21
0.0989473681771 0.017999999771 0
0.0992105262929 0.014999999812 0
0.0989999998002 0.0169999999554 0
0.0991578946697 0.0159999998837 0
0.100421052601 0.0109999997813 0
0.0989999998002 0.0129999999247 0
0.0999999998719 0.011999999853 0
0.101236841864 0.0104999997454 0
0.100999999944 0.00899999989397 0
0.100999999944 0.00599999993495 0
0.100999999944 0.00399999979152 0
0.101578947286 0.00349999975567 0
0.101263157803 0.00499999986324 0
0.101421052417 0.00799999982226 0
0.100999999944 0.00699999975055 0
0.101999999759 0.00199999990421 0
0.101999999759 0.000999999832502 0
0.102 0 1
0.102157894629 0.00299999997593 0
0.0999999998719 0.0139999999964 0
0.1 0.019 21
0.100052631495 0.017999999771 0
0.0999999998719 0.0159999998837 0
0.100210526108 0.014999999812 0
0.100105263118 0.0169999999554 0
0.101118420776 0.0112499997992 0
0.100999999944 0.011999999853 0
0.100315789355 0.0129999999247 0
0.101999999759 0.0109999997813 0
0.101999999759 0.00999999996568 0
0.102210525996 0.00799999982226 0
0.102473684112 0.00899999989397 0
0.101999999759 0.00599999993495 0
0.102210526252 0.00399999979152 0
0.101999999759 0.00499999986324 0
0.102368420865 0.00699999975055 0
0.102999999831 0.00399999979152 0
0.102999999831 0.00199999990421 0
0.102999999831 0.000999999832502 0
0.103 0 1
0.102999999831 0.00299999997593 0
0.104 0 1
0.100999999944 0.014999999812 0
0.100999999944 0.0139999999964 0
0.101 0.019 21
0.100999999944 0.017999999771 0
0.100999999944 0.0159999998837 0
0.100999999944 0.0169999999554 0
0.101999999759 0.011999999853 0
0.101684210276 0.0129999999247 0
0.102999999831 0.0109999997813 0
0.102999999831 0.00999999996568 0
0.102999999831 0.00799999982226 0
0.103236842007 0.00899999989397 0
0.102999999831 0.00599999993495 0
0.102999999831 0.00499999986324 0
0.103631578797 0.00699999975055 0
0.103789473666 0.00399999979152 0
0.103894736656 0.00199999990421 0
0.103999999903 0.000999999832502 0
0.103999999903 0.00299999997593 0
0.103999999903 0.00499999986324 0
0.104947368351 0.000999999832502 0
0.105 0 1
0.101999999759 0.0139999999964 0
0.101999999759 0.014999999812 0
0.102 0.019 21
0.101999999759 0.017999999771 0
0.101999999759 0.0159999998837 0
0.101999999759 0.0169999999554 0
0.102999999831 0.011999999853 0
0.102999999831 0.0129999999247 0
0.103999999903 0.0109999997813 0
0.103999999903 0.00999999996568 0
0.103999999903 0.00899999989397 0
0.103999999903 0.00799999982226 0
0.103999999903 0.00599999993495 0
0.104999999974 0.00699999975055 0
0.104789473482 0.00399999979152 0
0.104999999974 0.00199999990421 0
0.104999999974 0.00299999997593 0
0.105394736508 0.00449999982738 0
0.104736841859 0.00499999986324 0
0.10599999979 0.00199999990421 0
0.10599999979 0.000999999832502 0
0.106 0 1
0.102736841971 0.0139999999964 0
0.102999999831 0.014999999812 0
0.103 0.019 21
0.102999999831 0.017999999771 0
0.1031578947 0.0159999998837 0
0.102999999831 0.0169999999554 0
0.103999999903 0.0139999999964 0
0.103999999903 0.011999999853 0
0.104315789386 0.0129999999247 0
0.104789473482 0.0109999997813 0
0.104999999974 0.00899999989397 0
0.104999999974 0.00999999996568 0
0.104999999974 0.00799999982226 0
0.105815789237 0.00699999923832 0
0.104999999974 0.00599999993495 0
0.10599999979 0.00399999979152 0
0.10599999979 0.00299999997593 0
0.10599999979 0.00499999986324 0
0.107 0 1
0.108 0 1
0.106894736615 0.00199999990421 0
0.106947368239 0.000999999832502 0
0.103999999903 0.014999999812 0
0.103999999903 0.0159999998837 0
0.104 0.019 21
0.104052631526 0.017999999771 0
0.104105263149 0.0169999999554 0
0.104999999974 0.0139999999964 0
0.104999999974 0.014999999812 0
0.105157894588 0.0129999999247 0
0.105578947317 0.0109999997813 0
0.104999999974 0.011999999853 0
0.106421052519 0.0109999997813 0
0.10599999979 0.00999999996568 0
0.105763157614 0.00899999989397 0
0.10599999979 0.00799999982226 0
0.106631578756 0.00549999989909 0
0.106631578756 0.00699999975055 0
0.10599999979 0.00599999993495 0
0.106789473625 0.00399999979152 0
0.106999999862 0.00299999997593 0
0.107263157721 0.00499999986324 0
0.107999999933 0.00299999997593 0
0.109 0 1
0.107999999933 0.000999999832502 0
0.107999999933 0.00199999990421 0
0.104999999974 0.0159999998837 0
0.105 0.019 21
0.104999999974 0.0169999999554 0
0.104999999974 0.017999999771 0
0.105842105177 0.0159999998837 0
0.106210526283 0.014999999812 0
0.10599999979 0.0139999999964 0
0.10599999979 0.0129999999247 0
0.107026315545 0.0114999998171 0
0.106368420896 0.011999999853 0
0.106763157686 0.00999999996568 0
0.107578947204 0.0109999997813 0
0.106526315765 0.00899999989397 0
0.107368420968 0.00699999975055 0
0.106999999862 0.00799999982226 0
0.107315789345 0.00599999993495 0
0.107999999933 0.00499999986324 0
0.11 0 1
0.107999999933 0.00399999979152 0
0.108842105136 0.00299999997593 0
0.109052631372 0.000999999832502 0
0.108999999749 0.00199999990421 0
0.106 0.019 21
0.106105263036 0.0169999999554 0
0.105947368167 0.017999999771 0
0.106999999862 0.014999999812 0
0.106999999862 0.0159999998837 0
0.106999999862 0.0139999999964 0
0.106999999862 0.0129999999247 0
0.107631578827 0.011999999853 0
0.107526315581 0.00999999996568 0
0.108421052406 0.0109999997813 0
0.107999999933 0.00899999989397 0
0.111 0 1
0.108144736449 0.0067499994765 0
0.107973683994 0.00749999953029 0
0.10831578916 0.00599999993495 0
0.108999999749 0.00499999986324 0
0.109999999821 0.000999999832502 0
0.110999999892 0.000999999832502 0
0.108999999749 0.00399999979152 0
0.109999999821 0.00299999997593 0
0.109999999821 0.00199999990421 0
0.106999999862 0.0169999999554 0
0.107 0.019 21
0.106999999862 0.017999999771 0
0.107999999933 0.0169999999554 0
0.107789473441 0.014999999812 0
0.108157894547 0.0159999998837 0
0.107999999933 0.0139999999964 0
0.108315789416 0.0129999999247 0
0.108999999749 0.011999999853 0
0.108578947276 0.00799999982226 0
0.109578947348 0.0109999997813 0
0.108999999749 0.00999999996568 0
0.109473684101 0.00899999989397 0
0.111999999964 0.000999999832502 0
0.112 0 1
0.108999999749 0.00699999975055 0
0.109315789232 0.00599999993495 0
0.109999999821 0.00499999986324 0
0.110999999892 0.00199999990421 0
0.111999999964 0.00199999990421 0
0.109999999821 0.00399999979152 0
0.110842105023 0.00299999997593 0
0.107999999933 0.017999999771 0
0.108 0.019 21
0.108999999749 0.017999999771 0
0.108999999749 0.0169999999554 0
0.108999999749 0.0159999998837 0
0.108999999749 0.014999999812 0
0.108999999749 0.0139999999964 0
0.109157894618 0.0129999999247 0
0.109999999821 0.011999999853 0
0.109421052478 0.00799999982226 0
0.110236841997 0.00899999989397 0
0.11042105255 0.0109999997813 0
0.109999999821 0.00999999996568 0
0.11299999978 0.00199999990421 0
0.112947368413 0.000999999832502 0
0.113 0 1
0.109999999821 0.00699999975055 0
0.11068421041 0.00599999993495 0
0.111342105059 0.00549999989909 0
0.110736842033 0.00499999986324 0
0.113157894649 0.00299999997593 0
0.111999999964 0.00299999997593 0
0.112578947307 0.00349999975567 0
0.111210526129 0.00399999979152 0
0.109 0.019 21
0.11 0.019 21
0.110105263067 0.0169999999554 0
0.109999999821 0.017999999771 0
0.11015789469 0.0159999998837 0
0.109999999821 0.014999999812 0
0.109736841961 0.0139999999964 0
0.109999999821 0.0129999999247 0
0.110999999892 0.011999999853 0
0.110999999892 0.00899999989397 0
0.110578947163 0.00799999982226 0
0.111578947235 0.0109999997813 0
0.110999999892 0.00999999996568 0
0.111763157788 0.00899999989397 0
0.113999999851 0.00199999990421 0
0.113999999851 0.000999999832502 0
0.114 0 1
0.110999999892 0.00699999975055 0
0.113999999851 0.00299999997593 0
0.111671052383 0.00624999969676 0
0.111999999964 0.00499999986324 0
0.113210526272 0.00399999979152 0
0.111999999964 0.00399999979152 0
0.110999999892 0.0129999999247 0
0.111 0.019 21
0.110999999892 0.0169999999554 0
0.110999999892 0.017999999771 0
0.110999999892 0.0159999998837 0
0.110999999892 0.014999999812 0
0.110999999892 0.0139999999964 0
0.111999999964 0.0129999999247 0
0.111999999964 0.011999999853 0
0.111999999964 0.00799999982226 0
0.112421052437 0.0109999997813 0
0.111999999964 0.00999999996568 0
0.112526315684 0.00899999989397 0
0.1149473683 0.000999999832502 0
0.114894736677 0.00199999990421 0
0.115 0 1
0.114578947194 0.00349999975567 0
0.115157894537 0.00299999997593 0
0.112684210297 0.00749999953029 0
0.111999999964 0.00699999975055 0
0.113999999851 0.00399999979152 0
0.113999999851 0.00499999986324 0
0.112684210297 0.00599999993495 0
0.11299999978 0.00499999986324 0
0.111999999964 0.0169999999554 0
0.112 0.019 21
0.111999999964 0.017999999771 0
0.112157894578 0.0159999998837 0
0.112263157824 0.0139999999964 0
0.111999999964 0.014999999812 0
0.112815789227 0.0124999998888 0
0.112907894375 0.0132499999426 0
0.113026315463 0.0114999998171 0
0.113421052509 0.00799999982226 0
0.11299999978 0.00999999996568 0
0.113473684132 0.00899999989397 0
0.115999999995 0.000999999832502 0
0.115999999995 0.00199999990421 0
0.116 0 1
0.11521052616 0.00399999979152 0
0.115999999995 0.00299999997593 0
0.113973683912 0.00749999953029 0
0.113368420886 0.00699999975055 0
0.114578947194 0.00799999982226 0
0.114736842063 0.00499999986324 0
0.113999999851 0.00599999993495 0
0.113631578745 0.011999999853 0
0.11299999978 0.0139999999964 0
0.11299999978 0.0169999999554 0
0.113 0.019 21
0.11299999978 0.017999999771 0
0.11299999978 0.0159999998837 0
0.11299999978 0.014999999812 0
0.113684210369 0.0129999999247 0
0.113999999851 0.0109999997813 0
0.114526315571 0.00899999989397 0
0.114473684204 0.00999999996568 0
0.11699999981 0.00199999990421 0
0.11699999981 0.000999999832502 0
0.117 0 1
0.115999999995 0.00499999986324 0
0.116578947337 0.00349999975567 0
0.115999999995 0.00399999979152 0
0.11715789468 0.00299999997593 0
0.114631578817 0.00699999975055 0
0.115421052396 0.00799999982226 0
0.114999999923 0.00599999993495 0
0.115999999995 0.00599999993495 0
0.114368420957 0.011999999853 0
0.113999999851 0.0139999999964 0
0.114 0.019 21
0.113894736605 0.0169999999554 0
0.113947368228 0.017999999771 0
0.113999999851 0.0159999998837 0
0.114210526088 0.014999999812 0
0.114999999923 0.0129999999247 0
0.114999999923 0.0109999997813 0
0.115473684019 0.00899999989397 0
0.115526315643 0.00999999996568 0
0.116526315714 0.00899999989397 0
0.117999999882 0.00199999990421 0
0.117999999882 0.000999999832502 0
0.118 0 1
0.116736841951 0.00499999986324 0
0.117210526303 0.00399999979152 0
0.117999999882 0.00399999979152 0
0.117999999882 0.00299999997593 0
0.116578947337 0.00799999982226 0
0.115999999995 0.00699999975055 0
0.11699999981 0.00599999993495 0
0.11742105254 0.00799999982226 0
0.115184210476 0.011999999853 0
0.114999999923 0.0139999999964 0
0.115999999995 0.011999999853 0
0.115 0.019 21
0.114999999923 0.017999999771 0
0.114999999923 0.0169999999554 0
0.114999999923 0.0159999998837 0
0.114999999923 0.014999999812 0
0.115736841879 0.0139999999964 0
0.116315789222 0.0129999999247 0
0.115999999995 0.0109999997813 0
0.116473684091 0.00999999996568 0
0.117473684163 0.00899999989397 0
0.118894736708 0.00199999990421 0
0.119 0 1
0.118947368331 0.000999999832502 0
0.117999999882 0.00499999986324 0
0.118999999954 0.00299999997593 0
0.118999999954 0.00399999979152 0
0.118684210471 0.00599999993495 0
0.117842105013 0.00599999993495 0
0.117368420916 0.00699999975055 0
0.118210526119 0.00799999982226 0
0.115578947266 0.0154999998479 0
0.116815789257 0.011999999853 0
0.116 0.019 21
0.116052631362 0.017999999771 0
0.115999999995 0.0169999999554 0
0.116157894608 0.0159999998837 0
0.116210526231 0.014999999812 0
0.11699999981 0.0139999999964 0
0.117157894424 0.0129999999247 0
0.11699999981 0.0109999997813 0
0.118236842058 0.00899999989397 0
0.117526315786 0.00999999996568 0
0.119999999769 0.00199999990421 0
0.12 0 1
0.120052631393 0.000999999832502 0
0.118999999954 0.00499999986324 0
0.120157894639 0.00299999997593 0
0.119999999769 0.00399999979152 0
0.119342104864 0.00649999971469 0
0.118631578848 0.00699999975055 0
0.118999999954 0.00799999982226 0
0.117631578776 0.011999999853 0
0.117 0.019 21
0.11699999981 0.017999999771 0
0.11699999981 0.0169999999554 0
0.11699999981 0.0159999998837 0
0.11699999981 0.014999999812 0
0.117736842022 0.0139999999964 0
0.117999999882 0.0129999999247 0
0.118999999954 0.00899999989397 0
0.118421052611 0.0109999997813 0
0.118473683978 0.00999999996568 0
0.120999999841 0.00199999990421 0
0.121 0 1
0.120999999841 0.000999999832502 0
0.120999999841 0.00299999997593 0
0.120315789252 0.00599999993495 0
0.119999999769 0.00499999986324 0
0.120999999841 0.00399999979152 0
0.119999999769 0.00699999975055 0
0.119999999769 0.00799999982226 0
0.119999999769 0.00899999989397 0
0.118368420988 0.011999999853 0
0.118 0.019 21
0.117999999882 0.017999999771 0
0.117894736636 0.0169999999554 0
0.118210526119 0.014999999812 0
0.117842105013 0.0159999998837 0
0.118999999954 0.0139999999964 0
0.118999999954 0.0129999999247 0
0.119184210251 0.011999999853 0
0.11947368405 0.00999999996568 0
0.119421052427 0.0109999997813 0
0.120526315745 0.00999999996568 0
0.122 0 1
0.121999999913 0.00199999990421 0
0.121999999913 0.000999999832502 0
0.123 0 1
0.121999999913 0.00299999997593 0
0.121999999913 0.00399999979152 0
0.120999999841 0.00699999975055 0
0.121157894455 0.00599999993495 0
0.121999999913 0.00499999986324 0
0.121263157701 0.00499999986324 0
0.120999999841 0.00799999982226 0
0.120999999841 0.00899999989397 0
0.119 0.019 21
0.11921052619 0.014999999812 0
0.118999999954 0.0169999999554 0
0.118999999954 0.017999999771 0
0.118999999954 0.0159999998837 0
0.119999999769 0.0139999999964 0
0.119999999769 0.0129999999247 0
0.119999999769 0.011999999853 0
0.120578947368 0.0109999997813 0
0.121526315561 0.00999999996568 0
0.124 0 1
0.122999999985 0.00299999997593 0
0.122947368361 0.000999999832502 0
0.122894736738 0.00199999990421 0
0.123947368177 0.000999999832502 0
0.122999999985 0.00399999979152 0
0.122736841869 0.00499999986324 0
0.121999999913 0.00799999982226 0
0.121999999913 0.00699999975055 0
0.121999999913 0.00599999993495 0
0.121999999913 0.00899999989397 0
0.119999999769 0.014999999812 0
0.120999999841 0.011999999853 0
0.119999999769 0.017999999771 0
0.12 0.019 21
0.119999999769 0.0159999998837 0
0.119999999769 0.0169999999554 0
0.120789473605 0.014999999812 0
0.120999999841 0.0139999999964 0
0.120999999841 0.0129999999247 0
0.121999999913 0.0109999997813 0
0.122473684009 0.00999999996568 0
0.125 0 1
0.124999999872 0.000999999832502 0
0.1239999998 0.00399999979152 0
0.123842105187 0.00299999997593 0
0.1239999998 0.00199999990421 0
0.124999999872 0.00199999990421 0
0.1239999998 0.00499999986324 0
0.122999999985 0.00599999993495 0
0.122789473492 0.00799999982226 0
0.122999999985 0.00699999975055 0
0.122999999985 0.00899999989397 0
0.123236841905 0.00999999996568 0
0.121999999913 0.011999999853 0
0.121 0.019 21
0.120999999841 0.017999999771 0
0.120999999841 0.0169999999554 0
0.120842105228 0.0159999998837 0
0.121789473676 0.014999999812 0
0.121999999913 0.0139999999964 0
0.121999999913 0.0129999999247 0
0.122999999985 0.011999999853 0
0.123421052458 0.0109999997813 0
0.126 0 1
0.12594736832 0.000999999832502 0
0.124999999872 0.00399999979152 0
0.124999999872 0.00299999997593 0
0.125842105074 0.00299999997593 0
0.126105262934 0.00199999990421 0
0.124999999872 0.00499999986324 0
0.124315789283 0.00599999993495 0
0.1239999998 0.00699999975055 0
0.123578947327 0.00799999982226 0
0.1239999998 0.00899999989397 0
0.1239999998 0.00999999996568 0
0.122999999985 0.0129999999247 0
0.122 0.019 21
0.122105262903 0.0169999999554 0
0.122052631536 0.017999999771 0
0.121999999913 0.0159999998837 0
0.122999999985 0.014999999812 0
0.122999999985 0.0139999999964 0
0.1239999998 0.0129999999247 0
0.1239999998 0.011999999853 0
0.124578947143 0.0109999997813 0
0.126999999759 0.00199999990421 0
0.127 0 1
0.126999999759 0.000999999832502 0
0.125789473451 0.00399999979152 0
0.126421052417 0.00349999975567 0
0.126999999759 0.00299999997593 0
0.125999999944 0.00499999986324 0
0.125684210461 0.00599999993495 0
0.124999999872 0.00699999975055 0
0.124999999872 0.00799999982226 0
0.124763157696 0.00899999989397 0
0.124999999872 0.00999999996568 0
0.123 0.019 21
0.122999999985 0.0169999999554 0
0.123052631352 0.017999999771 0
0.123157894598 0.0159999998837 0
0.1239999998 0.014999999812 0
0.1239999998 0.0139999999964 0
0.124999999872 0.0129999999247 0
0.124999999872 0.011999999853 0
0.125421052601 0.0109999997813 0
0.127894736841 0.00199999990421 0
0.128 0 1
0.127999999831 0.000999999832502 0
0.127999999831 0.00299999997593 0
0.126999999759 0.00399999979152 0
0.126999999759 0.00499999986324 0
0.12636842105 0.00699999975055 0
0.126684210276 0.00599999993495 0
0.125999999944 0.00799999982226 0
0.125526315591 0.00899999989397 0
0.125999999944 0.00999999996568 0
0.1239999998 0.0159999998837 0
0.124 0.019 21
0.1239999998 0.017999999771 0
0.1239999998 0.0169999999554 0
0.124789473635 0.014999999812 0
0.125263157732 0.0139999999964 0
0.126026315627 0.0114999998171 0
0.125999999944 0.0129999999247 0
0.126999999759 0.00999999996568 0
0.126578947286 0.0109999997813 0
0.128999999903 0.00299999997593 0
0.128999999903 0.00199999990421 0
0.129 0 1
0.128999999903 0.000999999832502 0
0.128210526067 0.00399999979152 0
0.127999999831 0.00499999986324 0
0.127684210348 0.00599999993495 0
0.126999999759 0.00799999982226 0
0.127631578725 0.00699999975055 0
0.126999999759 0.00899999989397 0
0.125421052601 0.0154999998479 0
0.124842105259 0.0159999998837 0
0.124999999872 0.0169999999554 0
0.125 0.019 21
0.124999999872 0.017999999771 0
0.125999999944 0.014999999812 0
0.125999999944 0.0139999999964 0
0.126631578909 0.011999999853 0
0.126999999759 0.0129999999247 0
0.127999999831 0.00999999996568 0
0.127421052488 0.0109999997813 0
0.128999999903 0.00399999979152 0
0.129842105105 0.00299999997593 0
0.129999999974 0.00199999990421 0
0.13 0 1
0.130052631341 0.000999999832502 0
0.128999999903 0.00499999986324 0
0.12868421042 0.00599999993495 0
0.128368420937 0.00699999975055 0
0.128473684183 0.00899999989397 0
0.127999999831 0.00799999982226 0
0.125999999944 0.017999999771 0
0.125999999944 0.0159999998837 0
0.125999999944 0.0169999999554 0
0.126 0.019 21
0.126789473523 0.014999999812 0
0.127263157875 0.0139999999964 0
0.128026315514 0.0114999998171 0
0.127368420865 0.011999999853 0
0.127999999831 0.0129999999247 0
0.128999999903 0.00999999996568 0
0.128578947174 0.0109999997813 0
0.129999999974 0.00499999986324 0
0.130210526211 0.00399999979152 0
0.13099999979 0.00199999990421 0
0.13099999979 0.00299999997593 0
0.131 0 1
0.13099999979 0.000999999832502 0
0.129684210492 0.00599999993495 0
0.129184210456 0.00699999923832 0
0.129526315622 0.00899999989397 0
0.12878947341 0.00799999982226 0
0.127999999831 0.0139999999964 0
0.127157894629 0.0159999998837 0
0.126999999759 0.017999999771 0
0.126999999759 0.0169999999554 0
0.127 0.019 21
0.127999999831 0.014999999812 0
0.128736842043 0.0139999999964 0
0.129999999974 0.00999999996568 0
0.128631578797 0.011999999853 0
0.128999999903 0.0129999999247 0
0.129421052376 0.0109999997813 0
0.13099999979 0.00499999986324 0
0.13099999979 0.00599999993495 0
0.131578947133 0.00349999975567 0
0.13099999979 0.00399999979152 0
0.131894736615 0.00199999990421 0
0.132157894731 0.00299999997593 0
0.132 0 1
0.131999999862 0.000999999832502 0
0.130473684071 0.00899999989397 0
0.129999999974 0.00699999975055 0
0.129578947245 0.00799999982226 0
0.13099999979 0.00699999975055 0
0.128 0.019 21
0.127999999831 0.0169999999554 0
0.127999999831 0.0159999998837 0
0.127999999831 0.017999999771 0
0.128999999903 0.014999999812 0
0.129999999974 0.0139999999964 0
0.129999999974 0.0129999999247 0
0.13099999979 0.00999999996568 0
0.130578947317 0.0109999997813 0
0.129999999974 0.011999999853 0
0.131736842002 0.00499999986324 0
0.131999999862 0.00599999993495 0
0.132210526098 0.00399999979152 0
0.132999999933 0.00299999997593 0
0.132999999933 0.00399999979152 0
0.132999999933 0.000999999832502 0
0.132999999933 0.00199999990421 0
0.133 0 1
0.131999999862 0.00999999996568 0
0.131684210379 0.00749999953029 0
0.131526315765 0.00899999989397 0
0.13099999979 0.00799999982226 0
0.132473683958 0.00899999989397 0
0.132368420968 0.00699999975055 0
0.129 0.019 21
0.129157894516 0.0159999998837 0
0.128999999903 0.0169999999554 0
0.129052631526 0.017999999771 0
0.129999999974 0.014999999812 0
0.13073684193 0.0139999999964 0
0.13099999979 0.0129999999247 0
0.131999999862 0.0109999997813 0
0.131368420896 0.011999999853 0
0.132842105064 0.00599999993495 0
0.132999999933 0.00499999986324 0
0.133999999749 0.00399999979152 0
0.133999999749 0.00199999990421 0
0.133842105136 0.00299999997593 0
0.133947368382 0.000999999832502 0
0.134 0 1
0.135 0 1
0.132999999933 0.00999999996568 0
0.132421052591 0.00799999982226 0
0.133526315653 0.00899999989397 0
0.13318421023 0.00699999923832 0
0.129999999974 0.0159999998837 0
0.132026315545 0.0124999998888 0
0.13 0.019 21
0.129999999974 0.0169999999554 0
0.129999999974 0.017999999771 0
0.13099999979 0.014999999812 0
0.130842105177 0.0159999998837 0
0.131999999862 0.0139999999964 0
0.132013157703 0.0132499999426 0
0.133421052406 0.0109999997813 0
0.132631578827 0.011999999853 0
0.133684210522 0.00599999993495 0
0.133999999749 0.00499999986324 0
0.134789473584 0.00399999979152 0
0.134894736831 0.00199999990421 0
0.135605262847 0.00349999975567 0
0.134999999821 0.00299999997593 0
0.134999999821 0.000999999832502 0
0.136 0 1
0.133999999749 0.00999999996568 0
0.133999999749 0.00699999975055 0
0.134526315725 0.00899999989397 0
0.133578947276 0.00799999982226 0
0.131999999862 0.014999999812 0
0.132684210451 0.0129999999247 0
0.1333421051 0.0124999998888 0
0.131 0.019 21
0.131105263036 0.0169999999554 0
0.13099999979 0.017999999771 0
0.131999999862 0.0159999998837 0
0.132736842074 0.0139999999964 0
0.134210525986 0.0109999997813 0
0.133999999749 0.011999999853 0
0.134999999821 0.00599999993495 0
0.134999999821 0.00499999986324 0
0.135605262847 0.00449999982738 0
0.136210526129 0.00399999979152 0
0.135999999892 0.00199999990421 0
0.136157894506 0.00299999997593 0
0.135999999892 0.000999999832502 0
0.136999999964 0.000999999832502 0
0.137 0 1
0.134999999821 0.00999999996568 0
0.135473684173 0.00899999989397 0
0.135368420927 0.00699999975055 0
0.134999999821 0.00799999982226 0
0.132999999933 0.014999999812 0
0.133368420783 0.0134999999606 0
0.131999999862 0.0169999999554 0
0.133999999749 0.0129999999247 0
0.132 0.019 21
0.131999999862 0.017999999771 0
0.132894736687 0.0169999999554 0
0.133157894547 0.0159999998837 0
0.134263157865 0.0139999999964 0
0.133999999749 0.014999999812 0
0.134999999821 0.0109999997813 0
0.134815789268 0.011999999853 0
0.135999999892 0.00599999993495 0
0.136184210445 0.00699999923832 0
0.136263157752 0.00499999986324 0
0.136999999964 0.00399999979152 0
0.136999999964 0.00299999997593 0
0.136999999964 0.00199999990421 0
0.138 0 1
0.137947368413 0.000999999832502 0
0.13799999978 0.00199999990421 0
0.135763157716 0.00999999996568 0
0.136473683989 0.00899999989397 0
0.136421052622 0.00799999982226 0
0.133999999749 0.0159999998837 0
0.134999999821 0.0129999999247 0
0.133526315397 0.0174999997352 0
0.133 0.019 21
0.13294736831 0.017999999771 0
0.134105262995 0.0169999999554 0
0.134999999821 0.0139999999964 0
0.134999999821 0.014999999812 0
0.134999999821 0.0159999998837 0
0.135999999892 0.0109999997813 0
0.135631578786 0.011999999853 0
0.136999999964 0.00499999986324 0
0.136999999964 0.00699999975055 0
0.136999999964 0.00599999993495 0
0.137789473543 0.00399999979152 0
0.13799999978 0.00299999997593 0
0.139 0 1
0.138999999851 0.000999999832502 0
0.139105263098 0.00199999990421 0
0.136526315612 0.00999999996568 0
0.137526315684 0.00899999989397 0
0.137578947307 0.00799999982226 0
0.135842105023 0.0129999999247 0
0.134999999821 0.0169999999554 0
0.134052631372 0.017999999771 0
0.134 0.019 21
0.134999999821 0.017999999771 0
0.135999999892 0.0139999999964 0
0.135999999892 0.014999999812 0
0.135894736646 0.0169999999554 0
0.135999999892 0.0159999998837 0
0.136999999964 0.0109999997813 0
0.136684210481 0.0129999999247 0
0.136999999964 0.011999999853 0
0.13799999978 0.00599999993495 0
0.13799999978 0.00499999986324 0
0.13799999978 0.00699999975055 0
0.138578947122 0.00799999982226 0
0.138789473615 0.00399999979152 0
0.139157894721 0.00299999997593 0
0.14 0 1
0.139999999923 0.00299999997593 0
0.140052631546 0.000999999832502 0
0.140105262913 0.00199999990421 0
0.13799999978 0.00999999996568 0
0.138526315755 0.00899999989397 0
0.139421052581 0.00799999982226 0
0.135 0.019 21
0.135999999892 0.017999999771 0
0.136 0.019 21
0.137263157824 0.0139999999964 0
0.136999999964 0.014999999812 0
0.137157894578 0.0159999998837 0
0.136999999964 0.0169999999554 0
0.13799999978 0.0109999997813 0
0.137499999744 0.0129999999247 0
0.13799999978 0.011999999853 0
0.139263157711 0.00499999986324 0
0.138999999851 0.00599999993495 0
0.139368420957 0.00699999975055 0
0.140263157783 0.00499999986324 0
0.14021052616 0.00399999979152 0
0.141 0 1
0.140999999995 0.00299999997593 0
0.140999999995 0.000999999832502 0
0.140999999995 0.00199999990421 0
0.138763157675 0.00999999996568 0
0.139473684204 0.00899999989397 0
0.14018421022 0.00699999923832 0
0.14021052616 0.00799999982226 0
0.136947368341 0.017999999771 0
0.137 0.019 21
0.138263157639 0.0139999999964 0
0.13799999978 0.0159999998837 0
0.13799999978 0.014999999812 0
0.138105263026 0.0169999999554 0
0.13799999978 0.017999999771 0
0.138999999851 0.0109999997813 0
0.139789473431 0.0109999997813 0
0.138973683912 0.0124999998888 0
0.138315789263 0.0129999999247 0
0.140315789406 0.00599999993495 0
0.140999999995 0.00499999986324 0
0.140999999995 0.00399999979152 0
0.14199999981 0.00299999997593 0
0.142 0 1
0.141947368187 0.000999999832502 0
0.142473684163 0.00149999986836 0
0.14189473682 0.00199999990421 0
0.139526315571 0.00999999996568 0
0.140473684019 0.00899999989397 0
0.140999999995 0.00699999975055 0
0.140999999995 0.00799999982226 0
0.138 0.019 21
0.138999999851 0.014999999812 0
0.138999999851 0.0139999999964 0
0.138999999851 0.0159999998837 0
0.138999999851 0.0169999999554 0
0.138999999851 0.017999999771 0
0.139 0.019 21
0.139631578817 0.011999999853 0
0.140578947266 0.0109999997813 0
0.13968421044 0.0129999999247 0
0.14034210509 0.0124999998888 0
0.141684210328 0.00599999993495 0
0.14199999981 0.00499999986324 0
0.14199999981 0.00399999979152 0
0.142999999882 0.00299999997593 0
0.143 0 1
0.143052631505 0.000999999832502 0
0.143105263129 0.00199999990421 0
0.140999999995 0.00999999996568 0
0.141526315714 0.00899999989397 0
0.142526315786 0.00899999989397 0
0.14199999981 0.00699999975055 0
0.14199999981 0.00799999982226 0
0.139999999923 0.0159999998837 0
0.139999999923 0.0139999999964 0
0.139789473431 0.014999999812 0
0.139999999923 0.0169999999554 0
0.1399473683 0.017999999771 0
0.14 0.019 21
0.141421052468 0.0109999997813 0
0.140999999995 0.011999999853 0
0.140999999995 0.0129999999247 0
0.142684210399 0.00599999993495 0
0.143368420988 0.00699999975055 0
0.142736842022 0.00499999986324 0
0.143210526119 0.00399999979152 0
0.143368420988 0.00549999989909 0
0.143999999954 0.00299999997593 0
0.143999999954 0.00399999979152 0
0.144 0 1
0.143999999954 0.00199999990421 0
0.143999999954 0.000999999832502 0
0.14242105254 0.0109999997813 0
0.142473684163 0.00999999996568 0
0.143263157742 0.00949999992982 0
0.142999999882 0.00799999982226 0
0.141 0.019 21
0.141263157855 0.0139999999964 0
0.140999999995 0.0169999999554 0
0.140842105125 0.0159999998837 0
0.140999999995 0.014999999812 0
0.141052631362 0.017999999771 0
0.14199999981 0.011999999853 0
0.14199999981 0.0129999999247 0
0.143026315566 0.0114999998171 0
0.143999999954 0.00599999993495 0
0.143973684014 0.00749999953029 0
0.143999999954 0.00499999986324 0
0.144999999769 0.00399999979152 0
0.144999999769 0.00199999990421 0
0.144842105156 0.00299999997593 0
0.145 0 1
0.144999999769 0.000999999832502 0
0.143578947225 0.0109999997813 0
0.143999999954 0.00999999996568 0
0.143999999954 0.00899999989397 0
0.14199999981 0.0139999999964 0
0.142 0.019 21
0.14199999981 0.0169999999554 0
0.142210526303 0.014999999812 0
0.14199999981 0.0159999998837 0
0.14199999981 0.017999999771 0
0.142999999882 0.0129999999247 0
0.144315789181 0.0114999998171 0
0.143631578848 0.011999999853 0
0.144578947296 0.00799999982226 0
0.144999999769 0.00899999989397 0
0.144999999769 0.00599999993495 0
0.144999999769 0.00699999975055 0
0.145263157885 0.00499999986324 0
0.145999999841 0.00399999979152 0
0.145999999841 0.00199999990421 0
0.145999999841 0.00299999997593 0
0.145999999841 0.000999999832502 0
0.146 0 1
0.144999999769 0.0109999997813 0
0.144999999769 0.00999999996568 0
0.142999999882 0.0139999999964 0
0.142999999882 0.014999999812 0
0.143 0.019 21
0.142999999882 0.0169999999554 0
0.142999999882 0.0159999998837 0
0.142999999882 0.017999999771 0
0.143736842094 0.0139999999964 0
0.144315789437 0.0129999999247 0
0.144999999769 0.011999999853 0
0.147 0 1
0.145736841982 0.00949999992982 0
0.145421052499 0.00799999982226 0
0.146026315525 0.00749999953029 0
0.145999999841 0.00599999993495 0
0.145999999841 0.00499999986324 0
0.146789473676 0.00399999979152 0
0.146894736667 0.00199999990421 0
0.147157894526 0.00299999997593 0
0.146999999913 0.000999999832502 0
0.145999999841 0.0109999997813 0
0.146473684194 0.00999999996568 0
0.143789473461 0.014999999812 0
0.144394736487 0.0144999997762 0
0.144 0.019 21
0.143999999954 0.0169999999554 0
0.144157894567 0.0159999998837 0
0.144052631577 0.017999999771 0
0.144999999769 0.0139999999964 0
0.145315789252 0.0129999999247 0
0.146368420947 0.011999999853 0
0.148 0 1
0.146526315561 0.00899999989397 0
0.146578947184 0.00799999982226 0
0.146631578807 0.00699999975055 0
0.147368421019 0.00699999975055 0
0.146999999913 0.00499999986324 0
0.146999999913 0.00599999993495 0
0.147999999985 0.00399999979152 0
0.147999999985 0.00299999997593 0
0.147999999985 0.00199999990421 0
0.147999999985 0.000999999832502 0
0.146999999913 0.0109999997813 0
0.147236842089 0.00999999996568 0
0.147473684009 0.00899999989397 0
0.144999999769 0.014999999812 0
0.145 0.019 21
0.144999999769 0.017999999771 0
0.144999999769 0.0159999998837 0
0.144999999769 0.0169999999554 0
0.145999999841 0.0139999999964 0
0.145789473605 0.014999999812 0
0.146315789324 0.0129999999247 0
0.147026315596 0.0124999998888 0
0.147631578879 0.011999999853 0
0.149 0 1
0.149052631423 0.000999999832502 0
0.147421052386 0.00799999982226 0
0.147973684045 0.00749999953029 0
0.147999999985 0.00499999986324 0
0.148026315668 0.00649999971469 0
0.14801315757 0.00574999966091 0
0.148789473564 0.00399999979152 0
0.149421052529 0.00349999975567 0
0.148842105187 0.00299999997593 0
0.1489999998 0.00199999990421 0
0.148421052458 0.0109999997813 0
0.147999999985 0.00999999996568 0
0.148526315704 0.00899999989397 0
0.146 0.019 21
0.146052631464 0.017999999771 0
0.146157894711 0.0159999998837 0
0.146105263088 0.0169999999554 0
0.146999999913 0.0139999999964 0
0.146999999913 0.014999999812 0
0.147684210502 0.0129999999247 0
0.148368420835 0.011999999853 0
0.149026315484 0.0114999998171 0
0.149999999872 0.00199999990421 0
0.15 0 1
0.149999999872 0.000999999832502 0
0.148631578694 0.00699999975055 0
0.148578947327 0.00799999982226 0
0.1489999998 0.00499999986324 0
0.148684210317 0.00599999993495 0
0.149999999872 0.00399999979152 0
0.149999999872 0.00299999997593 0
0.149999999872 0.00499999986324 0
0.1489999998 0.00999999996568 0
0.149473684153 0.00899999989397 0
0.146999999913 0.0159999998837 0
0.147 0.019 21
0.146999999913 0.017999999771 0
0.146999999913 0.0169999999554 0
0.147842105115 0.0159999998837 0
0.148263157844 0.0139999999964 0
0.147999999985 0.014999999812 0
0.1489999998 0.0129999999247 0
0.149631578766 0.011999999853 0
0.149999999872 0.0109999997813 0
0.150894736697 0.00199999990421 0
0.151 0 1
0.151052631567 0.000999999832502 0
0.149368420906 0.00699999975055 0
0.149999999872 0.00799999982226 0
0.149999999872 0.00599999993495 0
0.150789473451 0.00399999979152 0
0.150999999944 0.00299999997593 0
0.150999999944 0.00499999986324 0
0.149999999872 0.00999999996568 0
0.150526315591 0.00899999989397 0
0.148 0.019 21
0.147999999985 0.017999999771 0
0.148105262975 0.0169999999554 0
0.1489999998 0.0159999998837 0
0.1489999998 0.0139999999964 0
0.1489999998 0.014999999812 0
0.149999999872 0.0129999999247 0
0.150368420978 0.011999999853 0
0.150789473451 0.0109999997813 0
0.151999999759 0.00199999990421 0
0.152 0 1
0.151999999759 0.000999999832502 0
0.151999999759 0.00299999997593 0
0.150999999944 0.00799999982226 0
0.150631578838 0.00699999975055 0
0.151315789427 0.00599999993495 0
0.151999999759 0.00399999979152 0
0.151999999759 0.00499999986324 0
0.150999999944 0.00999999996568 0
0.15147368404 0.00899999989397 0
0.149605262826 0.0144999997762 0
0.149 0.019 21
0.1489999998 0.017999999771 0
0.1489999998 0.0169999999554 0
0.149999999872 0.0159999998837 0
0.150263157732 0.0139999999964 0
0.150210526108 0.014999999812 0
0.150999999944 0.0129999999247 0
0.151631578909 0.011999999853 0
0.151578947286 0.0109999997813 0
0.153 0 1
0.152894736841 0.00199999990421 0
0.152999999831 0.000999999832502 0
0.152999999831 0.00299999997593 0
0.151999999759 0.00799999982226 0
0.15136842105 0.00699999975055 0
0.152157894629 0.00599999993495 0
0.153578947174 0.00349999975567 0
0.152999999831 0.00399999979152 0
0.152736841971 0.00499999986324 0
0.152473684112 0.00999999996568 0
0.152526315735 0.00899999989397 0
0.150999999944 0.0139999999964 0
0.15 0.019 21
0.150105263118 0.0169999999554 0
0.150052631495 0.017999999771 0
0.150999999944 0.0159999998837 0
0.150999999944 0.014999999812 0
0.1517368419 0.0139999999964 0
0.151999999759 0.0129999999247 0
0.152368420865 0.011999999853 0
0.152421052488 0.0109999997813 0
0.154 0 1
0.154052631526 0.000999999832502 0
0.153999999903 0.00199999990421 0
0.154157894516 0.00299999997593 0
0.152789473338 0.00799999982226 0
0.152631578725 0.00699999975055 0
0.152999999831 0.00599999993495 0
0.154210526139 0.00399999979152 0
0.153736842043 0.00499999986324 0
0.153236842007 0.00999999996568 0
0.15352631555 0.00899999989397 0
0.150999999944 0.0169999999554 0
0.151 0.019 21
0.150999999944 0.017999999771 0
0.151894736769 0.0169999999554 0
0.151999999759 0.0159999998837 0
0.152210526252 0.014999999812 0
0.153368420937 0.011999999853 0
0.152999999831 0.0139999999964 0
0.153315789314 0.0129999999247 0
0.15342105256 0.0109999997813 0
0.155 0 1
0.155052631341 0.000999999832502 0
0.155105262965 0.00199999990421 0
0.154999999974 0.00299999997593 0
0.153999999903 0.00699999975055 0
0.153578947174 0.00799999982226 0
0.155210526211 0.00399999979152 0
0.154315789386 0.00599999993495 0
0.154999999974 0.00499999986324 0
0.154999999974 0.00699999975055 0
0.153999999903 0.00999999996568 0
0.154473683999 0.00899999989397 0
0.152 0.019 21
0.152052631382 0.017999999771 0
0.153105263077 0.0169999999554 0
0.153999999903 0.0139999999964 0
0.1531578947 0.0159999998837 0
0.153210526067 0.014999999812 0
0.153973683963 0.0114999998171 0
0.153973683963 0.0124999998888 0
0.153986841805 0.0132499999426 0
0.154578947245 0.0109999997813 0
0.156 0 1
0.15599999979 0.000999999832502 0
0.15599999979 0.00199999990421 0
0.15599999979 0.00299999997593 0
0.15599999979 0.00399999979152 0
0.154999999974 0.00799999982226 0
0.15599999979 0.00499999986324 0
0.155315789457 0.00599999993495 0
0.156736842002 0.00499999986324 0
0.15599999979 0.00699999975055 0
0.154999999974 0.00999999996568 0
0.155236841894 0.00899999989397 0
0.153 0.019 21
0.153052631454 0.017999999771 0
0.154736841859 0.0139999999964 0
0.153999999903 0.017999999771 0
0.153999999903 0.0169999999554 0
0.153999999903 0.014999999812 0
0.153999999903 0.0159999998837 0
0.154631578868 0.011999999853 0
0.154999999974 0.0129999999247 0
0.155578947317 0.0109999997813 0
0.156947368239 0.000999999832502 0
0.157 0 1
0.156894736615 0.00199999990421 0
0.156999999862 0.00399999979152 0
0.156999999862 0.00299999997593 0
0.15599999979 0.00899999989397 0
0.15599999979 0.00799999982226 0
0.156684210379 0.00599999993495 0
0.157499999898 0.00499999986324 0
0.156815789053 0.00699999923832 0
0.15599999979 0.00999999996568 0
0.154 0.019 21
0.155499999754 0.0139999999964 0
0.154999999974 0.014999999812 0
0.154999999974 0.0169999999554 0
0.154999999974 0.017999999771 0
0.154842105105 0.0159999998837 0
0.15599999979 0.0129999999247 0
0.15599999979 0.011999999853 0
0.156421052519 0.0109999997813 0
0.15794736831 0.000999999832502 0
0.158 0 1
0.158105262924 0.00199999990421 0
0.157999999933 0.00299999997593 0
0.157789473441 0.00399999979152 0
0.156763157686 0.00899999989397 0
0.156999999862 0.00799999982226 0
0.158263157793 0.00499999986324 0
0.157684210451 0.00599999993495 0
0.157631578827 0.00699999975055 0
0.157473683958 0.00999999996568 0
0.155 0.019 21
0.15626315765 0.0139999999964 0
0.15599999979 0.014999999812 0
0.156 0.019 21
0.156157894659 0.0159999998837 0
0.156052631413 0.017999999771 0
0.15599999979 0.0169999999554 0
0.156999999862 0.0129999999247 0
0.157368420968 0.011999999853 0
0.157421052591 0.0109999997813 0
0.158026315617 0.0114999998171 0
0.158999999749 0.000999999832502 0
0.159 0 1
0.158999999749 0.00499999986324 0
0.158999999749 0.00299999997593 0
0.158999999749 0.00199999990421 0
0.158999999749 0.00399999979152 0
0.157526315581 0.00899999989397 0
0.157999999933 0.00799999982226 0
0.158999999749 0.00599999993495 0
0.158368421039 0.00699999975055 0
0.158526315653 0.00999999996568 0
0.157263157721 0.0139999999964 0
0.157210526098 0.014999999812 0
0.157157894731 0.0159999998837 0
0.157 0.019 21
0.157105263108 0.0169999999554 0
0.156999999862 0.017999999771 0
0.157999999933 0.0129999999247 0
0.158631578899 0.011999999853 0
0.158578947276 0.0109999997813 0
0.16 0 1
0.159999999821 0.000999999832502 0
0.159736841961 0.00499999986324 0
0.159999999821 0.00299999997593 0
0.160105263067 0.00199999990421 0
0.160210526313 0.00399999979152 0
0.158999999749 0.00899999989397 0
0.158999999749 0.00799999982226 0
0.159999999821 0.00599999993495 0
0.159631578715 0.00699999975055 0
0.159473684101 0.00999999996568 0
0.157999999933 0.0139999999964 0
0.157999999933 0.014999999812 0
0.157999999933 0.0159999998837 0
0.157999999933 0.0169999999554 0
0.158 0.019 21
0.157999999933 0.017999999771 0
0.158999999749 0.0139999999964 0
0.159315789232 0.0129999999247 0
0.159368420855 0.011999999853 0
0.159999999821 0.0109999997813 0
0.160999999892 0.00199999990421 0
0.161 0 1
0.160999999892 0.000999999832502 0
0.160999999892 0.00399999979152 0
0.160999999892 0.00499999986324 0
0.160999999892 0.00299999997593 0
0.159999999821 0.00899999989397 0
0.159999999821 0.00799999982226 0
0.160999999892 0.00599999993495 0
0.160368420927 0.00699999975055 0
0.160973683953 0.00749999953029 0
0.16052631554 0.00999999996568 0
0.158789473512 0.014999999812 0
0.159999999821 0.0139999999964 0
0.158842105136 0.0159999998837 0
0.158999999749 0.0169999999554 0
0.159 0.019 21
0.159052631372 0.017999999771 0
0.159999999821 0.014999999812 0
0.160315789304 0.0129999999247 0
0.160631578786 0.011999999853 0
0.160999999892 0.0109999997813 0
0.161894736718 0.00199999990421 0
0.162 0 1
0.161999999964 0.000999999832502 0
0.163 0 1
0.161999999964 0.00599999993495 0
0.162263157824 0.00499999986324 0
0.162157894578 0.00299999997593 0
0.161999999964 0.00399999979152 0
0.160999999892 0.00899999989397 0
0.161631578858 0.00699999975055 0
0.161578947235 0.00799999982226 0
0.161473683989 0.00999999996568 0
0.162368420814 0.00699999975055 0
0.159421052478 0.0154999998479 0
0.160736842033 0.0139999999964 0
0.159999999821 0.0159999998837 0
0.159999999821 0.0169999999554 0
0.16 0.019 21
0.159999999821 0.017999999771 0
0.160789473656 0.014999999812 0
0.161315789375 0.0129999999247 0
0.161368420998 0.011999999853 0
0.161999999964 0.0109999997813 0
0.162026315392 0.0124999998888 0
0.16299999978 0.00199999990421 0
0.16299999978 0.000999999832502 0
0.164 0 1
0.16299999978 0.00499999986324 0
0.16299999978 0.00599999993495 0
0.16299999978 0.00299999997593 0
0.16299999978 0.00399999979152 0
0.161999999964 0.00899999989397 0
0.162421052437 0.00799999982226 0
0.162526315684 0.00999999996568 0
0.163184210333 0.00699999923832 0
0.161394736682 0.0144999997762 0
0.161999999964 0.0139999999964 0
0.161157894506 0.0159999998837 0
0.160999999892 0.0169999999554 0
0.161 0.019 21
0.161052631516 0.017999999771 0
0.161999999964 0.014999999812 0
0.162684210297 0.0129999999247 0
0.16299999978 0.0109999997813 0
0.16263157893 0.011999999853 0
0.163342104946 0.0124999998888 0
0.163999999851 0.00199999990421 0
0.163999999851 0.000999999832502 0
0.165 0 1
0.163736841992 0.00499999986324 0
0.163999999851 0.00599999993495 0
0.164157894721 0.00299999997593 0
0.163999999851 0.00399999979152 0
0.16299999978 0.00899999989397 0
0.163578947122 0.00799999982226 0
0.163473684132 0.00999999996568 0
0.163999999851 0.00699999975055 0
0.164842105054 0.00599999993495 0
0.161999999964 0.0159999998837 0
0.16299999978 0.0139999999964 0
0.161999999964 0.017999999771 0
0.161999999964 0.0169999999554 0
0.162 0.019 21
0.16299999978 0.0159999998837 0
0.163210526272 0.014999999812 0
0.163999999851 0.0109999997813 0
0.163671052271 0.0132499999426 0
0.163999999851 0.011999999853 0
0.164999999923 0.000999999832502 0
0.164999999923 0.00199999990421 0
0.164999999923 0.00299999997593 0
0.166 0 1
0.164999999923 0.00499999986324 0
0.165578947266 0.00349999975567 0
0.164999999923 0.00399999979152 0
0.163999999851 0.00899999989397 0
0.164421052581 0.00799999982226 0
0.164526315571 0.00999999996568 0
0.164999999923 0.00699999975055 0
0.165684210512 0.00599999993495 0
0.165421052396 0.0109999997813 0
0.163999999851 0.014999999812 0
0.163999999851 0.0139999999964 0
0.163 0.019 21
0.163105263026 0.0169999999554 0
0.162947368413 0.017999999771 0
0.163999999851 0.0159999998837 0
0.164999999923 0.011999999853 0
0.16468421044 0.0129999999247 0
0.165815789186 0.011999999853 0
0.166052631362 0.000999999832502 0
0.165999999995 0.00199999990421 0
0.166157894608 0.00299999997593 0
0.16699999981 0.000999999832502 0
0.167 0 1
0.165999999995 0.00499999986324 0
0.166210526231 0.00399999979152 0
0.164999999923 0.00899999989397 0
0.165578947266 0.00799999982226 0
0.165999999995 0.00999999996568 0
0.166368420845 0.00699999975055 0
0.166684210328 0.00599999993495 0
0.166421052468 0.00799999982226 0
0.166210525975 0.0109999997813 0
0.163999999851 0.0169999999554 0
0.164789473431 0.014999999812 0
0.164999999923 0.0139999999964 0
0.164 0.019 21
0.163999999851 0.017999999771 0
0.164894736677 0.0169999999554 0
0.165157894537 0.0159999998837 0
0.165999999995 0.0129999999247 0
0.166631578704 0.011999999853 0
0.16699999981 0.00199999990421 0
0.16699999981 0.00299999997593 0
0.167947368259 0.000999999832502 0
0.168 0 1
0.16699999981 0.00499999986324 0
0.16699999981 0.00399999979152 0
0.166473684091 0.00899999989397 0
0.16699999981 0.00999999996568 0
0.167184210107 0.00699999923832 0
0.167684210399 0.00599999993495 0
0.167578947153 0.00799999982226 0
0.16699999981 0.0109999997813 0
0.166631578704 0.0134999999606 0
0.165999999995 0.014999999812 0
0.165999999995 0.0139999999964 0
0.165 0.019 21
0.1649473683 0.017999999771 0
0.165999999995 0.0169999999554 0
0.165999999995 0.0159999998837 0
0.167999999882 0.011999999853 0
0.167315789293 0.0129999999247 0
0.167999999882 0.00199999990421 0
0.167999999882 0.00299999997593 0
0.168999999954 0.00199999990421 0
0.169 0 1
0.168947368331 0.000999999832502 0
0.167999999882 0.00499999986324 0
0.167999999882 0.00399999979152 0
0.17 0 1
0.167526315786 0.00899999989397 0
0.167999999882 0.00999999996568 0
0.167999999882 0.00699999975055 0
0.168684210471 0.00599999993495 0
0.168578947225 0.00799999982226 0
0.168763157778 0.00999999996568 0
0.168421052611 0.0109999997813 0
0.16726315767 0.0139999999964 0
0.166789473574 0.014999999812 0
0.166 0.019 21
0.165999999995 0.017999999771 0
0.16699999981 0.0159999998837 0
0.16689473682 0.0169999999554 0
0.168263157742 0.0139999999964 0
0.168999999954 0.011999999853 0
0.168315789365 0.0129999999247 0
0.168842105084 0.00299999997593 0
0.169999999769 0.00199999990421 0
0.170052631393 0.000999999832502 0
0.169578947296 0.00349999975567 0
0.169263157814 0.00499999986324 0
0.168999999954 0.00399999979152 0
0.171 0 1
0.170999999841 0.000999999832502 0
0.168999999954 0.00899999989397 0
0.169460526208 0.00574999966091 0
0.168999999954 0.00699999975055 0
0.169657894603 0.00649999971469 0
0.169421052427 0.00799999982226 0
0.169526315673 0.00999999996568 0
0.169578947296 0.0109999997813 0
0.169815789216 0.011999999853 0
0.167999999882 0.014999999812 0
0.168999999954 0.0139999999964 0
0.167 0.019 21
0.167052631434 0.017999999771 0
0.167999999882 0.0159999998837 0
0.168105263129 0.0169999999554 0
0.168999999954 0.014999999812 0
0.169684210287 0.0129999999247 0
0.170157894639 0.00299999997593 0
0.170999999841 0.00199999990421 0
0.169999999769 0.00499999986324 0
0.170210526262 0.00399999979152 0
0.172 0 1
0.17194736829 0.000999999832502 0
0.171894736667 0.00199999990421 0
0.170210526006 0.00799999982226 0
0.170473684122 0.00899999989397 0
0.170315789252 0.00599999993495 0
0.170368420876 0.00699999975055 0
0.170578947368 0.0109999997813 0
0.170526315745 0.00999999996568 0
0.170631578735 0.011999999853 0
0.16973684191 0.0139999999964 0
0.168 0.019 21
0.167999999882 0.017999999771 0
0.168999999954 0.017999999771 0
0.170499999805 0.0139999999964 0
0.168999999954 0.0159999998837 0
0.168999999954 0.0169999999554 0
0.169789473533 0.014999999812 0
0.170999999841 0.0129999999247 0
0.170999999841 0.00299999997593 0
0.171999999913 0.00299999997593 0
0.170999999841 0.00499999986324 0
0.170999999841 0.00399999979152 0
0.17168421043 0.00599999993495 0
0.173 0 1
0.173052631352 0.000999999832502 0
0.172999999985 0.00199999990421 0
0.172842105115 0.00299999997593 0
0.170999999841 0.00799999982226 0
0.171236842017 0.00899999989397 0
0.171184210394 0.00699999923832 0
0.171473684194 0.00999999996568 0
0.17142105257 0.0109999997813 0
0.171999999913 0.011999999853 0
0.169 0.019 21
0.169894736779 0.0169999999554 0
0.169947368402 0.017999999771 0
0.171263157701 0.0139999999964 0
0.170789473605 0.014999999812 0
0.169842105156 0.0159999998837 0
0.171999999913 0.0129999999247 0
0.171999999913 0.00399999979152 0
0.171736842053 0.00499999986324 0
0.172999999985 0.00399999979152 0
0.171999999913 0.00699999975055 0
0.172342105079 0.00549999989909 0
0.174 0 1
0.1739999998 0.000999999832502 0
0.174105263047 0.00199999990421 0
0.1739999998 0.00299999997593 0
0.171999999913 0.00899999989397 0
0.171999999913 0.00799999982226 0
0.172236842089 0.00999999996568 0
0.172421052386 0.0109999997813 0
0.172999999985 0.011999999853 0
0.172999999985 0.00799999982226 0
0.171999999913 0.0139999999964 0
0.17 0.019 21
0.170894736595 0.0169999999554 0
0.170999999841 0.017999999771 0
0.171999999913 0.014999999812 0
0.171157894711 0.0159999998837 0
0.172999999985 0.0129999999247 0
0.173815789247 0.011999999853 0
0.172999999985 0.00499999986324 0
0.1739999998 0.00399999979152 0
0.173315789467 0.00599999993495 0
0.172999999985 0.00699999975055 0
0.175 0 1
0.174999999872 0.000999999832502 0
0.174999999872 0.00199999990421 0
0.174999999872 0.00299999997593 0
0.172999999985 0.00899999989397 0
0.172999999985 0.00999999996568 0
0.173578947327 0.0109999997813 0
0.1739999998 0.00799999982226 0
0.176 0 1
0.172999999985 0.0139999999964 0
0.172999999985 0.014999999812 0
0.171 0.019 21
0.171999999913 0.0169999999554 0
0.171999999913 0.017999999771 0
0.171999999913 0.0159999998837 0
0.1739999998 0.0139999999964 0
0.1739999998 0.0129999999247 0
0.174631578766 0.011999999853 0
0.17415789467 0.00599999993495 0
0.17426315766 0.00499999986324 0
0.174999999872 0.00399999979152 0
0.174999999872 0.00499999986324 0
0.174368420906 0.00699999975055 0
0.175999999944 0.000999999832502 0
0.175894736697 0.00199999990421 0
0.17647368404 0.00249999994007 0
0.175842105074 0.00299999997593 0
0.174999999872 0.0109999997813 0
0.1739999998 0.00899999989397 0
0.1739999998 0.00999999996568 0
0.174789473379 0.00799999982226 0
0.176999999759 0.000999999832502 0
0.177 0 1
0.173789473564 0.014999999812 0
0.172999999985 0.0159999998837 0
0.172 0.019 21
0.172999999985 0.017999999771 0
0.172999999985 0.0169999999554 0
0.174999999872 0.0139999999964 0
0.174789473635 0.014999999812 0
0.175315789355 0.0129999999247 0
0.175999999944 0.011999999853 0
0.175999999944 0.00399999979152 0
0.174999999872 0.00599999993495 0
0.175736842084 0.00499999986324 0
0.175184210425 0.00699999923832 0
0.177105263006 0.00199999990421 0
0.177157894629 0.00299999997593 0
0.174999999872 0.00899999989397 0
0.175999999944 0.0109999997813 0
0.174999999872 0.00999999996568 0
0.175578947214 0.00799999982226 0
0.178 0 1
0.177999999831 0.000999999832502 0
0.173842105187 0.0159999998837 0
0.1739999998 0.0169999999554 0
0.173 0.019 21
0.175999999944 0.0139999999964 0
0.173947368177 0.017999999771 0
0.174999999872 0.0159999998837 0
0.175999999944 0.014999999812 0
0.176315789427 0.0129999999247 0
0.176815789206 0.011999999853 0
0.176999999759 0.00399999979152 0
0.177999999831 0.00399999979152 0
0.1767368419 0.00499999986324 0
0.175999999944 0.00599999993495 0
0.175999999944 0.00699999975055 0
0.177999999831 0.00199999990421 0
0.177999999831 0.00299999997593 0
0.175999999944 0.00899999989397 0
0.176999999759 0.0109999997813 0
0.17647368404 0.00999999996568 0
0.176578947286 0.00799999982226 0
0.179 0 1
0.179052631526 0.000999999832502 0
0.174894736626 0.0169999999554 0
0.174 0.019 21
0.176999999759 0.0139999999964 0
0.174999999872 0.017999999771 0
0.176157894557 0.0159999998837 0
0.175999999944 0.0169999999554 0
0.176999999759 0.014999999812 0
0.177631578725 0.011999999853 0
0.178342104997 0.0124999998888 0
0.177684210348 0.0129999999247 0
0.178578946917 0.00349999975567 0
0.178605262857 0.00449999982738 0
0.177999999831 0.00499999986324 0
0.176999999759 0.00599999993495 0
0.177368420865 0.00699999975055 0
0.179105263149 0.00199999990421 0
0.179157894516 0.00299999997593 0
0.176999999759 0.00899999989397 0
0.177999999831 0.0109999997813 0
0.17878947341 0.0109999997813 0
0.177526315735 0.00999999996568 0
0.177421052488 0.00799999982226 0
0.179999999974 0.000999999832502 0
0.18 0 1
0.179578947245 0.0109999997813 0
0.176999999759 0.0159999998837 0
0.175 0.019 21
0.177999999831 0.0139999999964 0
0.176 0.019 21
0.176052631567 0.017999999771 0
0.176999999759 0.0169999999554 0
0.177999999831 0.0159999998837 0
0.178210526067 0.014999999812 0
0.178999999903 0.011999999853 0
0.178999999903 0.0129999999247 0
0.179999999974 0.011999999853 0
0.177973683891 0.00749999953029 0
0.179210526139 0.00399999979152 0
0.178631578797 0.00549999989909 0
0.179263157762 0.00499999986324 0
0.177999999831 0.00599999993495 0
0.179999999974 0.00299999997593 0
0.179999999974 0.00199999990421 0
0.177999999831 0.00899999989397 0
0.178999999903 0.00999999996568 0
0.178578947174 0.00799999982226 0
0.180947368167 0.000999999832502 0
0.181 0 1
0.179999999974 0.00999999996568 0
0.180421052447 0.0109999997813 0
0.178999999903 0.0139999999964 0
0.176999999759 0.017999999771 0
0.177 0.019 21
0.178105263077 0.0169999999554 0
0.177947368208 0.017999999771 0
0.178999999903 0.0159999998837 0
0.178999999903 0.014999999812 0
0.179736841859 0.0139999999964 0
0.179999999974 0.0129999999247 0
0.180815789237 0.011999999853 0
0.178999999903 0.00699999975055 0
0.179999999974 0.00399999979152 0
0.179999999974 0.00499999986324 0
0.179315789386 0.00599999993495 0
0.180842105177 0.00299999997593 0
0.18099999979 0.00199999990421 0
0.179473683999 0.00899999989397 0
0.179421052376 0.00799999982226 0
0.182 0 1
0.181999999862 0.00199999990421 0
0.181999999862 0.000999999832502 0
0.180526315694 0.00899999989397 0
0.181210526027 0.0109999997813 0
0.18099999979 0.00999999996568 0
0.178999999903 0.0169999999554 0
0.178 0.019 21
0.178999999903 0.017999999771 0
0.179894736728 0.0169999999554 0
0.180157894588 0.0159999998837 0
0.179999999974 0.014999999812 0
0.18099999979 0.0139999999964 0
0.18099999979 0.0129999999247 0
0.181631578756 0.011999999853 0
0.181210526283 0.00399999979152 0
0.179999999974 0.00699999975055 0
0.18099999979 0.00499999986324 0
0.180684210307 0.00599999993495 0
0.181999999862 0.00299999997593 0
0.180578947317 0.00799999982226 0
0.183 0 1
0.182894736687 0.00199999990421 0
0.183052631557 0.000999999832502 0
0.181473684142 0.00899999989397 0
0.181999999862 0.0109999997813 0
0.181999999862 0.00999999996568 0
0.179 0.019 21
0.179999999974 0.017999999771 0
0.18099999979 0.0169999999554 0
0.18099999979 0.0159999998837 0
0.18099999979 0.014999999812 0
0.181605262816 0.0144999997762 0
0.182263157721 0.0139999999964 0
0.181999999862 0.0129999999247 0
0.182368420968 0.011999999853 0
0.182578946948 0.00349999975567 0
0.181999999862 0.00399999979152 0
0.181999999862 0.00499999986324 0
0.181368420896 0.00699999975055 0
0.181999999862 0.00599999993495 0
0.183157894547 0.00299999997593 0
0.181999999862 0.00799999982226 0
0.184 0 1
0.183999999749 0.00199999990421 0
0.183999999749 0.000999999832502 0
0.182999999933 0.0109999997813 0
0.18318421023 0.011999999853 0
0.182526315581 0.00899999989397 0
0.182999999933 0.00999999996568 0
0.18 0.019 21
0.182999999933 0.0139999999964 0
0.181 0.019 21
0.18099999979 0.017999999771 0
0.181894736615 0.0169999999554 0
0.181999999862 0.0159999998837 0
0.182210526098 0.014999999812 0
0.182999999933 0.014999999812 0
0.182999999933 0.0129999999247 0
0.18321052617 0.00399999979152 0
0.182736842074 0.00499999986324 0
0.182999999933 0.00599999993495 0
0.182631578827 0.00699999975055 0
0.183999999749 0.00399999979152 0
0.183999999749 0.00299999997593 0
0.183421052406 0.00799999982226 0
0.185 0 1
0.184999999821 0.00199999990421 0
0.184999999821 0.000999999832502 0
0.186 0 1
0.183999999749 0.011999999853 0
0.183999999749 0.0109999997813 0
0.183999999749 0.00899999989397 0
0.184473684101 0.00999999996568 0
0.183999999749 0.0139999999964 0
0.182 0.019 21
0.182052631485 0.017999999771 0
0.182999999933 0.0169999999554 0
0.182999999933 0.0159999998837 0
0.183999999749 0.014999999812 0
0.184315789232 0.0129999999247 0
0.183999999749 0.00499999986324 0
0.183999999749 0.00599999993495 0
0.183999999749 0.00699999975055 0
0.184999999821 0.00399999979152 0
0.18515789469 0.00299999997593 0
0.184578947348 0.00799999982226 0
0.185999999892 0.000999999832502 0
0.185999999892 0.00299999997593 0
0.185999999892 0.00199999990421 0
0.187 0 1
0.186999999964 0.000999999832502 0
0.188 0 1
0.184999999821 0.011999999853 0
0.184999999821 0.0109999997813 0
0.184999999821 0.00899999989397 0
0.18552631554 0.00999999996568 0
0.184999999821 0.0139999999964 0
0.183 0.019 21
0.182999999933 0.017999999771 0
0.183999999749 0.0169999999554 0
0.184157894618 0.0159999998837 0
0.184999999821 0.014999999812 0
0.18568421041 0.0129999999247 0
0.18526315768 0.00499999986324 0
0.184999999821 0.00699999975055 0
0.184999999821 0.00599999993495 0
0.185999999892 0.00499999986324 0
0.185999999892 0.00399999979152 0
0.18542105255 0.00799999982226 0
0.186999999964 0.00199999990421 0
0.186842105095 0.00299999997593 0
0.18799999978 0.000999999832502 0
0.18789473679 0.00199999990421 0
0.189 0 1
0.185999999892 0.011999999853 0
0.185999999892 0.0109999997813 0
0.185999999892 0.00899999989397 0
0.186473683989 0.00999999996568 0
0.185999999892 0.0139999999964 0
0.184 0.019 21
0.184052631372 0.017999999771 0
0.185578947163 0.0154999998479 0
0.184999999821 0.0169999999554 0
0.184999999821 0.0159999998837 0
0.186210526129 0.014999999812 0
0.186999999964 0.0129999999247 0
0.185999999892 0.00599999993495 0
0.185999999892 0.00699999975055 0
0.186999999964 0.00399999979152 0
0.186736842104 0.00499999986324 0
0.187789473543 0.00399999979152 0
0.186578947235 0.00799999982226 0
0.18799999978 0.00299999997593 0
0.189052631475 0.000999999832502 0
0.188999999851 0.00199999990421 0
0.19 0 1
0.186999999964 0.0109999997813 0
0.186999999964 0.011999999853 0
0.186999999964 0.00899999989397 0
0.18747368406 0.00999999996568 0
0.184999999821 0.017999999771 0
0.186999999964 0.0139999999964 0
0.185 0.019 21
0.185947368269 0.017999999771 0
0.186157894506 0.0159999998837 0
0.185999999892 0.0169999999554 0
0.186999999964 0.0159999998837 0
0.187210526201 0.014999999812 0
0.18799999978 0.011999999853 0
0.18799999978 0.0129999999247 0
0.186999999964 0.00599999993495 0
0.186999999964 0.00699999975055 0
0.18773684192 0.00499999986324 0
0.188605262806 0.00349999975567 0
0.188394736569 0.00449999982738 0
0.18799999978 0.00699999975055 0
0.18799999978 0.00799999982226 0
0.189999999923 0.000999999832502 0
0.189157894721 0.00299999997593 0
0.189999999923 0.00199999990421 0
0.191 0 1
0.190947368372 0.000999999832502 0
0.188236841956 0.00999999996568 0
0.18799999978 0.0109999997813 0
0.18799999978 0.00899999989397 0
0.188999999851 0.00799999982226 0
0.18799999978 0.0139999999964 0
0.186 0.019 21
0.187052631331 0.017999999771 0
0.187105262954 0.0169999999554 0
0.18799999978 0.014999999812 0
0.18799999978 0.0159999998837 0
0.188736841992 0.0139999999964 0
0.188999999851 0.011999999853 0
0.188999999851 0.0129999999247 0
0.18799999978 0.00599999993495 0
0.188999999851 0.00499999986324 0
0.189210526088 0.00399999979152 0
0.188999999851 0.00699999975055 0
0.190894736749 0.00199999990421 0
0.189999999923 0.00299999997593 0
0.189999999923 0.00399999979152 0
0.190842105125 0.00299999997593 0
0.192 0 1
0.19199999981 0.000999999832502 0
0.189789473431 0.00799999982226 0
0.188999999851 0.00999999996568 0
0.188999999851 0.0109999997813 0
0.189473684204 0.00899999989397 0
0.18799999978 0.0169999999554 0
0.187 0.019 21
0.188 0.019 21
0.18799999978 0.017999999771 0
0.188999999851 0.0159999998837 0
0.188999999851 0.014999999812 0
0.188999999851 0.0169999999554 0
0.189999999923 0.0139999999964 0
0.189999999923 0.011999999853 0
0.190315789406 0.0129999999247 0
0.189315789334 0.00599999993495 0
0.189999999923 0.00499999986324 0
0.189999999923 0.00699999975055 0
0.190578947266 0.00799999982226 0
0.190815789186 0.00699999923832 0
0.191473684091 0.00249999994007 0
0.192105263057 0.00199999990421 0
0.190736841879 0.00499999986324 0
0.190789473502 0.00399999979152 0
0.191473684091 0.00349999975567 0
0.192999999882 0.000999999832502 0
0.193 0 1
0.190526315643 0.00899999989397 0
0.190421052396 0.0109999997813 0
0.189999999923 0.00999999996568 0
0.191210525975 0.0109999997813 0
0.189 0.019 21
0.188999999851 0.017999999771 0
0.189842105054 0.0159999998837 0
0.189999999923 0.014999999812 0
0.190105262913 0.0169999999554 0
0.190052631546 0.017999999771 0
0.190999999995 0.0139999999964 0
0.191368420845 0.011999999853 0
0.191315789222 0.0129999999247 0
0.191973683871 0.0124999998888 0
0.191526315714 0.00899999989397 0
0.190684210512 0.00599999993495 0
0.191578947337 0.00799999982226 0
0.191631578704 0.00699999975055 0
0.19215789468 0.00299999997593 0
0.192999999882 0.00199999990421 0
0.191736841951 0.00499999986324 0
0.192210526303 0.00399999979152 0
0.193947368331 0.000999999832502 0
0.194 0 1
0.19199999981 0.0109999997813 0
0.191473684091 0.00999999996568 0
0.19 0.019 21
0.190999999995 0.0159999998837 0
0.191210526231 0.014999999812 0
0.191 0.019 21
0.190999999995 0.0169999999554 0
0.191052631362 0.017999999771 0
0.19199999981 0.0139999999964 0
0.192631578776 0.011999999853 0
0.192684210399 0.0129999999247 0
0.192473684163 0.00899999989397 0
0.19242105254 0.00799999982226 0
0.19199999981 0.00599999993495 0
0.192368420916 0.00699999975055 0
0.192973683943 0.00749999953029 0
0.194105262944 0.00199999990421 0
0.193842105084 0.00299999997593 0
0.192999999882 0.00299999997593 0
0.192999999882 0.00399999979152 0
0.192999999882 0.00499999986324 0
0.194999999769 0.000999999832502 0
0.195 0 1
0.194999999769 0.00199999990421 0
0.192999999882 0.0109999997813 0
0.192526315786 0.00999999996568 0
0.193526315602 0.00899999989397 0
0.19199999981 0.014999999812 0
0.19199999981 0.0159999998837 0
0.192 0.019 21
0.19199999981 0.017999999771 0
0.19199999981 0.0169999999554 0
0.193263157742 0.0139999999964 0
0.192789473646 0.014999999812 0
0.193789473461 0.0109999997813 0
0.193368420988 0.011999999853 0
0.193999999954 0.0129999999247 0
0.193578947225 0.00799999982226 0
0.192999999882 0.00599999993495 0
0.193631578848 0.00699999975055 0
0.194999999769 0.00299999997593 0
0.194421052171 0.00349999975567 0
0.193789473461 0.00399999979152 0
0.193999999954 0.00499999986324 0
0.194368420804 0.00699999975055 0
0.196 0 1
0.195947368218 0.000999999832502 0
0.195999999841 0.00199999990421 0
0.195999999841 0.00299999997593 0
0.193999999954 0.00999999996568 0
0.19447368405 0.00899999989397 0
0.194578947296 0.0109999997813 0
0.192999999882 0.0159999998837 0
0.193 0.019 21
0.192947368259 0.017999999771 0
0.193105263129 0.0169999999554 0
0.193999999954 0.0139999999964 0
0.193999999954 0.014999999812 0
0.19463157892 0.011999999853 0
0.194999999769 0.0129999999247 0
0.194999999769 0.00799999982226 0
0.194973684086 0.00649999971469 0
0.194315789437 0.00599999993495 0
0.194999999769 0.00399999979152 0
0.194999999769 0.00499999986324 0
0.195631578735 0.00699999975055 0
0.196210526078 0.00399999979152 0
0.196999999913 0.00299999997593 0
0.197 0 1
0.196999999913 0.000999999832502 0
0.196999999913 0.00199999990421 0
0.194999999769 0.00999999996568 0
0.195526315745 0.00899999989397 0
0.195421052499 0.0109999997813 0
0.193999999954 0.0159999998837 0
0.195263157885 0.0139999999964 0
0.194 0.019 21
0.193999999954 0.017999999771 0
0.193999999954 0.0169999999554 0
0.194842105156 0.0159999998837 0
0.194999999769 0.014999999812 0
0.195368420876 0.011999999853 0
0.195973683902 0.0114999998171 0
0.195999999841 0.0129999999247 0
0.195999999841 0.00799999982226 0
0.195684210358 0.00599999993495 0
0.195999999841 0.00499999986324 0
0.196368420947 0.00699999975055 0
0.196999999913 0.00499999986324 0
0.196999999913 0.00399999979152 0
0.197842105115 0.00299999997593 0
0.198 0 1
0.198052631352 0.000999999832502 0
0.198105262975 0.00199999990421 0
0.195999999841 0.00999999996568 0
0.196473684194 0.00899999989397 0
0.196723683955 0.00824999932796 0
0.196578947184 0.0109999997813 0
0.195999999841 0.0139999999964 0
0.195999999841 0.014999999812 0
0.195 0.019 21
0.194999999769 0.0169999999554 0
0.194999999769 0.017999999771 0
0.195999999841 0.0159999998837 0
0.196631578807 0.011999999853 0
0.196736842053 0.0139999999964 0
0.197315789396 0.0129999999247 0
0.196973683973 0.00749999953029 0
0.196999999913 0.00599999993495 0
0.197999999985 0.00499999986324 0
0.198210526221 0.00399999979152 0
0.1989999998 0.00299999997593 0
0.1989999998 0.000999999832502 0
0.199 0 1
0.1989999998 0.00199999990421 0
0.196999999913 0.00999999996568 0
0.197526315632 0.00899999989397 0
0.197578947255 0.00799999982226 0
0.197421052386 0.0109999997813 0
0.195999999841 0.0169999999554 0
0.196999999913 0.014999999812 0
0.196 0.019 21
0.195999999841 0.017999999771 0
0.196999999913 0.0169999999554 0
0.197157894526 0.0159999998837 0
0.198157894598 0.0129999999247 0
0.197999999985 0.011999999853 0
0.197999999985 0.0139999999964 0
0.197999999985 0.00699999975055 0
0.198315789467 0.00599999993495 0
0.1989999998 0.00399999979152 0
0.1989999998 0.00499999986324 0
0.199842105259 0.00299999997593 0
0.2 0 1
0.199947368249 0.000999999832502 0
0.200105263118 0.00199999990421 0
0.197763157808 0.00999999996568 0
0.198473684081 0.00899999989397 0
0.198421052458 0.00799999982226 0
0.198578947327 0.0109999997813 0
0.197999999985 0.014999999812 0
0.197 0.019 21
0.197052631536 0.017999999771 0
0.197999999985 0.0169999999554 0
0.197999999985 0.0159999998837 0
0.198789473564 0.014999999812 0
0.201 0 1
0.1989999998 0.0129999999247 0
0.1989999998 0.011999999853 0
0.19926315766 0.0139999999964 0
0.1989999998 0.00699999975055 0
0.199684210389 0.00599999993495 0
0.199999999872 0.00399999979152 0
0.200263157732 0.00499999986324 0
0.200999999944 0.00199999990421 0
0.200999999944 0.00299999997593 0
0.200999999944 0.000999999832502 0
0.200999999944 0.00499999986324 0
0.198526315704 0.00999999996568 0
0.199578947143 0.00799999982226 0
0.199236841976 0.00899999989397 0
0.199421052529 0.0109999997813 0
0.197999999985 0.017999999771 0
0.198 0.019 21
0.19915789467 0.0159999998837 0
0.1989999998 0.017999999771 0
0.1989999998 0.0169999999554 0
0.199999999872 0.014999999812 0
0.202 0 1
0.199842105002 0.0129999999247 0
0.199999999872 0.011999999853 0
0.199999999872 0.0139999999964 0
0.200368420978 0.00699999975055 0
0.200999999944 0.00599999993495 0
0.200999999944 0.00399999979152 0
0.201999999759 0.00199999990421 0
0.201999999759 0.00299999997593 0
0.202052631382 0.000999999832502 0
0.201999999759 0.00499999986324 0
0.200421052601 0.00799999982226 0
0.199473684153 0.00999999996568 0
0.199999999872 0.00899999989397 0
0.200578947214 0.0109999997813 0
0.199 0.019 21
0.199999999872 0.0159999998837 0
0.2 0.019 21
0.199999999872 0.017999999771 0
0.199999999872 0.0169999999554 0
0.200789473451 0.014999999812 0
0.203 0 1
0.200999999944 0.011999999853 0
0.200684210461 0.0129999999247 0
0.200999999944 0.0139999999964 0
0.201026315627 0.00749999953029 0
0.201631578909 0.00699999975055 0
0.202315789242 0.00599999993495 0
0.202210526252 0.00399999979152 0
0.202999999831 0.00199999990421 0
0.202999999831 0.00299999997593 0
0.202999999831 0.000999999832502 0
0.202999999831 0.00499999986324 0
0.200999999944 0.00899999989397 0
0.200526315591 0.00999999996568 0
0.201815789206 0.011999999853 0
0.201421052417 0.0109999997813 0
0.200842105074 0.0159999998837 0
0.201421052417 0.0154999998479 0
0.201 0.019 21
0.201052631567 0.017999999771 0
0.200999999944 0.0169999999554 0
0.201999999759 0.0139999999964 0
0.201999999759 0.014999999812 0
0.204 0 1
0.202631578725 0.011999999853 0
0.201999999759 0.0129999999247 0
0.201999999759 0.00899999989397 0
0.201999999759 0.00799999982226 0
0.202368420865 0.00699999975055 0
0.203157894444 0.00599999993495 0
0.203578947174 0.00349999975567 0
0.202999999831 0.00399999979152 0
0.203894736656 0.00199999990421 0
0.204157894516 0.00299999997593 0
0.203999999903 0.000999999832502 0
0.203736842043 0.00499999986324 0
0.201999999759 0.00999999996568 0
0.203368420937 0.011999999853 0
0.202578947358 0.0109999997813 0
0.201999999759 0.0159999998837 0
0.202 0.019 21
0.201999999759 0.017999999771 0
0.201999999759 0.0169999999554 0
0.202999999831 0.0139999999964 0
0.202842105218 0.0159999998837 0
0.203210526067 0.014999999812 0
0.25 0.0019 4
0.25 0 3
0.205 0 1
0.203315789314 0.0129999999247 0
0.202999999831 0.00899999989397 0
0.202999999831 0.00799999982226 0
0.203631578797 0.00699999975055 0
0.203999999903 0.00599999993495 0
0.204210526139 0.00399999979152 0
0.204999999974 0.00299999997593 0
0.204999999974 0.000999999832502 0
0.204999999974 0.00199999990421 0
0.204999999974 0.00499999986324 0
0.204184210456 0.011999999853 0
0.203473684183 0.00999999996568 0
0.203999999903 0.0109999997813 0
0.203 0.019 21
0.203052631454 0.017999999771 0
0.203105263077 0.0169999999554 0
0.203999999903 0.0139999999964 0
0.203999999903 0.014999999812 0
0.203999999903 0.0159999998837 0
0.249373585439 0.00086235228834 0
0.248852860984 0.0019 4
0.248852994555 0 2
0.206 0 1
0.204684210492 0.0129999999247 0
0.203999999903 0.00899999989397 0
0.203999999903 0.00799999982226 0
0.204368421009 0.00699999975055 0
0.204999999974 0.00599999993495 0
0.20599999979 0.000999999832502 0
0.204999999974 0.00399999979152 0
0.20599999979 0.00299999997593 0
0.2058947368 0.00199999990421 0
0.20573684193 0.00499999986324 0
0.204999999974 0.011999999853 0
0.205421052447 0.0109999997813 0
0.204526315622 0.00999999996568 0
0.204578947245 0.0154999998479 0
0.203999999903 0.0169999999554 0
0.204 0.019 21
0.203999999903 0.017999999771 0
0.204999999974 0.0139999999964 0
0.205210526211 0.014999999812 0
0.205157894588 0.0159999998837 0
0.204999999974 0.0169999999554 0
0.248357011225 0.000949999777693 0
0.247860894381 0.0019 4
0.247861161525 0 2
0.207 0 1
0.206999999862 0.000999999832502 0
0.20599999979 0.0129999999247 0
0.204999999974 0.00799999982226 0
0.204999999974 0.00899999989397 0
0.20563157894 0.00699999975055 0
0.20599999979 0.00599999993495 0
0.206999999862 0.00199999990421 0
0.20599999979 0.00399999979152 0
0.206842105248 0.00299999997593 0
0.206499999826 0.00499999986324 0
0.206368420896 0.011999999853 0
0.20599999979 0.00899999989397 0
0.206210526027 0.0109999997813 0
0.205473684071 0.00999999996568 0
0.205 0.019 21
0.204947368351 0.017999999771 0
0.20599999979 0.0139999999964 0
0.206210526283 0.014999999812 0
0.206052631413 0.017999999771 0
0.20599999979 0.0159999998837 0
0.20599999979 0.0169999999554 0
0.246868927779 0.0019 4
0.247365111261 0.000949999777693 0
0.246869328494 0 2
0.245877495463 0 2
0.245876961177 0.0019 4
0.208 0 1
0.207999999933 0.000999999832502 0
0.207026315545 0.0124999998888 0
0.207013157703 0.0132499999426 0
0.20599999979 0.00799999982226 0
0.206631578756 0.00699999975055 0
0.206999999862 0.00599999993495 0
0.207999999933 0.00199999990421 0
0.207999999933 0.00299999997593 0
0.206999999862 0.00399999979152 0
0.207263157721 0.00499999986324 0
0.207631578827 0.011999999853 0
0.206999999862 0.00899999989397 0
0.206999999862 0.0109999997813 0
0.206473684142 0.00999999996568 0
0.206 0.019 21
0.206999999862 0.0139999999964 0
0.206999999862 0.014999999812 0
0.206999999862 0.0159999998837 0
0.206999999862 0.017999999771 0
0.207 0.019 21
0.206999999862 0.0169999999554 0
0.24587722815 0.000949999777693 0
0.244885662432 0 2
0.244884994574 0.0019 4
0.209 0 1
0.208999999749 0.00199999990421 0
0.208999999749 0.000999999832502 0
0.207684210451 0.0129999999247 0
0.2083421051 0.0124999998888 0
0.207999999933 0.0139999999964 0
0.207421052591 0.00799999982226 0
0.207368420968 0.00699999975055 0
0.207999999933 0.00599999993495 0
0.208999999749 0.00299999997593 0
0.207999999933 0.00399999979152 0
0.207999999933 0.00499999986324 0
0.208999999749 0.00399999979152 0
0.208999999749 0.011999999853 0
0.207999999933 0.00899999989397 0
0.207999999933 0.0109999997813 0
0.207526315581 0.00999999996568 0
0.208105262924 0.00824999958407 0
0.208736841889 0.0139999999964 0
0.207789473441 0.014999999812 0
0.207999999933 0.0159999998837 0
0.20794736831 0.017999999771 0
0.208 0.019 21
0.207999999933 0.0169999999554 0
0.244389411883 0.000949999777693 0
0.243893829401 0 2
0.243893027972 0.0019 4
0.21 0 1
0.209947368198 0.000999999832502 0
0.209894736831 0.00199999990421 0
0.208999999749 0.0129999999247 0
0.209999999821 0.011999999853 0
0.20821052617 0.00749999953029 0
0.208105262924 0.0067499994765 0
0.209999999821 0.00299999997593 0
0.208842105136 0.00599999993495 0
0.209789473584 0.00399999979152 0
0.208999999749 0.00499999986324 0
0.208763157829 0.00899999989397 0
0.209421052478 0.0109999997813 0
0.208999999749 0.00999999996568 0
0.208999999749 0.00799999982226 0
0.210210526057 0.0109999997813 0
0.209499999785 0.0139999999964 0
0.208999999749 0.014999999812 0
0.208999999749 0.0169999999554 0
0.208842105136 0.0159999998837 0
0.209 0.019 21
0.208999999749 0.017999999771 0
0.24339751192 0.000949999777693 0
0.24290199637 0 2
0.24290106137 0.0019 4
0.211 0 1
0.211105263139 0.00199999990421 0
0.210947368269 0.000999999832502 0
0.210315789304 0.0129999999247 0
0.210815789339 0.011999999853 0
0.208999999749 0.00699999975055 0
0.210789473656 0.00399999979152 0
0.211157894506 0.00299999997593 0
0.209684210338 0.00599999993495 0
0.209999999821 0.00499999986324 0
0.211394736682 0.00449999982738 0
0.210736842033 0.00499999986324 0
0.209526315725 0.00899999989397 0
0.210473684173 0.00999999996568 0
0.209789473328 0.00799999982226 0
0.210999999892 0.0109999997813 0
0.211631578858 0.011999999853 0
0.21026315768 0.0139999999964 0
0.209999999821 0.014999999812 0
0.21015789469 0.0159999998837 0
0.209999999821 0.0169999999554 0
0.21 0.019 21
0.210052631444 0.017999999771 0
0.210999999892 0.0139999999964 0
0.241910163339 0 2
0.242405612213 0.000949999777693 0
0.240918330309 0 2
0.241909094767 0.0019 4
0.211999999964 0.00299999997593 0
0.211999999964 0.00199999990421 0
0.212 0 1
0.211999999964 0.000999999832502 0
0.211684210481 0.0129999999247 0
0.209999999821 0.00699999975055 0
0.211999999964 0.00399999979152 0
0.21068421041 0.00599999993495 0
0.211999999964 0.00499999986324 0
0.211368420998 0.00549999989909 0
0.210578947163 0.00799999982226 0
0.211526315612 0.00999999996568 0
0.21052631554 0.00899999989397 0
0.211999999964 0.0109999997813 0
0.212368420814 0.011999999853 0
0.210999999892 0.014999999812 0
0.210999999892 0.0159999998837 0
0.210999999892 0.0169999999554 0
0.210999999892 0.017999999771 0
0.211 0.019 21
0.211999999964 0.0139999999964 0
0.211789473472 0.014999999812 0
0.240917729101 0.000949999777693 0
0.239926497278 0 2
0.240917128165 0.0019 4
0.239925161563 0.0019 4
0.213 0 1
0.212842105166 0.00299999997593 0
0.21289473679 0.00199999990421 0
0.21299999978 0.000999999832502 0
0.21299999978 0.0129999999247 0
0.213210526272 0.00399999979152 0
0.211368420998 0.00699999975055 0
0.21273684192 0.00499999986324 0
0.211999999964 0.00599999993495 0
0.211421052622 0.00799999982226 0
0.211973684025 0.00749999953029 0
0.21247368406 0.00999999996568 0
0.211999999964 0.00899999989397 0
0.21299999978 0.0109999997813 0
0.213236841956 0.00999999996568 0
0.213631578745 0.011999999853 0
0.21299999978 0.0139999999964 0
0.212157894578 0.0159999998837 0
0.211999999964 0.0169999999554 0
0.211947368341 0.017999999771 0
0.212 0.019 21
0.21299999978 0.014999999812 0
0.23893319496 0.0019 4
0.238934664247 0 2
0.239925829393 0.000949999777693 0
0.214 0 1
0.213999999851 0.00299999997593 0
0.213999999851 0.00199999990421 0
0.213999999851 0.000999999832502 0
0.213999999851 0.0129999999247 0
0.213736841992 0.0139999999964 0
0.213999999851 0.00499999986324 0
0.214605262878 0.00449999982738 0
0.213999999851 0.00399999979152 0
0.21263157893 0.00699999975055 0
0.213999999851 0.00599999993495 0
0.21299999978 0.00599999993495 0
0.213315789263 0.00749999953029 0
0.212578947307 0.00799999982226 0
0.213473684132 0.00899999989397 0
0.213999999851 0.00999999996568 0
0.213999999851 0.0109999997813 0
0.214368420957 0.011999999853 0
0.21299999978 0.0159999998837 0
0.213 0.019 21
0.21299999978 0.0169999999554 0
0.21299999978 0.017999999771 0
0.213842105238 0.0159999998837 0
0.213999999851 0.014999999812 0
0.237942831216 0 2
0.237941228358 0.0019 4
0.238438012871 0.000949999777693 0
0.236950998185 0 2
0.215 0 1
0.214842105054 0.00299999997593 0
0.214894736677 0.00199999990421 0
0.215052631546 0.000999999832502 0
0.214999999923 0.0129999999247 0
0.214999999923 0.0139999999964 0
0.214631578817 0.00549999989909 0
0.214657894501 0.00649999971469 0
0.215263157783 0.00499999986324 0
0.21521052616 0.00399999979152 0
0.213999999851 0.00699999975055 0
0.213999999851 0.00799999982226 0
0.214236842028 0.00899999989397 0
0.215368421029 0.00699999975055 0
0.214763157747 0.00999999996568 0
0.214789473431 0.0109999997813 0
0.215578947266 0.0109999997813 0
0.215631578889 0.011999999853 0
0.214999999923 0.014999999812 0
0.214 0.019 21
0.213999999851 0.017999999771 0
0.213894736605 0.0169999999554 0
0.214999999923 0.0159999998837 0
0.236949261756 0.0019 4
0.236950129759 0.000949999777693 0
0.235957295153 0.0019 4
0.235959165154 0 2
0.216 0 1
0.215999999995 0.00299999997593 0
0.215999999995 0.00199999990421 0
0.215999999995 0.000999999832502 0
0.215999999995 0.0129999999247 0
0.215999999995 0.0139999999964 0
0.215789473502 0.014999999812 0
0.215315789406 0.00599999993495 0
0.215973684055 0.00649999971469 0
0.215999999995 0.00499999986324 0
0.215999999995 0.00399999979152 0
0.214999999923 0.00899999989397 0
0.214999999923 0.00799999982226 0
0.216631578704 0.00699999975055 0
0.215973684055 0.00749999953029 0
0.215526315643 0.00999999996568 0
0.216421052468 0.0109999997813 0
0.217026315494 0.0114999998171 0
0.216368420845 0.011999999853 0
0.216157894608 0.0159999998837 0
0.215 0.019 21
0.214999999923 0.017999999771 0
0.214999999923 0.0169999999554 0
0.216105262985 0.0169999999554 0
0.234965328551 0.0019 4
0.235958230052 0.000949999777693 0
0.234967332123 0 2
0.216947368187 0.000999999832502 0
0.217 0 1
0.216842105197 0.00299999997593 0
0.21689473682 0.00199999990421 0
0.21699999981 0.0139999999964 0
0.21699999981 0.0129999999247 0
0.21699999981 0.014999999812 0
0.217210526303 0.00399999979152 0
0.216684210328 0.00599999993495 0
0.21699999981 0.00499999986324 0
0.217368420916 0.00699999975055 0
0.215999999995 0.00899999989397 0
0.216578947337 0.00799999982226 0
0.21699999981 0.00999999996568 0
0.217999999882 0.0129999999247 0
0.217578947153 0.0109999997813 0
0.217631578776 0.011999999853 0
0.218524568394 0.0120002165252 0
0.21699999981 0.0159999998837 0
0.21699999981 0.0169999999554 0
0.216 0.019 21
0.215999999995 0.017999999771 0
0.21699999981 0.017999999771 0
0.233973361949 0.0019 4
0.233975499093 0 2
0.234470413785 0.000949999777693 0
0.232983666062 0 2
0.232981395346 0.0019 4
0.218 0 1
0.217999999882 0.00199999990421 0
0.217999999882 0.000999999832502 0
0.217999999882 0.00299999997593 0
0.217842105013 0.0159999998837 0
0.217736842022 0.0139999999964 0
0.218664920243 0.0135289771777 0
0.217999999882 0.014999999812 0
0.217999999882 0.00399999979152 0
0.217999999882 0.00499999986324 0
0.217999999882 0.00599999993495 0
0.217999999882 0.00799999982226 0
0.218135054019 0.00711361973105 0
0.217473684163 0.00899999989397 0
0.217999999882 0.00999999996568 0
0.219041019382 0.0127647051876 0
0.218475134863 0.0112502141664 0
0.21941711852 0.0120004331974 0
0.218997751019 0.0100744806493 0
0.217894736636 0.0169999999554 0
0.217 0.019 21
0.217999999882 0.017999999771 0
0.219199521497 0.0163462635684 0
0.232982530673 0.000949999777693 0
0.231991833031 0 2
0.231989455501 0.00189999920205 4
0.218948674511 0.000870372745227 0
0.219 0 1
0.218716405245 0.00246099279785 0
0.219264899387 0.00149383060135 0
0.218949765299 0.00352548998471 0
0.218799680873 0.0152308422684 0
0.219524663484 0.0136269422078 0
0.218865801493 0.0142934660962 0
0.218991245475 0.00436049033656 0
0.218876398198 0.00829538984824 0
0.218926976813 0.00532908036698 0
0.218926976813 0.00615909059933 0
0.218901687378 0.00722724022379 0
0.218937074609 0.00918493524877 0
0.219849368541 0.0129085880761 0
0.219599297323 0.0110114634309 0
0.220267510794 0.0117506429366 0
0.219994735864 0.0101489044757 0
0.218799680873 0.0172308424119 0
0.218 0.019 21
0.21959936212 0.015461684981 0
0.220325692657 0.0162221649516 0
0.218899840285 0.0181154209993 0
0.220011139947 0.017122113691 0
0.231494727725 0.00094999952158 0
0.231 0 2
0.231 0.0019 5
0.219897349395 0.000740745914067 0
0.22 0 1
0.22014921597 0.00163297845962 0
0.219432810607 0.00242198565562 0
0.219899530972 0.00305098043401 0
0.21969976023 0.00400651122644 0
0.220384406981 0.013724907494 0
0.219994760964 0.0145869324522 0
0.219982491324 0.00472098113771 0
0.219752796513 0.00859078013035 0
0.220066961979 0.00790848143032 0
0.219853954001 0.00565816112683 0
0.219722468296 0.00660271667852 0
0.220382853651 0.00938888422916 0
0.220774052998 0.0128628825359 0
0.220676029318 0.0108576566484 0
0.22116369876 0.0120008575778 0
0.220965030332 0.0102213357374 0
0.219455489988 0.0176187673451 0
0.219 0.019 21
0.220657769691 0.015236659123 0
0.221123079125 0.0163237621863 0
0.219897349395 0.0182592536895 0
0.220822758654 0.0178979638136 0
0.221450716428 0.0170334437957 0
0.230019203892 0.000956810609537 0
0.229 0 1
0.23 0 1
0.230038407864 0.00191362157086 5
0.220865621589 0.000843971519725 0
0.220952355008 0.00187835332009 0
0.221 0 1
0.222 0 1
0.220834058903 0.00258408360717 0
0.220408274986 0.00365253237244 0
0.220770849016 0.0045999215662 0
0.221359399086 0.0135821118082 0
0.221024109873 0.0143541368726 0
0.220971184488 0.00557029158689 0
0.220847441357 0.0083729428719 0
0.220422903945 0.00719269791184 0
0.220778846166 0.00647691439337 0
0.221464857747 0.00916783095088 0
0.221694688554 0.0128100867439 0
0.222003877987 0.0121232343421 0
0.221553344777 0.0111388328758 0
0.221935324799 0.0102937669991 0
0.22 0.019 21
0.221663812766 0.0149833662511 0
0.221393445818 0.0156535640907 0
0.221983787147 0.0165361127208 0
0.221 0.019 21
0.221393545958 0.0183645074596 0
0.221778353988 0.0177431254051 0
0.222646796131 0.0171858396477 0
0.228 0 1
0.229054807212 0.000993200525775 0
0.229107819596 0.00195387121487 5
0.227 0 1
0.221755494046 0.00212372818056 0
0.221825442542 0.000981605745975 0
0.223 0 1
0.221677557876 0.00316803874105 0
0.221559206964 0.0044788619947 0
0.222387035107 0.0139904359422 0
0.221770834233 0.00849388411887 0
0.221921780994 0.00542625118846 0
0.221670274003 0.00630296221883 0
0.221412581609 0.00719411191563 0
0.222787208678 0.0102050425516 0
0.22231477621 0.00945429618247 0
0.222615324366 0.0127572912079 0
0.223086905513 0.0119380682289 0
0.222503276411 0.0115101439689 0
0.223187626582 0.0107809800458 0
0.222341417926 0.0147977214613 0
0.222295801258 0.0156050074927 0
0.223102337388 0.0148517222684 0
0.222920916425 0.0162198878446 0
0.222 0.019 21
0.222382319542 0.0183645074596 0
0.223122295561 0.0177225466686 0
0.223546031593 0.0168347681966 0
0.226 0 1
0.225 0 1
0.224 0 1
0.227568517383 0.0010022100938 0
0.22815 0.0020272758664 6
0.226525514539 0.00106639500634 0
0.222906138152 0.00255423150557 0
0.222676929189 0.00166337275395 0
0.223359708615 0.00117429391884 0
0.22252105685 0.00375199387493 0
0.222643168536 0.00488110009863 0
0.223519494115 0.0137811444299 0
0.223595014365 0.0130735683313 0
0.222694227365 0.00861482536585 0
0.222243130193 0.00748473310437 0
0.222872377499 0.00593520828903 0
0.222561701839 0.0066194227196 0
0.223309850703 0.00961730845996 0
0.22367053487 0.0123659924888 0
0.223588044486 0.0113569177962 0
0.223946484841 0.0105686192668 0
0.22339208651 0.015562805332 0
0.22386325685 0.0149057230754 0
0.223913557838 0.016052050641 0
0.223 0.019 21
0.224180120217 0.0175376768789 0
0.223597794991 0.0182592536895 0
0.224435029167 0.0165412962061 0
0.22433442719 0.0142486408189 0
0.225364646886 0.000814208289575 0
0.224584695103 0.000740730035017 0
0.225848298672 0.00150945865983 0
0.227065738272 0.00216263777293 6
0.223434579615 0.00348206129543 0
0.224180120217 0.00146232298074 0
0.22389768263 0.00287159250213 0
0.223565780778 0.00206547230037 0
0.223364556079 0.00433594900881 0
0.223417699417 0.00509092509583 0
0.224485267407 0.0124846627755 0
0.224540452996 0.0132956975433 0
0.223822974005 0.00611766676816 0
0.223562818054 0.00846655012725 0
0.223073678776 0.00777535429311 0
0.223453129931 0.00693588347648 0
0.223933871497 0.00912343543235 0
0.224304925196 0.00978032073745 0
0.224580389063 0.0114632802826 0
0.224940194504 0.0107033066487 0
0.224715343828 0.0151960335982 0
0.224575186369 0.0158686647741 0
0.224 0.019 21
0.224881007138 0.0170685608268 0
0.225103326899 0.0180183938576 0
0.2253 0.01615 15
0.225463640213 0.0134017854757 0
0.225299999945 0.0143766664271 0
0.225203309336 0.00193143903285 0
0.226063655198 0.002375 7
0.224229584738 0.00367771296001 0
0.224451047286 0.00239348762719 0
0.224192230554 0.00530075009302 0
0.224746115121 0.00584870818909 0
0.224561486847 0.00448383341789 0
0.225299999945 0.0126033333184 0
0.22437656481 0.00666627488082 0
0.22418683936 0.00797267709963 0
0.224802462442 0.00897516019375 0
0.225299999945 0.00994333327105 0
0.225627280737 0.0106535714155 0
0.225572733896 0.0115696427689 0
0.225354546786 0.0152339284386 0
0.22571911082 0.0173943210724 0
0.225 0.019 21
0.226 0.019 21
0.226063655198 0.016625 16
0.226525514539 0.0179336048533 0
0.226063655198 0.015675 15
0.226063654957 0.0130285712017 0
0.226221748827 0.0137601026398 0
0.226063654957 0.0147928570937 0
0.2253 0.00285 7
0.224930743396 0.00366691648664 0
0.225299999945 0.00639666654127 0
0.225299999945 0.00462333317639 0
0.225299999945 0.00550999985883 0
0.226063654957 0.0121464285118 0
0.224838282249 0.00741813713738 0
0.225299999945 0.00816999990616 0
0.225845467847 0.00698928548967 0
0.225736374164 0.00882142845259 0
0.226063654957 0.00949999992982 0
0.226319051547 0.0108808510742 0
0.227 0.019 21
0.227065738272 0.0168373622271 16
0.227299834383 0.0179656971815 0
0.227065738272 0.0154626377729 14
0.227065738258 0.0122102896966 0
0.227065738258 0.0132944057057 0
0.227065738258 0.0143785217149 0
0.226063655198 0.003325 8
0.226009108372 0.00424107117335 0
0.225900014689 0.00607321413627 0
0.22595456153 0.00515714278287 0
0.227065738258 0.0111261736874 0
0.226063654957 0.0077357140378 0
0.226801487561 0.006738072005 0
0.226631125076 0.00880157195679 0
0.227065738258 0.0100420579344 0
0.228 0.019 21
0.22815 0.0169727241336 17
0.228074154226 0.0179977895097 0
0.22815 0.0153272758664 14
0.228149999995 0.0121487617076 0
0.227952861335 0.0131836549671 0
0.228051430537 0.0142554654809 0
0.227065738272 0.00353736222707 8
0.227596339784 0.00701134200223 0
0.227732664501 0.00619808083805 0
0.227065738258 0.0046214781448 0
0.227065738258 0.00570559389783 0
0.228149999995 0.0110892569453 0
0.227460015067 0.00782460342252 0
0.227558584269 0.00889641368021 0
0.228149999995 0.0100297521829 0
0.229 0.019 21
0.229107819596 0.0170461287851 17
0.229546482784 0.0180067990778 0
0.229107819596 0.0152538712149 13
0.228799829624 0.0115299162033 0
0.22910781942 0.0123769354592 0
0.228954808639 0.0134037921266 0
0.229185368602 0.0142982467147 0
0.22815 0.0036727241336 9
0.228308268791 0.00769973825742 0
0.228399590744 0.00669056777827 0
0.228316582498 0.00568690067049 0
0.228149999995 0.00473222862732 0
0.228721062109 0.0105775266455 0
0.22856164951 0.00865004586689 0
0.228877646701 0.00976917620554 0
0.229379734832 0.0109910334965 0
0.23 0.019 21
0.230038407864 0.0170863784291 17
0.230519203928 0.018043188994 0
0.230038407864 0.0152136215709 13
0.230038407811 0.01426135123 0
0.230038407811 0.0123568105563 0
0.230038407811 0.0114045403475 0
0.230038407811 0.0133090810212 0
0.229107819596 0.00374612878513 9
0.22910781942 0.00758204273948 0
0.22910781942 0.0066230641443 0
0.22910781942 0.00566408580524 0
0.22910781942 0.00470510721007 0
0.229650662669 0.00856450030274 0
0.230038407811 0.0104522701386 0
0.229573113487 0.00952012457668 0
0.231 0.019 21
0.231 0.0171 18
0.231494727725 0.0180500003381 0
0.231 0.0152 13
0.23099999979 0.0141636361669 0
0.230836473492 0.0112295427168 0
0.230759601731 0.0123465944366 0
0.23099999979 0.0131272725587 0
0.230038407864 0.00378637842914 9
0.230038407811 0.00759545925608 0
0.230038407811 0.00664318904727 0
0.230038407811 0.00569091883846 0
0.229960858629 0.00474200269477 0
0.230439071071 0.00854205398512 0
0.230791149049 0.0102352258082 0
0.230519203928 0.00949318909798 0
0.23099999979 0.00794545451747 0
0.231991833031 0.019 20
0.231989455501 0.0171000007979 18
0.232486614115 0.0180499998258 0
0.231997133064 0.0151999999406 12
0.231634539174 0.0110545453422 0
0.231815835921 0.0131272725587 0
0.232088010776 0.0141636361669 0
0.231725187548 0.0120909089504 0
0.231 0.0038 10
0.23099999979 0.00587272704488 0
0.231271945167 0.00690909065312 0
0.23109064842 0.00483636343664 0
0.23099999979 0.00898181812571 0
0.231543890544 0.0100181817339 0
0.231997132925 0.00690909090923 0
0.231816638838 0.00794545451747 0
0.232406312479 0.0126090907545 0
0.232983666062 0.019 20
0.232981395346 0.0171 18
0.233974430381 0.0180499998258 0
0.232996789292 0.0141636361669 0
0.232996789435 0.0152 12
0.232360644331 0.0110545453422 0
0.232996789292 0.0131272725587 0
0.232996789292 0.0120909089504 0
0.231997133064 0.00380000005944 10
0.231997132925 0.00587272730099 0
0.23254240029 0.00535454524076 0
0.231997132925 0.00483636343664 0
0.232996789292 0.00690909065312 0
0.232451522183 0.0100181817339 0
0.231997132925 0.00898181812571 0
0.232633277886 0.00794545451747 0
0.232951352415 0.0105363635381 0
0.233975499093 0.019 20
0.233973361949 0.0171 18
0.234967332123 0.019 20
0.234965328551 0.0171 18
0.235462313493 0.0180499998258 0
0.233996453082 0.0152 12
0.233905574466 0.0141636361669 0
0.233632938863 0.0110545453422 0
0.23399645283 0.0131272725587 0
0.23399645283 0.0120909089504 0
0.232996789435 0.0038 10
0.233178546276 0.00587272704488 0
0.233087667912 0.00483636343664 0
0.23399645283 0.00690909065312 0
0.23399645283 0.00794545451747 0
0.233542060499 0.0100181817339 0
0.232996789292 0.00898181812571 0
0.234587163219 0.0126090907545 0
0.235959165154 0.019 20
0.235957295153 0.0171 18
0.2364542132 0.0180499998258 0
0.234996116728 0.0152 12
0.234905238005 0.0141636361669 0
0.234632602657 0.0110545453422 0
0.235177873608 0.0131272725587 0
0.235268752228 0.0120909089504 0
0.234996116625 0.00690909065312 0
0.23417821007 0.00587272704488 0
0.233996453082 0.0038 10
0.23408733145 0.00483636343664 0
0.234996116625 0.0100181817339 0
0.234996116625 0.00794545451747 0
0.234450845418 0.00898181812571 0
0.236950998185 0.019 20
0.236949261756 0.0171 18
0.237446113164 0.0180499998258 0
0.235995780375 0.0152 12
0.236086658783 0.0141636361669 0
0.235359630592 0.0110545453422 0
0.235995780163 0.0131272725587 0
0.235995780163 0.0120909089504 0
0.234996116625 0.00587272704488 0
0.235723144816 0.00690909065312 0
0.234996116625 0.00483636343664 0
0.234996116728 0.0038 10
0.235995780163 0.0100181817339 0
0.235814022923 0.00794545451747 0
0.235541387576 0.00898181812571 0
0.237942831216 0.019 20
0.237941228358 0.0171 18
0.238438012871 0.0180499998258 0
0.236995443957 0.0141636361669 0
0.236995444022 0.0152 12
0.236995443957 0.0131272725587 0
0.236359294386 0.0110545453422 0
0.236995443957 0.0120909089504 0
0.23676824728 0.0100181817339 0
0.235814023179 0.00587272704488 0
0.236495612188 0.00690909065312 0
0.235904901799 0.00483636343664 0
0.235995780375 0.0038 10
0.236995443957 0.00898181812571 0
0.236631929734 0.00794545451747 0
0.238934664247 0.019 20
0.23893319496 0.0171 18
0.239925829393 0.0180499998258 0
0.237904229132 0.0141636361669 0
0.237995107668 0.0152 12
0.238176864479 0.0131272725587 0
0.237995107496 0.0120909089504 0
0.237540714908 0.0100181817339 0
0.237631593528 0.0110545453422 0
0.237995107496 0.00898181812571 0
0.236813686974 0.00587272704488 0
0.237268079561 0.00690909065312 0
0.236995443957 0.00483636343664 0
0.236995444022 0.0038 10
0.237995107496 0.00794545451747 0
0.239926497278 0.019 20
0.239925161563 0.0171 18
0.240917128165 0.0171 18
0.240918330309 0.019 20
0.241413712505 0.0180499998258 0
0.23899477129 0.0131272725587 0
0.23899477129 0.0141636361669 0
0.238994771315 0.0152 12
0.23899477129 0.0120909089504 0
0.23899477129 0.0110545453422 0
0.238449500083 0.0100181817339 0
0.23899477129 0.00898181812571 0
0.237995107668 0.0038 10
0.237995107496 0.00690909065312 0
0.237995107496 0.00587272704488 0
0.237995107496 0.00483636343664 0
0.23899477129 0.00794545451747 0
0.241909094767 0.0171 18
0.241910163339 0.019 20
0.242405612213 0.0180499998258 0
0.240267070432 0.0120909089504 0
0.239994434828 0.0131272725587 0
0.239994434828 0.0141636361669 0
0.239994434962 0.0152 12
0.239994434828 0.0110545453422 0
0.239540042241 0.0100181817339 0
0.239994434828 0.00898181812571 0
0.238994771315 0.0038 10
0.239267406638 0.00690909065312 0
0.23881301405 0.00587272704488 0
0.239085649654 0.00483636343664 0
0.239994434828 0.00794545451747 0
0.239994434828 0.00690909065312 0
0.24290106137 0.0171 18
0.24290199637 0.019 20
0.24339751192 0.0180499998258 0
0.240812341383 0.0110545453422 0
0.240994098367 0.0131272725587 0
0.240994098367 0.0120909089504 0
0.240994098367 0.0141636361669 0
0.240994098608 0.0152 12
0.240994098367 0.00898181812571 0
0.240994098367 0.0100181817339 0
0.24135761259 0.00794545451747 0
0.239994434962 0.0038 10
0.239994434828 0.00483636343664 0
0.239994434828 0.00587272704488 0
0.240721463019 0.00690909065312 0
0.243893027972 0.0171 18
0.243893829401 0.019 20
0.244389411883 0.0180499998258 0
0.241630248194 0.0110545453422 0
0.241993762161 0.0100181817339 0
0.241812005177 0.0131272725587 0
0.242266397765 0.0120909089504 0
0.241993762255 0.0152 12
0.241993762161 0.0141636361669 0
0.241993762161 0.00898181812571 0
0.242175519145 0.00794545451747 0
0.241993762161 0.00690909065312 0
0.240994098608 0.0038 10
0.240994098367 0.00483636343664 0
0.241175855606 0.00587272704488 0
0.244884994574 0.0171 18
0.244885662432 0.019 20
0.245381311591 0.0180499998258 0
0.242357276128 0.0110545453422 0
0.242766229278 0.0100181817339 0
0.242993425699 0.0131272725587 0
0.242993425699 0.0120909089504 0
0.242993425902 0.0152 12
0.242993425699 0.0141636361669 0
0.241993762161 0.00587272704488 0
0.242993425699 0.00794545451747 0
0.242993425699 0.00898181812571 0
0.242993425699 0.00690909065312 0
0.241993762255 0.0038 10
0.241993762161 0.00483636343664 0
0.242539033112 0.00535454498465 0
0.245876961177 0.0171 18
0.245877495463 0.019 20
0.246869128113 0.0180499998258 0
0.243993089494 0.0131272725587 0
0.243538696907 0.0100181817339 0
0.24362957527 0.0110545453422 0
0.24372045389 0.0120909089504 0
0.243993089548 0.0152 12
0.243993089494 0.0141636361669 0
0.243175182683 0.00587272704488 0
0.243993089494 0.00794545451747 0
0.243993089494 0.00898181812571 0
0.243993089494 0.00690909065312 0
0.242993425902 0.0038 10
0.243084304319 0.00483636343664 0
0.246868927779 0.0171 18
0.246869328494 0.019 20
0.247860894381 0.0171 18
0.24786102782 0.0180499998258 0
0.244743953163 0.0135160139824 0
0.244562195923 0.0124796503742 0
0.244593780378 0.0097073565031 0
0.245194471262 0.0104328951366 0
0.244471317303 0.0114432867659 0
0.244992753195 0.0152 12
0.245494817088 0.0139047556622 0
0.243993089494 0.00587272704488 0
0.243993089494 0.00483636343664 0
0.245119385126 0.00885243024864 0
0.244931669144 0.0078808132103 0
0.244743953163 0.0068228320684 0
0.243993089548 0.0038 10
0.247861161525 0.019 20
0.248852994555 0.019 20
0.248852860984 0.0171 18
0.249373568023 0.018137676256 0
0.245403938212 0.0128683917979 0
0.245313059592 0.0118320281897 0
0.245795162402 0.0099147975939 0
0.245795162402 0.0111584337701 0
0.245992416842 0.0152 12
0.246660347291 0.0145095113271 0
0.246245680758 0.0132571334777 0
0.244743953163 0.00457737766926 0
0.244743953163 0.0056137412775 0
0.246245680758 0.00872304262768 0
0.245870248795 0.00781617190313 0
0.245494816832 0.0067365737398 0
0.244992753195 0.0038 10
0.25 0.019 20
0.25 0.0171 19
0.246996544683 0.0126095112932 0
0.246395853287 0.0118839724036 0
0.246546026072 0.0111326298018 0
0.246470939679 0.00955216491381 0
0.246696199113 0.0103812874561 0
0.247496376452 0.0131285344309 0
0.246992080489 0.0152 12
0.247595449942 0.0139580460099 0
0.246245680758 0.00613213360708 0
0.245827294172 0.00449048827648 0
0.245494817088 0.00535475551011 0
0.246808828189 0.00801062136997 0
0.247371976389 0.00859365475061 0
0.24690268618 0.00720055471207 0
0.245992416842 0.0038 10
0.247854036941 0.0122394415833 0
0.247200031122 0.0116860354364 0
0.247597235567 0.0108477773182 0
0.247597235567 0.0098977773013 0
0.248498272277 0.00941426714655 0
0.24849603999 0.0136475573124 0
0.248664138942 0.0124380459828 0
0.247991744135 0.0152 12
0.248661162645 0.0145110536438 0
0.246660347291 0.00449048827648 0
0.246996544683 0.00639048831029 0
0.246423394986 0.00528027892432 0
0.247747408352 0.0076868892888 0
0.248498272277 0.00846426712965 0
0.24761680163 0.00688125416639 0
0.246992080489 0.0038 10
0.248498272277 0.0113142671804 0
0.248498272277 0.0103642669073 0
0.249249135947 0.00924164497051 0
0.249332069407 0.0117475575347 0
0.249248020059 0.0136498707876 0
0.249248020059 0.0128713360811 0
0.248991407782 0.0152 12
0.25 0.0141711402033 11
0.247744060178 0.00457622105975 0
0.247496376452 0.00587146542875 0
0.248498272277 0.00768573267929 0
0.249249135947 0.00833335460767 0
0.248330917592 0.00656195387683 0
0.247991744135 0.0038 10
0.249249135947 0.0106666449959 0
0.25 0.0100190230224 11
0.25 0.0110570690673 11
0.25 0.00898097697757 11
0.25 0.0120951151122 11
0.25 0.013133161157 11
0.25 0.0152 12
0.248661162645 0.00448894621584 0
0.2483969665 0.00566293073242 0
0.249165458732 0.00725244232491 0
0.25 0.0079429309327 11
0.249248020059 0.00612866352245 0
0.248991407782 0.0038 10
0.25 0.00482885979668 11
0.249248020059 0.00535012907209 0
0.25 0.00690488488784 11
0.25 0.00586683884298 11
0.25 0.0038 11

Edges
632
5 6 22
6 1 22
1 2 22
2 3 22
3 4 22
4 8 22
8 21 22
21 22 22
22 25 22
25 24 22
24 23 22
23 19 22
19 20 22
20 18 22
18 36 22
36 34 22
34 15 22
15 16 22
16 7 22
4850 4834 21
4834 4817 21
4817 4801 21
4801 4785 21
4785 4766 21
4766 4765 21
4765 4743 21
4743 4716 21
4716 4688 21
4688 4660 21
4660 4656 21
4656 4628 21
4628 4601 21
4601 4576 21
4576 4548 21
4548 4521 21
4521 4493 21
4493 4465 21
4465 4441 21
4441 4414 21
4414 4388 21
4388 4362 21
4362 4337 21
4337 4310 21
4310 4305 21
4305 4278 21
4278 4254 21
4254 4229 21
4229 4207 21
4207 4185 21
4185 4163 21
4163 4161 21
4161 4141 21
4141 4119 21
4119 4099 21
4099 4078 21
4078 4054 21
4054 4031 21
4031 4007 21
4007 3983 21
3983 3980 21
3980 3958 21
3958 3934 21
3934 3933 21
3933 3910 21
3910 3885 21
3885 3862 21
3862 3840 21
3840 3817 21
3817 3794 21
3794 3792 21
3792 3769 21
3769 3749 21
3749 3726 21
3726 3702 21
3702 3700 21
3700 3675 21
3675 3654 21
3654 3633 21
3633 3609 21
3609 3587 21
3587 3564 21
3564 3541 21
3541 3520 21
3520 3495 21
3495 3472 21
3472 3451 21
3451 3427 21
3427 3406 21
3406 3383 21
3383 3361 21
3361 3338 21
3338 3316 21
3316 3295 21
3295 3273 21
3273 3270 21
3270 3250 21
3250 3229 21
3229 3207 21
3207 3186 21
3186 3165 21
3165 3143 21
3143 3122 21
3122 3102 21
3102 3080 21
3080 3057 21
3057 3035 21
3035 3014 21
3014 2992 21
2992 2971 21
2971 2953 21
2953 2931 21
2931 2925 21
2925 2903 21
2903 2881 21
2881 2879 21
2879 2857 21
2857 2835 21
2835 2812 21
2812 2788 21
2788 2764 21
2764 2741 21
2741 2717 21
2717 2698 21
2698 2676 21
2676 2655 21
2655 2633 21
2633 2612 21
2612 2591 21
2591 2569 21
2569 2548 21
2548 2524 21
2524 2501 21
2501 2480 21
2480 2460 21
2460 2438 21
2438 2414 21
2414 2393 21
2393 2369 21
2369 2345 21
2345 2322 21
2322 2321 21
2321 2298 21
2298 2276 21
2276 2254 21
2254 2233 21
2233 2210 21
2210 2188 21
2188 2166 21
2166 2144 21
2144 2120 21
2120 2099 21
2099 2074 21
2074 2050 21
2050 2030 21
2030 2008 21
2008 1984 21
1984 1961 21
1961 1939 21
1939 1916 21
1916 1894 21
1894 1872 21
1872 1851 21
1851 1831 21
1831 1812 21
1812 1791 21
1791 1771 21
1771 1750 21
1750 1732 21
1732 1728 21
1728 1708 21
1708 1687 21
1687 1665 21
1665 1644 21
1644 1641 21
1641 1618 21
1618 1597 21
1597 1574 21
1574 1552 21
1552 1530 21
1530 1508 21
1508 1486 21
1486 1464 21
1464 1442 21
1442 1422 21
1422 1400 21
1400 1378 21
1378 1358 21
1358 1337 21
1337 1316 21
1316 1295 21
1295 1271 21
1271 1249 21
1249 1224 21
1224 1201 21
1201 1178 21
1178 1156 21
1156 1155 21
1155 1135 21
1135 1114 21
1114 1092 21
1092 1071 21
1071 1049 21
1049 1028 21
1028 1008 21
1008 988 21
988 966 21
966 944 21
944 922 21
922 901 21
901 878 21
878 856 21
856 834 21
834 812 21
812 792 21
792 769 21
769 749 21
749 728 21
728 702 21
702 682 21
682 659 21
659 638 21
638 615 21
615 592 21
592 570 21
570 549 21
549 525 21
525 504 21
504 481 21
481 459 21
459 437 21
437 416 21
416 393 21
393 368 21
368 346 21
346 323 21
323 309 21
309 286 21
286 266 21
266 244 21
244 222 21
222 199 21
199 174 21
174 149 21
149 126 21
126 102 21
102 78 21
78 56 21
56 33 21
33 14 21
14 5 21
5107 5091 20
5091 5090 20
5090 5074 20
5074 5059 20
5059 5043 20
5043 5028 20
5028 5013 20
5013 4997 20
4997 4982 20
4982 4979 20
4979 4964 20
4964 4949 20
4949 4934 20
4934 4919 20
4919 4903 20
4903 4901 20
4901 4884 20
4884 4867 20
4867 4850 20
5108 5107 19
4851 4868 18
4868 4885 18
4885 4902 18
4902 4904 18
4904 4920 18
4920 4935 18
4935 4950 18
4950 4965 18
4965 4980 18
4980 4981 18
4981 4996 18
4996 5012 18
5012 5027 18
5027 5042 18
5042 5058 18
5058 5073 18
5073 5075 18
5075 5092 18
5092 5108 18
4802 4818 17
4818 4835 17
4835 4851 17
4767 4786 16
4786 4802 16
4769 4746 15
4746 4767 15
4804 4788 14
4788 4769 14
4853 4837 13
4837 4820 13
4820 4804 13
5160 5146 12
5146 5131 12
5131 5115 12
5115 5098 12
5098 5082 12
5082 5065 12
5065 5049 12
5049 5034 12
5034 5019 12
5019 5002 12
5002 4986 12
4986 4968 12
4968 4953 12
4953 4937 12
4937 4922 12
4922 4906 12
4906 4888 12
4888 4870 12
4870 4853 12
5171 5167 11
5167 5170 11
5170 5169 11
5169 5164 11
5164 5157 11
5157 5155 11
5155 5156 11
5156 5158 11
5158 5159 11
5159 5147 11
5147 5160 11
4875 4892 10
4892 4911 10
4911 4929 10
4929 4945 10
4945 4961 10
4961 4977 10
4977 4991 10
4991 5006 10
5006 5023 10
5023 5039 10
5039 5055 10
5055 5071 10
5071 5089 10
5089 5106 10
5106 5123 10
5123 5139 10
5139 5153 10
5153 5166 10
5166 5171 10
4825 4842 9
4842 4858 9
4858 4875 9
4792 4808 8
4808 4825 8
4750 4773 7
4773 4792 7
4696 4724 6
4724 4750 6
4608 4637 5
4637 4666 5
4666 4696 5
4213 4236 4
4236 4261 4
4261 4285 4
4285 4289 4
4289 4314 4
4314 4341 4
4341 4366 4
4366 4394 4
4394 4419 4
4419 4420 4
4420 4443 4
4443 4471 4
4471 4497 4
4497 4499 4
4499 4525 4
4525 4551 4
4551 4555 4
4555 4581 4
4581 4608 4
4214 4213 3
4607 4580 2
4580 4554 2
4554 4552 2
4552 4527 2
4527 4500 2
4500 4473 2
4473 4470 2
4470 4444 2
4444 4418 2
4418 4393 2
4393 4391 2
4391 4365 2
4365 4340 2
4340 4313 2
4313 4288 2
4288 4287 2
4287 4262 2
4262 4237 2
4237 4214 2
7 17 1
17 40 1
40 60 1
60 83 1
83 108 1
108 132 1
132 156 1
156 182 1
182 207 1
207 230 1
230 248 1
248 270 1
270 289 1
289 311 1
311 334 1
334 357 1
357 379 1
379 391 1
391 412 1
412 434 1
434 456 1
456 478 1
478 499 1
499 521 1
521 546 1
546 567 1
567 579 1
579 601 1
601 624 1
624 645 1
645 665 1
665 668 1
668 691 1
691 713 1
713 734 1
734 735 1
735 757 1
757 779 1
779 801 1
801 822 1
822 844 1
844 867 1
867 890 1
890 914 1
914 935 1
935 946 1
946 968 1
968 990 1
990 1010 1
1010 1031 1
1031 1051 1
1051 1073 1
1073 1095 1
1095 1118 1
1118 1139 1
1139 1161 1
1161 1184 1
1184 1208 1
1208 1232 1
1232 1234 1
1234 1258 1
1258 1280 1
1280 1304 1
1304 1320 1
1320 1340 1
1340 1362 1
1362 1384 1
1384 1397 1
1397 1419 1
1419 1440 1
1440 1462 1
1462 1482 1
1482 1505 1
1505 1528 1
1528 1549 1
1549 1571 1
1571 1591 1
1591 1614 1
1614 1636 1
1636 1660 1
1660 1683 1
1683 1705 1
1705 1725 1
1725 1746 1
1746 1767 1
1767 1787 1
1787 1807 1
1807 1822 1
1822 1843 1
1843 1864 1
1864 1886 1
1886 1907 1
1907 1913 1
1913 1936 1
1936 1960 1
1960 1982 1
1982 2005 1
2005 2026 1
2026 2049 1
2049 2072 1
2072 2095 1
2095 2117 1
2117 2139 1
2139 2141 1
2141 2163 1
2163 2185 1
2185 2204 1
2204 2205 1
2205 2229 1
2229 2249 1
2249 2265 1
2265 2289 1
2289 2312 1
2312 2337 1
2337 2359 1
2359 2382 1
2382 2403 1
2403 2426 1
2426 2449 1
2449 2471 1
2471 2491 1
2491 2512 1
2512 2515 1
2515 2534 1
2534 2556 1
2556 2578 1
2578 2601 1
2601 2622 1
2622 2644 1
2644 2666 1
2666 2688 1
2688 2711 1
2711 2734 1
2734 2756 1
2756 2757 1
2757 2780 1
2780 2803 1
2803 2826 1
2826 2848 1
2848 2872 1
2872 2894 1
2894 2917 1
2917 2940 1
2940 2964 1
2964 2986 1
2986 3009 1
3009 3021 1
3021 3042 1
3042 3066 1
3066 3090 1
3090 3112 1
3112 3132 1
3132 3152 1
3152 3174 1
3174 3195 1
3195 3217 1
3217 3240 1
3240 3260 1
3260 3282 1
3282 3301 1
3301 3323 1
3323 3345 1
3345 3347 1
3347 3370 1
3370 3392 1
3392 3415 1
3415 3438 1
3438 3460 1
3460 3481 1
3481 3485 1
3485 3508 1
3508 3530 1
3530 3554 1
3554 3576 1
3576 3598 1
3598 3606 1
3606 3630 1
3630 3650 1
3650 3672 1
3672 3697 1
3697 3721 1
3721 3742 1
3742 3763 1
3763 3785 1
3785 3808 1
3808 3811 1
3811 3832 1
3832 3834 1
3834 3856 1
3856 3878 1
3878 3903 1
3903 3926 1
3926 3953 1
3953 3977 1
3977 4000 1
4000 4023 1
4023 4046 1
4046 4069 1
4069 4091 1
4091 4111 1
4111 4124 1
4124 4146 1
4146 4167 1
4167 4190 1
4190 4215 1
4215 4238 1
4238 4263 1
4263 4290 1
4290 4315 1
4315 4342 1
4342 4367 1
4367 4397 1
4397 4421 1
4421 4446 1
4446 4474 1
4474 4501 1
4501 4529 1
4529 4556 1
4556 4583 1
4583 4610 1
4610 4640 1
4640 4641 1
4641 4670 1
4670 4694 1
4694 4693 1
4693 4692 1
4692 4667 1
4667 4664 1
4664 4635 1
4635 4636 1
4636 4607 1

Triangles
9708
5 6 14 0
10 9 1 0
9 27 14 0
1 9 6 0
10 28 9 0
2 10 1 0
53 52 28 0
2 11 10 0
27 33 14 0
6 9 14 0
72 73 95 0
51 72 56 0
51 52 72 0
28 52 51 0
9 28 27 0
10 29 28 0
74 97 73 0
53 74 52 0
75 98 97 0
53 75 74 0
53 54 75 0
51 33 27 0
28 51 27 0
52 73 72 0
30 11 12 0
31 12 13 0
33 51 56 0
8 26 13 0
54 76 75 0
50 71 70 0
13 26 32 0
45 66 49 0
29 53 28 0
11 29 10 0
30 53 29 0
11 30 29 0
3 11 2 0
3 12 11 0
31 55 54 0
12 31 30 0
4 12 3 0
13 32 31 0
4 13 12 0
4 8 13 0
55 77 76 0
32 55 31 0
50 70 55 0
32 50 55 0
32 49 50 0
70 93 77 0
55 70 77 0
71 93 70 0
46 67 66 0
22 46 45 0
22 25 46 0
48 24 47 0
68 48 47 0
67 46 48 0
167 168 192 0
141 167 149 0
141 142 167 0
99 123 101 0
77 99 76 0
77 100 99 0
142 166 168 0
219 242 240 0
195 219 217 0
219 198 221 0
217 240 239 0
193 217 194 0
144 170 169 0
144 125 148 0
219 240 217 0
21 45 26 0
120 96 97 0
45 21 22 0
48 46 25 0
75 76 98 0
30 54 53 0
30 31 54 0
26 49 32 0
21 26 8 0
45 49 26 0
55 76 54 0
49 71 50 0
143 144 169 0
121 143 142 0
141 121 142 0
119 96 121 0
122 144 143 0
98 101 122 0
74 75 97 0
76 99 98 0
101 125 122 0
93 100 77 0
123 100 124 0
99 100 123 0
241 220 218 0
110 134 111 0
235 256 257 0
188 171 164 0
220 196 218 0
198 195 173 0
197 198 173 0
197 221 198 0
172 197 173 0
221 242 219 0
220 221 197 0
220 243 221 0
243 220 241 0
195 217 193 0
234 256 235 0
257 256 277 0
284 263 278 0
241 235 257 0
278 257 277 0
146 172 173 0
164 145 139 0
147 173 148 0
171 172 145 0
171 196 172 0
234 213 236 0
218 234 235 0
218 212 234 0
188 189 212 0
188 165 185 0
139 140 164 0
137 114 133 0
138 137 161 0
138 114 137 0
140 118 138 0
164 140 163 0
139 118 140 0
157 133 158 0
183 157 158 0
161 137 157 0
116 114 138 0
116 109 114 0
185 189 188 0
210 213 189 0
185 210 189 0
209 232 210 0
196 220 197 0
117 93 94 0
118 117 94 0
115 118 94 0
138 161 140 0
124 145 146 0
236 258 256 0
88 112 113 0
279 299 302 0
236 255 258 0
298 290 313 0
215 238 222 0
192 215 199 0
191 214 215 0
215 214 238 0
168 191 192 0
174 167 192 0
166 169 190 0
168 166 190 0
142 143 166 0
216 217 239 0
237 216 239 0
194 217 216 0
214 194 216 0
238 214 237 0
191 190 214 0
190 193 194 0
168 190 191 0
169 193 190 0
261 283 281 0
388 365 383 0
410 388 387 0
389 366 388 0
398 421 399 0
411 398 390 0
419 422 421 0
345 349 325 0
388 366 365 0
367 349 366 0
375 399 396 0
411 419 398 0
444 446 464 0
422 444 443 0
422 441 444 0
398 419 421 0
441 446 444 0
419 441 422 0
442 455 463 0
419 442 441 0
419 433 442 0
348 350 326 0
325 348 324 0
371 350 348 0
390 375 367 0
372 350 371 0
396 372 371 0
396 397 372 0
265 243 264 0
285 265 264 0
262 242 265 0
366 345 344 0
259 280 267 0
306 304 283 0
304 287 280 0
101 98 99 0
125 101 123 0
145 124 139 0
144 122 125 0
122 97 98 0
120 97 122 0
143 120 122 0
95 102 78 0
143 121 120 0
121 141 119 0
73 52 74 0
96 73 97 0
121 96 120 0
95 73 96 0
102 95 119 0
78 72 95 0
78 56 72 0
66 71 49 0
46 66 45 0
67 90 89 0
24 48 25 0
68 62 85 0
48 68 69 0
47 62 68 0
23 47 24 0
139 117 118 0
96 119 95 0
166 143 169 0
167 142 168 0
126 141 149 0
126 119 141 0
126 102 119 0
42 23 19 0
92 69 68 0
115 91 116 0
90 67 69 0
115 90 91 0
115 94 89 0
274 273 252 0
270 274 252 0
293 296 274 0
316 337 314 0
317 340 316 0
333 339 315 0
343 361 339 0
343 364 361 0
272 251 273 0
294 272 295 0
271 249 250 0
240 242 262 0
190 194 214 0
261 239 240 0
261 259 239 0
260 261 240 0
262 260 240 0
283 261 260 0
281 280 259 0
216 237 214 0
174 192 199 0
174 149 167 0
337 336 314 0
269 271 291 0
269 249 271 0
200 201 176 0
225 201 224 0
247 231 225 0
187 183 208 0
136 134 113 0
135 136 113 0
159 160 136 0
151 159 135 0
184 160 159 0
201 202 177 0
160 158 136 0
183 160 184 0
133 109 111 0
158 133 134 0
157 183 162 0
183 158 160 0
163 165 188 0
162 186 161 0
157 162 161 0
183 187 162 0
162 187 186 0
177 202 184 0
163 188 164 0
187 209 186 0
186 209 210 0
176 201 177 0
290 268 269 0
254 255 236 0
226 203 206 0
249 227 250 0
204 180 178 0
227 205 226 0
227 223 205 0
293 270 289 0
296 293 315 0
339 317 315 0
273 251 252 0
295 273 296 0
295 272 273 0
296 273 274 0
498 475 476 0
518 497 519 0
477 475 498 0
414 400 392 0
397 415 392 0
423 400 414 0
458 445 436 0
424 400 423 0
433 411 432 0
455 433 453 0
455 442 433 0
300 301 278 0
258 279 277 0
320 301 300 0
322 320 302 0
299 319 302 0
344 365 366 0
342 344 322 0
362 365 344 0
345 321 320 0
389 367 366 0
321 301 320 0
324 321 325 0
324 303 321 0
352 351 373 0
327 352 331 0
329 351 352 0
372 373 350 0
352 354 331 0
397 374 373 0
392 376 374 0
307 284 303 0
472 450 471 0
432 454 453 0
410 428 431 0
432 410 431 0
433 432 453 0
411 389 409 0
406 403 426 0
428 406 426 0
387 383 406 0
362 383 365 0
363 341 358 0
384 363 380 0
384 362 363 0
192 191 215 0
311 293 289 0
335 334 357 0
356 335 357 0
377 356 378 0
355 333 356 0
377 355 356 0
401 377 378 0
401 386 377 0
333 315 312 0
343 333 355 0
343 339 333 0
312 334 335 0
293 311 312 0
335 356 333 0
379 378 357 0
377 386 364 0
327 304 306 0
328 352 327 0
329 328 306 0
329 352 328 0
331 310 327 0
309 288 308 0
288 287 310 0
244 245 266 0
215 222 199 0
259 245 238 0
239 259 237 0
261 281 259 0
244 222 238 0
245 244 238 0
237 259 238 0
267 266 245 0
541 520 539 0
353 354 376 0
347 353 369 0
368 347 370 0
330 353 347 0
332 310 331 0
330 332 353 0
330 310 332 0
266 267 286 0
283 262 282 0
404 405 426 0
382 404 381 0
385 405 404 0
430 407 408 0
429 427 407 0
430 429 407 0
425 430 408 0
425 447 430 0
451 470 448 0
308 310 330 0
309 308 330 0
288 310 308 0
267 288 286 0
287 304 310 0
267 287 288 0
280 281 304 0
267 280 287 0
267 245 259 0
391 402 379 0
364 382 361 0
364 386 382 0
355 364 343 0
355 377 364 0
408 407 385 0
430 452 451 0
402 425 401 0
413 435 425 0
385 404 382 0
408 385 386 0
405 427 426 0
407 405 385 0
407 427 405 0
451 448 429 0
406 410 387 0
406 428 410 0
404 426 403 0
427 449 426 0
450 472 454 0
449 450 428 0
449 471 450 0
342 362 344 0
302 319 322 0
341 363 342 0
276 275 298 0
358 380 363 0
319 318 341 0
385 382 386 0
380 381 403 0
380 360 381 0
384 380 403 0
406 384 403 0
362 342 363 0
359 337 338 0
360 359 338 0
358 337 359 0
338 340 361 0
360 338 361 0
360 380 359 0
386 401 408 0
312 335 333 0
428 426 449 0
383 384 406 0
388 383 387 0
362 384 383 0
381 404 403 0
402 378 379 0
413 402 391 0
401 378 402 0
330 347 346 0
309 330 323 0
328 327 306 0
353 332 354 0
310 304 327 0
349 348 325 0
397 373 372 0
420 397 396 0
392 374 397 0
329 305 307 0
351 329 326 0
373 351 350 0
373 374 352 0
306 305 329 0
281 283 304 0
329 307 326 0
283 282 306 0
326 324 348 0
351 326 350 0
307 324 326 0
285 307 305 0
285 284 307 0
294 291 271 0
341 336 358 0
294 271 272 0
316 294 295 0
316 314 294 0
313 291 292 0
313 290 291 0
318 313 336 0
341 318 336 0
299 276 297 0
298 275 290 0
318 298 313 0
297 276 298 0
318 297 298 0
318 299 297 0
275 268 290 0
290 269 291 0
314 336 313 0
317 339 340 0
295 317 316 0
296 315 317 0
337 358 336 0
316 340 337 0
292 294 314 0
313 292 314 0
291 294 292 0
295 296 317 0
360 382 381 0
360 361 382 0
358 359 380 0
337 340 338 0
340 339 361 0
378 356 357 0
293 312 315 0
311 334 312 0
543 542 519 0
544 543 520 0
565 564 543 0
557 554 576 0
598 578 577 0
578 556 557 0
485 489 467 0
497 508 486 0
498 497 477 0
518 508 497 0
518 530 508 0
557 534 554 0
488 502 480 0
465 488 480 0
533 556 532 0
467 464 446 0
463 467 446 0
489 509 487 0
533 509 511 0
433 419 411 0
508 485 486 0
446 441 463 0
485 467 463 0
486 485 463 0
477 486 463 0
477 497 486 0
508 489 485 0
464 443 444 0
502 510 524 0
503 502 524 0
488 510 502 0
464 487 466 0
509 510 488 0
511 509 489 0
533 510 509 0
458 436 443 0
516 494 493 0
455 475 477 0
453 476 475 0
454 476 453 0
474 470 473 0
492 474 496 0
492 470 474 0
439 438 461 0
440 439 462 0
440 417 439 0
423 445 424 0
445 465 461 0
424 445 438 0
458 466 445 0
413 391 412 0
288 309 286 0
394 400 417 0
418 394 417 0
395 370 394 0
393 395 418 0
369 376 394 0
370 369 394 0
370 347 369 0
346 347 368 0
346 323 330 0
412 434 413 0
457 435 456 0
478 457 456 0
468 469 452 0
408 401 425 0
425 402 413 0
447 452 430 0
457 447 435 0
468 490 491 0
457 468 447 0
457 479 468 0
416 418 440 0
370 393 368 0
370 395 393 0
541 539 560 0
561 541 560 0
563 544 541 0
573 551 553 0
550 552 571 0
570 550 571 0
526 528 550 0
484 506 482 0
529 527 524 0
528 506 507 0
550 528 552 0
526 506 528 0
504 526 525 0
528 551 552 0
482 506 483 0
460 482 483 0
461 465 484 0
527 529 551 0
416 393 418 0
462 439 461 0
501 500 490 0
499 501 479 0
522 523 501 0
447 468 452 0
479 490 468 0
499 479 478 0
499 521 501 0
513 536 535 0
495 513 512 0
500 523 513 0
416 440 437 0
439 417 424 0
459 440 460 0
418 417 440 0
439 424 438 0
395 394 418 0
400 424 417 0
423 414 415 0
503 480 502 0
484 503 507 0
484 480 503 0
506 484 507 0
482 462 484 0
460 483 481 0
437 440 459 0
462 482 460 0
440 462 460 0
461 484 462 0
522 521 546 0
568 545 546 0
501 490 479 0
523 500 501 0
523 536 513 0
513 491 490 0
501 521 522 0
545 547 522 0
546 545 522 0
568 569 547 0
460 481 459 0
465 480 484 0
504 481 483 0
547 569 559 0
580 581 603 0
562 540 558 0
582 562 583 0
582 560 562 0
559 581 580 0
523 547 536 0
547 545 568 0
536 547 559 0
523 522 547 0
567 568 546 0
569 581 559 0
589 569 568 0
589 612 590 0
579 589 567 0
612 634 610 0
624 602 601 0
646 645 665 0
635 646 647 0
625 645 646 0
607 621 599 0
609 608 632 0
584 606 586 0
563 584 566 0
563 582 584 0
629 648 650 0
632 652 631 0
587 609 607 0
630 651 632 0
608 586 606 0
632 608 630 0
609 586 608 0
631 609 632 0
587 586 609 0
599 585 607 0
608 606 629 0
566 586 587 0
566 584 586 0
629 626 648 0
651 629 650 0
606 626 629 0
571 592 570 0
644 622 623 0
679 657 680 0
679 656 657 0
704 703 680 0
684 661 679 0
661 641 656 0
619 597 596 0
637 636 614 0
618 597 619 0
575 596 597 0
553 555 575 0
527 507 524 0
528 527 551 0
528 507 527 0
524 510 529 0
556 578 555 0
578 598 600 0
639 638 616 0
472 476 454 0
431 450 454 0
432 431 454 0
428 450 431 0
471 492 472 0
448 470 471 0
427 448 449 0
427 429 448 0
472 493 476 0
470 492 471 0
449 448 471 0
451 473 470 0
496 514 492 0
473 496 474 0
452 473 451 0
469 491 473 0
515 520 519 0
498 515 519 0
516 539 515 0
538 540 560 0
495 517 496 0
512 535 517 0
561 582 563 0
541 561 563 0
560 582 561 0
516 514 537 0
580 558 559 0
473 491 495 0
452 469 473 0
429 430 451 0
435 434 456 0
425 435 447 0
413 434 435 0
457 478 479 0
558 535 536 0
583 562 580 0
540 535 558 0
534 533 511 0
531 534 511 0
557 556 534 0
353 376 369 0
376 392 400 0
394 376 400 0
354 374 376 0
332 331 354 0
374 354 352 0
423 436 445 0
397 420 415 0
443 421 422 0
415 420 436 0
423 415 436 0
414 392 415 0
375 371 367 0
399 375 390 0
398 399 390 0
421 420 399 0
396 371 375 0
349 367 371 0
348 349 371 0
345 322 344 0
349 345 366 0
325 321 345 0
438 445 461 0
443 464 458 0
420 443 436 0
420 421 443 0
519 497 498 0
542 518 519 0
508 511 489 0
542 530 518 0
542 554 530 0
390 389 411 0
420 396 399 0
367 389 390 0
409 410 432 0
411 409 432 0
388 410 409 0
389 388 409 0
455 477 463 0
441 442 463 0
453 475 455 0
589 568 567 0
589 579 602 0
505 483 506 0
526 505 506 0
504 483 505 0
504 505 526 0
532 556 555 0
467 487 464 0
507 503 524 0
487 488 466 0
489 487 467 0
509 488 487 0
465 466 488 0
465 445 466 0
530 511 508 0
661 656 679 0
683 661 684 0
572 594 571 0
551 573 552 0
573 595 594 0
552 573 572 0
591 595 573 0
575 591 573 0
575 597 591 0
466 458 464 0
620 621 642 0
600 620 622 0
598 621 620 0
667 646 665 0
689 667 665 0
689 690 667 0
602 579 601 0
571 594 593 0
549 550 570 0
613 596 600 0
595 597 618 0
617 595 618 0
594 572 573 0
574 555 578 0
575 574 596 0
575 555 574 0
595 591 597 0
548 529 532 0
573 553 575 0
551 529 553 0
548 555 553 0
529 548 553 0
532 555 548 0
510 532 529 0
510 533 532 0
574 578 596 0
491 469 468 0
500 513 490 0
495 496 473 0
513 495 491 0
512 517 495 0
549 525 526 0
655 634 635 0
550 549 526 0
616 638 615 0
592 593 615 0
683 682 659 0
661 683 660 0
684 705 706 0
689 665 668 0
659 638 660 0
667 690 666 0
692 689 668 0
692 711 689 0
689 711 690 0
713 692 691 0
713 734 738 0
659 660 683 0
692 668 691 0
682 683 706 0
712 737 711 0
758 738 734 0
760 783 759 0
758 761 738 0
758 782 761 0
781 757 779 0
783 782 805 0
780 757 781 0
625 602 624 0
645 625 624 0
635 634 612 0
646 635 625 0
647 655 635 0
655 654 633 0
666 655 647 0
675 698 676 0
655 675 654 0
677 698 675 0
666 677 655 0
666 690 677 0
711 722 700 0
715 741 716 0
744 745 723 0
767 790 786 0
746 767 763 0
723 746 740 0
745 767 746 0
723 745 746 0
714 723 740 0
714 721 723 0
744 766 745 0
745 765 767 0
649 648 627 0
706 702 682 0
684 706 683 0
705 730 706 0
706 728 702 0
679 703 684 0
773 772 751 0
750 773 751 0
730 750 751 0
730 752 750 0
774 796 773 0
771 748 754 0
773 752 774 0
729 705 703 0
657 658 678 0
664 643 663 0
664 658 644 0
687 688 663 0
678 680 657 0
681 678 658 0
681 680 678 0
663 688 664 0
701 704 681 0
657 636 637 0
641 618 619 0
656 641 657 0
640 639 617 0
641 640 617 0
661 660 640 0
598 599 621 0
600 598 620 0
613 600 622 0
614 613 622 0
614 596 613 0
596 578 600 0
578 557 577 0
593 616 615 0
571 593 592 0
594 616 593 0
552 572 571 0
595 617 594 0
636 657 641 0
619 636 641 0
619 614 636 0
596 614 619 0
622 644 637 0
617 616 594 0
641 617 618 0
641 661 640 0
556 533 534 0
651 653 632 0
629 651 630 0
672 653 651 0
695 672 671 0
694 695 671 0
716 717 695 0
673 653 672 0
696 673 672 0
696 674 673 0
686 696 697 0
674 653 673 0
662 652 674 0
623 620 642 0
644 623 643 0
664 644 643 0
637 614 622 0
658 637 644 0
658 657 637 0
622 620 623 0
621 607 631 0
631 607 609 0
642 631 652 0
642 621 631 0
643 623 642 0
564 554 542 0
543 564 542 0
585 576 564 0
587 585 565 0
576 554 564 0
599 576 585 0
577 557 576 0
599 577 576 0
599 598 577 0
739 719 743 0
707 687 685 0
707 709 687 0
756 753 739 0
747 755 733 0
753 747 731 0
739 753 731 0
719 739 731 0
707 708 731 0
720 743 719 0
708 720 719 0
697 718 720 0
743 762 739 0
775 768 753 0
775 791 768 0
710 724 701 0
754 733 755 0
732 724 710 0
685 674 686 0
707 685 686 0
708 707 686 0
731 709 707 0
663 662 685 0
590 612 588 0
602 612 589 0
602 625 612 0
604 605 627 0
606 604 626 0
584 582 604 0
588 603 581 0
590 588 581 0
610 611 588 0
588 612 610 0
569 590 581 0
569 589 590 0
634 633 611 0
611 627 603 0
588 611 603 0
610 634 611 0
625 635 612 0
633 649 628 0
655 633 634 0
654 649 633 0
699 698 721 0
715 693 699 0
741 715 740 0
716 693 715 0
676 698 699 0
693 676 699 0
714 715 699 0
716 695 694 0
670 654 675 0
628 611 633 0
627 628 649 0
627 611 628 0
677 690 700 0
700 690 711 0
721 700 722 0
698 677 700 0
646 667 647 0
647 667 666 0
722 736 744 0
698 700 721 0
711 737 722 0
648 626 627 0
670 669 649 0
653 674 652 0
650 671 651 0
696 695 717 0
605 604 583 0
629 630 608 0
669 650 648 0
671 672 651 0
583 580 603 0
605 583 603 0
627 605 603 0
627 626 604 0
562 560 540 0
606 584 604 0
587 565 566 0
604 582 583 0
544 563 566 0
544 520 541 0
531 554 534 0
530 531 511 0
530 554 531 0
520 543 519 0
565 585 564 0
566 565 544 0
587 607 585 0
494 516 515 0
492 493 472 0
492 514 493 0
514 516 493 0
517 514 496 0
538 560 537 0
539 520 515 0
565 543 544 0
494 498 476 0
493 494 476 0
515 498 494 0
535 512 513 0
559 558 536 0
540 517 535 0
580 562 558 0
537 539 516 0
538 537 514 0
517 538 514 0
517 540 538 0
560 539 537 0
805 803 783 0
827 829 804 0
825 847 824 0
850 829 827 0
828 803 805 0
850 828 829 0
850 849 828 0
729 752 730 0
705 729 730 0
726 724 732 0
729 726 748 0
704 701 726 0
681 704 680 0
729 704 726 0
701 724 726 0
701 688 710 0
780 782 758 0
757 780 758 0
781 804 780 0
802 781 779 0
802 824 804 0
828 805 829 0
758 735 757 0
783 761 782 0
760 759 737 0
802 801 822 0
804 782 780 0
802 804 781 0
829 805 804 0
779 801 802 0
751 772 749 0
706 730 727 0
750 752 773 0
727 730 751 0
728 727 751 0
728 706 727 0
703 679 680 0
729 703 704 0
705 684 703 0
804 824 827 0
838 837 859 0
882 860 859 0
835 813 816 0
792 793 812 0
816 837 838 0
771 770 795 0
860 838 859 0
857 860 880 0
857 838 860 0
856 857 879 0
835 838 857 0
812 835 834 0
814 796 794 0
835 816 838 0
813 796 816 0
815 836 837 0
774 771 795 0
799 819 818 0
881 862 887 0
793 813 812 0
796 793 772 0
796 813 793 0
773 796 772 0
814 837 816 0
796 814 816 0
794 795 814 0
732 748 726 0
639 616 617 0
660 639 640 0
660 638 639 0
677 675 655 0
714 699 721 0
744 723 721 0
740 715 714 0
676 670 675 0
693 694 676 0
669 648 649 0
676 694 670 0
671 650 669 0
760 738 761 0
783 760 761 0
737 738 760 0
736 737 759 0
712 713 738 0
737 712 738 0
692 713 712 0
788 790 767 0
759 783 766 0
789 809 788 0
778 775 756 0
806 820 800 0
787 806 784 0
808 831 830 0
787 808 806 0
787 807 808 0
797 775 778 0
817 797 800 0
817 811 797 0
695 696 672 0
741 717 716 0
697 696 717 0
710 725 733 0
662 643 642 0
652 662 642 0
674 685 662 0
681 658 664 0
653 652 632 0
686 674 696 0
708 686 697 0
720 708 697 0
719 731 708 0
687 663 685 0
663 643 662 0
733 754 732 0
725 731 747 0
733 725 747 0
709 731 725 0
756 775 753 0
762 756 739 0
778 800 797 0
762 778 756 0
784 800 778 0
817 833 811 0
777 776 755 0
811 799 791 0
797 811 791 0
833 819 811 0
818 836 815 0
798 818 815 0
795 798 815 0
799 818 798 0
819 840 818 0
815 837 814 0
840 836 818 0
900 887 908 0
880 882 904 0
886 863 883 0
905 886 883 0
910 887 886 0
858 862 881 0
841 819 833 0
862 841 863 0
840 819 841 0
833 855 841 0
904 921 924 0
904 908 921 0
880 904 903 0
882 881 904 0
909 928 929 0
776 754 755 0
798 776 799 0
795 794 774 0
798 795 776 0
815 814 795 0
769 772 792 0
751 749 728 0
794 796 774 0
769 749 772 0
823 802 822 0
846 845 825 0
844 846 822 0
844 867 846 0
772 793 792 0
812 813 835 0
867 869 846 0
923 924 945 0
901 923 922 0
903 924 923 0
878 879 901 0
859 837 836 0
882 859 858 0
900 904 881 0
887 900 881 0
908 904 900 0
880 860 882 0
880 879 857 0
856 834 857 0
859 836 858 0
855 839 861 0
863 855 877 0
833 839 855 0
799 811 819 0
817 839 833 0
710 733 732 0
709 710 688 0
709 725 710 0
748 752 729 0
754 748 732 0
771 752 748 0
770 771 754 0
776 770 754 0
776 795 770 0
774 752 771 0
688 681 664 0
709 688 687 0
701 681 688 0
847 850 827 0
872 850 848 0
872 849 850 0
852 853 874 0
866 851 874 0
830 806 808 0
810 831 807 0
809 810 790 0
832 831 810 0
851 842 830 0
852 851 830 0
866 864 851 0
873 866 874 0
896 873 874 0
896 889 873 0
864 842 851 0
888 864 866 0
888 865 864 0
718 742 720 0
740 763 741 0
764 743 742 0
808 807 831 0
762 785 784 0
785 807 787 0
763 786 764 0
790 807 786 0
720 742 743 0
717 718 697 0
717 741 718 0
694 671 669 0
670 694 669 0
693 716 694 0
742 718 741 0
670 649 654 0
762 784 778 0
764 762 743 0
785 787 784 0
764 785 762 0
764 786 785 0
763 767 786 0
742 763 764 0
740 746 763 0
806 830 820 0
785 786 807 0
810 809 832 0
742 741 763 0
832 809 826 0
852 832 853 0
810 807 790 0
852 831 832 0
852 830 831 0
788 809 790 0
803 828 809 0
789 803 809 0
766 789 788 0
765 766 788 0
767 765 788 0
745 766 765 0
744 759 766 0
783 803 789 0
766 783 789 0
736 759 744 0
721 722 744 0
711 692 712 0
736 722 737 0
734 735 758 0
832 849 853 0
768 755 747 0
753 768 747 0
791 777 768 0
797 791 775 0
777 755 768 0
799 777 791 0
799 776 777 0
826 809 828 0
849 826 828 0
849 832 826 0
893 869 890 0
868 845 846 0
892 868 869 0
876 899 875 0
892 891 868 0
892 915 891 0
895 872 871 0
899 897 875 0
894 874 870 0
897 917 895 0
875 897 895 0
919 939 917 0
896 874 894 0
847 827 824 0
845 847 825 0
848 850 847 0
871 848 847 0
871 872 848 0
823 822 846 0
825 823 846 0
825 824 823 0
854 847 845 0
824 802 823 0
834 835 857 0
879 878 856 0
903 879 880 0
902 923 901 0
903 902 879 0
903 923 902 0
914 893 890 0
935 946 958 0
879 902 901 0
958 934 935 0
913 893 914 0
935 934 914 0
934 916 913 0
936 959 937 0
916 892 893 0
937 916 936 0
915 892 916 0
939 918 917 0
891 876 868 0
919 897 899 0
915 937 920 0
917 918 896 0
895 917 894 0
897 919 917 0
854 845 868 0
871 854 875 0
871 847 854 0
869 867 890 0
892 869 893 0
868 846 869 0
987 986 1007 0
945 922 923 0
930 909 910 0
981 980 958 0
990 981 968 0
1002 1001 981 0
885 861 884 0
958 946 968 0
957 958 980 0
934 913 914 0
936 934 958 0
936 916 934 0
945 967 944 0
922 945 944 0
942 921 929 0
965 942 964 0
943 921 942 0
945 943 965 0
924 921 943 0
967 966 944 0
990 1002 981 0
961 960 940 0
898 915 920 0
876 854 868 0
899 876 891 0
875 854 876 0
893 913 916 0
963 984 985 0
962 963 985 0
983 962 985 0
961 963 962 0
941 937 959 0
916 937 915 0
959 980 982 0
959 957 980 0
963 959 982 0
963 941 959 0
936 958 957 0
968 981 958 0
1021 1010 1031 0
1022 1021 1044 0
1002 1010 1021 0
1010 1002 990 0
1032 1031 1052 0
969 972 991 0
995 973 991 0
947 950 969 0
932 931 912 0
978 979 999 0
998 978 999 0
998 977 978 0
971 977 992 0
971 955 977 0
1013 1011 1036 0
994 1013 1014 0
993 992 1013 0
1013 992 1011 0
972 993 994 0
991 972 994 0
950 948 970 0
949 931 955 0
970 949 971 0
948 931 949 0
970 948 949 0
993 970 971 0
993 972 970 0
950 927 948 0
977 955 956 0
993 971 992 0
970 972 950 0
933 955 932 0
911 918 932 0
912 911 932 0
889 896 911 0
938 960 956 0
939 938 933 0
939 960 938 0
977 979 978 0
951 974 964 0
942 951 964 0
929 954 951 0
975 997 976 0
975 973 995 0
953 975 976 0
953 973 975 0
991 1012 995 0
1040 1016 1017 0
1054 1034 1053 0
1100 1122 1099 0
1050 1072 1049 0
1029 1050 1030 0
1048 1070 1050 0
1030 1049 1028 0
1006 1026 1029 0
1072 1093 1071 0
1049 1072 1071 0
1048 1054 1070 0
1029 1048 1050 0
1009 1027 1030 0
1026 1034 1029 0
1070 1076 1072 0
1050 1070 1072 0
1054 1078 1076 0
996 974 976 0
1017 1016 997 0
1006 986 996 0
1034 1054 1048 0
1016 1034 1026 0
1033 1053 1034 0
1009 1008 988 0
1027 1009 1007 0
1029 1027 1007 0
1029 1030 1027 0
1030 1008 1009 0
904 924 903 0
929 921 908 0
929 951 942 0
986 964 974 0
996 986 974 0
1006 1007 986 0
943 945 924 0
987 965 964 0
967 945 965 0
782 804 805 0
820 842 821 0
873 889 866 0
821 817 800 0
864 865 843 0
839 817 821 0
843 839 821 0
842 843 821 0
865 861 843 0
855 863 841 0
906 888 912 0
839 843 861 0
843 842 864 0
820 830 842 0
800 820 821 0
800 784 806 0
851 852 874 0
872 895 894 0
889 911 912 0
895 871 875 0
870 872 894 0
853 870 874 0
853 872 870 0
853 849 872 0
918 933 932 0
894 917 896 0
939 933 918 0
989 987 1007 0
988 989 1009 0
967 987 989 0
966 967 988 0
841 862 840 0
883 863 877 0
887 862 863 0
886 887 863 0
925 910 905 0
909 887 910 0
909 908 887 0
928 909 930 0
954 928 930 0
954 929 928 0
953 954 930 0
943 942 965 0
909 929 908 0
952 976 974 0
954 952 951 0
954 976 952 0
858 881 882 0
840 858 836 0
840 862 858 0
947 953 930 0
925 947 930 0
910 925 930 0
905 907 925 0
950 972 969 0
931 948 926 0
969 953 947 0
1012 991 994 0
997 1015 1017 0
973 953 969 0
991 973 969 0
995 997 975 0
996 976 997 0
954 953 976 0
926 907 906 0
955 971 949 0
907 905 885 0
948 927 926 0
927 947 925 0
926 927 907 0
950 947 927 0
931 932 955 0
926 912 931 0
885 906 907 0
883 885 905 0
910 886 905 0
877 861 883 0
861 865 884 0
883 861 885 0
877 855 861 0
884 888 906 0
885 884 906 0
865 888 884 0
911 896 918 0
888 889 912 0
888 866 889 0
1001 980 981 0
1021 1022 1002 0
982 984 963 0
1001 982 980 0
1003 1000 982 0
1022 1023 1003 0
1002 1022 1001 0
1044 1023 1022 0
1000 984 982 0
1020 1000 1003 0
1020 1005 1000 0
1025 1024 1005 0
1043 1047 1025 0
1047 1068 1046 0
961 983 960 0
940 920 941 0
939 940 960 0
919 920 940 0
941 963 961 0
940 941 961 0
899 920 919 0
898 891 915 0
899 898 920 0
899 891 898 0
959 936 957 0
1026 1006 1016 0
1033 1034 1016 0
1034 1048 1029 0
988 967 989 0
987 964 986 0
1009 989 1007 0
967 965 987 0
1008 1030 1028 0
1032 1044 1021 0
1031 1032 1021 0
1052 1044 1032 0
1074 1052 1051 0
1074 1075 1052 0
1137 1136 1159 0
1157 1137 1159 0
1179 1157 1159 0
1179 1156 1157 0
1155 1135 1137 0
985 984 1005 0
1004 985 1005 0
1004 983 985 0
979 983 999 0
998 992 977 0
1019 998 999 0
1011 992 998 0
979 956 960 0
937 941 920 0
1086 1106 1084 0
1112 1108 1090 0
1127 1106 1108 0
1128 1127 1148 0
1127 1107 1106 0
1103 1085 1107 0
1081 1080 1102 0
1079 1085 1101 0
1079 1084 1085 0
906 912 926 0
1036 1038 1013 0
1104 1102 1124 0
1060 1082 1083 0
1059 1039 1058 0
1006 996 1016 0
1081 1057 1080 0
1081 1058 1057 0
1082 1081 1102 0
1059 1058 1081 0
1060 1059 1082 0
1040 1017 1039 0
1060 1040 1059 0
1060 1053 1040 0
1037 1012 1014 0
1039 1037 1058 0
1039 1015 1037 0
997 995 1015 0
1037 1014 1038 0
1038 1057 1058 0
1037 1038 1058 0
1014 1013 1038 0
993 1013 994 0
1036 1057 1038 0
1036 1056 1057 0
1061 1063 1086 0
1079 1061 1084 0
1055 1063 1061 0
1056 1055 1079 0
1080 1056 1079 0
1036 1035 1056 0
1036 1011 1035 0
1063 1042 1041 0
1086 1063 1062 0
1055 1042 1063 0
1018 999 1004 0
1046 1041 1024 0
1019 1011 998 0
1018 1019 999 0
1042 1055 1035 0
1041 1042 1018 0
1035 1011 1019 0
1042 1035 1019 0
1055 1056 1035 0
1018 1042 1019 0
1080 1057 1056 0
1101 1080 1079 0
1101 1102 1080 0
996 997 1016 0
951 952 974 0
1015 1012 1037 0
1017 1015 1039 0
995 1012 1015 0
1014 1012 994 0
1059 1081 1082 0
925 907 927 0
940 939 919 0
979 960 983 0
956 955 933 0
938 956 933 0
979 977 956 0
1005 1020 1025 0
1000 1005 984 0
982 1001 1003 0
1047 1069 1068 0
1020 1043 1025 0
1064 1069 1047 0
1084 1106 1085 0
1055 1061 1079 0
1086 1090 1108 0
1061 1086 1084 0
1062 1067 1086 0
1041 1062 1063 0
1024 1041 1018 0
1046 1062 1041 0
1025 1046 1024 0
1025 1047 1046 0
1129 1112 1133 0
1127 1129 1148 0
1108 1112 1129 0
1068 1089 1090 0
1046 1068 1062 0
1069 1089 1068 0
1091 1087 1109 0
1091 1109 1113 0
1066 1065 1088 0
1043 1045 1064 0
1047 1043 1064 0
1020 1023 1043 0
1044 1065 1066 0
1088 1110 1109 0
1086 1108 1106 0
1067 1090 1086 0
1068 1067 1062 0
1068 1090 1067 0
1089 1112 1090 0
1134 1132 1154 0
1112 1134 1133 0
1113 1132 1134 0
1091 1113 1111 0
1069 1091 1089 0
1069 1087 1091 0
1130 1132 1113 0
1064 1087 1069 0
1151 1174 1154 0
1153 1151 1132 0
1153 1174 1151 0
1131 1153 1130 0
1131 1152 1153 0
1169 1192 1170 0
1167 1145 1147 0
1190 1167 1170 0
1168 1145 1167 0
1148 1149 1171 0
1133 1149 1129 0
1111 1113 1134 0
1112 1111 1134 0
1089 1091 1111 0
1150 1149 1133 0
1216 1196 1218 0
1239 1216 1219 0
1193 1196 1216 0
1172 1196 1193 0
1149 1172 1171 0
1149 1150 1172 0
1194 1177 1197 0
1195 1194 1217 0
1218 1195 1217 0
1196 1194 1195 0
1173 1177 1194 0
1103 1124 1101 0
1085 1103 1101 0
1125 1124 1103 0
1007 1006 1029 0
1073 1074 1051 0
1215 1192 1193 0
1263 1285 1262 0
1236 1237 1261 0
1240 1264 1263 0
1219 1240 1239 0
1193 1216 1215 0
1218 1241 1219 0
1264 1265 1284 0
1004 1005 1024 0
1104 1082 1102 0
1126 1104 1124 0
1105 1083 1104 0
1144 1143 1123 0
1168 1144 1146 0
1165 1189 1166 0
1168 1165 1144 0
1168 1189 1165 0
1040 1033 1016 0
1039 1059 1040 0
1083 1077 1060 0
1053 1077 1054 0
1040 1053 1033 0
1060 1077 1053 0
962 983 961 0
1018 1004 1024 0
999 983 1004 0
1023 1045 1043 0
1045 1044 1066 0
1064 1045 1066 0
1023 1044 1045 0
1003 1023 1020 0
1003 1001 1022 0
1031 1051 1052 0
1219 1216 1218 0
1171 1193 1192 0
1171 1172 1193 0
1120 1118 1140 0
1097 1120 1119 0
1095 1118 1120 0
1030 1050 1049 0
1109 1110 1130 0
1113 1109 1130 0
1087 1088 1109 0
1096 1120 1097 0
1074 1096 1097 0
1074 1095 1096 0
1118 1139 1140 0
1099 1078 1100 0
1098 1099 1122 0
1098 1078 1099 0
1078 1054 1077 0
1100 1078 1077 0
1094 1093 1076 0
1098 1094 1076 0
1098 1115 1094 0
1136 1116 1122 0
1076 1070 1054 0
1098 1076 1078 0
1093 1072 1076 0
1115 1093 1094 0
1092 1071 1093 0
1140 1119 1120 0
1161 1140 1139 0
1162 1160 1140 0
1151 1154 1132 0
1074 1073 1095 0
1120 1096 1095 0
1131 1110 1119 0
1075 1065 1052 0
1088 1075 1097 0
1088 1065 1075 0
1110 1088 1097 0
1119 1110 1097 0
1131 1130 1110 0
1087 1064 1066 0
1065 1044 1052 0
1097 1075 1074 0
1088 1087 1066 0
1161 1162 1140 0
1115 1117 1135 0
1093 1115 1114 0
1098 1117 1115 0
1092 1093 1114 0
1083 1100 1077 0
1126 1124 1146 0
1141 1121 1123 0
1105 1104 1126 0
1162 1161 1184 0
1208 1207 1185 0
1138 1119 1140 0
1160 1138 1140 0
1160 1163 1152 0
1138 1131 1119 0
1183 1206 1186 0
1163 1183 1186 0
1185 1207 1183 0
1184 1185 1162 0
1184 1208 1185 0
1152 1131 1138 0
1160 1152 1138 0
1163 1175 1152 0
1183 1163 1160 0
1163 1176 1175 0
1256 1232 1234 0
1150 1173 1172 0
1154 1150 1133 0
1154 1173 1150 0
1134 1154 1133 0
1112 1089 1111 0
1130 1153 1132 0
1174 1177 1154 0
1164 1143 1166 0
1164 1141 1143 0
1136 1142 1159 0
1136 1122 1142 0
1121 1100 1105 0
1122 1121 1141 0
1122 1100 1121 0
1164 1180 1181 0
1142 1164 1158 0
1166 1188 1164 0
1144 1165 1143 0
1188 1180 1164 0
1211 1200 1188 0
1190 1211 1189 0
1213 1212 1211 0
1200 1204 1180 0
1204 1203 1180 0
1158 1164 1181 0
1123 1126 1144 0
1141 1123 1143 0
1121 1105 1123 0
1083 1105 1100 0
1083 1082 1104 0
1189 1188 1166 0
1202 1225 1224 0
1182 1205 1202 0
1159 1182 1179 0
1159 1181 1182 0
1228 1252 1250 0
1226 1228 1205 0
1226 1251 1228 0
1227 1226 1204 0
1223 1227 1204 0
1247 1251 1227 0
1251 1269 1273 0
1137 1156 1155 0
1203 1205 1181 0
1178 1156 1179 0
1115 1135 1114 0
1116 1117 1098 0
1122 1116 1098 0
1136 1117 1116 0
1137 1135 1117 0
1141 1142 1122 0
1205 1182 1181 0
1157 1156 1137 0
1198 1187 1210 0
1259 1258 1281 0
1279 1259 1281 0
1256 1258 1259 0
1230 1231 1255 0
1257 1233 1255 0
1206 1207 1231 0
1234 1258 1256 0
1202 1178 1179 0
1177 1174 1199 0
1221 1220 1217 0
1197 1221 1217 0
1194 1197 1217 0
1177 1199 1197 0
1222 1245 1246 0
1173 1154 1177 0
1202 1201 1178 0
1182 1202 1179 0
1205 1225 1202 0
1203 1226 1205 0
1180 1203 1181 0
1204 1226 1203 0
1126 1123 1105 0
1158 1159 1142 0
1141 1164 1142 0
1181 1159 1158 0
1136 1137 1117 0
1292 1269 1291 0
1297 1292 1313 0
1273 1269 1292 0
1252 1273 1274 0
1252 1228 1251 0
1223 1248 1227 0
1260 1235 1236 0
1270 1260 1282 0
1248 1235 1260 0
1247 1248 1270 0
1223 1235 1248 0
1250 1249 1225 0
1294 1274 1296 0
1250 1272 1271 0
1250 1252 1272 0
1201 1202 1224 0
1251 1226 1227 0
1269 1251 1247 0
1273 1252 1251 0
1272 1252 1274 0
1250 1225 1228 0
1191 1214 1213 0
1190 1191 1213 0
1170 1192 1191 0
1263 1238 1239 0
1213 1214 1236 0
1223 1200 1211 0
1190 1168 1167 0
1211 1190 1213 0
1189 1168 1190 0
1191 1192 1214 0
1194 1196 1173 0
1169 1171 1192 0
1169 1148 1171 0
1170 1167 1169 0
1124 1125 1146 0
1144 1126 1146 0
1102 1101 1124 0
1128 1107 1127 0
1127 1108 1129 0
1148 1129 1149 0
1219 1242 1240 0
1354 1350 1332 0
1411 1412 1392 0
1374 1395 1392 0
1416 1433 1411 0
1369 1368 1348 0
1349 1369 1348 0
1350 1349 1348 0
1350 1370 1349 0
1391 1390 1369 0
1410 1390 1409 0
1327 1314 1306 0
1327 1335 1314 0
1347 1327 1328 0
1347 1335 1327 0
1356 1357 1335 0
1375 1377 1356 0
1368 1375 1356 0
1389 1377 1375 0
1355 1360 1339 0
1357 1355 1334 0
1376 1360 1355 0
1336 1314 1335 0
1297 1315 1319 0
1274 1297 1296 0
1313 1315 1297 0
1273 1292 1297 0
1292 1291 1313 0
1274 1273 1297 0
1317 1294 1296 0
1228 1225 1205 0
1247 1227 1248 0
1262 1282 1261 0
1264 1240 1242 0
1285 1264 1284 0
1285 1263 1264 0
1223 1211 1235 0
1204 1200 1223 0
1188 1189 1211 0
1200 1180 1188 0
1214 1192 1215 0
1190 1170 1191 0
1166 1143 1165 0
1145 1125 1128 0
1107 1125 1103 0
1106 1107 1085 0
1128 1125 1107 0
1147 1128 1148 0
1169 1147 1148 0
1169 1167 1147 0
1145 1146 1125 0
1147 1145 1128 0
1168 1146 1145 0
1329 1308 1311 0
1307 1285 1308 0
1263 1262 1261 0
1308 1285 1284 0
1307 1283 1285 0
1328 1307 1308 0
1306 1283 1307 0
1327 1306 1307 0
1314 1293 1306 0
1238 1236 1214 0
1260 1270 1248 0
1283 1282 1262 0
1285 1283 1262 0
1306 1282 1283 0
1293 1270 1282 0
1238 1214 1215 0
1239 1238 1215 0
1216 1239 1215 0
1240 1263 1239 0
1237 1236 1238 0
1263 1237 1238 0
1263 1261 1237 0
1260 1236 1261 0
1212 1213 1236 0
1235 1212 1236 0
1235 1211 1212 0
1264 1242 1265 0
1246 1221 1222 0
1267 1244 1268 0
1267 1243 1244 0
1392 1369 1370 0
1389 1368 1390 0
1410 1389 1390 0
1399 1398 1377 0
1348 1328 1329 0
1356 1347 1368 0
1356 1335 1347 0
1293 1282 1306 0
1315 1293 1314 0
1282 1260 1261 0
1291 1270 1293 0
1313 1291 1293 0
1269 1270 1291 0
1269 1247 1270 0
1329 1332 1350 0
1327 1307 1328 0
1311 1290 1312 0
1284 1289 1308 0
1284 1286 1289 0
1175 1174 1153 0
1152 1175 1153 0
1163 1186 1176 0
1175 1199 1174 0
1162 1183 1160 0
1209 1230 1233 0
1197 1222 1221 0
1256 1259 1279 0
1286 1290 1289 0
1265 1286 1284 0
1265 1287 1286 0
1266 1287 1265 0
1241 1266 1242 0
1219 1241 1242 0
1218 1217 1241 0
1267 1287 1266 0
1287 1309 1286 0
1242 1266 1265 0
1267 1288 1287 0
1288 1268 1275 0
1309 1288 1310 0
1331 1330 1310 0
1290 1286 1309 0
1267 1268 1288 0
1245 1254 1268 0
1229 1245 1222 0
1229 1253 1245 0
1279 1255 1256 0
1302 1279 1301 0
1257 1255 1279 0
1253 1257 1277 0
1253 1229 1233 0
1330 1333 1312 0
1310 1330 1309 0
1331 1351 1330 0
1304 1326 1305 0
1277 1254 1253 0
1322 1343 1323 0
1324 1322 1300 0
1324 1343 1322 0
1301 1324 1302 0
1303 1325 1324 0
1299 1323 1321 0
1275 1276 1298 0
1288 1275 1298 0
1268 1254 1275 0
1300 1322 1299 0
1302 1300 1277 0
1257 1278 1277 0
1301 1303 1324 0
1323 1342 1321 0
1302 1324 1300 0
1344 1364 1365 0
1299 1322 1323 0
1345 1367 1366 0
1185 1183 1162 0
1207 1206 1183 0
1232 1207 1208 0
1231 1256 1255 0
1232 1231 1207 0
1232 1256 1231 0
1198 1222 1199 0
1209 1233 1210 0
1206 1209 1186 0
1206 1230 1209 0
1229 1222 1210 0
1254 1245 1253 0
1176 1199 1175 0
1187 1176 1186 0
1209 1187 1186 0
1209 1210 1187 0
1198 1199 1176 0
1187 1198 1176 0
1210 1222 1198 0
1224 1225 1249 0
1250 1271 1249 0
1313 1293 1315 0
1373 1371 1393 0
1370 1354 1374 0
1333 1351 1353 0
1312 1309 1330 0
1331 1342 1352 0
1379 1401 1378 0
1375 1368 1389 0
1334 1336 1357 0
1369 1349 1370 0
1347 1348 1368 0
1347 1328 1348 0
1441 1426 1446 0
1443 1441 1446 0
1443 1424 1441 0
1423 1424 1444 0
1422 1423 1444 0
1401 1402 1423 0
1420 1399 1421 0
1421 1410 1426 0
1376 1377 1398 0
1389 1410 1399 0
1445 1468 1447 0
1426 1445 1447 0
1432 1434 1454 0
1352 1342 1365 0
1372 1352 1365 0
1351 1331 1352 0
1446 1469 1466 0
1410 1425 1426 0
1468 1489 1467 0
1295 1271 1272 0
1233 1257 1253 0
1210 1233 1229 0
1230 1255 1233 0
1206 1231 1230 0
1278 1302 1277 0
1279 1278 1257 0
1279 1302 1278 0
1281 1301 1279 0
1280 1281 1258 0
1280 1304 1305 0
1324 1345 1343 0
1281 1305 1301 0
1321 1342 1331 0
1310 1321 1331 0
1298 1299 1321 0
1309 1287 1288 0
1276 1300 1299 0
1320 1326 1304 0
1294 1317 1295 0
1272 1294 1295 0
1272 1274 1294 0
1317 1316 1295 0
1318 1317 1296 0
1297 1319 1318 0
1339 1338 1318 0
1318 1338 1317 0
1341 1320 1340 0
1346 1326 1341 0
1324 1325 1345 0
1303 1305 1325 0
1305 1281 1280 0
1325 1305 1326 0
1303 1301 1305 0
1361 1363 1341 0
1340 1361 1341 0
1383 1363 1361 0
1336 1319 1315 0
1376 1355 1357 0
1339 1319 1334 0
1338 1339 1359 0
1337 1338 1359 0
1337 1316 1338 0
1418 1439 1429 0
1419 1418 1406 0
1419 1439 1418 0
1452 1449 1471 0
1493 1472 1471 0
1472 1451 1450 0
1472 1494 1473 0
1483 1493 1471 0
1503 1516 1493 0
1364 1386 1365 0
1366 1364 1344 0
1366 1386 1364 0
1345 1366 1343 0
1387 1386 1366 0
1430 1407 1408 0
1472 1453 1451 0
1448 1427 1430 0
1403 1386 1407 0
1406 1383 1384 0
1397 1406 1384 0
1429 1405 1406 0
1452 1429 1449 0
1450 1431 1428 0
1408 1407 1387 0
1382 1385 1404 0
1431 1430 1408 0
1428 1431 1408 0
1404 1428 1408 0
1387 1388 1408 0
1385 1405 1404 0
1405 1429 1428 0
1451 1453 1431 0
1388 1404 1408 0
1382 1388 1387 0
1382 1404 1388 0
1367 1382 1387 0
1363 1385 1382 0
1346 1363 1367 0
1326 1346 1325 0
1341 1363 1346 0
1382 1367 1363 0
1450 1451 1431 0
1429 1450 1428 0
1429 1452 1450 0
1407 1386 1387 0
1387 1366 1367 0
1317 1338 1316 0
1319 1339 1318 0
1296 1297 1318 0
1336 1335 1357 0
1319 1336 1334 0
1315 1314 1336 0
1379 1378 1358 0
1360 1379 1359 0
1380 1398 1402 0
1360 1380 1379 0
1465 1444 1466 0
1488 1487 1466 0
1464 1444 1465 0
1422 1401 1423 0
1196 1172 1173 0
1427 1415 1403 0
1407 1427 1403 0
1448 1436 1427 0
1472 1473 1453 0
1436 1415 1427 0
1459 1436 1448 0
1459 1458 1436 0
1430 1453 1448 0
1477 1479 1459 0
1377 1376 1357 0
1356 1377 1357 0
1389 1399 1377 0
1420 1424 1402 0
1399 1420 1398 0
1421 1441 1420 0
1410 1421 1399 0
1426 1441 1421 0
1380 1401 1379 0
1420 1402 1398 0
1424 1423 1402 0
1378 1401 1400 0
1359 1358 1337 0
1360 1359 1339 0
1334 1355 1339 0
1380 1402 1401 0
1376 1380 1360 0
1376 1398 1380 0
1379 1358 1359 0
1400 1401 1422 0
1521 1538 1517 0
1520 1523 1542 0
1542 1523 1544 0
1499 1497 1520 0
1498 1499 1521 0
1498 1497 1499 0
1502 1523 1520 0
1502 1524 1523 0
1542 1563 1543 0
1521 1522 1543 0
1544 1563 1542 0
1437 1417 1435 0
1458 1437 1435 0
1457 1460 1437 0
1458 1457 1437 0
1436 1458 1435 0
1479 1478 1458 0
1500 1479 1477 0
1500 1501 1479 0
1516 1503 1525 0
1537 1516 1536 0
1558 1537 1536 0
1519 1496 1515 0
1537 1519 1515 0
1540 1539 1519 0
1494 1493 1516 0
1515 1494 1516 0
1477 1492 1496 0
1477 1470 1492 0
1494 1472 1493 0
1453 1430 1431 0
1470 1453 1473 0
1470 1448 1453 0
1472 1450 1452 0
1524 1502 1501 0
1391 1412 1409 0
1368 1369 1390 0
1395 1374 1396 0
1411 1395 1416 0
1411 1392 1395 0
1369 1392 1391 0
1370 1374 1392 0
1412 1434 1432 0
1392 1412 1391 0
1413 1433 1434 0
1411 1413 1412 0
1411 1433 1413 0
1460 1455 1438 0
1437 1460 1438 0
1480 1497 1475 0
1476 1456 1455 0
1474 1468 1454 0
1456 1474 1454 0
1476 1495 1474 0
1475 1497 1498 0
1460 1475 1455 0
1460 1480 1475 0
1479 1501 1478 0
1497 1502 1520 0
1495 1490 1485 0
1384 1383 1362 0
1393 1371 1372 0
1417 1416 1396 0
1414 1417 1396 0
1394 1414 1393 0
1435 1417 1414 0
1436 1435 1415 0
1459 1479 1458 0
1457 1478 1460 0
1373 1353 1371 0
1374 1373 1396 0
1374 1353 1373 0
1325 1346 1345 0
1362 1383 1361 0
1404 1405 1428 0
1383 1385 1363 0
1383 1406 1385 0
1345 1346 1367 0
1320 1341 1326 0
1340 1362 1361 0
1344 1342 1323 0
1366 1344 1343 0
1365 1342 1344 0
1381 1365 1386 0
1403 1381 1386 0
1403 1394 1381 0
1372 1371 1352 0
1393 1396 1373 0
1394 1393 1372 0
1394 1415 1414 0
1333 1353 1354 0
1344 1323 1343 0
1352 1371 1351 0
1381 1372 1365 0
1414 1415 1435 0
1381 1394 1372 0
1403 1415 1394 0
1321 1310 1298 0
1276 1299 1298 0
1277 1276 1254 0
1277 1300 1276 0
1195 1218 1196 0
1199 1222 1197 0
1220 1241 1217 0
1246 1268 1244 0
1221 1246 1244 0
1245 1268 1246 0
1243 1266 1241 0
1221 1244 1220 0
1276 1275 1254 0
1298 1310 1288 0
1243 1241 1220 0
1244 1243 1220 0
1267 1266 1243 0
1429 1406 1418 0
1385 1406 1405 0
1397 1419 1406 0
1531 1552 1530 0
1555 1535 1554 0
1576 1555 1554 0
1557 1535 1555 0
1573 1557 1579 0
1574 1573 1579 0
1553 1557 1573 0
1534 1535 1557 0
1574 1553 1573 0
1510 1509 1488 0
1508 1531 1530 0
1490 1489 1468 0
1512 1490 1495 0
1517 1512 1495 0
1498 1517 1495 0
1538 1533 1517 0
1533 1511 1512 0
1511 1489 1490 0
1535 1514 1532 0
1491 1489 1511 0
1514 1491 1511 0
1534 1514 1535 0
1513 1491 1514 0
1531 1513 1534 0
1531 1509 1510 0
1488 1469 1491 0
1512 1517 1533 0
1551 1556 1554 0
1533 1551 1532 0
1533 1556 1551 0
1578 1557 1575 0
1532 1554 1535 0
1577 1595 1599 0
1556 1577 1576 0
1532 1551 1554 0
1538 1559 1556 0
1559 1581 1577 0
1439 1419 1440 0
1461 1439 1440 0
1449 1429 1439 0
1444 1442 1422 0
1443 1466 1444 0
1424 1443 1444 0
1424 1420 1441 0
1425 1445 1426 0
1432 1425 1410 0
1432 1445 1425 0
1446 1466 1443 0
1447 1446 1426 0
1447 1469 1446 0
1467 1469 1447 0
1468 1467 1447 0
1489 1469 1467 0
1485 1490 1468 0
1474 1485 1468 0
1474 1495 1485 0
1511 1532 1514 0
1513 1514 1534 0
1464 1442 1444 0
1416 1395 1396 0
1393 1414 1396 0
1413 1434 1412 0
1438 1433 1416 0
1438 1455 1433 0
1461 1463 1449 0
1439 1461 1449 0
1462 1482 1481 0
1438 1416 1417 0
1437 1438 1417 0
1455 1434 1433 0
1409 1390 1391 0
1432 1409 1412 0
1432 1410 1409 0
1351 1333 1330 0
1311 1332 1329 0
1290 1311 1289 0
1312 1332 1311 0
1309 1312 1290 0
1333 1332 1312 0
1371 1353 1351 0
1354 1370 1350 0
1333 1354 1332 0
1353 1374 1354 0
1329 1328 1308 0
1289 1311 1308 0
1350 1348 1329 0
1545 1546 1566 0
1558 1545 1566 0
1536 1546 1545 0
1515 1496 1492 0
1537 1515 1516 0
1537 1540 1519 0
1580 1561 1558 0
1518 1500 1496 0
1539 1518 1519 0
1539 1524 1518 0
1525 1506 1529 0
1515 1492 1494 0
1526 1507 1504 0
1556 1559 1577 0
1533 1538 1556 0
1511 1533 1532 0
1511 1490 1512 0
1498 1476 1475 0
1520 1521 1499 0
1495 1476 1498 0
1456 1434 1455 0
1474 1456 1476 0
1454 1434 1456 0
1445 1454 1468 0
1445 1432 1454 0
1543 1563 1564 0
1521 1543 1538 0
1522 1520 1542 0
1543 1522 1542 0
1521 1520 1522 0
1478 1480 1460 0
1458 1478 1457 0
1501 1480 1478 0
1524 1501 1500 0
1502 1480 1501 0
1544 1523 1524 0
1497 1480 1502 0
1517 1498 1521 0
1476 1455 1475 0
1538 1543 1559 0
1586 1585 1610 0
1565 1586 1587 0
1565 1585 1586 0
1541 1562 1544 0
1524 1541 1544 0
1524 1539 1541 0
1560 1540 1561 0
1565 1563 1544 0
1562 1565 1544 0
1562 1585 1565 0
1541 1539 1560 0
1650 1653 1674 0
1651 1650 1674 0
1628 1653 1650 0
1606 1582 1607 0
1605 1606 1627 0
1605 1582 1606 0
1610 1629 1628 0
1696 1713 1718 0
1654 1653 1630 0
1669 1652 1646 0
1676 1653 1654 0
1695 1676 1673 0
1696 1695 1673 0
1697 1676 1695 0
1674 1653 1676 0
1652 1676 1654 0
1694 1675 1697 0
1651 1627 1650 0
1646 1624 1633 0
1629 1630 1653 0
1628 1629 1653 0
1610 1630 1629 0
1610 1585 1609 0
1655 1657 1678 0
1669 1655 1678 0
1633 1657 1655 0
1486 1464 1465 0
1427 1407 1430 0
1463 1471 1449 0
1462 1481 1461 0
1504 1505 1526 0
1484 1504 1507 0
1482 1505 1504 0
1481 1484 1463 0
1504 1481 1482 0
1504 1484 1481 0
1547 1570 1548 0
1481 1463 1461 0
1506 1484 1507 0
1483 1471 1463 0
1506 1483 1484 0
1506 1503 1483 0
1487 1488 1509 0
1486 1487 1509 0
1465 1466 1487 0
1461 1440 1462 0
1678 1699 1691 0
1698 1699 1678 0
1720 1713 1699 0
1742 1720 1721 0
1735 1738 1718 0
1741 1735 1720 0
1757 1756 1735 0
1738 1760 1740 0
1760 1781 1759 0
1779 1778 1757 0
1797 1799 1819 0
1780 1800 1790 0
1717 1697 1719 0
1736 1716 1737 0
1718 1713 1735 0
1740 1718 1738 0
1696 1673 1691 0
1719 1696 1718 0
1719 1695 1696 0
1717 1719 1740 0
1691 1669 1678 0
1696 1691 1713 0
1673 1669 1691 0
1697 1695 1719 0
1697 1674 1676 0
1715 1694 1697 0
1739 1737 1717 0
1716 1694 1715 0
1650 1627 1628 0
1491 1469 1489 0
1486 1465 1487 0
1466 1469 1488 0
1506 1507 1529 0
1590 1613 1612 0
1568 1590 1588 0
1568 1589 1590 0
1550 1572 1567 0
1546 1550 1567 0
1548 1570 1550 0
1529 1548 1550 0
1527 1526 1548 0
1570 1592 1572 0
1550 1570 1572 0
1528 1547 1526 0
1549 1571 1569 0
1547 1549 1569 0
1509 1531 1508 0
1486 1509 1508 0
1510 1491 1513 0
1531 1510 1513 0
1488 1491 1510 0
1531 1534 1553 0
1611 1588 1612 0
1631 1632 1612 0
1602 1580 1588 0
1624 1602 1611 0
1603 1608 1583 0
1624 1603 1602 0
1624 1608 1603 0
1470 1477 1459 0
1448 1470 1459 0
1473 1492 1470 0
1452 1471 1472 0
1494 1492 1473 0
1558 1540 1537 0
1500 1477 1496 0
1484 1483 1463 0
1526 1505 1528 0
1549 1547 1528 0
1483 1503 1493 0
1529 1550 1546 0
1525 1529 1546 0
1527 1548 1529 0
1526 1527 1507 0
1526 1547 1548 0
1525 1536 1516 0
1506 1525 1503 0
1546 1536 1525 0
1507 1527 1529 0
1567 1566 1546 0
1621 1620 1643 0
1645 1622 1621 0
1575 1557 1555 0
1600 1601 1578 0
1620 1600 1598 0
1621 1622 1600 0
1579 1557 1578 0
1574 1579 1597 0
1575 1555 1576 0
1599 1596 1576 0
1598 1578 1575 0
1553 1552 1531 0
1557 1553 1534 0
1574 1552 1553 0
1571 1591 1593 0
1569 1570 1547 0
1593 1569 1571 0
1593 1570 1569 0
1593 1592 1570 0
1614 1593 1591 0
1615 1592 1593 0
1615 1617 1594 0
1568 1567 1572 0
1589 1568 1572 0
1594 1589 1572 0
1594 1613 1589 0
1588 1567 1568 0
1612 1588 1590 0
1634 1612 1613 0
1632 1633 1611 0
1612 1632 1611 0
1631 1656 1632 0
1545 1558 1536 0
1588 1566 1567 0
1580 1558 1566 0
1611 1602 1588 0
1602 1603 1583 0
1588 1580 1566 0
1623 1630 1608 0
1655 1646 1633 0
1652 1673 1676 0
1646 1652 1654 0
1669 1673 1652 0
1561 1540 1558 0
1583 1584 1561 0
1602 1583 1580 0
1608 1584 1583 0
1560 1562 1541 0
1584 1560 1561 0
1584 1562 1560 0
1519 1518 1496 0
1540 1560 1539 0
1524 1500 1518 0
1616 1593 1614 0
1637 1616 1614 0
1615 1593 1616 0
1579 1601 1597 0
1601 1622 1618 0
1578 1601 1579 0
1578 1598 1600 0
1659 1662 1637 0
1660 1659 1637 0
1682 1704 1684 0
1661 1662 1684 0
1681 1703 1682 0
1594 1592 1615 0
1613 1594 1617 0
1572 1592 1594 0
1614 1636 1637 0
1675 1692 1670 0
1717 1715 1697 0
1716 1692 1694 0
1685 1686 1666 0
1688 1685 1667 0
1688 1707 1685 0
1640 1619 1626 0
1649 1640 1626 0
1649 1643 1640 0
1663 1643 1649 0
1666 1645 1664 0
1601 1618 1597 0
1642 1645 1621 0
1641 1618 1622 0
1626 1605 1625 0
1599 1604 1619 0
1581 1559 1564 0
1604 1581 1605 0
1595 1577 1581 0
1620 1599 1619 0
1599 1576 1577 0
1604 1599 1595 0
1596 1575 1576 0
1598 1596 1599 0
1598 1575 1596 0
1620 1598 1599 0
1643 1620 1619 0
1640 1643 1619 0
1663 1664 1643 0
1621 1600 1620 0
1600 1622 1601 0
1554 1556 1576 0
1564 1563 1587 0
1605 1581 1582 0
1559 1543 1564 0
1681 1660 1683 0
1616 1638 1615 0
1660 1637 1636 0
1660 1681 1659 0
1705 1703 1683 0
1637 1638 1616 0
1681 1682 1662 0
1656 1679 1657 0
1701 1723 1722 0
1680 1701 1700 0
1702 1706 1723 0
1684 1702 1701 0
1684 1706 1702 0
1662 1682 1684 0
1638 1662 1639 0
1638 1637 1662 0
1704 1706 1684 0
1701 1722 1700 0
1641 1622 1644 0
1582 1587 1607 0
1564 1582 1581 0
1564 1587 1582 0
1586 1610 1587 0
1648 1672 1649 0
1626 1648 1649 0
1647 1670 1648 0
1651 1647 1627 0
1670 1692 1672 0
1651 1670 1647 0
1675 1694 1692 0
1651 1675 1670 0
1651 1674 1675 0
1723 1743 1722 0
1703 1681 1683 0
1726 1703 1705 0
1744 1748 1764 0
1706 1727 1723 0
1701 1702 1723 0
1704 1724 1706 0
1724 1726 1745 0
1727 1724 1745 0
1704 1726 1724 0
1643 1664 1642 0
1667 1663 1649 0
1667 1685 1663 0
1671 1667 1649 0
1672 1671 1649 0
1672 1693 1671 0
1686 1707 1687 0
1664 1685 1666 0
1685 1707 1686 0
1690 1688 1667 0
1690 1712 1709 0
1671 1693 1689 0
1712 1730 1709 0
1726 1725 1746 0
1704 1682 1703 0
1726 1704 1703 0
1684 1701 1680 0
1705 1725 1726 0
1734 1712 1733 0
1753 1734 1755 0
1730 1712 1734 0
1754 1731 1753 0
1709 1688 1690 0
1731 1709 1730 0
1710 1688 1709 0
1708 1710 1728 0
1707 1688 1710 0
1687 1707 1708 0
1666 1665 1644 0
1663 1685 1664 0
1687 1665 1666 0
1731 1730 1753 0
1710 1731 1732 0
1710 1709 1731 0
1708 1707 1710 0
1792 1811 1812 0
1780 1758 1759 0
1794 1773 1790 0
1830 1814 1810 0
1813 1795 1793 0
1736 1749 1729 0
1715 1737 1716 0
1758 1749 1736 0
1773 1751 1770 0
1736 1714 1716 0
1733 1729 1751 0
1733 1714 1729 0
1668 1690 1667 0
1671 1668 1667 0
1671 1689 1668 0
1711 1689 1693 0
1711 1690 1689 0
1733 1711 1714 0
1712 1690 1711 0
1697 1675 1674 0
1693 1692 1716 0
1672 1648 1670 0
1645 1666 1644 0
1622 1645 1644 0
1642 1664 1645 0
1621 1643 1642 0
1626 1647 1648 0
1604 1626 1619 0
1604 1605 1626 0
1736 1729 1714 0
1712 1711 1733 0
1693 1716 1714 0
1690 1668 1689 0
1672 1692 1693 0
1686 1687 1666 0
1584 1585 1562 0
1580 1583 1561 0
1608 1585 1584 0
1623 1608 1624 0
1646 1623 1624 0
1646 1630 1623 0
1609 1585 1608 0
1630 1609 1608 0
1630 1610 1609 0
1646 1654 1630 0
1587 1563 1565 0
1607 1587 1610 0
1628 1607 1610 0
1628 1627 1607 0
1581 1604 1595 0
1607 1627 1606 0
1625 1647 1626 0
1627 1625 1605 0
1627 1647 1625 0
1762 1743 1764 0
1784 1762 1764 0
1784 1763 1762 0
1783 1799 1779 0
1720 1699 1721 0
1747 1746 1767 0
1732 1728 1710 0
1747 1726 1746 0
1785 1765 1767 0
1766 1769 1748 0
1765 1766 1747 0
1767 1765 1747 0
1785 1766 1765 0
1786 1769 1766 0
1805 1827 1806 0
1731 1754 1732 0
1755 1775 1776 0
1730 1734 1753 0
1733 1751 1752 0
1711 1693 1714 0
1749 1758 1770 0
1751 1749 1770 0
1751 1729 1749 0
1772 1771 1750 0
1755 1776 1753 0
1792 1791 1772 0
1827 1807 1822 0
1754 1753 1776 0
1750 1754 1772 0
1750 1732 1754 0
1722 1743 1742 0
1639 1617 1638 0
1656 1657 1632 0
1635 1617 1639 0
1658 1635 1639 0
1634 1617 1635 0
1679 1700 1698 0
1657 1679 1677 0
1680 1700 1679 0
1658 1680 1679 0
1631 1634 1656 0
1639 1661 1658 0
1661 1684 1680 0
1658 1661 1680 0
1639 1662 1661 0
1659 1681 1662 0
1658 1679 1656 0
1902 1881 1880 0
1901 1902 1879 0
1923 1899 1902 0
1925 1923 1902 0
1901 1924 1925 0
1878 1901 1879 0
1888 1900 1901 0
1948 1970 1971 0
1924 1948 1925 0
1902 1901 1925 0
1922 1946 1924 0
1924 1946 1948 0
1903 1927 1904 0
1923 1926 1903 0
1925 1947 1923 0
1971 1949 1947 0
1949 1950 1938 0
1947 1949 1926 0
1971 1992 1972 0
1780 1770 1758 0
1801 1780 1781 0
1801 1821 1800 0
1903 1926 1927 0
1899 1903 1883 0
1923 1947 1926 0
1763 1742 1743 0
1741 1757 1735 0
1782 1761 1763 0
1779 1757 1761 0
1783 1779 1761 0
1797 1819 1798 0
1779 1797 1778 0
1779 1799 1797 0
1783 1803 1799 0
1782 1783 1761 0
1782 1803 1783 0
1839 1819 1818 0
1761 1742 1763 0
1798 1801 1781 0
1797 1798 1778 0
1817 1801 1798 0
1735 1713 1720 0
1756 1738 1735 0
1778 1756 1757 0
1778 1777 1756 0
1740 1719 1718 0
1764 1748 1769 0
1768 1784 1764 0
1789 1768 1769 0
1789 1784 1768 0
1743 1723 1744 0
1721 1722 1742 0
1741 1720 1742 0
1761 1741 1742 0
1761 1757 1741 0
1698 1700 1721 0
1699 1698 1721 0
1677 1679 1698 0
1678 1677 1698 0
1713 1691 1699 0
1669 1646 1655 0
1589 1613 1590 0
1638 1617 1615 0
1635 1658 1634 0
1678 1657 1677 0
1634 1631 1612 0
1617 1634 1613 0
1658 1656 1634 0
1633 1632 1657 0
1633 1624 1611 0
1805 1786 1785 0
1827 1805 1807 0
1806 1786 1805 0
1700 1722 1721 0
1726 1747 1745 0
1744 1764 1743 0
1727 1744 1723 0
1727 1748 1744 0
1805 1787 1807 0
1769 1786 1788 0
1789 1769 1788 0
1809 1789 1788 0
1804 1802 1784 0
1724 1727 1706 0
1785 1787 1805 0
1766 1785 1786 0
1767 1787 1785 0
1792 1812 1791 0
1771 1772 1791 0
1938 1927 1926 0
1949 1938 1926 0
1950 1927 1938 0
1990 1968 1973 0
1945 1937 1927 0
1968 1945 1950 0
1968 1964 1945 0
1921 1920 1944 0
1919 1921 1944 0
1943 1919 1944 0
1966 1943 1944 0
1965 1963 1943 0
1918 1895 1898 0
1855 1856 1854 0
1896 1876 1875 0
1877 1857 1876 0
1896 1898 1876 0
1919 1898 1921 0
1919 1918 1898 0
1874 1873 1853 0
1915 1892 1904 0
1937 1915 1914 0
1897 1892 1915 0
1862 1861 1841 0
1773 1774 1752 0
1760 1759 1739 0
1756 1760 1738 0
1777 1781 1760 0
1756 1777 1760 0
1778 1798 1777 0
1780 1759 1781 0
1739 1717 1740 0
1758 1739 1759 0
1737 1715 1717 0
1758 1737 1739 0
1758 1736 1737 0
1804 1824 1802 0
1809 1825 1804 0
1806 1808 1788 0
1829 1825 1809 0
1846 1867 1866 0
1829 1846 1825 0
1829 1849 1846 0
1808 1829 1809 0
1788 1808 1809 0
1806 1826 1808 0
1849 1867 1846 0
1823 1818 1803 0
1858 1837 1844 0
1839 1818 1837 0
1859 1839 1837 0
1860 1859 1880 0
1860 1839 1859 0
1838 1817 1819 0
1860 1838 1839 0
1860 1841 1838 0
1777 1798 1781 0
1850 1871 1854 0
1840 1861 1850 0
1821 1840 1830 0
1821 1841 1840 0
1862 1883 1882 0
1760 1739 1740 0
1842 1822 1843 0
1845 1866 1844 0
1825 1845 1824 0
1846 1866 1845 0
1745 1766 1748 0
1727 1745 1748 0
1747 1766 1745 0
1806 1788 1786 0
1884 1885 1908 0
1905 1884 1906 0
1929 1928 1906 0
1911 1891 1890 0
1868 1885 1884 0
1848 1847 1869 0
1863 1864 1885 0
1847 1863 1868 0
1842 1843 1863 0
1828 1848 1849 0
1826 1828 1808 0
1826 1847 1828 0
1847 1842 1863 0
1828 1847 1848 0
1826 1827 1847 0
1860 1881 1862 0
1823 1845 1844 0
1887 1889 1909 0
1901 1878 1888 0
1866 1867 1887 0
1784 1782 1763 0
1769 1768 1764 0
1789 1804 1784 0
1885 1868 1863 0
1832 1831 1812 0
1811 1832 1812 0
1796 1811 1792 0
1816 1832 1811 0
1852 1873 1872 0
1833 1853 1852 0
1816 1833 1832 0
1816 1836 1833 0
1836 1856 1857 0
1930 1913 1936 0
1906 1930 1929 0
1908 1907 1930 0
1852 1872 1851 0
1908 1886 1907 0
1890 1870 1869 0
1868 1884 1890 0
1911 1932 1910 0
1842 1827 1822 0
1864 1863 1843 0
1868 1869 1847 0
1890 1905 1911 0
1868 1890 1869 0
1884 1905 1890 0
1870 1849 1848 0
1940 1962 1961 0
1918 1941 1940 0
1965 1943 1966 0
1962 1941 1963 0
1985 1962 1963 0
1961 1939 1940 0
1918 1919 1941 0
1893 1895 1917 0
1894 1893 1917 0
1873 1874 1893 0
1834 1854 1856 0
1794 1814 1813 0
1830 1850 1834 0
1927 1937 1914 0
1835 1836 1815 0
1814 1835 1813 0
1856 1836 1835 0
1897 1920 1921 0
1857 1853 1836 0
1876 1857 1856 0
1877 1874 1857 0
1917 1895 1918 0
1874 1853 1857 0
1895 1874 1877 0
1895 1893 1874 0
1894 1873 1893 0
1852 1831 1832 0
2036 2015 2014 0
2058 2036 2037 0
2038 2017 2036 0
1989 1966 1967 0
1965 1966 1989 0
2007 1986 1989 0
1963 1941 1943 0
1944 1920 1942 0
1973 1972 1993 0
1945 1942 1937 0
1988 1964 1968 0
2012 1988 1990 0
2012 1989 1988 0
1966 1944 1964 0
1950 1949 1973 0
2010 2011 1987 0
1873 1894 1872 0
1991 1970 1969 0
1981 1991 1969 0
1980 1981 1969 0
1980 2003 1981 0
2014 2015 1993 0
1991 2014 1992 0
1995 2018 2016 0
1898 1895 1877 0
1803 1818 1799 0
1802 1803 1782 0
1784 1802 1782 0
1824 1803 1802 0
1823 1844 1837 0
1824 1823 1803 0
1824 1845 1823 0
1804 1825 1824 0
1763 1743 1762 0
1789 1809 1804 0
1858 1879 1880 0
1859 1858 1880 0
1844 1865 1858 0
1825 1846 1845 0
1867 1889 1887 0
1891 1870 1890 0
1947 1925 1948 0
1865 1866 1887 0
1879 1865 1878 0
1844 1866 1865 0
1859 1837 1858 0
1837 1818 1823 0
1900 1922 1924 0
1901 1900 1924 0
1888 1909 1900 0
1878 1887 1888 0
1858 1865 1879 0
1865 1887 1878 0
1909 1922 1900 0
1879 1902 1880 0
1833 1836 1853 0
1796 1816 1811 0
1776 1796 1792 0
1776 1795 1796 0
1796 1815 1816 0
1815 1813 1835 0
1816 1815 1836 0
1795 1813 1815 0
1772 1776 1792 0
1774 1773 1793 0
1795 1774 1793 0
1775 1755 1752 0
1734 1733 1755 0
1793 1794 1813 0
1775 1774 1795 0
1773 1794 1793 0
1752 1751 1773 0
1775 1752 1774 0
1755 1733 1752 0
1790 1810 1794 0
1770 1790 1773 0
1770 1780 1790 0
1819 1817 1798 0
1818 1819 1799 0
1839 1838 1819 0
1881 1860 1880 0
1841 1820 1838 0
1862 1841 1860 0
1883 1862 1881 0
1899 1883 1881 0
1902 1899 1881 0
1923 1903 1899 0
1882 1861 1862 0
1904 1882 1883 0
1904 1892 1882 0
1882 1892 1871 0
1830 1810 1821 0
1850 1830 1840 0
1871 1850 1861 0
1882 1871 1861 0
1892 1875 1871 0
1854 1834 1850 0
1896 1921 1898 0
1892 1897 1875 0
1914 1904 1927 0
1920 1915 1937 0
1915 1904 1914 0
1856 1835 1834 0
1820 1801 1817 0
1838 1820 1817 0
1821 1801 1820 0
1861 1840 1841 0
1800 1780 1801 0
1810 1800 1821 0
1810 1790 1800 0
1820 1841 1821 0
1875 1854 1871 0
1896 1875 1897 0
1921 1896 1897 0
1898 1877 1876 0
1855 1854 1875 0
1876 1855 1875 0
1876 1856 1855 0
1796 1795 1815 0
1754 1776 1772 0
1775 1795 1776 0
1814 1830 1834 0
1835 1814 1834 0
1794 1810 1814 0
1852 1851 1831 0
1833 1852 1832 0
1853 1873 1852 0
1885 1864 1886 0
1953 1952 1930 0
1916 1894 1917 0
1917 1940 1916 0
1936 1953 1930 0
2032 2011 2031 0
1985 2009 2008 0
1985 1987 2009 0
1961 1962 1984 0
1987 2011 2009 0
1963 1987 1985 0
1963 1965 1987 0
1983 1959 1960 0
2005 2006 1982 0
1997 1976 1983 0
1929 1930 1952 0
1932 1911 1935 0
1930 1907 1913 0
1884 1908 1906 0
1885 1886 1908 0
1936 1960 1953 0
2006 2027 2025 0
1982 2006 1983 0
2005 2027 2006 0
1940 1941 1962 0
1916 1940 1939 0
1917 1918 1940 0
1985 1984 1962 0
2064 2087 2063 0
2047 2070 2064 0
2041 2047 2042 0
2025 2027 2047 0
2096 2115 2118 0
2111 2096 2118 0
2088 2093 2096 0
2088 2070 2093 0
1985 2008 1984 0
2071 2048 2049 0
2030 2008 2009 0
2033 2011 2010 0
2052 2032 2053 0
2032 2030 2009 0
1941 1919 1943 0
1954 1978 1958 0
1970 1946 1969 0
1933 1931 1955 0
1889 1910 1909 0
1888 1887 1909 0
1867 1849 1870 0
1997 1983 2006 0
1968 1950 1973 0
1988 1968 1990 0
1964 1942 1945 0
1944 1942 1964 0
1945 1927 1950 0
1920 1937 1942 0
1920 1897 1915 0
1993 1992 2014 0
1949 1972 1973 0
1949 1971 1972 0
1904 1883 1903 0
1970 1991 1992 0
2029 2033 2010 0
2028 2029 2007 0
2051 2033 2029 0
2036 2058 2038 0
2079 2060 2055 0
1955 1931 1932 0
1956 1955 1934 0
1933 1922 1931 0
1954 1933 1955 0
1954 1946 1933 0
2055 2039 2061 0
2058 2055 2060 0
2037 2039 2055 0
2071 2049 2072 0
2095 2094 2072 0
2014 1991 1995 0
1993 1972 1992 0
1994 1993 2015 0
1994 1973 1993 0
1971 1970 1992 0
1946 1954 1969 0
1948 1946 1970 0
1922 1933 1946 0
1971 1947 1948 0
1955 1932 1934 0
1909 1931 1922 0
1909 1910 1931 0
2022 2001 2002 0
2043 2022 2045 0
2021 2001 2022 0
1955 1956 1978 0
1935 1934 1932 0
1935 1956 1934 0
1911 1905 1912 0
1910 1891 1911 0
1931 1910 1932 0
1889 1891 1910 0
1828 1849 1829 0
1808 1828 1829 0
1827 1826 1806 0
1827 1842 1847 0
1869 1870 1848 0
1889 1870 1891 0
1889 1867 1870 0
1999 1997 2020 0
1974 1975 1996 0
1975 1957 1951 0
1929 1952 1951 0
1928 1929 1951 0
1906 1908 1930 0
1953 1959 1976 0
2108 2085 2090 0
2108 2084 2085 0
2131 2108 2113 0
2129 2107 2108 0
2153 2151 2131 0
2148 2149 2126 0
2125 2107 2128 0
2104 2125 2126 0
2104 2107 2125 0
2170 2171 2148 0
2079 2061 2085 0
2104 2079 2084 0
2083 2060 2079 0
2080 2059 2081 0
2130 2113 2135 0
2152 2130 2135 0
2152 2131 2130 0
2172 2195 2193 0
2129 2108 2131 0
2079 2055 2061 0
2082 2060 2083 0
2104 2106 2083 0
2105 2080 2081 0
2058 2037 2055 0
2092 2086 2091 0
2067 2092 2090 0
2085 2067 2090 0
2069 2092 2067 0
2069 2046 2066 0
2046 2043 2066 0
2018 2003 2024 0
2016 2014 1995 0
2036 2016 2037 0
2036 2014 2016 0
1969 1958 1980 0
1977 1978 2001 0
2000 1977 2001 0
2000 1980 1977 0
2021 2000 2001 0
1969 1954 1958 0
2092 2114 2090 0
2068 2045 2044 0
2092 2068 2086 0
2066 2045 2068 0
2069 2066 2092 0
2043 2045 2066 0
2043 2021 2022 0
2043 2024 2021 0
2068 2092 2066 0
2046 2024 2043 0
2061 2046 2069 0
2039 2024 2046 0
2061 2039 2046 0
2067 2061 2069 0
2085 2084 2079 0
2018 1995 2003 0
2037 2018 2039 0
2037 2016 2018 0
2039 2018 2024 0
2023 2040 2044 0
1979 1974 1996 0
1978 1979 2001 0
1956 1957 1979 0
1954 1955 1978 0
1979 1996 2002 0
1957 1974 1979 0
1999 1975 1976 0
1935 1957 1956 0
1975 1952 1976 0
1935 1951 1957 0
1928 1905 1906 0
1935 1928 1951 0
1912 1905 1928 0
1935 1912 1928 0
1935 1911 1912 0
2005 2026 2027 0
2133 2136 2155 0
2112 2133 2134 0
2088 2064 2070 0
2115 2096 2093 0
2110 2087 2088 0
2112 2110 2133 0
2087 2064 2088 0
2208 2192 2214 0
2209 2208 2214 0
2209 2190 2208 0
2234 2212 2232 0
2190 2168 2187 0
2146 2124 2122 0
2149 2148 2171 0
2105 2106 2127 0
2212 2209 2232 0
2235 2212 2234 0
2191 2190 2212 0
2191 2168 2190 0
2187 2186 2192 0
2190 2187 2208 0
2212 2190 2209 0
2191 2169 2168 0
2165 2186 2187 0
2171 2192 2186 0
2171 2194 2192 0
2164 2171 2186 0
2170 2193 2171 0
2128 2129 2150 0
2148 2128 2150 0
2148 2126 2125 0
2173 2174 2197 0
2151 2173 2172 0
2151 2153 2173 0
2150 2151 2172 0
2170 2150 2172 0
2170 2148 2150 0
2129 2131 2151 0
2215 2239 2238 0
2217 2215 2194 0
2217 2239 2215 0
2193 2217 2194 0
2171 2193 2194 0
2170 2172 2193 0
2216 2241 2217 0
2238 2237 2214 0
2194 2215 2213 0
2239 2260 2238 0
2094 2093 2071 0
2117 2094 2095 0
2115 2093 2094 0
2140 2118 2137 0
2111 2110 2088 0
2096 2111 2088 0
2118 2133 2111 0
2044 2040 2063 0
2065 2062 2063 0
2045 2023 2044 0
2027 2026 2049 0
2048 2027 2049 0
2070 2048 2071 0
2093 2070 2071 0
2064 2042 2047 0
2047 2041 2025 0
2063 2041 2042 0
2063 2040 2041 0
2065 2063 2087 0
2062 2086 2068 0
2063 2062 2044 0
2065 2086 2062 0
2110 2089 2087 0
2062 2068 2044 0
1998 1996 1999 0
2023 2019 2040 0
2023 2002 2019 0
2040 2019 2020 0
1959 1953 1960 0
1982 1983 1960 0
1983 1976 1959 0
2048 2070 2047 0
1975 1999 1996 0
1957 1975 1974 0
1951 1952 1975 0
1953 1976 1952 0
1997 1999 1976 0
1998 2019 1996 0
2020 1998 1999 0
2020 2019 1998 0
2004 2025 2020 0
2006 2004 1997 0
2006 2025 2004 0
2041 2040 2020 0
2025 2041 2020 0
1997 2004 2020 0
2027 2048 2047 0
2042 2064 2063 0
2002 2001 1979 0
2019 2002 1996 0
2023 2022 2002 0
2032 2031 2053 0
2030 2032 2052 0
2009 2011 2032 0
2011 2033 2031 0
2054 2078 2077 0
2033 2053 2031 0
2116 2117 2139 0
2094 2116 2115 0
2094 2117 2116 0
2158 2138 2159 0
2074 2052 2075 0
2104 2083 2079 0
2125 2128 2148 0
2108 2107 2084 0
2129 2128 2107 0
2106 2082 2083 0
2126 2106 2104 0
2126 2127 2106 0
2084 2107 2104 0
2149 2143 2127 0
2215 2238 2213 0
1986 2010 1987 0
1965 1986 1987 0
1965 1989 1986 0
1967 1988 1989 0
1964 1967 1966 0
1964 1988 1967 0
2007 2010 1986 0
2012 2007 1989 0
2028 2035 2029 0
2012 2028 2007 0
2012 2035 2028 0
1994 2013 1990 0
2034 2038 2056 0
2076 2098 2101 0
2099 2100 2120 0
2099 2074 2100 0
1994 1990 1973 0
2036 2017 2015 0
2034 2056 2035 0
2013 2034 2035 0
2013 2017 2034 0
2059 2056 2038 0
2081 2082 2105 0
2058 2081 2059 0
2060 2082 2081 0
2105 2098 2080 0
2035 2057 2051 0
2013 2035 2012 0
1990 2013 2012 0
2017 2038 2034 0
1994 2017 2013 0
1994 2015 2017 0
2056 2057 2035 0
2059 2080 2056 0
2058 2059 2038 0
2058 2060 2081 0
2101 2119 2123 0
2080 2098 2073 0
2105 2119 2098 0
2052 2050 2030 0
2077 2052 2053 0
2054 2077 2053 0
2100 2074 2075 0
2074 2050 2052 0
2144 2120 2121 0
2118 2140 2133 0
2110 2111 2133 0
2115 2137 2118 0
2138 2158 2137 0
2163 2162 2141 0
2163 2184 2162 0
2207 2185 2204 0
2202 2179 2183 0
2163 2185 2184 0
2003 2021 2024 0
1991 1981 1995 0
2000 2021 2003 0
1980 2000 2003 0
1995 1981 2003 0
1958 1977 1980 0
1958 1978 1977 0
1956 1979 1978 0
2023 2045 2022 0
2071 2072 2094 0
2164 2165 2143 0
2225 2226 2250 0
2203 2201 2225 0
2222 2203 2227 0
2247 2222 2227 0
2224 2203 2222 0
2224 2200 2203 0
2202 2226 2225 0
2180 2202 2201 0
2178 2180 2201 0
2161 2178 2182 0
2157 2160 2178 0
2176 2155 2161 0
2140 2137 2158 0
2157 2140 2160 0
2136 2133 2140 0
2162 2159 2141 0
2179 2162 2184 0
2183 2179 2184 0
2206 2183 2184 0
2206 2202 2183 0
2180 2160 2179 0
2179 2159 2162 0
2179 2158 2159 0
2141 2159 2139 0
2121 2100 2102 0
2145 2121 2124 0
2167 2145 2147 0
2167 2144 2145 0
2120 2100 2121 0
2179 2202 2180 0
2077 2102 2100 0
2052 2077 2075 0
2078 2102 2077 0
2124 2103 2122 0
2075 2077 2100 0
2078 2103 2102 0
2051 2076 2054 0
2051 2057 2076 0
2033 2051 2054 0
2053 2033 2054 0
2010 2007 2029 0
2051 2029 2035 0
2056 2080 2057 0
2073 2057 2080 0
2076 2073 2098 0
2076 2057 2073 0
2103 2097 2101 0
2078 2054 2076 0
2121 2145 2144 0
2124 2147 2145 0
2102 2124 2121 0
2102 2103 2124 0
2101 2122 2103 0
2142 2165 2146 0
2123 2142 2146 0
2123 2143 2142 0
2168 2165 2187 0
2146 2168 2169 0
2146 2165 2168 0
2124 2146 2147 0
2122 2123 2146 0
2101 2123 2122 0
2097 2076 2101 0
2078 2097 2103 0
2078 2076 2097 0
2098 2119 2101 0
2127 2119 2105 0
2082 2106 2105 0
2126 2149 2127 0
2143 2165 2142 0
2127 2143 2119 0
2164 2186 2165 0
2149 2164 2143 0
2149 2171 2164 0
2169 2191 2167 0
2147 2169 2167 0
2147 2146 2169 0
2119 2143 2123 0
2187 2192 2208 0
2211 2210 2189 0
2236 2255 2234 0
2210 2188 2189 0
2166 2144 2167 0
2188 2166 2167 0
2241 2239 2217 0
2281 2260 2282 0
2281 2279 2259 0
2210 2211 2233 0
2189 2188 2167 0
2191 2189 2167 0
2191 2211 2189 0
2231 2230 2253 0
2202 2206 2226 0
2207 2204 2230 0
2207 2184 2185 0
2231 2207 2230 0
2206 2184 2207 0
2230 2204 2205 0
2233 2256 2254 0
2212 2235 2211 0
2191 2212 2211 0
2232 2236 2234 0
2256 2277 2254 0
2234 2256 2235 0
2255 2277 2256 0
2234 2255 2256 0
2258 2257 2279 0
2255 2258 2275 0
2236 2237 2258 0
2195 2173 2197 0
2195 2172 2173 0
2217 2195 2216 0
2217 2193 2195 0
2150 2129 2151 0
2114 2135 2113 0
2247 2227 2248 0
2223 2247 2245 0
2224 2222 2247 0
2221 2198 2199 0
2181 2178 2201 0
2182 2181 2203 0
2182 2178 2181 0
2236 2232 2214 0
2258 2280 2278 0
2238 2259 2237 0
2279 2280 2258 0
2235 2256 2233 0
2211 2235 2233 0
2252 2229 2249 0
2253 2230 2252 0
2231 2226 2206 0
2273 2251 2253 0
2274 2273 2253 0
2252 2274 2253 0
2293 2296 2274 0
2296 2320 2295 0
2294 2318 2293 0
2295 2292 2272 0
2296 2295 2273 0
2320 2316 2295 0
2248 2227 2250 0
2269 2248 2250 0
2269 2291 2268 0
2313 2331 2306 0
2201 2202 2225 0
2227 2203 2225 0
2203 2181 2201 0
2140 2157 2136 0
2179 2160 2158 0
2180 2178 2160 0
2153 2174 2173 0
2152 2153 2131 0
2152 2175 2153 0
2177 2175 2156 0
2198 2174 2175 0
2176 2177 2156 0
2242 2262 2243 0
2219 2242 2218 0
2219 2244 2242 0
2220 2244 2219 0
2197 2220 2219 0
2196 2198 2220 0
2221 2246 2244 0
2245 2246 2223 0
2268 2248 2269 0
2264 2262 2244 0
2267 2264 2246 0
2284 2287 2264 0
2246 2264 2244 0
2223 2246 2221 0
2198 2177 2199 0
2268 2247 2248 0
2290 2268 2291 0
2290 2267 2266 0
2264 2287 2286 0
2137 2115 2116 0
2138 2137 2116 0
2139 2138 2116 0
2139 2159 2138 0
2158 2160 2140 0
2155 2134 2133 0
2157 2155 2136 0
2154 2135 2132 0
2155 2154 2132 0
2176 2156 2154 0
2203 2200 2182 0
2156 2135 2154 0
2177 2198 2175 0
2200 2177 2176 0
2182 2200 2176 0
2224 2199 2200 0
2199 2223 2221 0
2200 2199 2177 0
2224 2223 2199 0
2130 2131 2113 0
2156 2152 2135 0
2175 2174 2153 0
2089 2109 2086 0
2087 2089 2065 0
2112 2109 2089 0
2110 2112 2089 0
2132 2135 2114 0
2112 2132 2109 0
2134 2155 2132 0
2161 2182 2176 0
2157 2161 2155 0
2157 2178 2161 0
2089 2086 2065 0
2134 2132 2112 0
2091 2086 2109 0
2114 2091 2109 0
2114 2092 2091 0
2132 2114 2109 0
2155 2176 2154 0
2156 2175 2152 0
2067 2085 2061 0
2113 2090 2114 0
2113 2108 2090 0
2205 2229 2230 0
2311 2289 2312 0
2337 2336 2312 0
2294 2293 2271 0
2310 2294 2311 0
2317 2339 2342 0
2310 2317 2318 0
2310 2335 2317 0
2277 2298 2276 0
2299 2321 2298 0
2303 2281 2282 0
2302 2303 2327 0
2302 2281 2303 0
2280 2279 2302 0
2301 2280 2302 0
2323 2301 2325 0
2300 2280 2301 0
2297 2278 2299 0
2298 2297 2299 0
2277 2278 2297 0
2277 2255 2275 0
2258 2255 2236 0
2278 2275 2258 0
2278 2277 2275 0
2257 2259 2279 0
2214 2237 2236 0
2209 2214 2232 0
2213 2238 2214 0
2192 2213 2214 0
2192 2194 2213 0
2302 2327 2326 0
2325 2301 2326 0
2279 2281 2302 0
2259 2260 2281 0
2237 2259 2257 0
2238 2260 2259 0
2282 2304 2303 0
2261 2240 2243 0
2239 2241 2260 0
2243 2262 2263 0
2261 2243 2263 0
2218 2242 2243 0
2216 2218 2241 0
2216 2197 2219 0
2399 2379 2377 0
2400 2399 2421 0
2400 2379 2399 0
2376 2352 2354 0
2378 2376 2354 0
2390 2374 2376 0
2400 2420 2398 0
2391 2396 2372 0
2351 2375 2372 0
2413 2396 2391 0
2442 2441 2418 0
2413 2436 2418 0
2464 2463 2458 0
2373 2348 2349 0
2396 2373 2372 0
2371 2348 2373 0
2333 2308 2309 0
2307 2333 2309 0
2355 2332 2333 0
2240 2241 2218 0
2243 2240 2218 0
2261 2241 2240 0
2283 2261 2263 0
2260 2241 2261 0
2353 2331 2338 0
2334 2330 2353 0
2355 2334 2356 0
2355 2333 2334 0
2378 2355 2356 0
2332 2308 2333 0
2354 2332 2355 0
2354 2352 2332 0
2307 2287 2306 0
2333 2307 2330 0
2309 2287 2307 0
2285 2263 2286 0
2353 2338 2363 0
2307 2331 2330 0
2287 2284 2306 0
2322 2321 2299 0
2318 2320 2296 0
2343 2319 2342 0
2288 2311 2294 0
2271 2288 2294 0
2271 2289 2288 0
2357 2337 2359 0
2335 2336 2358 0
2311 2312 2336 0
2324 2299 2300 0
2323 2324 2300 0
2348 2346 2325 0
2326 2349 2325 0
2371 2368 2348 0
2368 2370 2346 0
2322 2299 2324 0
2346 2348 2368 0
2301 2302 2326 0
2349 2350 2373 0
2325 2349 2348 0
2326 2350 2349 0
2313 2314 2338 0
2331 2313 2338 0
2290 2291 2313 0
2266 2247 2268 0
2246 2245 2267 0
2223 2224 2247 0
2269 2292 2291 0
2250 2251 2272 0
2225 2250 2227 0
2228 2251 2250 0
2226 2228 2250 0
2226 2231 2228 0
2292 2314 2291 0
2272 2273 2295 0
2250 2272 2269 0
2251 2273 2272 0
2316 2314 2292 0
2295 2316 2292 0
2320 2343 2341 0
2273 2274 2296 0
2231 2253 2251 0
2228 2231 2251 0
2206 2207 2231 0
2252 2270 2274 0
2229 2252 2230 0
2270 2271 2293 0
2249 2270 2252 0
2249 2271 2270 0
2341 2367 2366 0
2320 2341 2316 0
2343 2367 2341 0
2311 2336 2310 0
2354 2355 2378 0
2314 2315 2340 0
2366 2389 2386 0
2340 2315 2341 0
2338 2340 2363 0
2338 2314 2340 0
2367 2365 2389 0
2342 2367 2343 0
2319 2317 2342 0
2318 2319 2343 0
2318 2317 2319 0
2364 2383 2388 0
2339 2364 2342 0
2360 2361 2383 0
2339 2360 2364 0
2339 2361 2360 0
2409 2432 2431 0
2399 2409 2421 0
2408 2432 2409 0
2385 2377 2386 0
2399 2387 2409 0
2399 2377 2387 0
2386 2389 2408 0
2367 2389 2366 0
2410 2432 2408 0
2389 2410 2408 0
2388 2404 2410 0
2342 2364 2365 0
2456 2434 2431 0
2455 2456 2433 0
2468 2478 2487 0
2456 2457 2434 0
2477 2478 2457 0
2455 2477 2456 0
2476 2497 2477 0
2454 2476 2477 0
2454 2473 2476 0
2495 2476 2473 0
2498 2522 2499 0
2497 2498 2478 0
2497 2522 2498 0
2477 2497 2478 0
2518 2519 2542 0
2423 2446 2421 0
2457 2447 2434 0
2469 2467 2446 0
2422 2421 2446 0
2420 2400 2422 0
2412 2390 2398 0
2444 2419 2437 0
2436 2442 2418 0
2397 2419 2413 0
2443 2442 2436 0
2376 2378 2398 0
2378 2379 2400 0
2386 2363 2366 0
2388 2410 2389 0
2377 2356 2353 0
2455 2451 2454 0
2477 2455 2454 0
2433 2451 2455 0
2427 2451 2433 0
2432 2411 2433 0
2406 2405 2428 0
2424 2407 2401 0
2428 2407 2430 0
2427 2428 2451 0
2427 2406 2428 0
2381 2384 2361 0
2357 2336 2337 0
2382 2380 2359 0
2358 2336 2357 0
2361 2339 2358 0
2381 2361 2358 0
2384 2383 2361 0
2404 2383 2406 0
2365 2367 2342 0
2388 2365 2364 0
2388 2389 2365 0
2318 2296 2293 0
2310 2318 2294 0
2343 2320 2318 0
2463 2462 2441 0
2370 2368 2392 0
2369 2370 2393 0
2369 2345 2370 0
2326 2327 2350 0
2257 2258 2237 0
2298 2277 2297 0
2276 2254 2277 0
2330 2334 2333 0
2400 2398 2378 0
2304 2327 2303 0
2304 2328 2327 0
2283 2304 2282 0
2283 2305 2304 0
2261 2283 2282 0
2305 2329 2328 0
2285 2305 2283 0
2285 2308 2305 0
2374 2352 2376 0
2397 2374 2390 0
2351 2352 2374 0
2350 2351 2372 0
2344 2329 2351 0
2350 2344 2351 0
2350 2328 2344 0
2332 2329 2308 0
2373 2396 2371 0
2329 2352 2351 0
2391 2375 2397 0
2398 2390 2376 0
2350 2327 2328 0
2329 2344 2328 0
2372 2373 2350 0
2300 2299 2278 0
2280 2300 2278 0
2323 2346 2347 0
2301 2323 2300 0
2325 2346 2323 0
2328 2304 2305 0
2413 2418 2396 0
2397 2413 2391 0
2375 2374 2397 0
2372 2375 2391 0
2351 2374 2375 0
2390 2412 2397 0
2397 2412 2419 0
2464 2442 2443 0
2417 2396 2418 0
2439 2438 2414 0
2462 2439 2440 0
2461 2460 2439 0
2395 2396 2417 0
2377 2353 2362 0
2385 2387 2377 0
2408 2385 2386 0
2408 2387 2385 0
2379 2356 2377 0
2378 2356 2379 0
2362 2363 2386 0
2377 2362 2386 0
2353 2363 2362 0
2334 2353 2356 0
2330 2331 2353 0
2313 2291 2314 0
2306 2290 2313 0
2307 2306 2331 0
2284 2290 2306 0
2266 2245 2247 0
2290 2266 2268 0
2267 2245 2266 0
2284 2267 2290 0
2284 2264 2267 0
2315 2316 2341 0
2366 2340 2341 0
2314 2316 2315 0
2461 2480 2460 0
2438 2439 2460 0
2481 2502 2480 0
2462 2482 2461 0
2482 2483 2505 0
2444 2466 2465 0
2503 2505 2528 0
2481 2503 2502 0
2482 2462 2463 0
2481 2482 2503 0
2481 2461 2482 0
2335 2339 2317 0
2336 2335 2310 0
2358 2339 2335 0
2380 2381 2357 0
2359 2380 2357 0
2382 2402 2380 0
2405 2407 2428 0
2384 2405 2406 0
2384 2407 2405 0
2357 2381 2358 0
2401 2407 2384 0
2402 2401 2381 0
2402 2425 2401 0
2269 2272 2292 0
2265 2271 2249 0
2288 2289 2311 0
2274 2270 2293 0
2265 2289 2271 0
2432 2433 2456 0
2409 2387 2408 0
2411 2404 2427 0
2410 2411 2432 0
2410 2404 2411 0
2197 2216 2195 0
2196 2197 2174 0
2198 2196 2174 0
2198 2221 2220 0
2220 2221 2244 0
2340 2366 2363 0
2423 2434 2447 0
2421 2431 2423 0
2432 2456 2431 0
2411 2427 2433 0
2383 2404 2388 0
2406 2427 2404 0
2451 2473 2454 0
2329 2332 2352 0
2324 2345 2322 0
2219 2218 2216 0
2196 2220 2197 0
2244 2262 2242 0
2309 2286 2287 0
2305 2308 2329 0
2263 2285 2283 0
2260 2261 2282 0
2262 2286 2263 0
2286 2309 2285 0
2264 2286 2262 0
2309 2308 2285 0
2402 2381 2380 0
2448 2470 2452 0
2487 2499 2509 0
2469 2468 2489 0
2478 2499 2487 0
2456 2477 2457 0
2487 2509 2489 0
2498 2499 2478 0
2523 2544 2533 0
2522 2523 2499 0
2522 2544 2523 0
2518 2542 2522 0
2494 2518 2497 0
2494 2519 2518 0
2541 2544 2522 0
2499 2523 2511 0
2542 2565 2564 0
2519 2543 2542 0
2521 2519 2494 0
2521 2543 2519 0
2520 2540 2543 0
2521 2520 2543 0
2521 2517 2520 0
2523 2533 2511 0
2564 2544 2541 0
2566 2555 2544 0
2564 2566 2544 0
2586 2587 2565 0
2607 2608 2585 0
2609 2587 2586 0
2610 2630 2611 0
2589 2610 2611 0
2588 2609 2610 0
2610 2609 2630 0
2567 2588 2589 0
2587 2609 2588 0
2590 2597 2596 0
2576 2590 2575 0
2576 2597 2590 0
2435 2412 2420 0
2419 2435 2437 0
2419 2412 2435 0
2443 2419 2444 0
2436 2413 2419 0
2420 2445 2435 0
2398 2420 2412 0
2422 2446 2445 0
2421 2422 2400 0
2445 2467 2459 0
2422 2445 2420 0
2446 2467 2445 0
2486 2479 2500 0
2435 2445 2437 0
2423 2447 2446 0
2409 2431 2421 0
2431 2434 2423 0
2489 2509 2510 0
2467 2469 2488 0
2468 2457 2478 0
2489 2468 2487 0
2447 2457 2468 0
2510 2532 2531 0
2553 2575 2574 0
2479 2467 2488 0
2500 2479 2488 0
2510 2508 2488 0
2507 2486 2500 0
2466 2444 2459 0
2479 2466 2459 0
2486 2485 2466 0
2546 2554 2568 0
2509 2532 2510 0
2499 2511 2509 0
2533 2532 2511 0
2554 2555 2577 0
2635 2656 2634 0
2617 2637 2636 0
2674 2695 2697 0
2654 2674 2675 0
2657 2677 2674 0
2594 2592 2571 0
2571 2592 2593 0
2550 2571 2570 0
2572 2594 2571 0
2613 2614 2593 0
2592 2613 2593 0
2570 2571 2593 0
2594 2613 2592 0
2595 2615 2594 0
2574 2595 2573 0
2596 2616 2595 0
2616 2636 2632 0
2632 2653 2635 0
2615 2632 2635 0
2615 2616 2632 0
2634 2633 2614 0
2595 2616 2615 0
2469 2489 2488 0
2447 2469 2446 0
2447 2468 2469 0
2510 2531 2508 0
2554 2546 2532 0
2530 2507 2508 0
2553 2530 2531 0
2553 2529 2530 0
2504 2525 2528 0
2484 2504 2505 0
2485 2506 2504 0
2508 2531 2530 0
2500 2508 2507 0
2500 2488 2508 0
2489 2510 2488 0
2509 2511 2532 0
2553 2552 2529 0
2617 2618 2637 0
2656 2633 2634 0
2591 2569 2570 0
2414 2416 2439 0
2416 2415 2440 0
2439 2416 2440 0
2414 2393 2416 0
2549 2525 2545 0
2502 2503 2526 0
2505 2504 2528 0
2526 2503 2528 0
2550 2526 2528 0
2527 2502 2526 0
2465 2464 2443 0
2504 2484 2485 0
2483 2464 2484 0
2503 2482 2505 0
2506 2486 2507 0
2483 2484 2505 0
2465 2443 2444 0
2484 2465 2485 0
2484 2464 2465 0
2347 2345 2324 0
2323 2347 2324 0
2346 2370 2347 0
2395 2415 2392 0
2370 2345 2347 0
2382 2403 2402 0
2450 2426 2449 0
2360 2383 2364 0
2401 2384 2381 0
2406 2383 2384 0
2403 2426 2402 0
2392 2415 2394 0
2371 2392 2368 0
2415 2416 2394 0
2395 2392 2371 0
2396 2395 2371 0
2417 2415 2395 0
2440 2415 2417 0
2441 2440 2417 0
2418 2441 2417 0
2458 2463 2441 0
2442 2458 2441 0
2442 2464 2458 0
2462 2461 2439 0
2394 2393 2370 0
2392 2394 2370 0
2416 2393 2394 0
2425 2402 2426 0
2450 2425 2426 0
2450 2448 2425 0
2472 2450 2449 0
2496 2474 2493 0
2473 2475 2495 0
2452 2474 2475 0
2472 2470 2450 0
2472 2492 2490 0
2472 2449 2471 0
2461 2481 2480 0
2537 2559 2535 0
2490 2492 2513 0
2493 2490 2513 0
2493 2474 2490 0
2538 2534 2557 0
2537 2536 2560 0
2515 2534 2538 0
2527 2524 2501 0
2502 2527 2501 0
2480 2502 2501 0
2463 2464 2483 0
2482 2463 2483 0
2462 2440 2441 0
2549 2545 2551 0
2527 2547 2548 0
2515 2538 2536 0
2494 2495 2521 0
2542 2541 2522 0
2497 2518 2522 0
2543 2565 2542 0
2563 2565 2543 0
2562 2563 2540 0
2585 2586 2563 0
2564 2541 2542 0
2587 2564 2565 0
2587 2566 2564 0
2494 2497 2476 0
2425 2448 2424 0
2424 2430 2407 0
2425 2424 2401 0
2448 2430 2424 0
2470 2448 2450 0
2452 2430 2448 0
2452 2453 2430 0
2474 2452 2470 0
2490 2474 2470 0
2493 2517 2496 0
2429 2451 2428 0
2527 2548 2524 0
2549 2572 2550 0
2528 2549 2550 0
2528 2525 2549 0
2593 2591 2570 0
2472 2471 2491 0
2512 2514 2491 0
2429 2453 2451 0
2430 2429 2428 0
2430 2453 2429 0
2560 2559 2537 0
2556 2557 2534 0
2581 2559 2560 0
2570 2569 2548 0
2557 2560 2538 0
2579 2557 2556 0
2579 2583 2561 0
2582 2581 2561 0
2600 2605 2583 0
2603 2581 2582 0
2562 2540 2539 0
2593 2612 2591 0
2612 2614 2633 0
2554 2532 2533 0
2555 2554 2533 0
2568 2575 2553 0
2576 2568 2554 0
2576 2575 2568 0
2574 2575 2596 0
2595 2574 2596 0
2551 2545 2529 0
2573 2551 2552 0
2573 2572 2551 0
2529 2525 2506 0
2529 2545 2525 0
2530 2529 2507 0
2552 2551 2529 0
2574 2552 2553 0
2574 2573 2552 0
2547 2570 2548 0
2550 2547 2527 0
2550 2570 2547 0
2526 2550 2527 0
2572 2571 2550 0
2551 2572 2549 0
2594 2615 2613 0
2573 2594 2572 0
2573 2595 2594 0
2479 2459 2467 0
2506 2485 2486 0
2529 2506 2507 0
2525 2504 2506 0
2459 2437 2445 0
2486 2466 2479 0
2444 2437 2459 0
2485 2465 2466 0
2443 2436 2419 0
2494 2476 2495 0
2562 2584 2585 0
2561 2557 2579 0
2582 2561 2583 0
2581 2560 2561 0
2602 2578 2601 0
2561 2560 2557 0
2556 2578 2579 0
2623 2621 2602 0
2603 2582 2604 0
2580 2562 2558 0
2581 2580 2558 0
2603 2606 2584 0
2593 2614 2612 0
2622 2623 2601 0
2602 2601 2623 0
2583 2602 2600 0
2579 2578 2602 0
2575 2590 2596 0
2611 2631 2620 0
2589 2611 2599 0
2589 2588 2610 0
2629 2649 2651 0
2608 2629 2609 0
2627 2649 2629 0
2651 2631 2630 0
2641 2631 2640 0
2680 2659 2662 0
2620 2631 2641 0
2639 2619 2638 0
2599 2611 2620 0
2721 2719 2699 0
2789 2765 2768 0
2720 2717 2698 0
2718 2720 2697 0
2695 2718 2697 0
2719 2743 2718 0
2744 2741 2720 0
2613 2635 2614 0
2655 2656 2676 0
2655 2633 2656 0
2675 2673 2656 0
2667 2686 2665 0
2666 2667 2645 0
2666 2688 2667 0
2689 2688 2712 0
2675 2674 2697 0
2718 2695 2719 0
2673 2675 2696 0
2676 2673 2696 0
2676 2656 2673 0
2652 2653 2636 0
2674 2652 2657 0
2674 2653 2652 0
2696 2675 2697 0
2654 2635 2653 0
2656 2654 2675 0
2656 2635 2654 0
2689 2686 2667 0
2688 2689 2667 0
2712 2709 2689 0
2674 2677 2695 0
2636 2657 2652 0
2632 2636 2653 0
2616 2617 2636 0
2636 2637 2657 0
2635 2613 2615 0
2674 2654 2653 0
2634 2614 2635 0
2617 2597 2618 0
2596 2617 2616 0
2596 2597 2617 0
2639 2659 2660 0
2658 2639 2660 0
2618 2619 2639 0
2658 2678 2677 0
2637 2658 2657 0
2637 2618 2639 0
2701 2682 2692 0
2718 2743 2720 0
2677 2699 2695 0
2742 2743 2719 0
2722 2746 2745 0
2721 2722 2745 0
2700 2703 2722 0
2762 2765 2742 0
2745 2762 2742 0
2768 2765 2762 0
2453 2475 2473 0
2451 2453 2473 0
2452 2475 2453 0
2472 2490 2470 0
2516 2517 2493 0
2475 2496 2495 0
2513 2537 2516 0
2493 2513 2516 0
2514 2537 2513 0
2492 2514 2513 0
2491 2492 2472 0
2491 2514 2492 0
2512 2515 2536 0
2496 2521 2495 0
2474 2496 2475 0
2517 2521 2496 0
2539 2517 2516 0
2539 2540 2517 0
2540 2563 2543 0
2517 2540 2520 0
2535 2539 2516 0
2537 2535 2516 0
2559 2539 2535 0
2536 2538 2560 0
2514 2536 2537 0
2514 2512 2536 0
2558 2562 2539 0
2581 2558 2559 0
2581 2603 2580 0
2559 2558 2539 0
2584 2562 2580 0
2603 2584 2580 0
2606 2607 2584 0
2585 2563 2562 0
2563 2586 2565 0
2687 2709 2710 0
2711 2712 2688 0
2711 2734 2712 0
2696 2720 2698 0
2676 2696 2698 0
2697 2720 2696 0
2699 2719 2695 0
2678 2699 2677 0
2694 2700 2699 0
2743 2744 2720 0
2810 2789 2791 0
2814 2810 2791 0
2814 2813 2810 0
2766 2790 2788 0
2766 2765 2790 0
2741 2744 2764 0
2765 2789 2790 0
2744 2765 2766 0
2743 2742 2765 0
2709 2686 2689 0
2733 2730 2710 0
2712 2733 2709 0
2732 2755 2733 0
2779 2776 2755 0
2754 2730 2733 0
2778 2754 2753 0
2776 2778 2753 0
2755 2776 2753 0
2779 2801 2799 0
2777 2798 2797 0
2800 2777 2778 0
2800 2798 2777 0
2752 2774 2751 0
2775 2752 2754 0
2775 2774 2752 0
2684 2705 2706 0
2712 2732 2733 0
2706 2728 2716 0
2730 2754 2731 0
2709 2733 2710 0
2754 2752 2731 0
2774 2773 2751 0
2732 2734 2755 0
2753 2733 2755 0
2712 2734 2732 0
2744 2743 2765 0
2764 2744 2766 0
2741 2717 2720 0
2628 2607 2606 0
2650 2628 2648 0
2627 2607 2628 0
2865 2842 2841 0
2887 2864 2865 0
2904 2887 2912 0
2882 2864 2887 0
2882 2859 2864 0
2854 2838 2833 0
2854 2859 2838 0
2927 2950 2926 0
2883 2862 2860 0
2906 2884 2883 0
2884 2907 2885 0
2927 2912 2934 0
2926 2906 2904 0
2928 2926 2950 0
2928 2906 2926 0
2882 2887 2904 0
2975 2994 2995 0
2932 2933 2955 0
2912 2911 2934 0
2910 2933 2932 0
2909 2910 2932 0
2909 2921 2910 0
2911 2888 2909 0
2934 2911 2932 0
2912 2888 2911 0
2877 2852 2853 0
2909 2886 2898 0
2886 2863 2876 0
3040 3039 3019 0
3034 3033 3018 0
3039 3034 3018 0
3039 3056 3034 0
2967 2977 2954 0
2977 2955 2954 0
2979 2977 2967 0
2988 2979 2967 0
2999 2997 2979 0
2978 2955 2977 0
2943 2933 2921 0
2967 2954 2968 0
2969 2988 2968 0
2979 2997 2977 0
2955 2933 2954 0
2972 2956 2978 0
2935 2932 2955 0
2956 2935 2955 0
2934 2932 2935 0
2949 2934 2956 0
2975 2949 2972 0
2994 2975 2972 0
2974 2948 2975 0
2906 2928 2905 0
2975 2950 2949 0
2948 2928 2950 0
2932 2911 2909 0
2877 2876 2852 0
2878 2877 2869 0
2898 2876 2877 0
2899 2898 2877 0
2921 2909 2898 0
2969 2970 2990 0
2944 2945 2968 0
2944 2947 2945 0
3016 3037 3036 0
2995 3016 3015 0
3013 3033 3016 0
2908 2903 2902 0
2902 2903 2881 0
2885 2902 2880 0
2862 2885 2861 0
2884 2905 2907 0
2885 2908 2902 0
2700 2722 2721 0
2766 2788 2764 0
2814 2815 2837 0
2813 2814 2836 0
2791 2815 2814 0
2767 2791 2768 0
2767 2785 2791 0
2812 2788 2790 0
2678 2694 2699 0
2657 2658 2677 0
2658 2637 2639 0
2598 2618 2597 0
2693 2671 2672 0
2659 2638 2641 0
2607 2585 2584 0
2626 2628 2606 0
2627 2629 2608 0
2588 2566 2587 0
2631 2611 2630 0
2599 2598 2577 0
2555 2533 2544 0
2567 2555 2566 0
2588 2567 2566 0
2589 2577 2567 0
2546 2568 2553 0
2531 2546 2553 0
2531 2532 2546 0
2577 2576 2554 0
2567 2577 2555 0
2589 2599 2577 0
2598 2597 2576 0
2577 2598 2576 0
2599 2620 2619 0
2609 2629 2630 0
2608 2607 2627 0
2586 2608 2609 0
2586 2585 2608 0
2650 2670 2672 0
2628 2650 2627 0
2648 2670 2650 0
2649 2650 2672 0
2626 2648 2628 0
2625 2626 2606 0
2625 2646 2647 0
2647 2646 2668 0
2669 2647 2668 0
2626 2625 2647 0
2714 2716 2738 0
2693 2691 2715 0
2692 2693 2715 0
2672 2670 2693 0
2690 2706 2714 0
2669 2690 2691 0
2648 2669 2670 0
2648 2647 2669 0
2603 2625 2606 0
2665 2645 2667 0
2621 2623 2643 0
2621 2600 2602 0
2624 2621 2643 0
2624 2605 2621 0
2642 2624 2643 0
2664 2642 2643 0
2664 2685 2663 0
2646 2625 2624 0
2583 2579 2602 0
2622 2644 2623 0
2841 2851 2863 0
2865 2841 2863 0
2818 2804 2829 0
2819 2818 2842 0
2804 2783 2805 0
2760 2759 2784 0
2735 2739 2758 0
2737 2713 2738 0
2735 2737 2739 0
2724 2713 2737 0
2704 2701 2725 0
2737 2738 2759 0
2829 2805 2830 0
2841 2829 2851 0
2804 2805 2829 0
2793 2804 2818 0
2781 2783 2804 0
2758 2760 2781 0
2830 2852 2851 0
2807 2831 2805 0
2821 2820 2845 0
2831 2821 2844 0
2806 2820 2821 0
2842 2818 2841 0
2735 2748 2724 0
2737 2735 2724 0
2758 2748 2735 0
2760 2783 2781 0
2759 2760 2739 0
2784 2783 2760 0
2772 2786 2763 0
2771 2772 2748 0
2771 2794 2772 0
2748 2749 2725 0
2724 2748 2725 0
2758 2771 2748 0
2793 2771 2781 0
2804 2793 2781 0
2818 2819 2793 0
2772 2749 2748 0
2811 2809 2787 0
2819 2811 2794 0
2816 2792 2809 0
2817 2808 2792 0
2838 2839 2816 0
2832 2837 2815 0
2817 2792 2816 0
2769 2785 2767 0
2747 2726 2749 0
2740 2716 2728 0
2736 2759 2738 0
2750 2761 2740 0
2751 2750 2728 0
2773 2761 2750 0
2761 2784 2759 0
2795 2782 2773 0
2782 2807 2784 0
2781 2771 2758 0
2833 2816 2811 0
2671 2682 2661 0
2726 2704 2725 0
2749 2726 2725 0
2723 2703 2726 0
2703 2700 2681 0
2787 2786 2772 0
2794 2787 2772 0
2794 2811 2787 0
2793 2794 2771 0
2833 2838 2816 0
2819 2833 2811 0
2793 2819 2794 0
2842 2833 2819 0
2854 2864 2859 0
2842 2854 2833 0
2842 2864 2854 0
2770 2792 2769 0
2640 2631 2651 0
2671 2661 2651 0
2662 2641 2640 0
2702 2679 2683 0
2726 2702 2704 0
2660 2678 2658 0
2680 2660 2659 0
2681 2678 2660 0
2703 2681 2702 0
2726 2703 2702 0
2723 2722 2703 0
2694 2678 2681 0
2619 2618 2598 0
2599 2619 2598 0
2638 2659 2639 0
2620 2638 2619 0
2620 2641 2638 0
2679 2680 2662 0
2683 2679 2662 0
2702 2680 2679 0
2680 2681 2660 0
2641 2662 2659 0
2702 2681 2680 0
2750 2751 2773 0
2706 2705 2727 0
2714 2706 2716 0
2690 2684 2706 0
2663 2684 2668 0
2665 2687 2664 0
2705 2684 2685 0
2708 2727 2705 0
2730 2729 2710 0
2751 2727 2729 0
2727 2728 2706 0
2707 2687 2710 0
2729 2707 2710 0
2708 2687 2707 0
2727 2708 2729 0
2685 2687 2708 0
2751 2728 2727 0
2779 2756 2757 0
2731 2752 2751 0
2729 2731 2751 0
2729 2730 2731 0
2799 2801 2825 0
2778 2799 2800 0
2776 2779 2799 0
2796 2795 2774 0
2797 2796 2775 0
2777 2797 2775 0
2798 2822 2797 0
2822 2820 2796 0
2773 2774 2795 0
2761 2759 2740 0
2806 2807 2782 0
2760 2758 2739 0
2750 2740 2728 0
2782 2761 2773 0
2782 2784 2761 0
2604 2625 2603 0
2605 2604 2582 0
2605 2625 2604 0
2583 2605 2582 0
2600 2621 2605 0
2645 2643 2623 0
2644 2645 2623 0
2644 2666 2645 0
2626 2647 2648 0
2668 2684 2690 0
2669 2668 2690 0
2646 2663 2668 0
2605 2624 2625 0
2663 2685 2684 0
2642 2663 2646 0
2642 2664 2663 0
2665 2664 2643 0
2645 2665 2643 0
2686 2687 2665 0
2708 2707 2729 0
2664 2687 2685 0
2686 2709 2687 0
2705 2685 2708 0
2733 2753 2754 0
2642 2646 2624 0
2734 2756 2755 0
2813 2836 2812 0
2790 2813 2812 0
2790 2789 2813 0
2801 2780 2802 0
2825 2800 2799 0
2827 2825 2802 0
2824 2800 2825 0
2847 2824 2825 0
2847 2846 2824 0
2779 2780 2801 0
2812 2836 2835 0
2856 2837 2858 0
2836 2856 2857 0
2836 2834 2856 0
2835 2836 2857 0
2863 2851 2876 0
2888 2865 2886 0
2909 2888 2886 0
2912 2887 2888 0
2795 2806 2782 0
2775 2796 2774 0
2822 2845 2820 0
2843 2845 2822 0
2823 2843 2822 0
2867 2845 2843 0
2870 2867 2846 0
2890 2866 2867 0
2853 2852 2831 0
2844 2853 2831 0
2806 2821 2831 0
2866 2890 2868 0
2845 2866 2868 0
2845 2867 2866 0
2869 2877 2853 0
2878 2901 2899 0
2807 2783 2784 0
2831 2807 2806 0
2805 2783 2807 0
2830 2805 2831 0
2852 2830 2831 0
2851 2829 2830 0
2829 2841 2818 0
2865 2864 2842 0
2886 2865 2863 0
2888 2887 2865 0
2701 2724 2725 0
2661 2640 2651 0
2683 2661 2682 0
2662 2640 2661 0
2736 2716 2740 0
2759 2736 2740 0
2738 2716 2736 0
2739 2737 2759 0
2713 2715 2738 0
2701 2713 2724 0
2715 2714 2738 0
2692 2715 2713 0
2701 2692 2713 0
2671 2693 2692 0
2682 2671 2692 0
2704 2682 2701 0
2683 2662 2661 0
2704 2683 2682 0
2704 2702 2683 0
2693 2670 2691 0
2651 2672 2671 0
2649 2627 2650 0
2651 2649 2672 0
2651 2630 2629 0
2691 2690 2714 0
2715 2691 2714 0
2670 2669 2691 0
2815 2808 2817 0
2832 2815 2817 0
2840 2832 2817 0
2840 2837 2832 0
2810 2813 2789 0
2846 2823 2824 0
2756 2779 2755 0
2757 2780 2779 0
2827 2803 2826 0
2824 2823 2798 0
2780 2803 2802 0
2745 2768 2762 0
2745 2767 2768 0
2721 2745 2742 0
2719 2721 2742 0
2722 2723 2746 0
2699 2700 2721 0
2694 2681 2700 0
2746 2767 2745 0
2747 2746 2723 0
2726 2747 2723 0
2770 2786 2792 0
2749 2763 2747 0
2749 2772 2763 0
2785 2808 2791 0
2746 2769 2767 0
2792 2808 2785 0
2769 2792 2785 0
2747 2769 2746 0
2770 2763 2786 0
2747 2770 2769 0
2747 2763 2770 0
2809 2811 2816 0
2786 2809 2792 0
2786 2787 2809 0
2808 2815 2791 0
2880 2861 2885 0
2857 2856 2879 0
2837 2855 2858 0
2834 2837 2856 0
2814 2834 2836 0
2814 2837 2834 0
2855 2861 2858 0
2840 2855 2837 0
2840 2861 2855 0
2839 2840 2817 0
2816 2839 2817 0
2838 2859 2839 0
2860 2859 2883 0
2839 2860 2862 0
2839 2859 2860 0
2791 2789 2768 0
2827 2802 2803 0
2849 2827 2826 0
2849 2850 2828 0
2896 2918 2920 0
2875 2896 2897 0
2874 2894 2896 0
2872 2874 2849 0
2872 2894 2874 0
2879 2856 2858 0
2850 2849 2874 0
2896 2875 2874 0
2871 2847 2850 0
2883 2884 2862 0
2882 2883 2859 0
2882 2906 2883 0
2862 2861 2840 0
2839 2862 2840 0
2884 2885 2862 0
2881 2879 2858 0
2880 2881 2858 0
2861 2880 2858 0
2902 2881 2880 0
2940 2918 2917 0
2930 2952 2931 0
2908 2930 2931 0
2908 2907 2930 0
2903 2908 2925 0
2929 2928 2951 0
2885 2907 2908 0
2905 2928 2907 0
2943 2968 2954 0
2929 2951 2952 0
2907 2929 2930 0
2907 2928 2929 0
2927 2904 2912 0
2950 2927 2949 0
2926 2904 2927 0
2884 2906 2905 0
2882 2904 2906 0
2948 2951 2928 0
2919 2942 2920 0
2918 2919 2920 0
2941 2942 2919 0
2940 2941 2918 0
2940 2964 2941 0
2946 2936 2957 0
2958 2946 2957 0
2947 2923 2946 0
2900 2913 2923 0
2924 2901 2923 0
2891 2913 2900 0
2869 2891 2878 0
2890 2913 2891 0
2890 2889 2913 0
2916 2920 2939 0
2871 2850 2873 0
2894 2917 2918 0
2919 2918 2941 0
2895 2920 2916 0
2897 2896 2920 0
2895 2897 2920 0
2875 2850 2874 0
2895 2875 2897 0
2873 2850 2875 0
2778 2776 2799 0
2846 2843 2823 0
2820 2806 2795 0
2796 2820 2795 0
2845 2844 2821 0
3007 3005 2983 0
2984 3007 2985 0
3006 3028 3007 0
2868 2890 2891 0
2869 2868 2891 0
2844 2845 2868 0
2853 2868 2869 0
2870 2889 2867 0
2847 2870 2846 0
2871 2893 2870 0
2914 2937 2936 0
2889 2892 2913 0
2915 2937 2914 0
2943 2944 2968 0
2933 2943 2954 0
2922 2944 2943 0
2910 2921 2933 0
2901 2900 2923 0
2922 2901 2924 0
2878 2900 2901 0
2853 2844 2868 0
2947 2970 2945 0
2924 2923 2947 0
2944 2924 2947 0
2922 2899 2901 0
2957 2937 2959 0
2923 2936 2946 0
2913 2914 2936 0
3012 2997 3018 0
2956 2955 2978 0
2949 2956 2972 0
2934 2935 2956 0
3020 3010 3031 0
2978 2977 2997 0
3031 3011 3022 0
2999 2998 3020 0
2988 2989 3010 0
3010 2989 3011 0
2979 2988 2999 0
2967 2968 2988 0
2969 2945 2970 0
2988 2969 2989 0
2968 2945 2969 0
3039 3061 3062 0
3033 3034 3056 0
3040 3020 3041 0
3061 3040 3063 0
3019 3020 3040 0
2999 3019 2997 0
3040 3041 3063 0
2999 3020 3019 0
2998 2988 3010 0
3020 2998 3010 0
2999 2988 2998 0
3031 3053 3041 0
3011 3031 3010 0
3032 3053 3031 0
3053 3065 3041 0
2976 2992 2971 0
2995 2993 2973 0
2974 2995 2973 0
3016 3033 3037 0
2994 3013 3016 0
2994 2991 3012 0
3017 3035 3014 0
3015 3036 3017 0
2996 3015 3017 0
2995 2994 3016 0
3059 3056 3062 0
3037 3059 3060 0
3037 3056 3059 0
2952 2951 2976 0
2938 2939 2960 0
2895 2916 2915 0
2893 2895 2915 0
2873 2875 2895 0
2920 2942 2939 0
2964 2987 2966 0
2987 2986 3009 0
2965 2987 2984 0
2964 2986 2987 0
2876 2898 2886 0
2899 2921 2898 0
2878 2899 2877 0
2922 2921 2899 0
2922 2943 2921 0
2952 2953 2931 0
2925 2908 2931 0
2951 2973 2976 0
2930 2929 2952 0
2948 2974 2951 0
2951 2974 2973 0
2927 2934 2949 0
2950 2975 2948 0
3015 3016 3036 0
2985 3007 2983 0
2966 2987 2965 0
2942 2966 2965 0
2941 2964 2966 0
3028 3030 3051 0
3027 3007 3029 0
3006 3008 3028 0
3029 3007 3028 0
2984 2987 3006 0
2965 2984 2985 0
2962 2965 2985 0
2942 2941 2966 0
3008 3009 3030 0
2987 3008 3006 0
2987 3009 3008 0
2852 2876 2851 0
3044 3023 3024 0
3024 3023 3003 0
3025 3024 3003 0
3045 3044 3024 0
2970 2958 2981 0
3026 3027 3047 0
2983 3005 3004 0
2982 2983 3004 0
2963 2985 2983 0
2962 2939 2942 0
2963 2962 2985 0
2963 2960 2962 0
3026 3005 3027 0
2960 2963 2982 0
2937 2938 2959 0
2939 2962 2960 0
2962 2942 2965 0
2938 2916 2939 0
2915 2938 2937 0
2915 2916 2938 0
3006 3007 2984 0
3075 3050 3051 0
3097 3075 3076 0
3074 3096 3073 0
3097 3074 3075 0
3097 3096 3074 0
3005 3007 3027 0
3028 3051 3029 0
3096 3097 3117 0
3070 3073 3094 0
3049 3029 3050 0
2991 2978 2997 0
2972 2991 2994 0
2972 2978 2991 0
2995 2974 2975 0
2976 2973 2993 0
2992 2976 2996 0
2971 2953 2976 0
2976 2953 2952 0
2993 2996 2976 0
3015 2993 2995 0
3015 2996 2993 0
3038 3017 3036 0
3014 2996 3017 0
3014 2992 2996 0
3242 3221 3243 0
3247 3242 3263 0
3225 3221 3242 0
3226 3224 3246 0
3203 3201 3223 0
3215 3214 3237 0
3192 3215 3210 0
3193 3214 3215 0
3170 3192 3190 0
3169 3170 3190 0
3171 3172 3193 0
3149 3171 3170 0
3149 3150 3171 0
3212 3192 3210 0
3168 3169 3189 0
3188 3168 3189 0
3146 3148 3168 0
3164 3149 3170 0
3169 3164 3170 0
3147 3149 3164 0
3126 3128 3147 0
3216 3205 3227 0
3192 3171 3193 0
3172 3173 3191 0
3255 3274 3276 0
3235 3255 3233 0
3209 3211 3233 0
3234 3255 3235 0
3252 3274 3255 0
3293 3274 3272 0
3233 3254 3232 0
3167 3186 3165 0
3168 3188 3185 0
3208 3207 3187 0
3245 3226 3248 0
3184 3200 3206 0
3199 3204 3222 0
3228 3222 3245 0
3249 3228 3244 0
3206 3222 3228 0
3263 3266 3247 0
3268 3290 3288 0
3245 3248 3265 0
3267 3290 3268 0
3225 3247 3246 0
3267 3266 3289 0
3288 3307 3287 0
3248 3246 3267 0
3265 3248 3268 0
3226 3246 3248 0
3245 3222 3226 0
3264 3245 3265 0
3244 3228 3245 0
3224 3202 3203 0
3222 3204 3226 0
3199 3202 3204 0
3182 3181 3203 0
3180 3182 3202 0
3161 3160 3182 0
3181 3201 3203 0
3183 3173 3162 0
3216 3194 3205 0
3191 3173 3194 0
3179 3157 3158 0
3141 3121 3135 0
3156 3163 3141 0
3157 3156 3135 0
3178 3200 3184 0
3179 3178 3156 0
3179 3200 3178 0
3162 3151 3140 0
3205 3183 3184 0
3162 3140 3141 0
3115 3114 3136 0
3076 3051 3052 0
3091 3089 3067 0
3075 3073 3050 0
3117 3097 3118 0
3134 3138 3118 0
3131 3134 3118 0
3131 3153 3134 0
3098 3116 3094 0
3138 3119 3117 0
3137 3116 3119 0
3094 3116 3095 0
3030 3028 3008 0
3050 3029 3051 0
3076 3075 3051 0
3073 3049 3050 0
3021 3030 3009 0
3021 3042 3030 0
3058 3060 3081 0
3080 3058 3081 0
3038 3060 3058 0
3060 3036 3037 0
3081 3060 3083 0
3103 3081 3083 0
3080 3057 3058 0
3038 3036 3060 0
3035 3038 3057 0
3035 3017 3038 0
3085 3062 3061 0
3105 3085 3107 0
3101 3082 3085 0
3033 3056 3037 0
3018 2997 3019 0
3039 3018 3019 0
3033 3013 3018 0
3060 3059 3083 0
3067 3052 3066 0
3069 3092 3093 0
3068 3069 3093 0
3046 3071 3069 0
3098 3119 3116 0
3096 3098 3094 0
3096 3117 3098 0
3136 3135 3115 0
3137 3136 3116 0
3157 3179 3156 0
3137 3157 3136 0
3137 3158 3157 0
3054 3078 3053 0
3043 3054 3032 0
3055 3078 3054 0
3068 3055 3043 0
3079 3078 3055 0
3093 3079 3068 0
3046 3069 3068 0
3114 3115 3093 0
3100 3099 3079 0
3121 3100 3115 0
3140 3151 3130 0
3120 3140 3130 0
3099 3120 3110 0
3099 3100 3120 0
3121 3141 3140 0
2981 2990 2970 0
2980 3002 3003 0
2957 2980 2958 0
2982 3002 2980 0
3001 3011 2990 0
3023 3001 3000 0
3003 3023 3000 0
3044 3043 3023 0
3022 3032 3031 0
3023 3022 3001 0
3043 3032 3022 0
3000 3001 2990 0
3054 3053 3032 0
3093 3100 3079 0
3120 3121 3140 0
2922 2924 2944 0
2891 2900 2878 0
2913 2936 2923 0
2946 2958 2970 0
2937 2957 2936 0
2961 2982 2980 0
2957 2961 2980 0
2959 2982 2961 0
2990 2989 2969 0
3048 3025 3026 0
3025 3003 3002 0
3046 3045 3048 0
3023 3043 3022 0
3068 3044 3045 0
3068 3043 3044 0
2981 2958 2980 0
3000 2981 3003 0
3000 2990 2981 0
2947 2946 2970 0
2957 2959 2961 0
2938 2960 2959 0
3025 3004 3026 0
2981 2980 3003 0
2982 3004 3002 0
2960 2982 2959 0
2963 2983 2982 0
3011 2989 2990 0
3022 3011 3001 0
3055 3054 3043 0
3031 3041 3020 0
3068 3079 3055 0
3040 3061 3039 0
3064 3063 3041 0
3065 3064 3041 0
3086 3063 3064 0
3086 3084 3063 0
3104 3101 3105 0
3057 3038 3058 0
3082 3059 3062 0
3085 3082 3062 0
3101 3104 3082 0
3012 2991 2997 0
3013 3012 3018 0
3013 2994 3012 0
3084 3106 3107 0
2918 2896 2894 0
2893 2871 2873 0
2892 2889 2893 0
2915 2892 2893 0
2914 2913 2892 0
2890 2867 2889 0
2849 2826 2848 0
2872 2849 2848 0
2843 2846 2867 0
2775 2778 2777 0
2825 2801 2802 0
2798 2800 2824 0
2822 2798 2823 0
2822 2796 2797 0
2775 2754 2778 0
2827 2828 2825 0
2871 2870 2847 0
2893 2889 2870 0
2895 2893 2873 0
2915 2914 2892 0
2828 2847 2825 0
2849 2828 2827 0
2850 2847 2828 0
3052 3042 3066 0
3030 3052 3051 0
3030 3042 3052 0
3067 3066 3090 0
3102 3081 3103 0
3123 3122 3102 0
3103 3123 3102 0
3080 3081 3102 0
3104 3124 3123 0
3083 3104 3103 0
3083 3082 3104 0
3124 3144 3123 0
3103 3104 3123 0
3059 3082 3083 0
3039 3062 3056 0
3084 3086 3106 0
3061 3084 3085 0
3061 3063 3084 0
3105 3124 3104 0
3085 3105 3101 0
3107 3127 3125 0
3084 3107 3085 0
3108 3106 3086 0
3142 3147 3148 0
3127 3142 3148 0
3126 3147 3142 0
3108 3126 3106 0
3108 3128 3126 0
3106 3126 3127 0
3148 3147 3169 0
3125 3127 3146 0
3145 3125 3146 0
3145 3124 3125 0
3107 3106 3127 0
3152 3154 3132 0
3052 3067 3076 0
3091 3112 3113 0
3122 3123 3144 0
3133 3113 3132 0
3154 3133 3132 0
3154 3153 3133 0
3091 3067 3090 0
3112 3091 3090 0
3111 3118 3097 0
3113 3111 3091 0
3113 3133 3131 0
3131 3118 3111 0
3113 3131 3111 0
3153 3155 3134 0
3176 3153 3154 0
3155 3138 3134 0
3182 3160 3181 0
3138 3117 3118 0
3161 3138 3160 0
3161 3139 3138 0
3203 3202 3182 0
3158 3137 3139 0
3161 3158 3139 0
3180 3179 3158 0
3114 3116 3136 0
3100 3093 3115 0
3095 3116 3114 0
3092 3095 3114 0
3093 3092 3114 0
3069 3071 3092 0
3045 3046 3068 0
3071 3095 3092 0
3048 3071 3046 0
3072 3070 3094 0
3048 3072 3071 0
3048 3047 3072 0
3071 3072 3095 0
3072 3094 3095 0
3047 3070 3072 0
3026 3047 3048 0
3025 3002 3004 0
3045 3025 3048 0
3045 3024 3025 0
3004 3005 3026 0
3027 3049 3047 0
3049 3073 3070 0
3047 3049 3070 0
3027 3029 3049 0
3098 3117 3119 0
3073 3096 3094 0
3073 3075 3074 0
3139 3137 3119 0
3138 3139 3119 0
3161 3180 3158 0
3200 3199 3222 0
3163 3178 3184 0
3179 3199 3200 0
3136 3157 3135 0
3180 3199 3179 0
3144 3165 3143 0
3122 3144 3143 0
3169 3147 3164 0
3189 3169 3190 0
3142 3127 3126 0
3168 3148 3169 0
3146 3127 3148 0
3185 3187 3166 0
3146 3168 3166 0
3188 3187 3185 0
3209 3188 3189 0
3208 3187 3188 0
3125 3105 3107 0
3345 3346 3323 0
3089 3111 3097 0
3076 3089 3097 0
3076 3067 3089 0
3132 3113 3112 0
3133 3153 3131 0
3174 3154 3152 0
3176 3177 3155 0
3175 3154 3174 0
3198 3201 3181 0
3197 3198 3177 0
3196 3197 3176 0
3219 3220 3197 0
3197 3220 3198 0
3218 3219 3197 0
3217 3218 3196 0
3239 3241 3218 0
3220 3221 3201 0
3241 3220 3219 0
3243 3221 3220 0
3155 3160 3138 0
3176 3155 3153 0
3159 3160 3155 0
3177 3159 3155 0
3177 3181 3159 0
3167 3165 3144 0
3175 3196 3176 0
3154 3175 3176 0
3174 3195 3175 0
3167 3187 3186 0
3145 3167 3144 0
3166 3187 3167 0
3145 3166 3167 0
3124 3145 3144 0
3124 3105 3125 0
3166 3168 3185 0
3341 3319 3320 0
3358 3341 3364 0
3335 3319 3341 0
3359 3337 3336 0
3292 3277 3298 0
3207 3208 3229 0
3163 3162 3141 0
3231 3252 3234 0
3121 3115 3135 0
3099 3078 3079 0
3121 3120 3100 0
3110 3109 3088 0
3173 3172 3151 0
3110 3088 3099 0
3077 3053 3078 0
3099 3077 3078 0
3087 3108 3086 0
3077 3087 3065 0
3109 3108 3087 0
3065 3087 3086 0
3129 3109 3110 0
3129 3149 3128 0
3130 3129 3110 0
3120 3130 3110 0
3151 3150 3130 0
3128 3108 3109 0
3129 3128 3109 0
3149 3147 3128 0
3251 3271 3272 0
3231 3251 3252 0
3231 3237 3251 0
3212 3210 3234 0
3212 3190 3192 0
3235 3212 3234 0
3211 3190 3212 0
3173 3151 3162 0
3183 3194 3173 0
3163 3183 3162 0
3205 3194 3183 0
3172 3150 3151 0
3193 3172 3191 0
3150 3129 3130 0
3171 3150 3172 0
3149 3129 3150 0
3257 3236 3238 0
3146 3166 3145 0
3211 3235 3233 0
3190 3211 3189 0
3212 3235 3211 0
3207 3186 3187 0
3065 3053 3077 0
3088 3087 3077 0
3099 3088 3077 0
3109 3087 3088 0
3086 3064 3065 0
3195 3196 3175 0
3196 3195 3217 0
3230 3250 3229 0
3188 3209 3208 0
3234 3252 3255 0
3232 3209 3233 0
3208 3230 3229 0
3208 3209 3230 0
3239 3217 3240 0
3259 3239 3240 0
3282 3281 3260 0
3261 3241 3259 0
3254 3270 3250 0
3232 3254 3250 0
3230 3232 3250 0
3230 3209 3232 0
3189 3211 3209 0
3253 3254 3233 0
3255 3253 3233 0
3276 3254 3253 0
3276 3275 3254 0
3255 3276 3253 0
3272 3274 3252 0
3251 3272 3252 0
3271 3292 3293 0
3294 3296 3274 0
3275 3273 3254 0
3297 3275 3276 0
3297 3295 3275 0
3301 3302 3282 0
3270 3254 3273 0
3297 3317 3316 0
3273 3275 3295 0
3335 3318 3319 0
3340 3335 3358 0
3340 3318 3335 0
3359 3340 3363 0
3334 3318 3340 0
3357 3336 3334 0
3359 3357 3340 0
3359 3336 3357 0
3381 3359 3363 0
3385 3381 3363 0
3402 3405 3381 0
3359 3360 3337 0
3313 3293 3292 0
3276 3274 3296 0
3312 3298 3318 0
3312 3292 3298 0
3334 3312 3318 0
3313 3292 3312 0
3314 3315 3294 0
3340 3357 3334 0
3337 3315 3336 0
3293 3272 3271 0
3314 3293 3313 0
3294 3274 3293 0
3271 3277 3292 0
3281 3285 3261 0
3260 3281 3259 0
3282 3302 3281 0
3206 3205 3184 0
3163 3156 3178 0
3183 3163 3184 0
3141 3135 3156 0
3300 3291 3311 0
3320 3300 3321 0
3299 3280 3300 0
3257 3258 3278 0
3278 3258 3279 0
3256 3237 3257 0
3271 3256 3277 0
3271 3251 3256 0
3213 3191 3194 0
3216 3213 3194 0
3216 3236 3213 0
3238 3236 3216 0
3237 3231 3215 0
3277 3256 3257 0
3171 3192 3170 0
3214 3193 3191 0
3213 3214 3191 0
3236 3237 3214 0
3215 3192 3193 0
3231 3210 3215 0
3231 3234 3210 0
3264 3244 3245 0
3269 3264 3287 0
3269 3249 3264 0
3238 3249 3258 0
3257 3238 3258 0
3216 3227 3238 0
3227 3228 3249 0
3264 3249 3244 0
3291 3269 3287 0
3279 3258 3269 0
3224 3204 3202 0
3223 3224 3203 0
3226 3204 3224 0
3206 3200 3222 0
3246 3224 3223 0
3180 3202 3199 0
3180 3161 3182 0
3269 3291 3279 0
3265 3287 3264 0
3265 3288 3287 0
3268 3288 3265 0
3266 3283 3289 0
3309 3331 3310 0
3367 3365 3388 0
3364 3367 3386 0
3364 3365 3367 0
3358 3364 3380 0
3358 3335 3341 0
3299 3320 3319 0
3321 3343 3342 0
3311 3321 3300 0
3307 3311 3291 0
3307 3328 3311 0
3311 3333 3321 0
3259 3240 3260 0
3243 3241 3261 0
3263 3243 3262 0
3286 3263 3262 0
3225 3246 3223 0
3221 3225 3223 0
3247 3267 3246 0
3242 3247 3225 0
3266 3267 3247 0
3220 3201 3198 0
3218 3217 3239 0
3327 3350 3351 0
3302 3324 3305 0
3344 3350 3327 0
3305 3324 3322 0
3345 3347 3369 0
3089 3091 3111 0
3241 3243 3220 0
3218 3241 3219 0
3239 3259 3241 0
3308 3329 3307 0
3290 3308 3288 0
3310 3329 3308 0
3289 3310 3290 0
3331 3329 3310 0
3333 3311 3328 0
3352 3333 3328 0
3355 3343 3333 0
3291 3287 3307 0
3298 3278 3299 0
3278 3277 3257 0
3280 3278 3279 0
3300 3280 3279 0
3299 3278 3280 0
3298 3277 3278 0
3318 3298 3319 0
3312 3334 3313 0
3256 3251 3237 0
3227 3206 3228 0
3268 3248 3267 0
3201 3221 3223 0
3177 3198 3181 0
3160 3159 3181 0
3176 3197 3177 0
3197 3196 3218 0
3243 3263 3242 0
3325 3327 3351 0
3449 3450 3470 0
3430 3449 3454 0
3453 3430 3454 0
3407 3408 3430 0
3425 3426 3449 0
3402 3385 3407 0
3410 3403 3386 0
3411 3410 3389 0
3426 3403 3410 0
3449 3426 3450 0
3410 3386 3389 0
3380 3386 3403 0
3385 3380 3403 0
3407 3385 3408 0
3402 3381 3385 0
3364 3341 3342 0
3379 3358 3380 0
3385 3379 3380 0
3363 3358 3379 0
3363 3340 3358 0
3365 3366 3388 0
3433 3424 3447 0
3450 3432 3455 0
3411 3409 3431 0
3432 3426 3410 0
3408 3403 3426 0
3408 3385 3403 0
3409 3399 3421 0
3389 3388 3411 0
3432 3410 3411 0
3386 3388 3389 0
3366 3355 3377 0
3388 3366 3387 0
3411 3388 3387 0
3386 3367 3388 0
3365 3342 3343 0
3420 3400 3422 0
3419 3420 3441 0
3419 3397 3398 0
3378 3376 3356 0
3419 3398 3420 0
3397 3376 3398 0
3387 3366 3377 0
3352 3354 3375 0
3378 3372 3394 0
3398 3378 3400 0
3356 3372 3378 0
3354 3353 3376 0
3353 3348 3356 0
3310 3308 3290 0
3326 3351 3349 0
3432 3431 3455 0
3426 3432 3450 0
3411 3431 3432 0
3409 3424 3431 0
3419 3421 3399 0
3441 3443 3421 0
3477 3501 3499 0
3469 3477 3493 0
3456 3468 3476 0
3431 3433 3455 0
3468 3492 3476 0
3441 3463 3443 0
3515 3510 3534 0
3518 3499 3524 0
3497 3518 3522 0
3493 3499 3518 0
3317 3339 3338 0
3296 3317 3297 0
3276 3296 3297 0
3314 3313 3334 0
3315 3314 3336 0
3294 3293 3314 0
3315 3337 3317 0
3296 3315 3317 0
3296 3294 3315 0
3334 3336 3314 0
3360 3362 3339 0
3382 3360 3359 0
3382 3362 3360 0
3339 3317 3337 0
3316 3317 3338 0
3316 3295 3297 0
3433 3431 3424 0
3456 3433 3447 0
3456 3455 3433 0
3227 3205 3206 0
3249 3269 3258 0
3236 3257 3237 0
3214 3213 3236 0
3227 3249 3238 0
3324 3344 3322 0
3369 3346 3345 0
3369 3368 3346 0
3370 3369 3347 0
3390 3368 3369 0
3368 3350 3344 0
3346 3368 3344 0
3390 3395 3373 0
3338 3339 3361 0
3360 3339 3337 0
3384 3362 3382 0
3384 3383 3362 0
3391 3370 3392 0
3369 3391 3390 0
3369 3370 3391 0
3412 3391 3392 0
3415 3412 3392 0
3413 3391 3412 0
3415 3434 3412 0
3327 3325 3306 0
3305 3327 3304 0
3322 3344 3327 0
3373 3396 3374 0
3413 3395 3390 0
3418 3396 3395 0
3286 3303 3283 0
3261 3285 3284 0
3306 3325 3326 0
3304 3306 3286 0
3304 3327 3306 0
3284 3304 3286 0
3262 3284 3286 0
3262 3261 3284 0
3305 3322 3327 0
3286 3306 3303 0
3285 3305 3304 0
3284 3285 3304 0
3261 3259 3281 0
3324 3323 3346 0
3344 3324 3346 0
3302 3323 3324 0
3285 3302 3305 0
3243 3261 3262 0
3285 3281 3302 0
3301 3323 3302 0
3349 3371 3372 0
3373 3395 3396 0
3368 3373 3350 0
3368 3390 3373 0
3376 3378 3398 0
3348 3372 3356 0
3330 3348 3353 0
3331 3330 3353 0
3309 3326 3330 0
3349 3372 3348 0
3326 3325 3351 0
3330 3326 3348 0
3309 3303 3326 0
3374 3396 3393 0
3351 3374 3349 0
3351 3350 3374 0
3393 3394 3372 0
3416 3393 3396 0
3439 3416 3418 0
3439 3423 3416 0
3401 3400 3394 0
3444 3422 3423 0
3444 3442 3422 0
3444 3446 3442 0
3487 3464 3486 0
3443 3424 3421 0
3486 3464 3463 0
3447 3424 3443 0
3464 3447 3443 0
3468 3456 3447 0
3420 3398 3400 0
3421 3419 3441 0
3397 3375 3376 0
3399 3397 3419 0
3399 3377 3397 0
3332 3352 3329 0
3356 3376 3353 0
3376 3375 3354 0
3286 3266 3263 0
3326 3303 3306 0
3283 3266 3286 0
3309 3289 3303 0
3289 3290 3267 0
3303 3289 3283 0
3309 3310 3289 0
3349 3348 3326 0
3333 3352 3355 0
3329 3328 3307 0
3329 3352 3328 0
3288 3308 3307 0
3332 3353 3354 0
3352 3332 3354 0
3331 3353 3332 0
3330 3331 3309 0
3331 3332 3329 0
3405 3402 3407 0
3429 3405 3428 0
3404 3384 3405 0
3361 3339 3362 0
3405 3407 3428 0
3359 3381 3382 0
3363 3379 3385 0
3299 3319 3298 0
3291 3300 3279 0
3320 3342 3341 0
3300 3320 3299 0
3321 3342 3320 0
3343 3366 3365 0
3333 3343 3321 0
3355 3366 3343 0
3375 3355 3352 0
3377 3399 3387 0
3375 3377 3355 0
3375 3397 3377 0
3425 3449 3430 0
3408 3425 3430 0
3408 3426 3425 0
3409 3421 3424 0
3387 3409 3411 0
3387 3399 3409 0
3471 3493 3494 0
3386 3380 3364 0
3453 3448 3430 0
3452 3473 3451 0
3428 3452 3429 0
3448 3453 3452 0
3430 3448 3428 0
3453 3473 3452 0
3384 3406 3383 0
3361 3362 3383 0
3404 3429 3406 0
3382 3405 3384 0
3382 3381 3405 0
3438 3460 3459 0
3477 3455 3456 0
3499 3493 3477 0
3525 3519 3501 0
3524 3522 3518 0
3470 3454 3449 0
3494 3497 3475 0
3522 3523 3498 0
3474 3453 3454 0
3475 3474 3454 0
3498 3496 3474 0
3451 3427 3452 0
3452 3427 3429 0
3365 3364 3342 0
3434 3415 3438 0
3457 3434 3437 0
3436 3414 3435 0
3440 3436 3458 0
3440 3418 3417 0
3413 3412 3435 0
3435 3412 3434 0
3437 3434 3438 0
3459 3437 3438 0
3459 3478 3457 0
3481 3482 3460 0
3478 3479 3458 0
3482 3478 3459 0
3480 3502 3478 0
3404 3406 3384 0
3405 3429 3404 0
3430 3428 3407 0
3448 3452 3428 0
3427 3406 3429 0
3496 3520 3495 0
3474 3475 3498 0
3521 3542 3541 0
3498 3521 3496 0
3498 3523 3521 0
3473 3474 3496 0
3497 3522 3498 0
3494 3493 3518 0
3497 3494 3518 0
3470 3471 3494 0
3475 3470 3494 0
3498 3475 3497 0
3454 3470 3475 0
3469 3455 3477 0
3471 3469 3493 0
3471 3455 3469 0
3450 3471 3470 0
3450 3455 3471 0
3542 3543 3564 0
3545 3546 3523 0
3524 3545 3522 0
3524 3547 3545 0
3569 3547 3568 0
3546 3569 3565 0
3545 3547 3569 0
3371 3393 3372 0
3374 3371 3349 0
3374 3393 3371 0
3350 3373 3374 0
3418 3416 3396 0
3414 3418 3395 0
3413 3414 3395 0
3413 3435 3414 0
3391 3413 3390 0
3435 3457 3436 0
3416 3423 3401 0
3440 3439 3418 0
3417 3436 3440 0
3414 3417 3418 0
3414 3436 3417 0
3462 3479 3484 0
3484 3479 3502 0
3483 3484 3507 0
3483 3462 3484 0
3527 3503 3504 0
3532 3527 3509 0
3532 3549 3527 0
3571 3549 3550 0
3526 3502 3503 0
3479 3478 3502 0
3482 3504 3503 0
3394 3400 3378 0
3416 3394 3393 0
3401 3422 3400 0
3416 3401 3394 0
3423 3422 3401 0
3467 3488 3490 0
3440 3462 3461 0
3505 3502 3526 0
3529 3505 3526 0
3507 3502 3505 0
3489 3483 3506 0
3484 3502 3507 0
3457 3437 3459 0
3458 3457 3478 0
3435 3434 3457 0
3511 3506 3528 0
3513 3511 3535 0
3513 3489 3511 0
3488 3489 3512 0
3466 3483 3489 0
3446 3467 3463 0
3441 3442 3463 0
3444 3465 3446 0
3485 3504 3481 0
3473 3453 3474 0
3472 3473 3496 0
3472 3451 3473 0
3495 3472 3496 0
3530 3531 3508 0
3532 3550 3549 0
3526 3527 3549 0
3531 3556 3532 0
3496 3521 3520 0
3543 3546 3565 0
3564 3543 3566 0
3542 3523 3543 0
3520 3521 3541 0
3523 3546 3543 0
3521 3523 3542 0
3522 3545 3523 0
3519 3524 3499 0
3501 3519 3499 0
3540 3547 3524 0
3525 3540 3519 0
3525 3548 3544 0
3589 3588 3610 0
3531 3509 3508 0
3555 3531 3530 0
3556 3578 3579 0
3550 3532 3557 0
3555 3577 3556 0
3542 3564 3541 0
3628 3605 3620 0
3646 3628 3649 0
3646 3626 3628 0
3627 3626 3648 0
3602 3580 3581 0
3603 3602 3626 0
3603 3582 3602 0
3563 3548 3539 0
3560 3536 3535 0
3574 3560 3553 0
3574 3581 3560 0
3510 3514 3534 0
3445 3423 3439 0
3465 3445 3466 0
3444 3423 3445 0
3465 3467 3446 0
3489 3488 3466 0
3512 3490 3488 0
3442 3441 3420 0
3422 3442 3420 0
3446 3463 3442 0
3512 3513 3536 0
3465 3444 3445 0
3488 3465 3466 0
3488 3467 3465 0
3486 3467 3490 0
3486 3463 3467 0
3445 3439 3461 0
3558 3536 3560 0
3490 3512 3514 0
3601 3579 3578 0
3640 3618 3624 0
3618 3617 3595 0
3461 3466 3445 0
3440 3461 3439 0
3483 3466 3461 0
3462 3483 3461 0
3458 3462 3440 0
3458 3479 3462 0
3507 3506 3483 0
3529 3528 3506 0
3480 3503 3502 0
3552 3571 3572 0
3549 3552 3529 0
3549 3571 3552 0
3513 3512 3489 0
3506 3511 3489 0
3535 3536 3513 0
3661 3640 3645 0
3663 3642 3640 0
3713 3736 3737 0
3712 3713 3737 0
3714 3712 3737 0
3714 3686 3712 0
3712 3685 3713 0
3646 3649 3668 0
3648 3646 3668 0
3626 3605 3628 0
3665 3688 3671 0
3710 3734 3719 0
3695 3710 3719 0
3688 3714 3710 0
3661 3662 3686 0
3713 3711 3735 0
3685 3662 3684 0
3713 3685 3711 0
3686 3662 3685 0
3687 3686 3714 0
3663 3661 3686 0
3661 3645 3662 0
3741 3762 3740 0
3745 3762 3766 0
3747 3745 3766 0
3740 3762 3745 0
3577 3555 3576 0
3598 3577 3576 0
3578 3556 3577 0
3600 3601 3578 0
3644 3622 3621 0
3624 3601 3600 0
3579 3557 3556 0
3554 3555 3530 0
3554 3576 3555 0
3599 3598 3621 0
3622 3599 3621 0
3577 3598 3599 0
3476 3501 3477 0
3456 3476 3477 0
3492 3500 3476 0
3539 3548 3525 0
3517 3539 3525 0
3500 3517 3525 0
3500 3516 3517 0
3562 3563 3539 0
3492 3491 3516 0
3533 3534 3514 0
3536 3533 3514 0
3558 3534 3533 0
3536 3558 3533 0
3512 3536 3514 0
3535 3553 3560 0
3581 3580 3559 0
3562 3582 3583 0
3558 3581 3559 0
3585 3605 3602 0
3581 3585 3602 0
3581 3597 3585 0
3593 3604 3615 0
3570 3584 3592 0
3583 3604 3584 0
3561 3582 3562 0
3603 3604 3583 0
3605 3626 3602 0
3563 3570 3548 0
3583 3563 3562 0
3583 3584 3563 0
3607 3586 3592 0
3500 3525 3501 0
3476 3500 3501 0
3464 3487 3468 0
3447 3464 3468 0
3443 3463 3464 0
3510 3490 3514 0
3491 3487 3510 0
3516 3491 3515 0
3492 3487 3491 0
3486 3490 3510 0
3516 3537 3517 0
3492 3516 3500 0
3515 3538 3516 0
3567 3548 3570 0
3567 3544 3548 0
3544 3568 3547 0
3525 3544 3540 0
3567 3568 3544 0
3636 3613 3614 0
3658 3636 3655 0
3637 3613 3636 0
3566 3587 3564 0
3565 3569 3588 0
3519 3540 3524 0
3568 3591 3569 0
3540 3544 3547 0
3567 3586 3590 0
3589 3609 3587 0
3593 3615 3614 0
3592 3593 3614 0
3584 3604 3593 0
3621 3606 3630 0
3629 3621 3630 0
3651 3629 3630 0
3623 3645 3624 0
3651 3644 3629 0
3651 3673 3666 0
3577 3599 3578 0
3782 3760 3759 0
3694 3692 3669 0
3717 3694 3691 0
3740 3722 3718 0
3745 3722 3740 0
3747 3723 3722 0
3685 3712 3686 0
3760 3737 3736 0
3734 3714 3737 0
3611 3634 3633 0
3587 3566 3589 0
3590 3568 3567 0
3608 3590 3586 0
3612 3591 3590 0
3631 3632 3608 0
3565 3566 3543 0
3612 3610 3591 0
3589 3566 3588 0
3609 3589 3611 0
3569 3546 3545 0
3591 3588 3569 0
3588 3566 3565 0
3656 3674 3677 0
3675 3656 3677 0
3634 3635 3656 0
3609 3611 3633 0
3610 3612 3635 0
3611 3610 3635 0
3611 3589 3610 0
3623 3624 3622 0
3644 3623 3622 0
3644 3645 3623 0
3538 3534 3559 0
3562 3537 3538 0
3487 3486 3510 0
3515 3491 3510 0
3492 3468 3487 0
3559 3534 3558 0
3561 3559 3580 0
3561 3538 3559 0
3582 3561 3580 0
3602 3582 3580 0
3603 3583 3582 0
3538 3515 3534 0
3562 3538 3561 0
3537 3539 3517 0
3538 3537 3516 0
3562 3539 3537 0
3670 3647 3648 0
3654 3656 3675 0
3680 3676 3701 0
3705 3680 3706 0
3699 3678 3680 0
3680 3678 3658 0
3632 3631 3652 0
3636 3614 3638 0
3631 3613 3637 0
3652 3631 3637 0
3608 3607 3631 0
3607 3592 3613 0
3631 3607 3613 0
3608 3586 3607 0
3638 3659 3655 0
3704 3705 3727 0
3657 3678 3679 0
3653 3657 3674 0
3704 3699 3705 0
3728 3704 3727 0
3725 3703 3704 0
3637 3658 3657 0
3658 3655 3676 0
3657 3658 3678 0
3637 3636 3658 0
3680 3658 3676 0
3654 3634 3656 0
3630 3650 3651 0
3715 3690 3716 0
3553 3551 3572 0
3597 3574 3575 0
3535 3551 3553 0
3621 3598 3606 0
3504 3485 3508 0
3503 3480 3482 0
3509 3527 3504 0
3508 3509 3504 0
3531 3532 3509 0
3505 3529 3507 0
3527 3526 3503 0
3549 3529 3526 0
3529 3506 3507 0
3535 3528 3551 0
3535 3511 3528 0
3457 3458 3436 0
3482 3459 3460 0
3504 3482 3481 0
3480 3478 3482 0
3629 3644 3621 0
3672 3651 3650 0
3666 3645 3644 0
3651 3666 3644 0
3689 3690 3667 0
3673 3689 3666 0
3672 3673 3651 0
3672 3697 3673 0
3722 3745 3747 0
3616 3596 3617 0
3641 3616 3617 0
3641 3620 3616 0
3643 3620 3641 0
3664 3643 3641 0
3665 3649 3643 0
3605 3597 3620 0
3782 3759 3780 0
3758 3760 3781 0
3758 3734 3737 0
3886 3910 3885 0
3862 3863 3885 0
3888 3912 3911 0
3886 3865 3888 0
3841 3842 3863 0
3844 3821 3839 0
3836 3858 3857 0
3800 3812 3822 0
3815 3838 3836 0
3868 3880 3892 0
3884 3868 3892 0
3884 3861 3868 0
3816 3822 3839 0
3857 3880 3868 0
3835 3857 3845 0
3822 3835 3845 0
3812 3836 3835 0
3858 3880 3857 0
3959 3938 3963 0
3914 3936 3938 0
3867 3890 3889 0
3864 3844 3867 0
3866 3864 3887 0
3866 3844 3864 0
3861 3884 3867 0
3913 3937 3914 0
3890 3913 3914 0
3890 3884 3909 0
3937 3939 3961 0
3914 3937 3936 0
3915 3939 3937 0
3731 3708 3732 0
3753 3730 3731 0
3701 3683 3708 0
3676 3683 3701 0
3705 3699 3680 0
3639 3615 3625 0
3657 3652 3637 0
3614 3615 3638 0
3669 3670 3694 0
3681 3669 3692 0
3707 3681 3692 0
3683 3659 3660 0
3647 3670 3669 0
3671 3695 3691 0
3668 3671 3691 0
3665 3664 3687 0
3649 3665 3671 0
3649 3628 3643 0
3670 3668 3691 0
3628 3620 3643 0
3640 3642 3618 0
3664 3642 3663 0
3664 3641 3642 0
3687 3664 3663 0
3686 3687 3663 0
3688 3695 3671 0
3714 3688 3687 0
3714 3734 3710 0
3687 3688 3665 0
3627 3603 3626 0
3625 3627 3648 0
3604 3603 3627 0
3625 3604 3627 0
3584 3570 3563 0
3645 3640 3624 0
3663 3640 3661 0
3642 3619 3618 0
3641 3619 3642 0
3665 3643 3664 0
3620 3596 3616 0
3597 3596 3620 0
3585 3597 3605 0
3574 3553 3575 0
3581 3574 3597 0
3581 3558 3560 0
3618 3595 3601 0
3624 3618 3601 0
3619 3617 3618 0
3641 3617 3619 0
3595 3579 3601 0
3594 3595 3617 0
3573 3557 3579 0
3594 3573 3595 0
3552 3551 3529 0
3594 3572 3571 0
3575 3553 3572 0
3594 3575 3572 0
3594 3596 3575 0
3597 3575 3596 0
3571 3550 3557 0
3594 3571 3573 0
3572 3551 3552 0
3600 3622 3624 0
3599 3600 3578 0
3599 3622 3600 0
3596 3594 3617 0
3556 3531 3555 0
3556 3557 3532 0
3595 3573 3579 0
3573 3571 3557 0
3551 3528 3529 0
3690 3689 3716 0
3685 3684 3711 0
3662 3645 3667 0
3746 3747 3768 0
3707 3698 3709 0
3693 3692 3718 0
3698 3693 3718 0
3698 3707 3693 0
3668 3649 3671 0
3648 3668 3670 0
3648 3626 3646 0
3741 3734 3758 0
3762 3741 3758 0
3740 3717 3719 0
3718 3694 3717 0
3698 3718 3722 0
3692 3694 3718 0
3710 3695 3688 0
3740 3719 3741 0
3717 3695 3719 0
3634 3654 3633 0
3677 3703 3702 0
3733 3732 3709 0
3776 3755 3756 0
3776 3754 3755 0
3677 3674 3679 0
3700 3677 3702 0
3700 3675 3677 0
3653 3674 3656 0
3635 3653 3656 0
3635 3652 3653 0
3653 3652 3657 0
3611 3635 3634 0
3632 3652 3635 0
3612 3632 3635 0
3612 3608 3632 0
3588 3591 3610 0
3591 3568 3590 0
3590 3608 3612 0
3570 3586 3567 0
3570 3592 3586 0
3592 3614 3613 0
3655 3636 3638 0
3836 3838 3858 0
3812 3789 3813 0
3813 3791 3815 0
3789 3788 3813 0
3800 3789 3812 0
3777 3788 3789 0
3777 3767 3788 0
3800 3777 3789 0
3767 3768 3791 0
3756 3767 3777 0
3756 3733 3746 0
3768 3766 3790 0
3746 3768 3767 0
3717 3691 3695 0
3734 3741 3719 0
3740 3718 3717 0
3766 3768 3747 0
3766 3784 3790 0
3802 3803 3782 0
3720 3696 3697 0
3721 3720 3697 0
3703 3726 3702 0
3679 3703 3677 0
3657 3679 3674 0
3678 3699 3704 0
3728 3749 3726 0
3725 3704 3728 0
3750 3751 3770 0
3727 3748 3750 0
3704 3679 3678 0
3726 3725 3728 0
3703 3679 3704 0
3705 3729 3727 0
3727 3729 3748 0
3729 3751 3748 0
3753 3752 3729 0
3701 3724 3706 0
3680 3701 3706 0
3708 3707 3732 0
3701 3708 3724 0
3683 3682 3708 0
3773 3752 3753 0
3752 3772 3771 0
3725 3726 3703 0
3727 3750 3728 0
3786 3765 3787 0
3778 3761 3783 0
3801 3778 3783 0
3779 3761 3778 0
3802 3779 3801 0
3757 3761 3779 0
3739 3720 3744 0
3716 3739 3738 0
3744 3721 3742 0
3716 3720 3739 0
3696 3673 3697 0
3716 3696 3720 0
3716 3689 3696 0
3786 3764 3765 0
3810 3786 3787 0
3806 3805 3801 0
3809 3806 3786 0
3827 3826 3806 0
3694 3670 3691 0
3693 3707 3692 0
3723 3698 3722 0
3723 3709 3698 0
3732 3707 3709 0
3708 3731 3724 0
3733 3755 3732 0
3723 3733 3709 0
3756 3755 3733 0
3754 3773 3753 0
3755 3754 3732 0
3776 3775 3754 0
3731 3730 3724 0
3682 3681 3707 0
3708 3682 3707 0
3683 3681 3682 0
3660 3659 3639 0
3647 3660 3639 0
3681 3683 3660 0
3639 3638 3615 0
3669 3660 3647 0
3659 3638 3639 0
3676 3659 3683 0
3676 3655 3659 0
3625 3648 3647 0
3639 3625 3647 0
3615 3604 3625 0
3669 3681 3660 0
3593 3592 3584 0
3785 3765 3763 0
3749 3728 3750 0
3795 3796 3818 0
3752 3771 3751 0
3772 3773 3797 0
3796 3772 3797 0
3752 3773 3772 0
3743 3761 3739 0
3744 3743 3739 0
3764 3761 3743 0
3823 3801 3805 0
3761 3738 3739 0
3786 3783 3764 0
3757 3738 3761 0
3785 3787 3765 0
3785 3808 3787 0
3829 3811 3832 0
3830 3827 3831 0
3853 3830 3831 0
3853 3850 3830 0
3810 3808 3829 0
3809 3827 3806 0
3852 3831 3829 0
3852 3853 3831 0
3787 3808 3810 0
3770 3751 3771 0
3795 3770 3771 0
3792 3769 3770 0
3795 3817 3794 0
3795 3771 3796 0
3817 3795 3818 0
3794 3770 3795 0
3750 3748 3751 0
3769 3750 3770 0
3769 3749 3750 0
3730 3706 3724 0
3729 3730 3753 0
3729 3706 3730 0
3751 3729 3752 0
3705 3706 3729 0
3731 3754 3753 0
3867 3844 3861 0
3888 3866 3887 0
3912 3888 3887 0
3886 3883 3865 0
3821 3799 3816 0
3839 3821 3816 0
3843 3820 3821 0
3865 3843 3866 0
3820 3819 3797 0
3798 3820 3797 0
3799 3821 3820 0
3775 3793 3799 0
3822 3845 3839 0
3800 3822 3816 0
3813 3788 3791 0
3836 3813 3815 0
3836 3812 3813 0
3857 3835 3836 0
3800 3776 3777 0
3793 3800 3816 0
3799 3793 3816 0
3775 3800 3793 0
3774 3775 3798 0
3773 3774 3798 0
3754 3775 3774 0
3776 3800 3775 0
3731 3732 3754 0
3756 3777 3776 0
3746 3767 3756 0
3723 3746 3733 0
3723 3747 3746 0
3767 3791 3788 0
3844 3839 3861 0
3887 3864 3867 0
3866 3843 3844 0
3840 3817 3818 0
3875 3855 3877 0
3855 3852 3833 0
3876 3877 3854 0
3875 3852 3855 0
3871 3850 3853 0
3895 3872 3871 0
3897 3895 3873 0
3896 3897 3873 0
3919 3895 3897 0
3918 3893 3895 0
3872 3850 3871 0
3831 3810 3829 0
3850 3827 3830 0
3826 3805 3806 0
3809 3786 3810 0
3831 3809 3810 0
3831 3827 3809 0
3833 3854 3855 0
3832 3833 3829 0
3832 3854 3833 0
3818 3841 3840 0
3843 3842 3820 0
3803 3804 3782 0
3823 3803 3802 0
3825 3804 3803 0
3847 3825 3848 0
3870 3847 3848 0
3870 3851 3847 0
3828 3814 3807 0
3762 3781 3784 0
3762 3758 3781 0
3854 3832 3834 0
3841 3862 3840 0
3796 3819 3818 0
3794 3792 3770 0
3844 3843 3821 0
3819 3796 3797 0
3841 3819 3842 0
3841 3818 3819 0
3798 3775 3799 0
3820 3798 3799 0
3771 3772 3796 0
3773 3798 3797 0
3773 3754 3774 0
3883 3886 3885 0
3842 3865 3863 0
3865 3866 3888 0
3863 3865 3883 0
3842 3843 3865 0
3852 3829 3833 0
3819 3820 3842 0
3885 3863 3883 0
3862 3841 3863 0
3900 3876 3878 0
3811 3829 3808 0
3849 3846 3850 0
3872 3849 3850 0
3872 3869 3849 0
3849 3869 3846 0
3873 3895 3871 0
3895 3893 3872 0
3923 3902 3925 0
3950 3923 3925 0
3901 3902 3923 0
3879 3906 3880 0
3860 3879 3858 0
3882 3906 3879 0
3838 3860 3858 0
3881 3899 3907 0
3874 3881 3859 0
3907 3908 3931 0
3814 3815 3791 0
3893 3894 3869 0
3872 3893 3869 0
3918 3894 3893 0
3838 3815 3837 0
3765 3744 3763 0
3783 3806 3801 0
3779 3778 3801 0
3761 3764 3783 0
3696 3689 3673 0
3744 3765 3764 0
3721 3744 3720 0
3742 3763 3744 0
3715 3711 3690 0
3738 3715 3716 0
3738 3757 3735 0
3743 3744 3764 0
3735 3759 3736 0
3779 3802 3780 0
3783 3786 3806 0
3826 3846 3823 0
3684 3690 3711 0
3667 3684 3662 0
3667 3690 3684 0
3666 3667 3645 0
3666 3689 3667 0
3738 3735 3715 0
3737 3760 3758 0
3735 3736 3713 0
3715 3735 3711 0
3757 3759 3735 0
3759 3760 3736 0
3834 3856 3854 0
3911 3912 3935 0
3910 3911 3933 0
3886 3888 3911 0
3910 3886 3911 0
3904 3878 3903 0
3911 3934 3933 0
3914 3938 3932 0
3959 3934 3935 0
3876 3854 3856 0
3878 3876 3856 0
3900 3902 3876 0
3926 3927 3903 0
4043 4063 4065 0
4062 4043 4065 0
4022 4040 4039 0
3989 3990 4015 0
4003 3989 4004 0
4003 3979 3989 0
3978 3979 4003 0
4013 3987 4002 0
3988 3986 3966 0
3898 3899 3894 0
3921 3898 3918 0
3921 3899 3898 0
3969 3944 3942 0
3905 3930 3906 0
3905 3929 3930 0
3907 3905 3882 0
3907 3929 3905 0
3881 3907 3882 0
3899 3908 3907 0
3931 3954 3956 0
3928 3931 3908 0
3956 3955 3930 0
3931 3956 3929 0
3954 3979 3956 0
3955 3956 3979 0
3905 3906 3882 0
3919 3942 3918 0
3875 3896 3873 0
3943 3969 3942 0
3920 3943 3919 0
3924 3950 3949 0
3920 3924 3943 0
3897 3920 3919 0
3901 3923 3920 0
3943 3949 3969 0
3998 4021 4016 0
3971 3969 3991 0
3970 3971 3992 0
3970 3945 3946 0
3919 3943 3942 0
3974 3991 3969 0
3993 3990 3992 0
4038 4015 4022 0
4004 3989 4015 0
4038 4050 4028 0
4027 4002 4003 0
4043 4062 4038 0
4012 4013 4002 0
3968 3954 3945 0
3990 3968 3970 0
3989 3979 3968 0
3973 3994 3995 0
3996 3973 3995 0
3948 3952 3973 0
3953 3952 3927 0
3953 3977 3976 0
3980 3958 3959 0
3947 3972 3951 0
3952 3948 3927 0
3952 3976 3973 0
3976 3994 3973 0
3953 3976 3952 0
3977 4000 3999 0
3902 3901 3877 0
3904 3922 3900 0
3947 3948 3972 0
3922 3947 3925 0
3922 3948 3947 0
4070 4047 4069 0
4045 4048 4068 0
4024 4023 4047 0
4100 4101 4120 0
4078 4100 4099 0
4097 4101 4100 0
4079 4097 4100 0
4079 4057 4081 0
4061 4037 4059 0
4056 4033 4052 0
4005 4006 3982 0
3964 3986 3982 0
4011 4006 4005 0
4035 4011 4010 0
4030 4006 4011 0
4086 4065 4063 0
4087 4086 4066 0
4107 4106 4086 0
4086 4106 4085 0
4109 4107 4087 0
4128 4106 4107 0
4128 4116 4106 0
4093 4072 4073 0
4015 4028 4004 0
4043 4038 4022 0
4062 4050 4038 0
4139 4158 4160 0
4126 4139 4148 0
4180 4159 4179 0
4191 4205 4204 0
4216 4191 4204 0
4181 4168 4182 0
4192 4181 4191 0
4192 4168 4181 0
4103 4084 4104 0
4126 4103 4104 0
4125 4105 4103 0
4123 4105 4127 0
4118 4098 4105 0
4126 4104 4117 0
4074 4062 4085 0
4095 4074 4085 0
4073 4062 4074 0
4049 4027 4028 0
4072 4049 4050 0
4075 4072 4093 0
4096 4075 4093 0
4114 4096 4093 0
4094 4114 4093 0
4136 4117 4114 0
4117 4104 4096 0
4082 4059 4060 0
4051 4036 4029 0
4051 4059 4036 0
4049 4051 4029 0
4060 4059 4051 0
4075 4060 4051 0
4075 4082 4060 0
4082 4061 4059 0
4029 4027 4049 0
4072 4051 4049 0
4036 4013 4012 0
4038 4028 4015 0
4049 4028 4050 0
4027 4004 4028 0
4179 4157 4171 0
3963 3985 3983 0
3959 3963 3980 0
3962 3984 3963 0
3987 4013 3988 0
3966 3967 3988 0
3978 4002 3987 0
4003 4002 3978 0
3954 3968 3979 0
4004 4027 4003 0
4012 4029 4036 0
4027 4012 4002 0
4027 4029 4012 0
4034 4053 4058 0
3988 4014 4010 0
4037 4053 4034 0
4059 4037 4036 0
4061 4053 4037 0
4084 4061 4082 0
4081 4077 4098 0
4101 4081 4102 0
4097 4079 4081 0
4061 4083 4076 0
4118 4102 4098 0
4014 4034 4010 0
4036 4014 4013 0
4037 4034 4014 0
4009 4006 4030 0
4032 4009 4033 0
4008 3985 4009 0
4037 4014 4036 0
4014 3988 4013 0
4030 4011 4035 0
4011 4005 3986 0
3940 3941 3917 0
4010 4011 3986 0
3982 3961 3964 0
3962 3960 3981 0
3965 3966 3941 0
3957 3965 3955 0
3979 3957 3955 0
3978 3965 3957 0
3978 3987 3965 0
3961 3939 3964 0
3981 3961 3982 0
3960 3937 3961 0
3965 3940 3955 0
3915 3917 3939 0
3916 3891 3906 0
3915 3892 3917 0
3909 3913 3890 0
3892 3909 3884 0
3915 3913 3909 0
3898 3894 3918 0
3931 3929 3907 0
3874 3894 3899 0
3860 3838 3859 0
3881 3860 3859 0
3882 3879 3860 0
3859 3837 3851 0
3899 3881 3874 0
3838 3837 3859 0
3870 3874 3851 0
3921 3908 3899 0
3942 3921 3918 0
3942 3944 3921 0
3828 3837 3814 0
3847 3851 3828 0
3894 3870 3869 0
3894 3874 3870 0
3874 3859 3851 0
3984 3985 3963 0
4081 4057 4058 0
4031 4032 4055 0
4052 4030 4035 0
4057 4052 4035 0
4057 4056 4052 0
4080 4056 4079 0
4033 4030 4052 0
3941 3964 3939 0
3941 3966 3964 0
3917 3941 3939 0
3940 3965 3941 0
3916 3940 3917 0
3892 3916 3917 0
3930 3940 3916 0
3957 3979 3978 0
3930 3955 3940 0
3930 3929 3956 0
3967 3987 3988 0
3965 3967 3966 0
3965 3987 3967 0
3912 3887 3889 0
3932 3935 3912 0
3914 3932 3912 0
3938 3935 3932 0
3938 3959 3935 0
3960 3938 3936 0
3962 3963 3938 0
3958 3934 3959 0
3935 3934 3911 0
3906 3930 3916 0
3891 3880 3906 0
3892 3891 3916 0
3892 3880 3891 0
3868 3845 3857 0
3868 3861 3845 0
3915 3909 3892 0
3890 3867 3884 0
3937 3913 3915 0
3889 3887 3867 0
3914 3889 3890 0
3914 3912 3889 0
3839 3845 3861 0
3858 3879 3880 0
3881 3882 3860 0
4138 4137 4159 0
4114 4094 4115 0
4116 4137 4138 0
4095 4116 4115 0
4095 4106 4116 0
4093 4073 4094 0
4094 4073 4074 0
4115 4094 4095 0
4115 4136 4114 0
4117 4096 4114 0
4072 4075 4051 0
4050 4062 4073 0
4062 4065 4085 0
3999 3976 3977 0
4024 3999 4000 0
4024 4001 3999 0
4023 4024 4000 0
3985 4007 3983 0
3980 3963 3983 0
3984 4006 4009 0
4008 4009 4032 0
3981 3982 4006 0
3962 3981 3984 0
3960 3961 3981 0
3938 3960 3962 0
3936 3937 3960 0
4058 4035 4034 0
4077 4058 4053 0
4076 4077 4053 0
4061 4076 4053 0
4083 4077 4076 0
4098 4102 4081 0
4057 4035 4058 0
4077 4081 4058 0
4079 4056 4057 0
3927 3904 3903 0
3953 3927 3926 0
3904 3900 3878 0
3948 3922 3927 0
3923 3950 3924 0
3922 3925 3902 0
3900 3922 3902 0
3904 3927 3922 0
3951 3950 3925 0
3947 3951 3925 0
3972 3975 3951 0
3920 3923 3924 0
4041 4044 4064 0
4017 4016 4040 0
4015 4017 4022 0
3992 4016 4017 0
3970 3992 3990 0
3991 4016 3992 0
3998 3997 4020 0
3991 3998 4016 0
3974 3975 3998 0
3996 4020 3997 0
3996 3995 4020 0
3975 3996 3997 0
3972 3973 3996 0
3994 4001 4018 0
4018 4001 4026 0
4044 4041 4026 0
3995 3994 4018 0
4040 4022 4017 0
4042 4040 4021 0
4042 4063 4040 0
4086 4087 4107 0
4063 4064 4086 0
4064 4044 4066 0
4039 4040 4063 0
4043 4039 4063 0
4043 4022 4039 0
4067 4045 4068 0
4087 4067 4088 0
4044 4045 4067 0
4042 4041 4064 0
4063 4042 4064 0
4021 4020 4041 0
4067 4068 4088 0
4026 4045 4044 0
4026 4048 4045 0
4019 4018 4041 0
3976 3999 3994 0
4024 4047 4025 0
3994 3999 4001 0
4023 4046 4047 0
4044 4067 4066 0
4072 4050 4073 0
3875 3853 3852 0
3896 3875 3901 0
3920 3896 3901 0
3920 3897 3896 0
3873 3853 3875 0
4016 4021 4040 0
3993 3992 4017 0
4015 3993 4017 0
4015 3990 3993 0
3991 3974 3998 0
3992 3971 3991 0
3989 3968 3990 0
3928 3908 3921 0
3945 3928 3944 0
3945 3954 3928 0
3973 3972 3948 0
4021 3998 4020 0
3975 3972 3996 0
3998 3975 3997 0
3974 3950 3975 0
3949 3943 3924 0
3974 3949 3950 0
3974 3969 3949 0
3944 3928 3921 0
3946 3944 3969 0
3971 3946 3969 0
3971 3970 3946 0
3928 3954 3931 0
3946 3945 3944 0
3970 3968 3945 0
3918 3895 3919 0
3950 3951 3975 0
3835 3822 3812 0
3780 3759 3757 0
3846 3848 3823 0
3814 3837 3815 0
3790 3814 3791 0
3768 3790 3791 0
3784 3804 3807 0
3762 3784 3766 0
3782 3780 3802 0
3781 3782 3804 0
3781 3760 3782 0
3848 3846 3869 0
3828 3825 3847 0
3837 3828 3851 0
3807 3790 3784 0
3823 3805 3826 0
3824 3823 3848 0
3825 3824 3848 0
3825 3803 3824 0
3802 3801 3823 0
3757 3779 3780 0
3848 3869 3870 0
3850 3846 3826 0
3827 3850 3826 0
3853 3873 3871 0
3824 3803 3823 0
3807 3804 3825 0
3828 3807 3825 0
3814 3790 3807 0
3784 3781 3804 0
3877 3876 3902 0
3875 3877 3901 0
3855 3854 3877 0
4090 4091 4112 0
4006 3984 3981 0
3986 3988 4010 0
3982 3986 4005 0
3964 3966 3986 0
4030 4033 4009 0
4055 4032 4033 0
4008 4007 3985 0
3984 4009 3985 0
4032 4007 4008 0
4056 4055 4033 0
4031 4007 4032 0
4055 4056 4080 0
4054 4055 4080 0
4054 4031 4055 0
4047 4048 4025 0
4069 4047 4046 0
4070 4048 4047 0
4091 4070 4069 0
4071 4048 4070 0
4111 4112 4091 0
4068 4048 4071 0
4108 4088 4089 0
4025 4001 4024 0
4026 4025 4048 0
4026 4001 4025 0
4112 4113 4092 0
4090 4112 4092 0
4071 4090 4092 0
4070 4091 4090 0
4111 4134 4112 0
4080 4100 4078 0
4054 4080 4078 0
4079 4100 4080 0
4143 4165 4164 0
4143 4144 4165 0
4141 4143 4161 0
4141 4120 4140 0
4122 4102 4118 0
4144 4122 4142 0
4121 4102 4122 0
4119 4099 4100 0
4120 4141 4119 0
4100 4120 4119 0
4121 4144 4143 0
4101 4121 4120 0
4101 4102 4121 0
4064 4066 4086 0
4019 4020 3995 0
4018 4019 3995 0
4041 4020 4019 0
4026 4041 4018 0
4042 4021 4041 0
4109 4130 4131 0
4092 4113 4110 0
4089 4092 4110 0
4108 4089 4110 0
4068 4071 4089 0
4071 4070 4090 0
4129 4150 4128 0
4169 4148 4168 0
4192 4169 4168 0
4170 4149 4169 0
4145 4162 4142 0
4127 4145 4123 0
4166 4162 4145 0
4209 4208 4186 0
4183 4206 4187 0
4231 4230 4209 0
4164 4163 4143 0
4187 4164 4165 0
4186 4185 4164 0
4096 4104 4082 0
4158 4139 4136 0
4139 4126 4117 0
4125 4147 4127 0
4096 4082 4075 0
4125 4103 4126 0
4084 4082 4104 0
4147 4169 4149 0
4126 4147 4125 0
4148 4169 4147 0
4105 4098 4083 0
4142 4122 4123 0
4034 4035 4010 0
4083 4098 4077 0
4084 4083 4061 0
4084 4105 4083 0
4097 4081 4101 0
4111 4124 4134 0
4155 4134 4146 0
4167 4155 4146 0
4177 4175 4155 0
4118 4123 4122 0
4140 4121 4143 0
4141 4140 4143 0
4120 4121 4140 0
4088 4108 4109 0
4066 4067 4087 0
4068 4089 4088 0
4071 4092 4089 0
4134 4113 4112 0
4133 4154 4152 0
4130 4133 4152 0
4132 4154 4133 0
4134 4132 4113 0
4134 4155 4153 0
4146 4134 4124 0
4155 4175 4153 0
4135 4156 4151 0
4152 4135 4131 0
4152 4156 4135 0
4110 4133 4130 0
4154 4176 4174 0
4113 4132 4133 0
4376 4352 4351 0
4402 4376 4378 0
4352 4327 4351 0
4375 4352 4376 0
4326 4300 4325 0
4350 4326 4352 0
4323 4300 4326 0
4350 4323 4326 0
4375 4350 4352 0
4375 4372 4350 0
4381 4379 4356 0
4372 4381 4356 0
4405 4407 4381 0
4348 4322 4323 0
4350 4348 4323 0
4347 4322 4348 0
4356 4347 4372 0
4321 4322 4347 0
4272 4246 4247 0
4297 4298 4270 0
4291 4297 4270 0
4316 4324 4297 0
4299 4271 4272 0
4298 4325 4299 0
4270 4298 4272 0
4297 4324 4298 0
4273 4296 4269 0
4273 4269 4248 0
4322 4296 4323 0
4295 4269 4296 0
4225 4220 4202 0
4225 4243 4220 0
4221 4225 4202 0
4248 4243 4225 0
4271 4248 4245 0
4246 4271 4245 0
4299 4300 4273 0
4269 4243 4248 0
4323 4296 4300 0
4295 4294 4268 0
4268 4294 4266 0
4269 4268 4243 0
4269 4295 4268 0
4266 4241 4242 0
4272 4271 4246 0
4245 4222 4246 0
4225 4245 4248 0
4221 4198 4197 0
4225 4221 4245 0
4202 4198 4221 0
4197 4200 4221 0
4176 4197 4198 0
4176 4200 4197 0
4174 4176 4198 0
4175 4199 4176 0
4199 4224 4200 0
4176 4199 4200 0
4153 4175 4154 0
4132 4153 4154 0
4132 4134 4153 0
4177 4199 4175 0
4177 4201 4199 0
4223 4215 4238 0
4224 4201 4223 0
4177 4190 4201 0
4177 4155 4167 0
4142 4165 4144 0
4121 4122 4144 0
4188 4192 4210 0
4189 4188 4210 0
4170 4192 4188 0
4145 4149 4166 0
4147 4149 4127 0
4166 4149 4170 0
4103 4105 4084 0
4148 4147 4126 0
4127 4105 4125 0
4145 4127 4149 0
4123 4118 4105 0
4161 4143 4163 0
4253 4259 4279 0
4231 4253 4255 0
4231 4234 4253 0
4257 4281 4283 0
4252 4233 4257 0
4234 4252 4258 0
4234 4233 4252 0
4256 4280 4257 0
4239 4256 4232 0
4239 4265 4256 0
4309 4311 4336 0
4310 4309 4336 0
4282 4311 4309 0
4279 4282 4305 0
4279 4259 4282 0
4234 4212 4233 0
4282 4309 4310 0
4308 4311 4283 0
4281 4308 4283 0
4335 4311 4308 0
4335 4361 4338 0
4186 4207 4185 0
4187 4209 4186 0
4230 4229 4208 0
4209 4230 4208 0
4253 4234 4259 0
4201 4190 4215 0
4133 4110 4113 0
4131 4130 4152 0
4129 4131 4151 0
4129 4109 4131 0
4108 4110 4130 0
4167 4190 4177 0
4264 4270 4244 0
4263 4264 4244 0
4263 4291 4264 0
4183 4165 4162 0
4231 4209 4211 0
4186 4164 4187 0
4207 4186 4208 0
4185 4163 4164 0
4128 4137 4116 0
4085 4106 4095 0
4094 4074 4095 0
4065 4086 4085 0
4129 4151 4150 0
4107 4109 4129 0
4109 4108 4130 0
4128 4107 4129 0
4087 4088 4109 0
4173 4195 4172 0
4182 4203 4205 0
4191 4181 4205 0
4160 4180 4182 0
4117 4136 4139 0
4179 4203 4180 0
4172 4195 4194 0
4151 4172 4150 0
4151 4173 4172 0
4267 4266 4294 0
4251 4267 4277 0
4250 4251 4277 0
4227 4240 4251 0
4241 4266 4267 0
4218 4241 4217 0
4194 4218 4217 0
4194 4195 4218 0
4219 4242 4241 0
4195 4219 4218 0
4179 4171 4194 0
4173 4196 4195 0
4176 4154 4175 0
4222 4221 4200 0
4222 4245 4221 0
4196 4173 4178 0
4202 4196 4178 0
4220 4219 4196 0
4135 4151 4131 0
4239 4232 4216 0
4226 4249 4239 0
4228 4226 4204 0
4228 4249 4226 0
4280 4306 4281 0
4265 4280 4256 0
4265 4293 4280 0
4249 4265 4239 0
4303 4330 4301 0
4250 4276 4274 0
4304 4331 4303 0
4277 4304 4276 0
4228 4251 4250 0
4275 4294 4302 0
4304 4275 4302 0
4267 4294 4275 0
4331 4330 4303 0
4302 4329 4331 0
4277 4267 4275 0
4321 4329 4302 0
4407 4405 4430 0
4379 4407 4380 0
4379 4381 4407 0
4355 4379 4380 0
4357 4354 4380 0
4382 4357 4380 0
4382 4371 4357 0
4330 4331 4355 0
4381 4372 4400 0
4353 4356 4379 0
4355 4353 4379 0
4329 4332 4353 0
4332 4321 4347 0
4356 4332 4347 0
4329 4321 4332 0
4304 4302 4331 0
4353 4332 4356 0
4354 4357 4346 0
4361 4385 4386 0
4363 4336 4338 0
4387 4363 4360 0
4362 4337 4363 0
4292 4265 4274 0
4301 4292 4274 0
4318 4320 4293 0
4345 4333 4320 0
4346 4345 4328 0
4370 4384 4358 0
4307 4308 4281 0
4306 4307 4281 0
4334 4308 4307 0
4279 4278 4254 0
4247 4244 4270 0
4222 4247 4246 0
4223 4244 4247 0
4215 4223 4201 0
4247 4270 4272 0
4238 4244 4223 0
4238 4263 4244 0
4326 4325 4352 0
4200 4224 4222 0
4325 4327 4352 0
4299 4325 4300 0
4299 4272 4298 0
4224 4223 4247 0
4222 4224 4247 0
4199 4201 4224 0
4263 4290 4291 0
4150 4137 4128 0
4426 4401 4422 0
4431 4430 4427 0
4485 4460 4459 0
4513 4485 4484 0
4513 4512 4486 0
4406 4432 4408 0
4455 4458 4459 0
4488 4516 4489 0
4486 4488 4461 0
4512 4516 4488 0
4486 4512 4488 0
4460 4486 4461 0
4460 4485 4486 0
4513 4539 4512 0
4428 4401 4426 0
4294 4295 4321 0
4302 4294 4321 0
4243 4242 4220 0
4291 4290 4315 0
4343 4317 4315 0
4349 4324 4344 0
4297 4291 4316 0
4270 4264 4291 0
4256 4257 4233 0
4229 4230 4254 0
4229 4207 4208 0
4156 4178 4173 0
4317 4291 4315 0
4344 4317 4343 0
4316 4291 4317 0
4227 4205 4203 0
4240 4267 4251 0
4241 4240 4217 0
4241 4267 4240 0
4228 4205 4227 0
4217 4240 4227 0
4226 4239 4216 0
4250 4249 4228 0
4250 4274 4249 0
4334 4333 4359 0
4334 4320 4333 0
4308 4334 4335 0
4307 4306 4334 0
4318 4319 4345 0
4345 4346 4370 0
4319 4328 4345 0
4301 4319 4318 0
4301 4328 4319 0
4330 4355 4354 0
4409 4408 4434 0
4370 4371 4399 0
4382 4408 4383 0
4158 4180 4160 0
4115 4138 4136 0
4159 4180 4158 0
4138 4159 4158 0
4136 4138 4158 0
4115 4116 4138 0
4137 4157 4159 0
4157 4179 4159 0
4150 4157 4137 0
4171 4172 4194 0
4150 4171 4157 0
4150 4172 4171 0
4193 4217 4203 0
4194 4193 4179 0
4194 4217 4193 0
4204 4205 4228 0
4274 4265 4249 0
4216 4210 4192 0
4226 4216 4204 0
4232 4210 4216 0
4206 4189 4211 0
4209 4206 4211 0
4184 4189 4206 0
4183 4184 4206 0
4183 4166 4184 0
4184 4166 4189 0
4165 4183 4187 0
4162 4166 4183 0
4142 4162 4165 0
4142 4123 4145 0
4189 4210 4212 0
4189 4170 4188 0
4169 4192 4170 0
4160 4168 4148 0
4139 4160 4148 0
4180 4203 4182 0
4182 4205 4181 0
4191 4216 4192 0
4252 4257 4258 0
4232 4233 4212 0
4232 4256 4233 0
4369 4367 4398 0
4344 4369 4368 0
4343 4342 4369 0
4255 4254 4230 0
4231 4255 4230 0
4279 4254 4255 0
4513 4486 4485 0
4488 4462 4461 0
4490 4489 4516 0
4490 4491 4489 0
4435 4432 4460 0
4462 4435 4461 0
4434 4432 4435 0
4436 4409 4434 0
4433 4406 4407 0
4433 4432 4406 0
4459 4433 4430 0
4459 4460 4433 0
4408 4382 4406 0
4409 4425 4399 0
4408 4409 4383 0
4436 4425 4409 0
4382 4380 4406 0
4433 4460 4432 0
4386 4411 4412 0
4361 4386 4387 0
4385 4410 4386 0
4335 4334 4359 0
4390 4399 4415 0
4416 4390 4415 0
4384 4370 4390 0
4336 4363 4337 0
4468 4466 4464 0
4414 4440 4441 0
4466 4438 4464 0
4413 4412 4440 0
4411 4438 4439 0
4410 4384 4390 0
4358 4345 4370 0
4385 4358 4384 0
4333 4345 4358 0
4359 4333 4358 0
4361 4359 4385 0
4361 4335 4359 0
4320 4318 4345 0
4346 4371 4370 0
4506 4507 4479 0
4358 4385 4359 0
4399 4390 4370 0
4410 4385 4384 0
4416 4410 4390 0
4416 4411 4410 0
4371 4382 4383 0
4399 4371 4383 0
4346 4357 4371 0
4389 4413 4414 0
4275 4304 4277 0
4320 4306 4293 0
4280 4281 4257 0
4293 4306 4280 0
4292 4293 4265 0
4292 4318 4293 0
4320 4334 4306 0
4283 4258 4257 0
4298 4324 4325 0
4317 4344 4316 0
4342 4343 4315 0
4342 4367 4369 0
4324 4351 4327 0
4368 4349 4344 0
4374 4373 4349 0
4369 4398 4368 0
4395 4401 4374 0
4397 4398 4367 0
4503 4531 4530 0
4483 4475 4502 0
4477 4474 4501 0
4476 4477 4503 0
4476 4448 4449 0
4449 4477 4476 0
4424 4449 4448 0
4446 4474 4449 0
4504 4501 4528 0
4531 4504 4528 0
4477 4501 4504 0
4228 4227 4251 0
4203 4217 4227 0
4168 4160 4182 0
4179 4193 4203 0
4218 4219 4241 0
4178 4198 4202 0
4220 4196 4202 0
4156 4174 4178 0
4151 4156 4173 0
4174 4198 4178 0
4152 4174 4156 0
4152 4154 4174 0
4242 4243 4268 0
4266 4242 4268 0
4219 4220 4242 0
4195 4196 4219 0
4273 4248 4271 0
4299 4273 4271 0
4300 4296 4273 0
4375 4400 4372 0
4348 4350 4372 0
4376 4402 4375 0
4351 4373 4376 0
4324 4349 4351 0
4325 4324 4327 0
4316 4344 4324 0
4373 4378 4376 0
4349 4373 4351 0
4374 4401 4373 0
4381 4400 4405 0
4402 4427 4400 0
4458 4484 4485 0
4459 4458 4485 0
4455 4484 4458 0
4276 4303 4274 0
4277 4276 4250 0
4304 4303 4276 0
4329 4353 4355 0
4354 4346 4328 0
4330 4354 4328 0
4355 4380 4354 0
4234 4231 4211 0
4212 4234 4211 0
4189 4212 4211 0
4209 4187 4206 0
4166 4170 4189 0
4210 4232 4212 0
4253 4279 4255 0
4258 4259 4234 0
4258 4283 4284 0
4283 4311 4284 0
4305 4278 4279 0
4396 4374 4368 0
4284 4259 4258 0
4282 4284 4311 0
4282 4259 4284 0
4301 4330 4328 0
4292 4301 4318 0
4274 4303 4301 0
4363 4387 4389 0
4338 4360 4363 0
4311 4338 4336 0
4311 4335 4338 0
4361 4387 4360 0
4336 4337 4310 0
4305 4282 4310 0
4338 4361 4360 0
4423 4424 4448 0
4395 4396 4422 0
4398 4424 4423 0
4396 4398 4423 0
4349 4368 4374 0
4344 4343 4369 0
4397 4424 4398 0
4424 4421 4446 0
4456 4457 4452 0
4432 4434 4408 0
4380 4407 4406 0
4460 4461 4435 0
4322 4321 4295 0
4296 4322 4295 0
4348 4372 4347 0
4402 4400 4375 0
4404 4402 4378 0
4427 4430 4405 0
4429 4427 4402 0
4429 4455 4427 0
4403 4428 4429 0
4377 4403 4404 0
4373 4377 4378 0
4373 4401 4377 0
4401 4428 4403 0
4377 4401 4403 0
4395 4422 4401 0
4431 4459 4430 0
4455 4431 4427 0
4455 4459 4431 0
4457 4455 4429 0
4457 4484 4455 0
4331 4329 4355 0
4427 4405 4400 0
4430 4433 4407 0
4397 4421 4424 0
4388 4363 4389 0
4462 4463 4436 0
4435 4462 4434 0
4462 4488 4489 0
4434 4462 4436 0
4568 4567 4538 0
4621 4594 4593 0
4591 4567 4594 0
4619 4618 4591 0
4649 4619 4621 0
4650 4649 4621 0
4650 4677 4649 0
4648 4618 4619 0
4649 4677 4648 0
4674 4651 4648 0
4677 4706 4674 0
4619 4649 4648 0
4650 4676 4677 0
4705 4679 4674 0
4595 4574 4570 0
4618 4595 4591 0
4618 4622 4595 0
4597 4599 4624 0
4545 4572 4573 0
4574 4599 4597 0
4569 4595 4570 0
4595 4622 4599 0
4594 4619 4591 0
4622 4651 4626 0
4574 4595 4599 0
4648 4651 4622 0
4626 4624 4599 0
4654 4626 4655 0
4595 4569 4591 0
4539 4569 4541 0
4540 4514 4538 0
4539 4540 4569 0
4539 4513 4515 0
4515 4514 4540 0
4539 4515 4540 0
4487 4509 4515 0
4484 4487 4513 0
4508 4482 4510 0
4484 4481 4487 0
4480 4452 4453 0
4481 4456 4480 0
4487 4481 4508 0
4484 4456 4481 0
4484 4457 4456 0
4536 4537 4566 0
4505 4533 4532 0
4463 4491 4478 0
4533 4542 4561 0
4519 4533 4505 0
4544 4542 4533 0
4518 4544 4519 0
4517 4518 4519 0
4517 4543 4518 0
4541 4569 4570 0
4572 4544 4543 0
4572 4545 4544 0
4570 4572 4543 0
4574 4597 4572 0
4571 4562 4542 0
4573 4571 4545 0
4573 4596 4571 0
4596 4573 4598 0
4596 4588 4571 0
4532 4533 4561 0
4534 4532 4561 0
4506 4505 4532 0
4596 4598 4623 0
4615 4596 4623 0
4571 4542 4545 0
4512 4539 4516 0
4758 4734 4735 0
4683 4711 4682 0
4709 4683 4678 0
4712 4711 4683 0
4760 4740 4738 0
4739 4711 4712 0
4678 4679 4709 0
4738 4712 4709 0
4655 4626 4651 0
4625 4598 4624 0
4758 4735 4736 0
4782 4760 4759 0
4734 4705 4735 0
4759 4737 4758 0
4709 4705 4734 0
4648 4622 4618 0
4622 4626 4599 0
4679 4651 4674 0
4679 4655 4651 0
4569 4540 4567 0
4516 4539 4541 0
4513 4487 4515 0
4592 4593 4566 0
4564 4590 4565 0
4676 4647 4675 0
4677 4676 4708 0
4650 4647 4676 0
4593 4620 4621 0
4702 4675 4672 0
4729 4702 4701 0
4729 4755 4730 0
4592 4617 4620 0
4614 4586 4613 0
4617 4614 4643 0
4590 4586 4614 0
4565 4590 4592 0
4586 4584 4612 0
4594 4568 4593 0
4538 4536 4566 0
4540 4538 4567 0
4514 4536 4538 0
4691 4687 4715 0
4741 4748 4763 0
4629 4630 4603 0
4673 4657 4646 0
4685 4659 4658 0
4663 4659 4687 0
4663 4662 4633 0
4731 4739 4756 0
4732 4731 4756 0
4710 4739 4731 0
4703 4704 4732 0
4682 4654 4655 0
4710 4681 4711 0
4680 4652 4653 0
4682 4655 4678 0
4624 4626 4654 0
4625 4624 4654 0
4598 4573 4597 0
4623 4598 4625 0
4597 4573 4572 0
4739 4762 4756 0
4682 4678 4683 0
4709 4679 4705 0
4712 4683 4709 0
4710 4711 4739 0
4681 4680 4653 0
4711 4681 4682 0
4710 4680 4681 0
4655 4679 4678 0
4770 4771 4747 0
4756 4770 4747 0
4778 4789 4770 0
4772 4788 4769 0
4747 4771 4748 0
4789 4778 4796 0
4806 4789 4805 0
4790 4770 4789 0
4716 4688 4689 0
4604 4577 4600 0
4627 4604 4600 0
4605 4627 4600 0
4605 4631 4627 0
4628 4601 4604 0
4690 4691 4717 0
4716 4689 4718 0
4663 4691 4690 0
4658 4659 4630 0
4703 4714 4686 0
4687 4659 4685 0
4663 4633 4659 0
4658 4629 4657 0
4685 4658 4657 0
4630 4629 4658 0
4633 4605 4630 0
4602 4616 4629 0
4616 4615 4646 0
4389 4414 4388 0
4362 4363 4388 0
4412 4411 4439 0
4440 4412 4439 0
4413 4389 4412 0
4463 4478 4450 0
4413 4440 4414 0
4387 4412 4389 0
4387 4386 4412 0
4494 4495 4523 0
4493 4494 4522 0
4467 4495 4494 0
4441 4467 4465 0
4440 4439 4467 0
4449 4474 4477 0
4504 4503 4477 0
4441 4440 4467 0
4409 4399 4383 0
4450 4425 4436 0
4463 4450 4436 0
4478 4479 4450 0
4451 4437 4425 0
4450 4451 4425 0
4442 4464 4438 0
4415 4442 4416 0
4469 4468 4442 0
4508 4510 4536 0
4423 4448 4447 0
4558 4528 4529 0
4583 4582 4556 0
4557 4528 4558 0
4465 4467 4493 0
4557 4531 4528 0
4582 4609 4585 0
4559 4531 4557 0
4639 4638 4669 0
4639 4611 4638 0
4642 4639 4668 0
4642 4611 4639 0
4698 4701 4671 0
4613 4586 4612 0
4643 4613 4642 0
4671 4701 4672 0
4668 4671 4642 0
4668 4698 4671 0
4617 4590 4614 0
4643 4614 4613 0
4585 4609 4611 0
4582 4583 4609 0
4558 4582 4585 0
4558 4556 4582 0
4583 4610 4609 0
4467 4494 4493 0
4520 4496 4507 0
4438 4416 4442 0
4479 4478 4506 0
4469 4479 4492 0
4451 4450 4479 0
4492 4479 4507 0
4520 4524 4496 0
4469 4451 4479 0
4521 4493 4522 0
4638 4609 4610 0
4640 4669 4638 0
4453 4482 4480 0
4559 4535 4530 0
4537 4510 4511 0
4235 4214 4213 0
4236 4235 4213 0
4260 4237 4235 0
4260 4235 4236 0
4235 4237 4214 0
4260 4236 4261 0
4285 4286 4261 0
4262 4237 4260 0
4286 4262 4260 0
4286 4260 4261 0
4312 4286 4285 0
4287 4262 4286 0
4312 4287 4286 0
4312 4285 4289 0
4314 4312 4289 0
4288 4287 4312 0
4313 4288 4312 0
4314 4339 4312 0
4312 4339 4313 0
4339 4340 4313 0
4341 4339 4314 0
4341 4366 4364 0
4364 4392 4365 0
4340 4364 4365 0
4339 4341 4364 0
4366 4392 4364 0
4339 4364 4340 0
4392 4391 4365 0
4394 4392 4366 0
4394 4417 4392 0
4417 4391 4392 0
4417 4393 4391 0
4419 4417 4394 0
4419 4420 4445 0
4393 4417 4418 0
4445 4420 4443 0
4417 4445 4418 0
4417 4419 4445 0
4444 4445 4472 0
4445 4443 4472 0
4445 4444 4418 0
4472 4470 4444 0
4471 4472 4443 0
4471 4497 4498 0
4498 4470 4472 0
4526 4497 4499 0
4470 4498 4473 0
4472 4471 4498 0
4498 4500 4473 0
4526 4500 4498 0
4497 4526 4498 0
4499 4525 4526 0
4553 4527 4526 0
4525 4553 4526 0
4526 4527 4500 0
4551 4553 4525 0
4552 4527 4553 0
4551 4555 4579 0
4579 4552 4553 0
4553 4551 4579 0
4579 4606 4580 0
4552 4579 4554 0
4555 4581 4579 0
4581 4606 4579 0
4579 4580 4554 0
4608 4606 4581 0
4607 4580 4606 0
4608 4637 4634 0
4634 4636 4607 0
4608 4634 4606 0
4637 4666 4665 0
4606 4634 4607 0
4637 4665 4634 0
4634 4665 4636 0
4696 4695 4665 0
4665 4635 4636 0
4696 4665 4666 0
4695 4664 4665 0
4695 4697 4667 0
4635 4665 4664 0
4696 4724 4695 0
4724 4697 4695 0
4667 4664 4695 0
4723 4750 4749 0
4667 4697 4692 0
4724 4750 4723 0
4697 4721 4692 0
4721 4693 4692 0
4723 4721 4697 0
4724 4723 4697 0
4749 4721 4723 0
4749 4726 4722 0
4773 4749 4750 0
4752 4728 4726 0
4773 4752 4749 0
4773 4774 4752 0
4722 4694 4693 0
4721 4722 4693 0
4726 4700 4722 0
4752 4726 4749 0
4728 4699 4700 0
4721 4749 4722 0
4700 4694 4722 0
4584 4586 4559 0
4585 4584 4557 0
4585 4611 4612 0
4558 4585 4557 0
4609 4638 4611 0
4640 4638 4610 0
4668 4699 4698 0
4641 4669 4640 0
4729 4751 4755 0
4644 4647 4617 0
4708 4676 4707 0
4650 4620 4647 0
4698 4728 4727 0
4670 4700 4669 0
4730 4755 4753 0
4729 4725 4751 0
4730 4702 4729 0
4733 4730 4753 0
4707 4702 4730 0
4644 4672 4647 0
4643 4644 4617 0
4643 4672 4644 0
4707 4675 4702 0
4707 4676 4675 0
4733 4707 4730 0
4650 4621 4620 0
4617 4647 4620 0
4708 4706 4677 0
4725 4727 4751 0
4700 4726 4728 0
4669 4700 4699 0
4670 4694 4700 0
4793 4792 4808 0
4795 4793 4811 0
4794 4795 4812 0
4794 4777 4795 0
4776 4755 4774 0
4795 4776 4793 0
4795 4777 4776 0
4781 4794 4798 0
4780 4779 4797 0
4779 4758 4757 0
4781 4775 4794 0
4774 4792 4793 0
4752 4774 4751 0
4773 4792 4774 0
4480 4482 4508 0
4481 4480 4508 0
4456 4452 4480 0
4428 4452 4457 0
4483 4511 4482 0
4426 4454 4452 0
4475 4448 4476 0
4454 4447 4475 0
4453 4454 4483 0
4482 4453 4483 0
4452 4454 4453 0
4426 4447 4454 0
4426 4422 4447 0
4428 4426 4452 0
4429 4428 4457 0
4404 4378 4377 0
4429 4404 4403 0
4429 4402 4404 0
4422 4423 4447 0
4396 4423 4422 0
4374 4396 4395 0
4368 4398 4396 0
4502 4476 4503 0
4454 4475 4483 0
4447 4448 4475 0
4446 4449 4424 0
4502 4503 4530 0
4511 4502 4530 0
4475 4476 4502 0
4504 4531 4503 0
4529 4528 4501 0
4529 4556 4558 0
4535 4537 4511 0
4530 4535 4511 0
4483 4502 4511 0
4531 4559 4530 0
4564 4565 4535 0
4559 4564 4535 0
4559 4557 4584 0
4775 4777 4794 0
4779 4757 4775 0
4797 4779 4781 0
4780 4758 4779 0
4754 4753 4777 0
4775 4754 4777 0
4757 4733 4754 0
4510 4482 4511 0
4536 4510 4537 0
4509 4514 4515 0
4536 4509 4508 0
4536 4514 4509 0
4565 4566 4537 0
4509 4487 4508 0
4669 4641 4670 0
4706 4708 4735 0
4705 4706 4735 0
4674 4648 4677 0
4594 4621 4619 0
4565 4592 4566 0
4590 4564 4586 0
4674 4706 4705 0
4708 4736 4735 0
4592 4590 4617 0
4707 4736 4708 0
4779 4775 4781 0
4733 4757 4736 0
4733 4753 4754 0
4727 4752 4751 0
4698 4727 4725 0
4728 4752 4727 0
4774 4755 4751 0
4774 4793 4776 0
4757 4754 4775 0
4736 4707 4733 0
4755 4777 4753 0
4755 4776 4777 0
4812 4798 4794 0
4547 4546 4560 0
4577 4550 4575 0
4524 4520 4547 0
4550 4549 4524 0
4575 4550 4547 0
4576 4549 4550 0
4496 4495 4468 0
4549 4523 4524 0
4522 4494 4523 0
4620 4593 4592 0
4772 4748 4771 0
4791 4772 4771 0
4790 4791 4771 0
4807 4804 4791 0
4769 4763 4772 0
4719 4742 4746 0
4633 4630 4659 0
4632 4633 4662 0
4632 4605 4633 0
4623 4645 4615 0
4687 4691 4663 0
4686 4673 4703 0
4657 4684 4685 0
4657 4673 4684 0
4714 4703 4720 0
4713 4715 4687 0
4767 4744 4746 0
4744 4717 4719 0
4577 4604 4601 0
4576 4577 4601 0
4589 4561 4562 0
4845 4862 4861 0
4829 4846 4828 0
4842 4858 4846 0
4746 4763 4769 0
4829 4811 4825 0
4809 4827 4826 0
4812 4810 4798 0
4812 4828 4810 0
4800 4799 4815 0
4813 4800 4816 0
4784 4761 4783 0
4796 4784 4800 0
4796 4778 4784 0
4783 4761 4760 0
4805 4796 4813 0
4778 4762 4784 0
4811 4808 4825 0
4795 4811 4812 0
4793 4808 4811 0
4772 4763 4748 0
4807 4791 4790 0
4862 4875 4878 0
4788 4772 4791 0
4862 4878 4861 0
4847 4843 4859 0
4830 4816 4832 0
4814 4826 4831 0
4797 4814 4799 0
4827 4810 4828 0
4797 4798 4814 0
4797 4781 4798 0
4878 4876 4861 0
4892 4878 4875 0
4893 4912 4896 0
4892 4895 4878 0
4892 4911 4895 0
4814 4831 4815 0
4847 4863 4865 0
4844 4860 4843 0
4882 4899 4898 0
4879 4882 4898 0
4866 4877 4882 0
4860 4877 4859 0
4894 4895 4913 0
4912 4894 4913 0
4893 4895 4894 0
4877 4893 4881 0
4876 4878 4893 0
4897 4880 4898 0
4900 4897 4916 0
4908 4900 4916 0
4889 4897 4900 0
4889 4880 4897 0
4878 4895 4893 0
4939 4931 4946 0
4939 4924 4931 0
4941 4939 4955 0
4926 4924 4939 0
4956 4941 4955 0
4918 4909 4910 0
4926 4918 4910 0
4925 4909 4918 0
4908 4916 4924 0
4840 4839 4822 0
4855 4871 4874 0
4848 4855 4840 0
4864 4871 4855 0
4856 4839 4840 0
4855 4856 4840 0
4891 4874 4889 0
4872 4857 4874 0
4841 4854 4838 0
4874 4857 4856 0
4872 4854 4857 0
4916 4931 4924 0
4804 4807 4820 0
4824 4837 4820 0
4864 4855 4848 0
4857 4854 4841 0
4822 4821 4840 0
4841 4822 4839 0
4807 4823 4824 0
4806 4822 4823 0
4805 4813 4821 0
4822 4805 4821 0
4806 4790 4789 0
4887 4907 4888 0
4870 4873 4888 0
4872 4883 4890 0
4821 4813 4830 0
4848 4840 4833 0
4822 4806 4805 0
4820 4807 4824 0
4805 4789 4796 0
4807 4790 4806 0
4823 4807 4806 0
4804 4788 4791 0
4771 4770 4790 0
4891 4908 4910 0
4890 4891 4909 0
4907 4890 4909 0
4887 4873 4890 0
4855 4874 4856 0
4889 4871 4880 0
4889 4874 4871 0
4842 4846 4829 0
4860 4861 4876 0
4843 4860 4859 0
4844 4861 4860 0
4826 4827 4843 0
4831 4826 4843 0
4814 4809 4826 0
4828 4845 4844 0
4829 4828 4812 0
4811 4829 4812 0
4825 4842 4829 0
4845 4861 4844 0
4846 4845 4828 0
4846 4862 4845 0
4858 4862 4846 0
4858 4875 4862 0
4882 4877 4881 0
4863 4866 4879 0
4865 4863 4879 0
4847 4859 4863 0
4859 4877 4866 0
4800 4813 4796 0
4848 4830 4832 0
4833 4840 4821 0
4830 4833 4821 0
4830 4848 4833 0
4864 4880 4871 0
4865 4864 4848 0
4865 4880 4864 0
4863 4859 4866 0
4831 4847 4849 0
4831 4843 4847 0
4899 4917 4898 0
4841 4856 4857 0
4572 4570 4574 0
4624 4598 4597 0
4518 4543 4544 0
4541 4570 4543 0
4569 4567 4591 0
4568 4566 4593 0
4567 4568 4594 0
4538 4566 4568 0
4535 4565 4537 0
4699 4668 4669 0
4612 4642 4613 0
4585 4612 4584 0
4611 4642 4612 0
4669 4668 4639 0
4701 4725 4729 0
4643 4671 4672 0
4698 4725 4701 0
4728 4698 4699 0
4672 4701 4702 0
4647 4672 4675 0
4643 4642 4671 0
4564 4559 4586 0
4762 4761 4784 0
4756 4762 4778 0
4731 4732 4704 0
4748 4720 4732 0
4740 4712 4738 0
4762 4740 4761 0
4739 4712 4740 0
4738 4759 4760 0
4736 4757 4758 0
4797 4782 4780 0
4783 4799 4800 0
4759 4758 4780 0
4782 4759 4780 0
4738 4737 4759 0
4761 4740 4760 0
4737 4734 4758 0
4709 4737 4738 0
4709 4734 4737 0
4797 4799 4782 0
4832 4831 4849 0
4848 4832 4849 0
4816 4831 4832 0
4813 4816 4830 0
4815 4831 4816 0
4800 4815 4816 0
4799 4814 4815 0
4827 4844 4843 0
4809 4810 4827 0
4798 4809 4814 0
4798 4810 4809 0
4828 4844 4827 0
4860 4876 4877 0
4739 4740 4762 0
4783 4800 4784 0
4782 4783 4760 0
4782 4799 4783 0
4778 4770 4756 0
4838 4854 4853 0
4824 4838 4837 0
4824 4823 4841 0
4930 4928 4912 0
4945 4944 4930 0
4958 4974 4959 0
4942 4958 4943 0
4942 4944 4958 0
4911 4913 4895 0
4948 4946 4931 0
4947 4948 4932 0
4962 4946 4948 0
4992 4995 4978 0
4957 4955 4946 0
4890 4907 4887 0
4917 4899 4915 0
4916 4917 4933 0
4931 4916 4933 0
4908 4889 4900 0
4882 4879 4866 0
4897 4898 4917 0
4880 4879 4898 0
4916 4897 4917 0
4891 4889 4908 0
4883 4872 4874 0
4891 4883 4874 0
4891 4890 4883 0
4865 4849 4847 0
4880 4865 4879 0
4848 4849 4865 0
4925 4923 4909 0
4912 4928 4914 0
4870 4853 4854 0
4930 4912 4913 0
4960 4974 4958 0
4914 4896 4912 0
4942 4927 4928 0
4915 4896 4914 0
4970 4972 4988 0
4987 4984 4969 0
5003 4987 4988 0
4999 5000 4987 0
4918 4926 4925 0
4954 4940 4956 0
4938 4937 4923 0
4954 4938 4940 0
4952 4953 4938 0
4922 4923 4937 0
4838 4853 4837 0
4841 4839 4856 0
4824 4841 4838 0
4823 4822 4841 0
4872 4890 4873 0
4888 4907 4906 0
4873 4870 4854 0
4872 4873 4854 0
4887 4888 4873 0
4960 4945 4961 0
4977 4976 4961 0
4932 4915 4914 0
4927 4943 4932 0
4928 4927 4914 0
4942 4943 4927 0
4914 4927 4932 0
4944 4942 4928 0
4944 4960 4958 0
4974 4975 4959 0
4963 4962 4948 0
4948 4933 4932 0
4941 4940 4926 0
4939 4941 4926 0
4956 4940 4941 0
4957 4972 4955 0
4970 4969 4954 0
4910 4909 4891 0
4924 4910 4908 0
4924 4926 4910 0
4881 4899 4882 0
4876 4893 4877 0
4896 4899 4881 0
4893 4896 4881 0
4894 4912 4893 0
4929 4913 4911 0
4930 4944 4928 0
4929 4930 4913 0
4929 4945 4930 0
4944 4945 4960 0
4915 4899 4896 0
4933 4915 4932 0
4933 4917 4915 0
4991 4994 4977 0
4923 4906 4907 0
4976 4974 4960 0
4994 4976 4977 0
4994 4993 4976 0
5006 4994 4991 0
5008 4993 4994 0
4938 4925 4940 0
4906 4923 4922 0
4907 4909 4923 0
4923 4925 4938 0
5040 5024 5023 0
5088 5087 5070 0
5084 5102 5088 0
5117 5134 5122 0
5149 5134 5135 0
5133 5148 5135 0
5162 5152 5149 0
5122 5120 5104 0
5105 5122 5104 0
5138 5152 5150 0
5134 5138 5122 0
5134 5149 5138 0
5050 5049 5034 0
5047 5050 5035 0
5033 5047 5032 0
5048 5064 5047 0
5066 5065 5050 0
5061 5066 5050 0
5061 5077 5066 0
5003 4988 5004 0
5030 5015 5021 0
4999 4987 5003 0
4984 4987 5000 0
5022 5010 5026 0
5015 5003 5021 0
5017 5015 5030 0
5017 4999 5015 0
5005 4995 5010 0
5003 5004 5021 0
4988 4972 4989 0
5009 4994 5006 0
5007 5008 5025 0
5011 5007 5025 0
5026 5011 5025 0
5026 5010 5011 0
4995 4992 5007 0
5007 4992 5008 0
4990 5004 4989 0
5022 5020 5010 0
5021 5004 5005 0
4978 4963 4975 0
4990 4978 4995 0
4962 4963 4978 0
4976 4960 4961 0
4993 4974 4976 0
4992 4993 5008 0
4992 4975 4993 0
4959 4963 4947 0
4958 4959 4943 0
4975 4963 4959 0
4978 4975 4992 0
4947 4932 4943 0
4959 4947 4943 0
4963 4948 4947 0
4993 4975 4974 0
5007 5011 5010 0
5009 5025 5008 0
4994 5009 5008 0
5006 5023 5009 0
5041 5026 5025 0
4937 4938 4953 0
4952 4967 4953 0
4972 4971 4989 0
4956 4972 4970 0
4956 4955 4972 0
4925 4926 4940 0
4957 4962 4971 0
4972 4957 4971 0
4946 4962 4957 0
4939 4946 4955 0
4931 4933 4948 0
4984 5000 5001 0
4967 4969 4985 0
4954 4969 4967 0
4938 4954 4952 0
4956 4970 4954 0
4970 4987 4969 0
4970 4988 4987 0
5024 5025 5009 0
5023 5024 5009 0
5040 5025 5024 0
5040 5023 5039 0
5055 5040 5039 0
5041 5025 5040 0
4967 4968 4953 0
4954 4967 4952 0
4969 4984 4985 0
5001 5002 4986 0
4985 5001 4986 0
4968 4985 4986 0
4984 5001 4985 0
5000 5016 5018 0
5166 5171 5167 0
5168 5161 5167 0
5167 5170 5168 0
5163 5165 5169 0
5161 5166 5167 0
5149 5148 5162 0
5153 5166 5161 0
5162 5161 5168 0
5165 5170 5169 0
5152 5165 5163 0
5168 5170 5165 0
5148 5139 5153 0
5161 5148 5153 0
5149 5135 5148 0
5138 5136 5122 0
5165 5152 5162 0
5163 5150 5152 0
5164 5163 5169 0
5151 5157 5142 0
5118 5106 5123 0
5141 5142 5154 0
5140 5141 5154 0
5112 5096 5103 0
5121 5112 5103 0
5113 5096 5112 0
5127 5113 5112 0
5128 5127 5121 0
5128 5141 5127 0
5126 5140 5125 0
5150 5137 5136 0
5138 5150 5136 0
5163 5151 5150 0
5151 5142 5137 0
5164 5151 5163 0
5164 5157 5151 0
5133 5118 5123 0
5148 5133 5139 0
5135 5118 5133 0
5130 5140 5143 0
5149 5152 5138 0
5148 5161 5162 0
5168 5165 5162 0
5126 5141 5140 0
5150 5151 5137 0
5157 5155 5142 0
5057 5067 5051 0
5089 5072 5071 0
5085 5067 5072 0
5118 5135 5119 0
5101 5118 5119 0
5123 5139 5133 0
5142 5155 5154 0
5045 5048 5033 0
5031 5046 5045 0
5046 5053 5062 0
5063 5046 5062 0
5031 5036 5046 0
5020 5036 5021 0
5005 5020 5021 0
5005 5010 5020 0
5037 5052 5053 0
5022 5037 5036 0
5022 5038 5037 0
5045 5063 5048 0
5021 5031 5030 0
5046 5063 5045 0
5068 5069 5053 0
5128 5121 5137 0
5127 5141 5126 0
5142 5128 5137 0
5142 5141 5128 0
5069 5068 5087 0
5053 5069 5062 0
5122 5105 5117 0
5103 5104 5120 0
5087 5105 5104 0
5086 5087 5104 0
5096 5086 5103 0
5121 5127 5112 0
5080 5081 5063 0
5096 5080 5079 0
5097 5081 5080 0
5069 5087 5086 0
5068 5070 5087 0
5067 5084 5070 0
5080 5096 5097 0
5069 5079 5062 0
5069 5086 5079 0
5125 5110 5111 0
5126 5125 5111 0
5124 5109 5125 0
5081 5064 5063 0
5062 5079 5063 0
5095 5078 5081 0
5110 5095 5097 0
5111 5110 5097 0
5113 5111 5097 0
5113 5126 5111 0
5109 5100 5110 0
5094 5077 5078 0
5140 5154 5143 0
5109 5110 5125 0
5121 5103 5120 0
5136 5121 5120 0
5127 5126 5113 0
5124 5125 5140 0
5110 5094 5095 0
5156 5154 5155 0
5156 5158 5143 0
5147 5160 5146 0
5131 5116 5132 0
5132 5147 5146 0
5131 5132 5146 0
5129 5114 5130 0
5132 5129 5144 0
5116 5114 5129 0
5115 5116 5131 0
5147 5132 5144 0
5083 5098 5082 0
5077 5083 5066 0
5078 5077 5061 0
5094 5083 5077 0
5094 5100 5083 0
5081 5097 5095 0
5110 5100 5094 0
5096 5079 5086 0
5124 5114 5109 0
5109 5114 5100 0
5079 5080 5063 0
5130 5145 5129 0
5099 5115 5098 0
5083 5099 5098 0
5100 5116 5099 0
5099 5116 5115 0
5100 5114 5116 0
5124 5130 5114 0
5144 5159 5147 0
5116 5129 5132 0
5145 5159 5144 0
5129 5145 5144 0
5130 5143 5145 0
5066 5082 5065 0
5050 5065 5049 0
5064 5061 5047 0
5063 5064 5048 0
5097 5096 5113 0
5083 5082 5066 0
5143 5154 5156 0
5145 5143 5158 0
5130 5124 5140 0
5159 5145 5158 0
5100 5099 5083 0
5078 5061 5064 0
5081 5078 5064 0
5095 5094 5078 0
5031 5021 5036 0
5053 5046 5036 0
5045 5030 5031 0
5055 5056 5040 0
5070 5068 5054 0
5067 5070 5054 0
5088 5102 5105 0
5087 5088 5105 0
5070 5084 5088 0
5085 5084 5067 0
5120 5122 5136 0
5137 5121 5136 0
5103 5086 5104 0
5119 5117 5105 0
5119 5135 5117 0
5102 5119 5105 0
5085 5102 5084 0
5101 5119 5102 0
5089 5101 5085 0
5106 5118 5101 0
5135 5134 5117 0
5056 5041 5040 0
5054 5051 5067 0
5038 5022 5026 0
5054 5038 5051 0
5054 5052 5037 0
5085 5101 5102 0
5047 5033 5048 0
5019 5001 5018 0
5016 4999 5017 0
5035 5032 5047 0
5034 5035 5050 0
5034 5019 5035 0
5106 5101 5089 0
5033 5030 5045 0
5061 5050 5047 0
5017 5030 5033 0
5017 5033 5032 0
5016 5017 5032 0
5018 5016 5032 0
5000 4999 5016 0
4999 5003 5015 0
5072 5089 5085 0
5018 5032 5035 0
5019 5018 5035 0
5001 5000 5018 0
5002 5001 5019 0
5038 5054 5037 0
4985 4968 4967 0
5038 5041 5051 0
5038 5026 5041 0
5037 5053 5036 0
5068 5052 5054 0
5068 5053 5052 0
5036 5020 5022 0
5010 4995 5007 0
4990 4995 5005 0
5004 4990 5005 0
4989 4971 4973 0
4988 4989 5004 0
4971 4962 4973 0
4973 4962 4978 0
4990 4973 4978 0
4990 4989 4973 0
5056 5071 5072 0
5056 5055 5071 0
5057 5056 5072 0
5067 5057 5072 0
5051 5056 5057 0
5051 5041 5056 0
5093 5107 5091 0
5090 5076 5091 0
5108 5107 5093 0
5092 5108 5093 0
5091 5076 5093 0
5092 5093 5076 0
5076 5074 5060 0
5060 5074 5059 0
5075 5060 5073 0
5076 5090 5074 0
5075 5076 5060 0
5075 5092 5076 0
5044 5060 5059 0
5044 5058 5060 0
5044 5059 5043 0
5044 5042 5058 0
5073 5060 5058 0
5043 5028 5029 0
5014 5029 5028 0
5029 5044 5043 0
5027 5029 5014 0
5042 5044 5029 0
5028 5013 5014 0
4998 5013 4997 0
5027 5014 5012 0
5027 5042 5029 0
4983 4998 4997 0
4998 5014 5013 0
4996 4998 4983 0
5012 5014 4998 0
4966 4982 4979 0
5012 4998 4996 0
4997 4982 4983 0
4983 4981 4996 0
4966 4979 4964 0
4981 4966 4980 0
4983 4982 4966 0
4981 4983 4966 0
4966 4964 4951 0
4965 4966 4951 0
4951 4949 4936 0
4951 4964 4949 0
4950 4951 4936 0
4965 4980 4966 0
4936 4949 4934 0
4951 4950 4965 0
4919 4921 4934 0
4935 4950 4936 0
4921 4919 4905 0
4921 4936 4934 0
4920 4921 4905 0
4935 4936 4921 0
4905 4919 4903 0
4905 4903 4886 0
4920 4905 4904 0
4920 4935 4921 0
4903 4901 4886 0
4904 4905 4886 0
4869 4886 4884 0
4886 4902 4904 0
4884 4886 4901 0
4869 4885 4886 0
4869 4867 4852 0
4869 4884 4867 0
4868 4869 4852 0
4885 4902 4886 0
4852 4867 4850 0
4834 4819 4836 0
4868 4885 4869 0
4868 4852 4851 0
4851 4852 4836 0
4836 4852 4850 0
4834 4836 4850 0
4819 4835 4836 0
4819 4834 4817 0
4835 4819 4818 0
4835 4851 4836 0
4803 4817 4801 0
4818 4819 4803 0
4803 4819 4817 0
4768 4787 4785 0
4787 4801 4785 0
4787 4803 4801 0
4786 4787 4768 0
4786 4802 4787 0
4802 4818 4803 0
4768 4785 4766 0
4768 4766 4745 0
4786 4768 4767 0
4787 4802 4803 0
4766 4765 4745 0
4745 4765 4743 0
4767 4764 4744 0
4764 4768 4745 0
4744 4764 4745 0
4718 4717 4745 0
4719 4746 4744 0
4767 4768 4764 0
4745 4743 4718 0
4663 4690 4689 0
4717 4718 4690 0
4719 4717 4691 0
4744 4745 4717 0
4743 4716 4718 0
4689 4688 4661 0
4663 4689 4662 0
4690 4718 4689 0
4688 4660 4661 0
4660 4656 4631 0
4632 4631 4605 0
4550 4577 4576 0
4560 4575 4547 0
4534 4560 4546 0
4560 4587 4578 0
4561 4563 4534 0
4587 4602 4578 0
4589 4587 4563 0
4589 4616 4587 0
4631 4632 4660 0
4628 4631 4656 0
4605 4578 4603 0
4578 4602 4603 0
4575 4578 4600 0
4560 4563 4587 0
4605 4603 4630 0
4604 4627 4631 0
4600 4578 4605 0
4575 4560 4578 0
4629 4646 4657 0
4602 4629 4603 0
4616 4646 4629 0
4661 4632 4662 0
4689 4661 4662 0
4660 4632 4661 0
4631 4628 4604 0
4505 4478 4491 0
4544 4533 4519 0
4506 4478 4505 0
4496 4524 4523 0
4534 4520 4507 0
4546 4547 4520 0
4534 4546 4520 0
4534 4563 4560 0
4517 4516 4541 0
4543 4517 4541 0
4519 4491 4490 0
4549 4548 4522 0
4523 4549 4522 0
4524 4547 4550 0
4490 4516 4517 0
4519 4490 4517 0
4491 4463 4489 0
4505 4491 4519 0
4463 4462 4489 0
4466 4495 4467 0
4439 4466 4467 0
4439 4438 4466 0
4442 4451 4469 0
4437 4415 4425 0
4442 4437 4451 0
4442 4415 4437 0
4411 4416 4438 0
4411 4386 4410 0
4399 4425 4415 0
4468 4495 4466 0
4442 4468 4464 0
4469 4492 4496 0
4496 4492 4507 0
4495 4496 4523 0
4468 4469 4496 0
4532 4534 4506 0
4548 4549 4576 0
4506 4534 4507 0
4682 4653 4654 0
4704 4703 4680 0
4710 4704 4680 0
4710 4731 4704 0
4747 4732 4756 0
4747 4748 4732 0
4673 4646 4645 0
4645 4646 4615 0
4652 4645 4623 0
4652 4673 4645 0
4703 4673 4680 0
4742 4763 4746 0
4714 4720 4741 0
4742 4714 4741 0
4686 4684 4673 0
4713 4686 4714 0
4713 4685 4686 0
4685 4713 4687 0
4685 4684 4686 0
4720 4748 4741 0
4742 4715 4714 0
4763 4742 4741 0
4715 4713 4714 0
4719 4715 4742 0
4719 4691 4715 0
4703 4732 4720 0
4588 4562 4571 0
4615 4588 4596 0
4615 4616 4588 0
4652 4680 4673 0
4625 4652 4623 0
4653 4682 4681 0
4625 4653 4652 0
4625 4654 4653 0
4545 4542 4544 0
4616 4589 4588 0
4589 4563 4561 0
4588 4589 4562 0
4616 4602 4587 0
4577 4575 4600 0
4561 4542 4562 0
4548 4521 4522 0
16 7 17 0
37 59 39 0
40 37 17 0
58 80 59 0
40 58 37 0
40 60 58 0
17 37 16 0
107 82 105 0
58 59 37 0
81 105 80 0
83 81 60 0
83 106 81 0
107 127 103 0
82 107 103 0
79 82 103 0
80 105 82 0
105 129 107 0
58 81 80 0
129 131 107 0
105 81 106 0
59 79 57 0
38 59 57 0
16 39 15 0
16 37 39 0
58 60 81 0
59 80 82 0
108 130 106 0
130 132 152 0
154 131 153 0
154 178 180 0
127 131 150 0
153 178 154 0
130 153 129 0
106 130 129 0
105 106 129 0
83 108 106 0
108 132 130 0
152 155 178 0
130 152 153 0
132 156 152 0
64 57 79 0
87 64 79 0
44 57 64 0
61 44 65 0
35 57 44 0
18 35 41 0
36 57 35 0
155 156 182 0
207 206 181 0
178 153 152 0
155 152 156 0
43 42 19 0
41 43 20 0
63 42 43 0
110 84 88 0
18 41 20 0
18 36 35 0
262 283 260 0
243 265 242 0
221 243 242 0
264 263 285 0
241 264 243 0
241 257 264 0
282 305 306 0
265 282 262 0
285 305 282 0
303 301 321 0
307 303 324 0
284 301 303 0
263 284 285 0
282 265 285 0
257 278 263 0
278 301 284 0
264 257 263 0
277 300 278 0
170 193 169 0
148 170 144 0
148 173 170 0
123 147 125 0
195 193 170 0
173 195 170 0
146 145 172 0
147 124 146 0
125 147 148 0
123 124 147 0
124 117 139 0
173 147 146 0
100 117 124 0
172 196 197 0
195 198 219 0
279 276 299 0
300 279 302 0
258 276 279 0
256 258 277 0
255 275 276 0
258 255 276 0
233 232 211 0
236 232 254 0
236 256 234 0
345 320 322 0
230 206 207 0
179 178 155 0
182 181 155 0
204 205 180 0
203 204 179 0
203 226 204 0
155 181 179 0
228 250 226 0
206 229 226 0
181 206 203 0
179 181 203 0
182 207 181 0
230 252 229 0
251 272 250 0
279 300 277 0
319 342 322 0
318 319 299 0
341 342 319 0
320 300 302 0
131 127 107 0
153 131 129 0
154 150 131 0
180 175 154 0
179 204 178 0
246 269 247 0
151 135 128 0
128 112 104 0
127 128 104 0
150 151 128 0
165 186 185 0
161 165 163 0
161 186 165 0
140 161 163 0
137 133 157 0
61 84 63 0
113 110 88 0
176 175 200 0
159 176 177 0
151 175 176 0
210 232 213 0
185 186 210 0
211 208 231 0
183 184 208 0
159 177 184 0
159 151 176 0
253 268 275 0
233 253 254 0
232 233 254 0
211 231 233 0
231 247 253 0
253 247 268 0
187 208 211 0
225 224 247 0
208 225 231 0
202 201 225 0
208 202 225 0
208 184 202 0
224 246 247 0
89 90 115 0
66 89 71 0
66 67 89 0
145 164 171 0
93 117 100 0
133 111 134 0
114 109 133 0
118 115 138 0
91 90 69 0
138 115 116 0
94 71 89 0
116 91 92 0
71 94 93 0
92 68 85 0
109 92 85 0
91 69 92 0
113 134 110 0
136 135 159 0
218 235 241 0
212 218 196 0
188 212 196 0
189 213 212 0
212 213 234 0
171 188 196 0
232 236 213 0
44 41 35 0
64 87 65 0
84 110 86 0
63 84 86 0
61 65 84 0
57 36 34 0
15 38 34 0
65 87 88 0
38 39 59 0
34 38 57 0
15 39 38 0
103 104 87 0
59 82 79 0
87 112 88 0
44 64 65 0
104 112 87 0
127 104 103 0
127 150 128 0
128 135 112 0
154 175 150 0
247 269 268 0
211 232 209 0
187 211 209 0
231 253 233 0
275 254 253 0
275 255 254 0
200 180 205 0
201 200 223 0
175 180 200 0
150 175 151 0
246 227 249 0
201 223 224 0
205 204 226 0
111 86 110 0
136 158 134 0
85 62 86 0
109 85 111 0
109 116 92 0
48 69 67 0
85 86 111 0
23 42 47 0
63 86 62 0
41 61 43 0
84 65 88 0
43 61 63 0
41 44 61 0
79 103 87 0
112 135 113 0
229 228 226 0
230 229 206 0
252 251 229 0
42 62 47 0
20 43 19 0
63 62 42 0
252 248 270 0
293 274 270 0
251 228 229 0
250 228 251 0
271 250 272 0
246 224 223 0
227 246 223 0
200 205 223 0
226 250 227 0
249 269 246 0
230 248 252 0

SubDomainFromMesh
1
3 1 1 0

SubDomainFromGeom
1
2 250 1 0

VertexOnGeometricVertex
632
 1 1
 2 2
 3 3
 4 4
 5 5
 6 6
 7 7
 8 8
 14 9
 15 10
 16 11
 17 12
 18 13
 19 14
 20 15
 21 16
 22 17
 23 18
 24 19
 25 20
 33 21
 34 22
 36 23
 40 24
 56 25
 60 26
 78 27
 83 28
 102 29
 108 30
 126 31
 132 32
 149 33
 156 34
 174 35
 182 36
 199 37
 207 38
 222 39
 230 40
 244 41
 248 42
 266 43
 270 44
 286 45
 289 46
 309 47
 311 48
 323 49
 334 50
 346 51
 357 52
 368 53
 379 54
 391 55
 393 56
 412 57
 416 58
 434 59
 437 60
 456 61
 459 62
 478 63
 481 64
 499 65
 504 66
 521 67
 525 68
 546 69
 549 70
 567 71
 570 72
 579 73
 592 74
 601 75
 615 76
 624 77
 638 78
 645 79
 659 80
 665 81
 668 82
 682 83
 691 84
 702 85
 713 86
 728 87
 734 88
 735 89
 749 90
 757 91
 769 92
 779 93
 792 94
 801 95
 812 96
 822 97
 834 98
 844 99
 856 100
 867 101
 878 102
 890 103
 901 104
 914 105
 922 106
 935 107
 944 108
 946 109
 966 110
 968 111
 988 112
 990 113
 1008 114
 1010 115
 1028 116
 1031 117
 1049 118
 1051 119
 1071 120
 1073 121
 1092 122
 1095 123
 1114 124
 1118 125
 1135 126
 1139 127
 1155 128
 1156 129
 1161 130
 1178 131
 1184 132
 1201 133
 1208 134
 1224 135
 1232 136
 1234 137
 1249 138
 1258 139
 1271 140
 1280 141
 1295 142
 1304 143
 1316 144
 1320 145
 1337 146
 1340 147
 1358 148
 1362 149
 1378 150
 1384 151
 1397 152
 1400 153
 1419 154
 1422 155
 1440 156
 1442 157
 1462 158
 1464 159
 1482 160
 1486 161
 1505 162
 1508 163
 1528 164
 1530 165
 1549 166
 1552 167
 1571 168
 1574 169
 1591 170
 1597 171
 1614 172
 1618 173
 1636 174
 1641 175
 1644 176
 1660 177
 1665 178
 1683 179
 1687 180
 1705 181
 1708 182
 1725 183
 1728 184
 1732 185
 1746 186
 1750 187
 1767 188
 1771 189
 1787 190
 1791 191
 1807 192
 1812 193
 1822 194
 1831 195
 1843 196
 1851 197
 1864 198
 1872 199
 1886 200
 1894 201
 1907 202
 1913 203
 1916 204
 1936 205
 1939 206
 1960 207
 1961 208
 1982 209
 1984 210
 2005 211
 2008 212
 2026 213
 2030 214
 2049 215
 2050 216
 2072 217
 2074 218
 2095 219
 2099 220
 2117 221
 2120 222
 2139 223
 2141 224
 2144 225
 2163 226
 2166 227
 2185 228
 2188 229
 2204 230
 2205 231
 2210 232
 2229 233
 2233 234
 2249 235
 2254 236
 2265 237
 2276 238
 2289 239
 2298 240
 2312 241
 2321 242
 2322 243
 2337 244
 2345 245
 2359 246
 2369 247
 2382 248
 2393 249
 2403 250
 2414 251
 2426 252
 2438 253
 2449 254
 2460 255
 2471 256
 2480 257
 2491 258
 2501 259
 2512 260
 2515 261
 2524 262
 2534 263
 2548 264
 2556 265
 2569 266
 2578 267
 2591 268
 2601 269
 2612 270
 2622 271
 2633 272
 2644 273
 2655 274
 2666 275
 2676 276
 2688 277
 2698 278
 2711 279
 2717 280
 2734 281
 2741 282
 2756 283
 2757 284
 2764 285
 2780 286
 2788 287
 2803 288
 2812 289
 2826 290
 2835 291
 2848 292
 2857 293
 2872 294
 2879 295
 2881 296
 2894 297
 2903 298
 2917 299
 2925 300
 2931 301
 2940 302
 2953 303
 2964 304
 2971 305
 2986 306
 2992 307
 3009 308
 3014 309
 3021 310
 3035 311
 3042 312
 3057 313
 3066 314
 3080 315
 3090 316
 3102 317
 3112 318
 3122 319
 3132 320
 3143 321
 3152 322
 3165 323
 3174 324
 3186 325
 3195 326
 3207 327
 3217 328
 3229 329
 3240 330
 3250 331
 3260 332
 3270 333
 3273 334
 3282 335
 3295 336
 3301 337
 3316 338
 3323 339
 3338 340
 3345 341
 3347 342
 3361 343
 3370 344
 3383 345
 3392 346
 3406 347
 3415 348
 3427 349
 3438 350
 3451 351
 3460 352
 3472 353
 3481 354
 3485 355
 3495 356
 3508 357
 3520 358
 3530 359
 3541 360
 3554 361
 3564 362
 3576 363
 3587 364
 3598 365
 3606 366
 3609 367
 3630 368
 3633 369
 3650 370
 3654 371
 3672 372
 3675 373
 3697 374
 3700 375
 3702 376
 3721 377
 3726 378
 3742 379
 3749 380
 3763 381
 3769 382
 3785 383
 3792 384
 3794 385
 3808 386
 3811 387
 3817 388
 3832 389
 3834 390
 3840 391
 3856 392
 3862 393
 3878 394
 3885 395
 3903 396
 3910 397
 3926 398
 3933 399
 3934 400
 3953 401
 3958 402
 3977 403
 3980 404
 3983 405
 4000 406
 4007 407
 4023 408
 4031 409
 4046 410
 4054 411
 4069 412
 4078 413
 4091 414
 4099 415
 4111 416
 4119 417
 4124 418
 4141 419
 4146 420
 4161 421
 4163 422
 4167 423
 4185 424
 4190 425
 4207 426
 4213 427
 4214 428
 4215 429
 4229 430
 4236 431
 4237 432
 4238 433
 4254 434
 4261 435
 4262 436
 4263 437
 4278 438
 4285 439
 4287 440
 4288 441
 4289 442
 4290 443
 4305 444
 4310 445
 4313 446
 4314 447
 4315 448
 4337 449
 4340 450
 4341 451
 4342 452
 4362 453
 4365 454
 4366 455
 4367 456
 4388 457
 4391 458
 4393 459
 4394 460
 4397 461
 4414 462
 4418 463
 4419 464
 4420 465
 4421 466
 4441 467
 4443 468
 4444 469
 4446 470
 4465 471
 4470 472
 4471 473
 4473 474
 4474 475
 4493 476
 4497 477
 4499 478
 4500 479
 4501 480
 4521 481
 4525 482
 4527 483
 4529 484
 4548 485
 4551 486
 4552 487
 4554 488
 4555 489
 4556 490
 4576 491
 4580 492
 4581 493
 4583 494
 4601 495
 4607 496
 4608 497
 4610 498
 4628 499
 4635 500
 4636 501
 4637 502
 4640 503
 4641 504
 4656 505
 4660 506
 4664 507
 4666 508
 4667 509
 4670 510
 4688 511
 4692 512
 4693 513
 4694 514
 4696 515
 4716 516
 4724 517
 4743 518
 4746 519
 4750 520
 4765 521
 4766 522
 4767 523
 4769 524
 4773 525
 4785 526
 4786 527
 4788 528
 4792 529
 4801 530
 4802 531
 4804 532
 4808 533
 4817 534
 4818 535
 4820 536
 4825 537
 4834 538
 4835 539
 4837 540
 4842 541
 4850 542
 4851 543
 4853 544
 4858 545
 4867 546
 4868 547
 4870 548
 4875 549
 4884 550
 4885 551
 4888 552
 4892 553
 4901 554
 4902 555
 4903 556
 4904 557
 4906 558
 4911 559
 4919 560
 4920 561
 4922 562
 4929 563
 4934 564
 4935 565
 4937 566
 4945 567
 4949 568
 4950 569
 4953 570
 4961 571
 4964 572
 4965 573
 4968 574
 4977 575
 4979 576
 4980 577
 4981 578
 4982 579
 4986 580
 4991 581
 4996 582
 4997 583
 5002 584
 5006 585
 5012 586
 5013 587
 5019 588
 5023 589
 5027 590
 5028 591
 5034 592
 5039 593
 5042 594
 5043 595
 5049 596
 5055 597
 5058 598
 5059 599
 5065 600
 5071 601
 5073 602
 5074 603
 5075 604
 5082 605
 5089 606
 5090 607
 5091 608
 5092 609
 5098 610
 5106 611
 5107 612
 5108 613
 5115 614
 5123 615
 5131 616
 5139 617
 5146 618
 5147 619
 5153 620
 5155 621
 5156 622
 5157 623
 5158 624
 5159 625
 5160 626
 5164 627
 5166 628
 5167 629
 5169 630
 5170 631
 5171 632

VertexOnGeometricEdge
0

EdgeOnGeometricEdge
632
1 1
2 2
3 3
4 4
5 5
6 6
7 7
8 8
9 9
10 10
11 11
12 12
13 13
14 14
15 15
16 16
17 17
18 18
19 19
20 20
21 21
22 22
23 23
24 24
25 25
26 26
27 27
28 28
29 29
30 30
31 31
32 32
33 33
34 34
35 35
36 36
37 37
38 38
39 39
40 40
41 41
42 42
43 43
44 44
45 45
46 46
47 47
48 48
49 49
50 50
51 51
52 52
53 53
54 54
55 55
56 56
57 57
58 58
59 59
60 60
61 61
62 62
63 63
64 64
65 65
66 66
67 67
68 68
69 69
70 70
71 71
72 72
73 73
74 74
75 75
76 76
77 77
78 78
79 79
80 80
81 81
82 82
83 83
84 84
85 85
86 86
87 87
88 88
89 89
90 90
91 91
92 92
93 93
94 94
95 95
96 96
97 97
98 98
99 99
100 100
101 101
102 102
103 103
104 104
105 105
106 106
107 107
108 108
109 109
110 110
111 111
112 112
113 113
114 114
115 115
116 116
117 117
118 118
119 119
120 120
121 121
122 122
123 123
124 124
125 125
126 126
127 127
128 128
129 129
130 130
131 131
132 132
133 133
134 134
135 135
136 136
137 137
138 138
139 139
140 140
141 141
142 142
143 143
144 144
145 145
146 146
147 147
148 148
149 149
150 150
151 151
152 152
153 153
154 154
155 155
156 156
157 157
158 158
159 159
160 160
161 161
162 162
163 163
164 164
165 165
166 166
167 167
168 168
169 169
170 170
171 171
172 172
173 173
174 174
175 175
176 176
177 177
178 178
179 179
180 180
181 181
182 182
183 183
184 184
185 185
186 186
187 187
188 188
189 189
190 190
191 191
192 192
193 193
194 194
195 195
196 196
197 197
198 198
199 199
200 200
201 201
202 202
203 203
204 204
205 205
206 206
207 207
208 208
209 209
210 210
211 211
212 212
213 213
214 214
215 215
216 216
217 217
218 218
219 219
220 220
221 221
222 222
223 223
224 224
225 225
226 226
227 227
228 228
229 229
230 230
231 231
232 232
233 233
234 234
235 235
236 236
237 237
238 238
239 239
240 240
241 241
242 242
243 243
244 244
245 245
246 246
247 247
248 248
249 249
250 250
251 251
252 252
253 253
254 254
255 255
256 256
257 257
258 258
259 259
260 260
261 261
262 262
263 263
264 264
265 265
266 266
267 267
268 268
269 269
270 270
271 271
272 272
273 273
274 274
275 275
276 276
277 277
278 278
279 279
280 280
281 281
282 282
283 283
284 284
285 285
286 286
287 287
288 288
289 289
290 290
291 291
292 292
293 293
294 294
295 295
296 296
297 297
298 298
299 299
300 300
301 301
302 302
303 303
304 304
305 305
306 306
307 307
308 308
309 309
310 310
311 311
312 312
313 313
314 314
315 315
316 316
317 317
318 318
319 319
320 320
321 321
322 322
323 323
324 324
325 325
326 326
327 327
328 328
329 329
330 330
331 331
332 332
333 333
334 334
335 335
336 336
337 337
338 338
339 339
340 340
341 341
342 342
343 343
344 344
345 345
346 346
347 347
348 348
349 349
350 350
351 351
352 352
353 353
354 354
355 355
356 356
357 357
358 358
359 359
360 360
361 361
362 362
363 363
364 364
365 365
366 366
367 367
368 368
369 369
370 370
371 371
372 372
373 373
374 374
375 375
376 376
377 377
378 378
379 379
380 380
381 381
382 382
383 383
384 384
385 385
386 386
387 387
388 388
389 389
390 390
391 391
392 392
393 393
394 394
395 395
396 396
397 397
398 398
399 399
400 400
401 401
402 402
403 403
404 404
405 405
406 406
407 407
408 408
409 409
410 410
411 411
412 412
413 413
414 414
415 415
416 416
417 417
418 418
419 419
420 420
421 421
422 422
423 423
424 424
425 425
426 426
427 427
428 428
429 429
430 430
431 431
432 432
433 433
434 434
435 435
436 436
437 437
438 438
439 439
440 440
441 441
442 442
443 443
444 444
445 445
446 446
447 447
448 448
449 449
450 450
451 451
452 452
453 453
454 454
455 455
456 456
457 457
458 458
459 459
460 460
461 461
462 462
463 463
464 464
465 465
466 466
467 467
468 468
469 469
470 470
471 471
472 472
473 473
474 474
475 475
476 476
477 477
478 478
479 479
480 480
481 481
482 482
483 483
484 484
485 485
486 486
487 487
488 488
489 489
490 490
491 491
492 492
493 493
494 494
495 495
496 496
497 497
498 498
499 499
500 500
501 501
502 502
503 503
504 504
505 505
506 506
507 507
508 508
509 509
510 510
511 511
512 512
513 513
514 514
515 515
516 516
517 517
518 518
519 519
520 520
521 521
522 522
523 523
524 524
525 525
526 526
527 527
528 528
529 529
530 530
531 531
532 532
533 533
534 534
535 535
536 536
537 537
538 538
539 539
540 540
541 541
542 542
543 543
544 544
545 545
546 546
547 547
548 548
549 549
550 550
551 551
552 552
553 553
554 554
555 555
556 556
557 557
558 558
559 559
560 560
561 561
562 562
563 563
564 564
565 565
566 566
567 567
568 568
569 569
570 570
571 571
572 572
573 573
574 574
575 575
576 576
577 577
578 578
579 579
580 580
581 581
582 582
583 583
584 584
585 585
586 586
587 587
588 588
589 589
590 590
591 591
592 592
593 593
594 594
595 595
596 596
597 597
598 598
599 599
600 600
601 601
602 602
603 603
604 604
605 605
606 606
607 607
608 608
609 609
610 610
611 611
612 612
613 613
614 614
615 615
616 616
617 617
618 618
619 619
620 620
621 621
622 622
623 623
624 624
625 625
626 626
627 627
628 628
629 629
630 630
631 631
632 632

End
