MeshVersionFormatted 1

Dimension
2

Identifier
";2, Date: 26/03/14 10:44 05s"

Geometry
"Maillage_L0.133.mesh.gmsh"

Vertices
3018
0 0 22
0 0.001 22
0.001 0 1
0 0.003 22
0 0.002 22
0.000666666620054 0.00133333330823 0
0 0.004 22
0 0.005 22
0 0.012 22
0 0.019 22
0.00133333330823 0.000666666620054 0
0.002 0 1
0 0.018 22
0 0.013 22
0 0.014 22
0 0.017 22
0.000833333258036 0.00333333323652 0
0.00119999988885 0.00239999998207 0
0.00179999986733 0.0015999998745 0
0.000714285640013 0.00428571418071 0
0 0.008 22
0 0.006 22
0.000749999870919 0.00524999991395 0
0 0.007 22
0.000727272682616 0.0126363636354 0
0 0.011 22
0.000727272682616 0.011727272697 0
0 0.01 22
0.000692307567915 0.00830769224563 0
0 0.009 22
0.001 0.019 21
0.003 0 1
0.00249999991036 0.00199999999641 0
0.00239999998207 0.000799999903189 0
0.000666666620054 0.0176666665555 0
0.00133333330823 0.0183333332437 0
0 0.015 22
0 0.016 22
0.000749999870919 0.0137499999498 0
0.000749999870919 0.0146249999695 0
0.000749999870919 0.0167499999785 0
0.00158333319708 0.00366666651249 0
0.00214285705629 0.00285714276443 0
0.00319444425799 0.00233333327238 0
0.00139999988168 0.00559999986733 0
0.00155555553763 0.00466666661288 0
0.00138461534021 0.00846153834156 0
0.000749999870919 0.00733333322935 0
0.00127272724567 0.00654545441605 0
0.00145454543336 0.0132727272242 0
0.00145454543336 0.0124545454477 0
0.000692307567915 0.0106923076181 0
0.00138461534021 0.0113846152542 0
0.000692307567915 0.00923076922994 0
0.00207692297625 0.00878846134649 0
0.00155769211297 0.00936538451278 0
0.002 0.019 21
0.00333333323652 0.000666666620054 0
0.004 0 1
0.00357142847257 0.00142857134815 0
0.00149999994622 0.0174999999175 0
0.00224999988526 0.0182499999928 0
0.00133333330823 0.0156666666272 0
0.00149999994622 0.0144999998888 0
0.00199999999641 0.0164999999534 0
0.00233333327238 0.0039999999247 0
0.00311111100713 0.00333333323652 0
0.00388888887813 0.00266666654834 0
0.00224999988526 0.00599999998924 0
0.00254545442322 0.00509090905082 0
0.00207692297625 0.00769230758943 0
0.00207692297625 0.0069230768373 0
0.00218181804785 0.0139090908129 0
0.00218181804785 0.0131818180622 0
0.00207692297625 0.0120769230264 0
0.00284175808671 0.00862115364053 0
0.00207692297625 0.0109807691331 0
0.00173076915823 0.010269230684 0
0.00235384594892 0.0097230767369 0
0.003 0.019 21
0.00428571418071 0.000714285640013 0
0.005 0 1
0.00466666661288 0.00199999999641 0
0.00266666654834 0.0173333332795 0
0.00333333323652 0.0181666666057 0
0.00299999982431 0.016611111 0
0.00224999988526 0.0152499999641 0
0.00333333323652 0.0158888888566 0
0.00318181814824 0.00436363630007 0
0.00381818173702 0.00363636354933 0
0.00509090905082 0.00290909079859 0
0.00290909079859 0.014545454538 0
0.00346153838459 0.00553846142896 0
0.00299999982431 0.00625641014912 0
0.00306593390435 0.00787912065725 0
0.00352747232837 0.00701831474096 0
0.00276923074854 0.0127692306625 0
0.00346153838459 0.0134615384348 0
0.00286813166423 0.0116771975896 0
0.00360659319717 0.00845384593457 0
0.00325054921946 0.00937582390627 0
0.00278901079543 0.0106065932187 0
0.004 0.019 21
0.00544444434763 0.00133333330823 0
0.006 0 1
0.00581818180156 0.00218181804785 0
0.00366666651249 0.0174166665304 0
0.00428571418071 0.0182857142237 0
0.0039999999247 0.0166666665914 0
0.00363636354933 0.0151818181267 0
0.00436363630007 0.0158181817155 0
0.00415384602063 0.00484615379292 0
0.00484615379292 0.00415384602063 0
0.00553846142896 0.00346153838459 0
0.00623076920126 0.00276923074854 0
0.00415384602063 0.0141538460708 0
0.00438461523264 0.00594871768476 0
0.00421977996442 0.00686446850879 0
0.00405494483244 0.00778021960531 0
0.00365934048845 0.0123736261823 0
0.00438461523264 0.0132179485445 0
0.00401538432992 0.0113606835938 0
0.00414725249 0.0090285712119 0
0.00409780196403 0.00990311328699 0
0.005 0.019 21
0.00636363622836 0.000727272682616 0
0.00654545441605 0.00145454543336 0
0.007 0 1
0.0069230768373 0.00207692297625 0
0.00466666661288 0.0174444443261 0
0.00533333330106 0.0182222221971 0
0.00509090905082 0.0164545454405 0
0.00484615379292 0.0148461538431 0
0.00553846142896 0.0155384614792 0
0.00518623470109 0.00507692300494 0
0.00595040476313 0.00436538441956 0
0.00646963549016 0.00384615369253 0
0.0072240215332 0.00317948700434 0
0.00512307662933 0.0137230767297 0
0.00576923050472 0.00589743565279 0
0.00504395576054 0.00782417561326 0
0.00540659313263 0.00686080549677 0
0.00504395576054 0.00868131851752 0
0.00484615365667 0.0121794870904 0
0.00489560418264 0.0113049448791 0
0.0053076920807 0.0129743587904 0
0.0049450547086 0.010430402804 0
0.00563736234464 0.0108086078409 0
0.00499450523457 0.00955586059262 0
0.006 0.019 21
0.00629999991036 0.0182999998888 0
0.00727272716679 0.000727272682616 0
0.00761538460959 0.00138461534021 0
0.008 0 1
0.00804048571073 0.00253846140028 0
0.00821727386514 0.00358974353265 0
0.00581818180156 0.0170909090293 0
0.00654545441605 0.0175454544304 0
0.00623076920126 0.0162307691152 0
0.00567692284717 0.0144769229404 0
0.00640384597401 0.0154038460601 0
0.00621862338154 0.00530769221695 0
0.00680971639832 0.00476923067683 0
0.00740080955136 0.00423076913672 0
0.00833198361255 0.00461538444466 0
0.00609230737429 0.0136923075105 0
0.00657692274677 0.0064230767871 0
0.00630494478583 0.00714560413602 0
0.00603296682488 0.0078681316212 0
0.00603296682488 0.00901098891772 0
0.00588461511073 0.0118846153044 0
0.00623076892875 0.0127307691726 0
0.00632967011694 0.011186813014 0
0.00618131840279 0.0100989008978 0
0.007 0.019 21
0.00727272716679 0.0182727271811 0
0.00830769224563 0.000692307567915 0
0.00836032385855 0.00169230766831 0
0.009 0 1
0.00915789472042 0.00299999996056 0
0.00910526310751 0.00199999999641 0
0.00999999998207 0.00299999996056 0
0.00921052619709 0.0039999999247 0
0.00761538460959 0.0176153845235 0
0.0069230768373 0.0169230768875 0
0.00715384591306 0.0161538459991 0
0.00692307670105 0.014423076909 0
0.00726923051907 0.015269230641 0
0.00926315781 0.00499999988885 0
0.007251012062 0.00553846142896 0
0.00828340074246 0.00576923064098 0
0.0070615382555 0.0134615382985 0
0.00738461512507 0.00694871764891 0
0.00702197775298 0.00791208762914 0
0.00702197775298 0.00862637347353 0
0.00702197775298 0.00934065918167 0
0.00715384591306 0.0124871794185 0
0.00692307670105 0.0115897435183 0
0.0072197799931 0.01079120867 0
0.008 0.019 21
0.00830769224563 0.0183076922958 0
0.00830769210938 0.0173076920592 0
0.00905263149459 0.000999999896018 0
0.01 0 1
0.00999999998207 0.000999999896018 0
0.00999999998207 0.00199999999641 0
0.0109999999462 0.00299999996056 0
0.00999999998207 0.00499999988885 0
0.0109999999462 0.0039999999247 0
0.00999999998207 0.0039999999247 0
0.00796153815511 0.0164615383272 0
0.00796153815511 0.0142115383738 0
0.00813461506412 0.0151346152219 0
0.00931578942292 0.00599999998924 0
0.00823785398667 0.00662179464397 0
0.0101578946846 0.00599999998924 0
0.00803076886421 0.0132307690865 0
0.00899999988168 0.0139999999749 0
0.00819230736712 0.00747435864697 0
0.00801098868108 0.0088131866776 0
0.00801098868108 0.00967032958187 0
0.00803076886421 0.0124307691152 0
0.00796153815511 0.0112948717323 0
0.00810988986926 0.0103956043261 0
0.009 0.019 21
0.00899999988168 0.0179999999677 0
0.00899999988168 0.0169999998673 0
0.011 0 1
0.0109999999462 0.000999999896018 0
0.0109999999462 0.00199999999641 0
0.0119999999104 0.00199999999641 0
0.0119999999104 0.00299999996056 0
0.0119999999104 0.0039999999247 0
0.0109999999462 0.00499999988885 0
0.0109999999462 0.00599999998924 0
0.00899999988168 0.0159999999032 0
0.00899999988168 0.014999999939 0
0.009578947215 0.015499999853 0
0.00936842103584 0.00699999995339 0
0.010184210491 0.00699999995339 0
0.00899999988168 0.0129999998745 0
0.00999999998207 0.0139999999749 0
0.00899999988168 0.00799999991753 0
0.00899999988168 0.00899999988168 0
0.00899999988168 0.00999999998207 0
0.00899999988168 0.0119999999104 0
0.00899999988168 0.0109999999462 0
0.0109999999462 0.00699999995339 0
0.01 0.019 21
0.0100526314587 0.0179999999677 0
0.0101052630717 0.0169999998673 0
0.012842105172 0.00299999996056 0
0.012 0 1
0.0119999999104 0.000999999896018 0
0.0128947367849 0.00199999999641 0
0.0134210525053 0.0034999998745 0
0.0127894735591 0.0039999999247 0
0.0119999999104 0.00499999988885 0
0.0119999999104 0.00599999998924 0
0.0101578946846 0.0159999999032 0
0.0102105262975 0.014999999939 0
0.00999999998207 0.00799999991753 0
0.0109999999462 0.00799999991753 0
0.0109999999462 0.014999999939 0
0.0109999999462 0.0139999999749 0
0.00999999998207 0.0129999998745 0
0.00999999998207 0.00899999988168 0
0.00999999998207 0.00999999998207 0
0.00999999998207 0.0109999999462 0
0.00999999998207 0.0119999999104 0
0.0119999999104 0.00699999995339 0
0.011 0.019 21
0.0109999999462 0.0179999999677 0
0.0109999999462 0.0169999998673 0
0.0139999999749 0.00299999996056 0
0.0139999999749 0.00199999999641 0
0.013 0 1
0.0130526314874 0.000999999896018 0
0.0129999998745 0.00499999988885 0
0.0139999999749 0.0039999999247 0
0.0129999998745 0.00599999998924 0
0.0129999998745 0.00699999995339 0
0.0109999999462 0.0159999999032 0
0.0109999999462 0.00899999988168 0
0.0119999999104 0.00799999991753 0
0.0115789471433 0.015499999853 0
0.011605263086 0.0144999998888 0
0.0116315788925 0.0134999999247 0
0.0109999999462 0.0129999998745 0
0.010815789301 0.0119999999104 0
0.0109999999462 0.00999999998207 0
0.0107894734946 0.0109999999462 0
0.0129999998745 0.00799999991753 0
0.012 0.019 21
0.0120526315233 0.0179999999677 0
0.0121052631362 0.0169999998673 0
0.0147894736236 0.0039999999247 0
0.0148421052365 0.00299999996056 0
0.0139999999749 0.000999999896018 0
0.0148947367132 0.00199999999641 0
0.014 0 1
0.0139999999749 0.00499999988885 0
0.014999999939 0.00499999988885 0
0.0139999999749 0.00599999998924 0
0.0139999999749 0.00699999995339 0
0.0121578946129 0.0159999999032 0
0.0119999999104 0.00899999988168 0
0.0129999998745 0.00899999988168 0
0.0122631578387 0.0139999999749 0
0.0122105262258 0.014999999939 0
0.0123157894516 0.0129999998745 0
0.0116315788925 0.0119999999104 0
0.0123157893154 0.0114999998602 0
0.0119999999104 0.00999999998207 0
0.0115789472795 0.0109999999462 0
0.0139999999749 0.00799999991753 0
0.013 0.019 21
0.0129999998745 0.0179999999677 0
0.0129999998745 0.0169999998673 0
0.0156052630788 0.00449999983865 0
0.0155263156594 0.0034999998745 0
0.0155263156594 0.00249999991036 0
0.015 0 1
0.0155263156594 0.00149999994622 0
0.0149473683261 0.000999999896018 0
0.0156315788853 0.00549999993904 0
0.0162631578315 0.00499999988885 0
0.014999999939 0.00599999998924 0
0.0146842103978 0.00749999973108 0
0.015368420957 0.00699999995339 0
0.0129999998745 0.0159999999032 0
0.0129999998745 0.00999999998207 0
0.0139999999749 0.00899999988168 0
0.0129999998745 0.0139999999749 0
0.0135789472078 0.015499999853 0
0.0129999998745 0.014999999939 0
0.0131578947133 0.0129999998745 0
0.0129999998745 0.0119999999104 0
0.0129999998745 0.0109999999462 0
0.0147105262043 0.00849999983148 0
0.0141052630645 0.0169999998673 0
0.014 0.019 21
0.0140526314516 0.0179999999677 0
0.0162105262186 0.0039999999247 0
0.0169999998673 0.0039999999247 0
0.0161578946057 0.00299999996056 0
0.016 0 1
0.016105263129 0.00199999999641 0
0.0160526315161 0.000999999896018 0
0.0169999998673 0.00499999988885 0
0.0163157894444 0.00599999998924 0
0.0154210525699 0.00799999991753 0
0.0163684209211 0.00699999995339 0
0.0141578946774 0.0159999999032 0
0.0139999999749 0.00999999998207 0
0.0147368420107 0.00949999993187 0
0.0139999999749 0.0139999999749 0
0.0142105262903 0.014999999939 0
0.0139999999749 0.0129999998745 0
0.0139999999749 0.0119999999104 0
0.0139999999749 0.0109999999462 0
0.0154736841828 0.00899999988168 0
0.0169736840609 0.00649999990319 0
0.014999999939 0.0169999998673 0
0.014999999939 0.0179999999677 0
0.015 0.019 21
0.0177368420394 0.00499999988885 0
0.0169999998673 0.00299999996056 0
0.0177894736523 0.0039999999247 0
0.0169999998673 0.00199999999641 0
0.017 0 1
0.0169999998673 0.000999999896018 0
0.0176842104265 0.00599999998924 0
0.0183684209856 0.00549999993904 0
0.016421052534 0.00799999991753 0
0.0170263156738 0.00749999973108 0
0.014999999939 0.014999999939 0
0.014999999939 0.0159999999032 0
0.014999999939 0.0109999999462 0
0.0155263156594 0.00999999998207 0
0.014999999939 0.0139999999749 0
0.014999999939 0.0129999998745 0
0.014999999939 0.0119999999104 0
0.0164736841469 0.00899999988168 0
0.0176315788136 0.00699999995339 0
0.0159999999032 0.0159999999032 0
0.0159999999032 0.0169999998673 0
0.0159999999032 0.0179999999677 0
0.016 0.019 21
0.0183947367921 0.00449999983865 0
0.017842105129 0.00299999996056 0
0.0184210524623 0.0034999998745 0
0.0178947367419 0.00199999999641 0
0.018 0 1
0.0179473683548 0.000999999896018 0
0.0189999999319 0.00499999988885 0
0.0183421051792 0.00649999990319 0
0.0189999999319 0.00599999998924 0
0.0175789473369 0.00799999991753 0
0.0167894735519 0.014999999939 0
0.0159999999032 0.0139999999749 0
0.0159999999032 0.014999999939 0
0.0159999999032 0.0109999999462 0
0.0165263157598 0.00999999998207 0
0.0159999999032 0.0129999998745 0
0.0159999999032 0.0119999999104 0
0.017526315724 0.00899999988168 0
0.0174736841111 0.00999999998207 0
0.0183157893727 0.00749999973108 0
0.0174210524982 0.015499999853 0
0.0168421051648 0.0159999999032 0
0.0168947367778 0.0169999998673 0
0.0169473683907 0.0179999999677 0
0.017 0.019 21
0.0189999999319 0.0039999999247 0
0.0189999999319 0.00299999996056 0
0.019 0 1
0.0189999999319 0.00199999999641 0
0.0189999999319 0.000999999896018 0
0.019999999896 0.00499999988885 0
0.019999999896 0.00599999998924 0
0.0189999999319 0.00699999995339 0
0.019999999896 0.00699999995339 0
0.0182894735663 0.00849999969522 0
0.0179999999677 0.014999999939 0
0.0173947366917 0.0144999998888 0
0.0167368420753 0.0139999999749 0
0.0169999998673 0.0129999998745 0
0.0169999998673 0.0109999999462 0
0.0169999998673 0.0119999999104 0
0.0182631577598 0.00924999977052 0
0.0182368419533 0.00999999998207 0
0.0179999999677 0.0109999999462 0
0.0189999999319 0.00799999991753 0
0.018578947301 0.015499999853 0
0.018 0.019 21
0.0179999999677 0.0159999999032 0
0.0179999999677 0.0169999998673 0
0.0179999999677 0.0179999999677 0
0.019999999896 0.0039999999247 0
0.019999999896 0.00299999996056 0
0.02 0 1
0.019999999896 0.00199999999641 0
0.019999999896 0.000999999896018 0
0.0209999999964 0.0039999999247 0
0.0209999999964 0.00499999988885 0
0.0208421051577 0.00599999998924 0
0.0208157893512 0.00674999979204 0
0.019999999896 0.00799999991753 0
0.0207894735447 0.00749999973108 0
0.0189999999319 0.00899999988168 0
0.0186052631075 0.0144999998888 0
0.0179999999677 0.0139999999749 0
0.0179999999677 0.0129999998745 0
0.0179999999677 0.0119999999104 0
0.0189999999319 0.00999999998207 0
0.0189999999319 0.0109999999462 0
0.019999999896 0.00899999988168 0
0.0192105262473 0.014999999939 0
0.0191578946344 0.0159999999032 0
0.019 0.019 21
0.0191052631577 0.0169999998673 0
0.0190526315448 0.0179999999677 0
0.0209999999964 0.00299999996056 0
0.0217894736451 0.0039999999247 0
0.0209999999964 0.00199999999641 0
0.021 0 1
0.0209999999964 0.000999999896018 0
0.0217368420322 0.00499999988885 0
0.0216842104193 0.00599999998924 0
0.0216315789427 0.00699999995339 0
0.0207631577383 0.00849999969522 0
0.0215789473297 0.00799999991753 0
0.019999999896 0.00999999998207 0
0.0189999999319 0.0129999998745 0
0.0192631578602 0.0139999999749 0
0.0189999999319 0.0119999999104 0
0.019999999896 0.0109999999462 0
0.019999999896 0.0119999999104 0
0.019999999896 0.0139999999749 0
0.019999999896 0.014999999939 0
0.0207368419318 0.00949999993187 0
0.019999999896 0.0159999999032 0
0.019999999896 0.0169999998673 0
0.02 0.019 21
0.019999999896 0.0179999999677 0
0.0227368419964 0.00499999988885 0
0.022 0 1
0.0218421052581 0.00299999996056 0
0.0224210524551 0.0034999998745 0
0.0229999999247 0.0039999999247 0
0.0218947367347 0.00199999999641 0
0.0219473683476 0.000999999896018 0
0.0226842105197 0.00599999998924 0
0.0226315789068 0.00699999995339 0
0.0225789472939 0.00799999991753 0
0.0215263157168 0.00899999988168 0
0.022526315681 0.00899999988168 0
0.0207105262616 0.010499999896 0
0.019999999896 0.0129999998745 0
0.0206842104552 0.0114999998602 0
0.0206578946487 0.0124999998243 0
0.0207368420681 0.0139999999749 0
0.0209999999964 0.014999999939 0
0.0214736841039 0.00999999998207 0
0.021 0.019 21
0.0219999999606 0.014999999939 0
0.0209999999964 0.0159999999032 0
0.0209999999964 0.0169999998673 0
0.0209999999964 0.0179999999677 0
0.0237368420968 0.00499999988885 0
0.0236842104839 0.00599999998924 0
0.023 0 1
0.0229473683118 0.000999999896018 0
0.0229999999247 0.00299999996056 0
0.0237894735734 0.0039999999247 0
0.0229999999247 0.00199999999641 0
0.0236315788709 0.00699999995339 0
0.023578947258 0.00799999991753 0
0.0235263157814 0.00899999988168 0
0.0224736842043 0.00999999998207 0
0.0234736841684 0.00999999998207 0
0.0214210526272 0.0109999999462 0
0.0213157894014 0.0129999998745 0
0.0213684210143 0.0119999999104 0
0.0219999999606 0.0139999999749 0
0.0224210525914 0.0109999999462 0
0.022 0.019 21
0.0226052631003 0.0144999998888 0
0.0225789472939 0.015499999853 0
0.0219999999606 0.0159999999032 0
0.0219999999606 0.0179999999677 0
0.0219999999606 0.0169999998673 0
0.0243947367132 0.00449999983865 0
0.024368421043 0.00549999993904 0
0.0243421052365 0.00649999990319 0
0.024 0 1
0.0239473684122 0.000999999896018 0
0.0238947367993 0.00199999999641 0
0.0244210525197 0.0034999998745 0
0.0238421051864 0.00299999996056 0
0.0249999999892 0.0039999999247 0
0.0243157894301 0.00749999973108 0
0.0242894736236 0.00849999969522 0
0.0242631578172 0.00924999977052 0
0.0242368420107 0.00999999998207 0
0.0234210525555 0.0109999999462 0
0.0223684209785 0.0119999999104 0
0.0223157893656 0.0129999998745 0
0.023263157853 0.0139999999749 0
0.0240263156953 0.0114999998602 0
0.0233684209426 0.0119999999104 0
0.023 0.019 21
0.0232105262401 0.014999999939 0
0.0231578946272 0.0159999999032 0
0.0231052631505 0.0169999998673 0
0.0230526315376 0.0179999999677 0
0.0239999998888 0.014999999939 0
0.0249999999892 0.00499999988885 0
0.0249999999892 0.00699999995339 0
0.0249999999892 0.00599999998924 0
0.025 0 1
0.0249999999892 0.000999999896018 0
0.0249999999892 0.00199999999641 0
0.0249999999892 0.00299999996056 0
0.0255789473226 0.0034999998745 0
0.0256052629928 0.00449999983865 0
0.0249999999892 0.00799999991753 0
0.0249999999892 0.00899999988168 0
0.0249999999892 0.00999999998207 0
0.0245789473584 0.0109999999462 0
0.0246315788351 0.0119999999104 0
0.0233157894659 0.0129999998745 0
0.0247368420609 0.0139999999749 0
0.0239999998888 0.0139999999749 0
0.0239736840824 0.0124999998243 0
0.024 0.019 21
0.0239999998888 0.0159999999032 0
0.0239999998888 0.0169999998673 0
0.0239999998888 0.0179999999677 0
0.0253947366774 0.0144999998888 0
0.0247894736738 0.014999999939 0
0.0256842104121 0.00749999973108 0
0.0256315787992 0.00549999993904 0
0.0256578946057 0.00649999990319 0
0.0262631578817 0.00499999988885 0
0.026 0 1
0.0259999999534 0.000999999896018 0
0.0259999999534 0.00199999999641 0
0.0261578946559 0.00299999996056 0
0.0262105262688 0.0039999999247 0
0.0269999999175 0.0039999999247 0
0.0257105260823 0.00849999983148 0
0.0257368420251 0.00949999993187 0
0.0254210526201 0.0109999999462 0
0.025 0.019 21
0.0259736841469 0.0114999998602 0
0.0253684208709 0.0134999999247 0
0.0253684210072 0.0119999999104 0
0.024684210448 0.0129999998745 0
0.0259999999534 0.0139999999749 0
0.0249473683763 0.0179999999677 0
0.0248421051505 0.0159999999032 0
0.0259999999534 0.014999999939 0
0.0248947367634 0.0169999998673 0
0.0254210523476 0.015499999853 0
0.0264210525842 0.00799999991753 0
0.0270263155877 0.00749999973108 0
0.0263684209713 0.00699999995339 0
0.0263157893584 0.00599999998924 0
0.0269999999175 0.00499999988885 0
0.027 0 1
0.0269999999175 0.000999999896018 0
0.0276052630573 0.00449999983865 0
0.0275789472509 0.0034999998745 0
0.0269999999175 0.00199999999641 0
0.0269999999175 0.00299999996056 0
0.0264736841971 0.00899999988168 0
0.0265263156738 0.00999999998207 0
0.0265789472867 0.0109999999462 0
0.026 0.019 21
0.0259999999534 0.0179999999677 0
0.0266315788996 0.0119999999104 0
0.0259999999534 0.0129999998745 0
0.0266315787634 0.0134999999247 0
0.0266052629569 0.0144999998888 0
0.0265789471505 0.015499999853 0
0.0259999999534 0.0169999998673 0
0.0259999999534 0.0159999999032 0
0.0275263157742 0.00899999988168 0
0.0275789472509 0.00799999991753 0
0.0276315788638 0.00699999995339 0
0.0273157893225 0.00599999998924 0
0.02826315781 0.00499999988885 0
0.028 0 1
0.0280526314946 0.000999999896018 0
0.0282105261971 0.0039999999247 0
0.0281578947204 0.00299999996056 0
0.0281052631075 0.00199999999641 0
0.0274736841613 0.00999999998207 0
0.0274210525484 0.0109999999462 0
0.0289999999821 0.00899999988168 0
0.02826315781 0.00949999993187 0
0.027 0.019 21
0.0270526315304 0.0179999999677 0
0.0273684209354 0.0119999999104 0
0.0273157894588 0.0129999998745 0
0.0272105262329 0.014999999939 0
0.0272631578459 0.0139999999749 0
0.02715789462 0.0159999999032 0
0.0271052631434 0.0169999998673 0
0.0284210525125 0.00799999991753 0
0.0294210526129 0.00799999991753 0
0.0283684210358 0.00699999995339 0
0.0283157894229 0.00599999998924 0
0.0289999999821 0.00499999988885 0
0.0289999999821 0.0039999999247 0
0.0299999999462 0.0039999999247 0
0.029 0 1
0.0289999999821 0.000999999896018 0
0.0289999999821 0.00299999996056 0
0.0289999999821 0.00199999999641 0
0.0282368420035 0.010499999896 0
0.0282105261971 0.0114999998602 0
0.0297631576881 0.00899999988168 0
0.0289999999821 0.00999999998207 0
0.028 0.019 21
0.0279999998817 0.0179999999677 0
0.0281842102544 0.0124999998243 0
0.0279999998817 0.0139999999749 0
0.028092105068 0.0132499998996 0
0.0279999998817 0.0159999999032 0
0.0279999998817 0.014999999939 0
0.0279999998817 0.0169999998673 0
0.0299736841398 0.00749999973108 0
0.0305789472795 0.00799999991753 0
0.0299999999462 0.00499999988885 0
0.029368421 0.00699999995339 0
0.0293157893871 0.00599999998924 0
0.0306052629497 0.00449999983865 0
0.0305789471433 0.0034999998745 0
0.0299999999462 0.00299999996056 0
0.03 0 1
0.0299999999462 0.000999999896018 0
0.0299999999462 0.00199999999641 0
0.029 0.019 21
0.0289999999821 0.0109999999462 0
0.0289999999821 0.0119999999104 0
0.0305263156666 0.00899999988168 0
0.0299999999462 0.00999999998207 0
0.0289473683692 0.0179999999677 0
0.0289999999821 0.0129999998745 0
0.0289999999821 0.0139999999749 0
0.0289999999821 0.0159999999032 0
0.0289999999821 0.014999999939 0
0.0289999999821 0.0169999998673 0
0.0313289472186 0.00774999975618 0
0.0312894735089 0.00849999969522 0
0.0312631578387 0.00499999988885 0
0.0306315788925 0.00699999995339 0
0.0303157893512 0.00599999998924 0
0.0319999998745 0.0039999999247 0
0.0312105262258 0.0039999999247 0
0.0311578946129 0.00299999996056 0
0.0311052631362 0.00199999999641 0
0.031 0 1
0.0310526315233 0.000999999896018 0
0.03 0.019 21
0.0299999999462 0.0109999999462 0
0.0299999999462 0.0119999999104 0
0.0309999999104 0.00999999998207 0
0.0300526315591 0.0179999999677 0
0.0299999999462 0.0129999998745 0
0.0299999999462 0.0139999999749 0
0.0299999999462 0.0159999999032 0
0.0299999999462 0.014999999939 0
0.0301052630358 0.0169999998673 0
0.0313684209283 0.00699999995339 0
0.0319999998745 0.00899999988168 0
0.0319999998745 0.00799999991753 0
0.0319999998745 0.00499999988885 0
0.0313157894516 0.00599999998924 0
0.031973684068 0.00649999990319 0
0.0327368420466 0.00499999988885 0
0.0327894736595 0.0039999999247 0
0.0319999998745 0.00299999996056 0
0.0319999998745 0.00199999999641 0
0.0319999998745 0.000999999896018 0
0.032 0 1
0.031 0.019 21
0.0319999998745 0.00999999998207 0
0.0309999999104 0.0109999999462 0
0.0309999999104 0.0119999999104 0
0.0319999998745 0.0109999999462 0
0.0309999999104 0.0179999999677 0
0.0309999999104 0.0169999998673 0
0.0309999999104 0.014999999939 0
0.0309999999104 0.0139999999749 0
0.0309999999104 0.0129999998745 0
0.0309999999104 0.0159999999032 0
0.0326315788207 0.00699999995339 0
0.0327368419103 0.00949999993187 0
0.0327105262401 0.00849999969522 0
0.0326710525304 0.00774999975618 0
0.0326842104337 0.00599999998924 0
0.0333684208566 0.00549999993904 0
0.033394736663 0.00449999983865 0
0.0334210524695 0.0034999998745 0
0.0328421051362 0.00299999996056 0
0.033999999939 0.0039999999247 0
0.0328947367491 0.00199999999641 0
0.032947368362 0.000999999896018 0
0.033 0 1
0.032 0.019 21
0.0327631577168 0.010499999896 0
0.0319999998745 0.0129999998745 0
0.0328815788458 0.0112499998351 0
0.0319999998745 0.0119999999104 0
0.0320526314874 0.0179999999677 0
0.0321052631003 0.0169999998673 0
0.0319999998745 0.014999999939 0
0.0319999998745 0.0139999999749 0
0.0321578947133 0.0159999999032 0
0.0335263156953 0.00999999998207 0
0.0333684209928 0.00699999995339 0
0.0334736840824 0.00899999988168 0
0.0334210526057 0.00799999991753 0
0.0341052630286 0.00674999979204 0
0.033999999939 0.00599999998924 0
0.033999999939 0.00499999988885 0
0.033999999939 0.00299999996056 0
0.0347894735878 0.0039999999247 0
0.033999999939 0.00199999999641 0
0.033999999939 0.000999999896018 0
0.034 0 1
0.033 0.019 21
0.0342894735376 0.010499999896 0
0.0329999999749 0.0129999998745 0
0.0329999999749 0.0139999999749 0
0.0335789473082 0.0109999999462 0
0.0329999999749 0.0119999999104 0
0.0329999999749 0.0179999999677 0
0.0329999999749 0.0169999998673 0
0.0329999999749 0.014999999939 0
0.0329999999749 0.0159999999032 0
0.0342631577311 0.00949999993187 0
0.0342105262545 0.00749999973108 0
0.0342368419247 0.00849999969522 0
0.0349999999032 0.00699999995339 0
0.0349999999032 0.00599999998924 0
0.0349999999032 0.00499999988885 0
0.0348421052007 0.00299999996056 0
0.035421052534 0.0034999998745 0
0.0359999998673 0.0039999999247 0
0.0348947368136 0.00199999999641 0
0.035 0 1
0.0349473682903 0.000999999896018 0
0.034 0.019 21
0.0349999999032 0.00999999998207 0
0.0349999999032 0.0109999999462 0
0.033999999939 0.0129999998745 0
0.033999999939 0.0139999999749 0
0.033999999939 0.0119999999104 0
0.033999999939 0.0179999999677 0
0.033999999939 0.0169999998673 0
0.033999999939 0.0159999999032 0
0.033999999939 0.014999999939 0
0.0349999999032 0.014999999939 0
0.0349999999032 0.00899999988168 0
0.0349999999032 0.00799999991753 0
0.0359999998673 0.00899999988168 0
0.0359999998673 0.00699999995339 0
0.0359999998673 0.00599999998924 0
0.0359999998673 0.00499999988885 0
0.0366052630071 0.00449999983865 0
0.036 0 1
0.0365789472007 0.0034999998745 0
0.0359999998673 0.00299999996056 0
0.0359999998673 0.00199999999641 0
0.0359999998673 0.000999999896018 0
0.035 0.019 21
0.0359999998673 0.00999999998207 0
0.0359999998673 0.0109999999462 0
0.0349999999032 0.0119999999104 0
0.0349999999032 0.0139999999749 0
0.0348421052007 0.0129999998745 0
0.0359999998673 0.0119999999104 0
0.0349999999032 0.0179999999677 0
0.0349999999032 0.0169999998673 0
0.035605263043 0.0144999998888 0
0.0355789472365 0.015499999853 0
0.0349999999032 0.0159999999032 0
0.0359999998673 0.00799999991753 0
0.0367368419031 0.00949999993187 0
0.0367105262329 0.00849999969522 0
0.0369999999677 0.00699999995339 0
0.0369999999677 0.00599999998924 0
0.0372631577598 0.00499999988885 0
0.0372105262831 0.0039999999247 0
0.037 0 1
0.0371578946702 0.00299999996056 0
0.0371052630573 0.00199999999641 0
0.0370526314444 0.000999999896018 0
0.036 0.019 21
0.0367631577096 0.010499999896 0
0.0367894735161 0.0114999998602 0
0.0362631577957 0.0139999999749 0
0.0356842104623 0.0129999998745 0
0.0368947367419 0.0122499997992 0
0.0369999999677 0.0139999999749 0
0.0360526314802 0.0179999999677 0
0.0361052630932 0.0169999998673 0
0.0362105261827 0.014999999939 0
0.0369999999677 0.014999999939 0
0.0361578947061 0.0159999999032 0
0.0374210525986 0.00799999991753 0
0.0375263156881 0.00999999998207 0
0.0374736840752 0.00899999988168 0
0.0380263157383 0.00749999973108 0
0.0379999999319 0.00599999998924 0
0.0379999999319 0.0039999999247 0
0.0379999999319 0.00499999988885 0
0.0386315788781 0.00549999993904 0
0.0379999999319 0.00299999996056 0
0.038 0 1
0.0379999999319 0.00199999999641 0
0.0379999999319 0.000999999896018 0
0.037 0.019 21
0.0384736841756 0.00999999998207 0
0.037578947301 0.0109999999462 0
0.037631578914 0.0134999999247 0
0.037631578914 0.0119999999104 0
0.0369999999677 0.0129999998745 0
0.0382631578602 0.0139999999749 0
0.0376052631075 0.0144999998888 0
0.0369999999677 0.0179999999677 0
0.037578947301 0.015499999853 0
0.0369999999677 0.0169999998673 0
0.0369999999677 0.0159999999032 0
0.0385789472652 0.00799999991753 0
0.0393684210502 0.00699999995339 0
0.0385263157885 0.00899999988168 0
0.0386315788781 0.00699999995339 0
0.039 0 1
0.0393157894373 0.00599999998924 0
0.0387894735806 0.0039999999247 0
0.0392631578243 0.00499999988885 0
0.0388421051935 0.00299999996056 0
0.0389473684194 0.000999999896018 0
0.0388947368064 0.00199999999641 0
0.0394736841398 0.00899999988168 0
0.038 0.019 21
0.0395263157527 0.00999999998207 0
0.0384210525627 0.0109999999462 0
0.0383684209498 0.0119999999104 0
0.0390263157025 0.0114999998602 0
0.0383157894731 0.0129999998745 0
0.038999999896 0.0139999999749 0
0.038999999896 0.014999999939 0
0.0382105262473 0.014999999939 0
0.0380526315448 0.0179999999677 0
0.0381578946344 0.0159999999032 0
0.0381052631577 0.0169999998673 0
0.0401578946989 0.00599999998924 0
0.0400657893763 0.00674999979204 0
0.03997368419 0.00749999973108 0
0.0394210525268 0.00799999991753 0
0.0394210525268 0.0034999998745 0
0.0399999999964 0.000999999896018 0
0.04 0 1
0.0399999999964 0.00499999988885 0
0.0399999999964 0.0039999999247 0
0.0399999999964 0.00299999996056 0
0.0399999999964 0.00199999999641 0
0.0405263157168 0.00899999988168 0
0.0404736841039 0.00999999998207 0
0.039 0.019 21
0.0395789473656 0.0109999999462 0
0.0389736840896 0.0124999998243 0
0.0396315788423 0.0119999999104 0
0.0396578946487 0.0134999999247 0
0.0396052630358 0.0144999998888 0
0.0395789472293 0.015499999853 0
0.038999999896 0.0159999999032 0
0.038999999896 0.0179999999677 0
0.038999999896 0.0169999998673 0
0.0409999999606 0.00499999988885 0
0.0409999999606 0.00599999998924 0
0.0409999999606 0.00699999995339 0
0.0405789473297 0.00799999991753 0
0.041 0 1
0.0409999999606 0.000999999896018 0
0.0409999999606 0.0039999999247 0
0.0409999999606 0.00299999996056 0
0.0409999999606 0.00199999999641 0
0.0412894735591 0.00849999969522 0
0.0412631577526 0.00924999977052 0
0.0412368419462 0.00999999998207 0
0.041210526276 0.0109999999462 0
0.0404210526272 0.0109999999462 0
0.04 0.019 21
0.0403684210143 0.0119999999104 0
0.0403157894014 0.0129999998745 0
0.0402631577885 0.0139999999749 0
0.0402105263118 0.014999999939 0
0.0401578946989 0.0159999999032 0
0.040105263086 0.0169999998673 0
0.0400526314731 0.0179999999677 0
0.0419999999247 0.00499999988885 0
0.0419999999247 0.00599999998924 0
0.0419999999247 0.00699999995339 0
0.0419999999247 0.00799999991753 0
0.0415789472939 0.0034999998745 0
0.042 0 1
0.0420526315376 0.000999999896018 0
0.0422105262401 0.0039999999247 0
0.0421578946272 0.00299999996056 0
0.0421052631505 0.00199999999641 0
0.0419999999247 0.00899999988168 0
0.0419999999247 0.00999999998207 0
0.0419999999247 0.0109999999462 0
0.0419999999247 0.0119999999104 0
0.0411842104695 0.0119999999104 0
0.041 0.019 21
0.0411578946631 0.0129999998745 0
0.0409999999606 0.0139999999749 0
0.0409999999606 0.014999999939 0
0.0409999999606 0.0169999998673 0
0.0409999999606 0.0159999999032 0
0.0409999999606 0.0179999999677 0
0.0429999998888 0.00499999988885 0
0.0429999998888 0.00599999998924 0
0.0429999998888 0.00799999991753 0
0.0429999998888 0.00699999995339 0
0.0436052630286 0.00449999983865 0
0.043 0 1
0.0429999998888 0.000999999896018 0
0.0429999998888 0.00299999996056 0
0.0429999998888 0.0039999999247 0
0.0429999998888 0.00199999999641 0
0.0429999998888 0.00899999988168 0
0.0429999998888 0.00999999998207 0
0.0429999998888 0.0109999999462 0
0.0429999998888 0.0119999999104 0
0.0419999999247 0.0129999998745 0
0.0419473683118 0.0179999999677 0
0.042 0.019 21
0.0419999999247 0.0139999999749 0
0.0419999999247 0.014999999939 0
0.0419999999247 0.0159999999032 0
0.0424736840322 0.0174999997813 0
0.0418947368351 0.0169999998673 0
0.0442631577813 0.00499999988885 0
0.0436315788351 0.00549999993904 0
0.0436578946415 0.00649999990319 0
0.0437105262545 0.00849999969522 0
0.043684210448 0.00749999973108 0
0.0442105263047 0.0039999999247 0
0.0449999999534 0.0039999999247 0
0.044 0 1
0.0439473683763 0.000999999896018 0
0.0439999999892 0.00199999999641 0
0.0439999999892 0.00299999996056 0
0.0437368419247 0.00949999993187 0
0.0437631577311 0.010499999896 0
0.0437894735376 0.0114999998602 0
0.043815789344 0.0124999998243 0
0.0429999998888 0.0129999998745 0
0.043 0.019 21
0.0430526315018 0.0179999999677 0
0.0429999998888 0.0139999999749 0
0.0429999998888 0.014999999939 0
0.0429999998888 0.0159999999032 0
0.0431052631147 0.0169999998673 0
0.0443684210072 0.00699999995339 0
0.0449999999534 0.00499999988885 0
0.0443157893942 0.00599999998924 0
0.0444736840967 0.00899999988168 0
0.0444210526201 0.00799999991753 0
0.0449736841469 0.00749999973108 0
0.045236841939 0.00899999988168 0
0.0455789472867 0.0034999998745 0
0.0456052630932 0.00449999983865 0
0.0449999999534 0.00299999996056 0
0.045 0 1
0.0449999999534 0.000999999896018 0
0.0449999999534 0.00199999999641 0
0.0445263157096 0.00999999998207 0
0.0445789473226 0.0109999999462 0
0.0446315789355 0.0119999999104 0
0.0446842104121 0.0129999998745 0
0.0439999999892 0.0139999999749 0
0.0439078946666 0.0132499998996 0
0.0439999999892 0.0179999999677 0
0.044 0.019 21
0.0439999999892 0.014999999939 0
0.0439999999892 0.0159999999032 0
0.0439999999892 0.0169999998673 0
0.045 0.019 21
0.0449736841469 0.00649999990319 0
0.0462631578459 0.00499999988885 0
0.0456578947061 0.00549999993904 0
0.0452631577455 0.00974999982072 0
0.0456315788996 0.00699999995339 0
0.0463157893225 0.00749999973108 0
0.0455789472867 0.00799999991753 0
0.0459999999175 0.00899999988168 0
0.04615789462 0.00299999996056 0
0.0462105262329 0.0039999999247 0
0.0461052631434 0.00199999999641 0
0.046 0 1
0.0460526315304 0.000999999896018 0
0.0469999998817 0.0039999999247 0
0.0469999998817 0.00499999988885 0
0.0452894735519 0.010499999896 0
0.0453157893584 0.0114999998602 0
0.0453421051648 0.0124999998243 0
0.0453684209713 0.0134999999247 0
0.0447368420251 0.0139999999749 0
0.0449999999534 0.014999999939 0
0.0449999999534 0.0179999999677 0
0.0449999999534 0.0159999999032 0
0.0449999999534 0.0169999998673 0
0.046 0.019 21
0.0463157894588 0.00599999998924 0
0.0459999999175 0.00999999998207 0
0.0469999998817 0.00999999998207 0
0.0469999998817 0.00899999988168 0
0.0469999998817 0.00699999995339 0
0.0469999998817 0.00799999991753 0
0.047578947215 0.0034999998745 0
0.0469999998817 0.00199999999641 0
0.0469999998817 0.00299999996056 0
0.0469999998817 0.000999999896018 0
0.047 0 1
0.0476052630215 0.00449999983865 0
0.0476578946344 0.00549999993904 0
0.0459999999175 0.0109999999462 0
0.0459999999175 0.0119999999104 0
0.0459999999175 0.0129999998745 0
0.0459999999175 0.0179999999677 0
0.0459999999175 0.0139999999749 0
0.0459999999175 0.014999999939 0
0.0459999999175 0.0169999998673 0
0.0459999999175 0.0159999999032 0
0.047 0.019 21
0.0476578946344 0.00649999990319 0
0.0469999998817 0.0109999999462 0
0.0477631577239 0.010499999896 0
0.0477368419175 0.00949999993187 0
0.047710526111 0.00849999983148 0
0.0476842104408 0.00749999973108 0
0.0482105262975 0.0039999999247 0
0.0481578946846 0.00299999996056 0
0.0478947367562 0.00199999999641 0
0.0479473683692 0.000999999896018 0
0.048 0 1
0.0489999999462 0.0039999999247 0
0.0482631577741 0.00499999988885 0
0.0489999999462 0.00499999988885 0
0.0483157893871 0.00599999998924 0
0.0469999998817 0.0119999999104 0
0.0469999998817 0.0129999998745 0
0.0469999998817 0.0139999999749 0
0.0470526314946 0.0179999999677 0
0.0469999998817 0.014999999939 0
0.0471052631075 0.0169999998673 0
0.0479999999821 0.014999999939 0
0.0469999998817 0.0159999999032 0
0.048 0.019 21
0.048368421 0.00699999995339 0
0.0477894735304 0.0114999998602 0
0.0485789473154 0.0109999999462 0
0.0485263157025 0.00999999998207 0
0.0484736840896 0.00899999988168 0
0.0484210526129 0.00799999991753 0
0.0489999999462 0.00299999996056 0
0.0489999999462 0.00199999999641 0
0.0489999999462 0.000999999896018 0
0.049 0 1
0.0499999999104 0.00299999996056 0
0.0499999999104 0.0039999999247 0
0.0490921051326 0.00574999982789 0
0.0499999999104 0.00499999988885 0
0.0491842104552 0.00649999990319 0
0.0478421051433 0.0129999998745 0
0.0478157893369 0.0122499997992 0
0.0479999999821 0.0139999999749 0
0.0479999999821 0.0179999999677 0
0.0486052631219 0.0144999998888 0
0.0485789473154 0.015499999853 0
0.0479999999821 0.0169999998673 0
0.0479999999821 0.0159999999032 0
0.049 0.019 21
0.0492105261254 0.00749999973108 0
0.0486315789283 0.0119999999104 0
0.049421052577 0.0109999999462 0
0.04947368419 0.00999999998207 0
0.0492368419318 0.00849999983148 0
0.0509999998745 0.00299999996056 0
0.0499999999104 0.00199999999641 0
0.0499999999104 0.000999999896018 0
0.05 0 1
0.0509999998745 0.00199999999641 0
0.0509999998745 0.0039999999247 0
0.0499999999104 0.00599999998924 0
0.0509999998745 0.00499999988885 0
0.0499999999104 0.00699999995339 0
0.048684210405 0.0129999998745 0
0.0492631578745 0.0139999999749 0
0.0490526315591 0.0179999999677 0
0.0492105262616 0.014999999939 0
0.0491578946487 0.0159999999032 0
0.0491052630358 0.0169999998673 0
0.05 0.019 21
0.0499999999104 0.00799999991753 0
0.0493684209641 0.0119999999104 0
0.0500263157168 0.0114999998602 0
0.0505789472437 0.0109999999462 0
0.050526315767 0.00999999998207 0
0.0499999999104 0.00899999988168 0
0.051 0.019 21
0.0517894736595 0.0039999999247 0
0.0518421051362 0.00299999996056 0
0.051 0 1
0.0509999998745 0.000999999896018 0
0.0518947367491 0.00199999999641 0
0.0517368420466 0.00499999988885 0
0.0509999998745 0.00599999998924 0
0.0509999998745 0.00699999995339 0
0.0519999999749 0.00599999998924 0
0.0499999999104 0.014999999939 0
0.0499999999104 0.0139999999749 0
0.0499999999104 0.0129999998745 0
0.0499999999104 0.0179999999677 0
0.0499999999104 0.0159999999032 0
0.0499999999104 0.0169999998673 0
0.0509473683978 0.0179999999677 0
0.0507894735591 0.014999999939 0
0.0509999998745 0.00799999991753 0
0.0506315788566 0.0119999999104 0
0.0513157894157 0.0114999998602 0
0.0512894736093 0.010499999896 0
0.0509999998745 0.00899999988168 0
0.0519999999749 0.0179999999677 0
0.052 0.019 21
0.0525263156953 0.00449999983865 0
0.0524736840824 0.0034999998745 0
0.0525263156953 0.00249999991036 0
0.052 0 1
0.051947368362 0.000999999896018 0
0.0525263156953 0.00149999994622 0
0.0526315789211 0.00549999993904 0
0.0519999999749 0.00699999995339 0
0.0519999999749 0.00799999991753 0
0.0526578945913 0.00649999990319 0
0.0532631578674 0.00499999988885 0
0.0507368420824 0.0139999999749 0
0.0509999998745 0.0129999998745 0
0.0508947367849 0.0169999998673 0
0.050842105172 0.0159999999032 0
0.0519999999749 0.0169999998673 0
0.0513947366989 0.0144999998888 0
0.0514210525053 0.015499999853 0
0.0519999999749 0.00899999988168 0
0.0519999999749 0.0119999999104 0
0.0519999999749 0.0109999999462 0
0.0519999999749 0.00999999998207 0
0.0528947367132 0.0169999998673 0
0.0529473683261 0.0179999999677 0
0.053 0.019 21
0.0534736840465 0.0174999997813 0
0.0532105262545 0.0039999999247 0
0.0539999999032 0.0039999999247 0
0.0531578946415 0.00299999996056 0
0.0531052630286 0.00199999999641 0
0.053 0 1
0.053052631552 0.000999999896018 0
0.053315789344 0.00599999998924 0
0.0527105262043 0.00849999969522 0
0.0526842103978 0.00749999973108 0
0.053368420957 0.00699999995339 0
0.0539999999032 0.00499999988885 0
0.0519999999749 0.0129999998745 0
0.0519999999749 0.0139999999749 0
0.0519999999749 0.0159999999032 0
0.0519999999749 0.014999999939 0
0.052999999939 0.0159999999032 0
0.0527368420107 0.00949999993187 0
0.0528157894301 0.0119999999104 0
0.0527894736236 0.0109999999462 0
0.0527631578172 0.0102499998709 0
0.054 0.019 21
0.0538421052007 0.0159999999032 0
0.054105263129 0.0169999998673 0
0.0540526315161 0.0179999999677 0
0.0539999999032 0.00299999996056 0
0.0547894735519 0.0039999999247 0
0.0539999999032 0.00199999999641 0
0.0539999999032 0.000999999896018 0
0.054 0 1
0.0541578946057 0.00599999998924 0
0.0534736841828 0.00899999988168 0
0.0534210525699 0.00799999991753 0
0.0541842104121 0.00699999995339 0
0.0549999998673 0.00499999988885 0
0.0536315788853 0.0119999999104 0
0.0528421052365 0.0129999998745 0
0.052999999939 0.0139999999749 0
0.052999999939 0.014999999939 0
0.0537894735878 0.014999999939 0
0.054421052534 0.015499999853 0
0.0535263156594 0.00999999998207 0
0.0535789472724 0.0109999999462 0
0.055 0.019 21
0.0549999998673 0.0159999999032 0
0.0549999998673 0.0169999998673 0
0.0549999998673 0.0179999999677 0
0.0559999999677 0.00499999988885 0
0.0548421051648 0.00299999996056 0
0.0554210523619 0.0034999998745 0
0.0559999999677 0.0039999999247 0
0.0548947367778 0.00199999999641 0
0.0549473683907 0.000999999896018 0
0.055 0 1
0.0544736841469 0.00999999998207 0
0.0549999998673 0.00599999998924 0
0.0545263157598 0.00899999988168 0
0.0545789472365 0.00799999991753 0
0.0549999998673 0.00699999995339 0
0.055842105129 0.00599999998924 0
0.0543684209211 0.0119999999104 0
0.0536842104982 0.0129999998745 0
0.0537368419749 0.0139999999749 0
0.0543947367276 0.0144999998888 0
0.0549999998673 0.014999999939 0
0.0550263156738 0.0114999998602 0
0.054421052534 0.0109999999462 0
0.0557894736523 0.014999999939 0
0.0559473683548 0.0179999999677 0
0.056 0.019 21
0.055842105129 0.0159999999032 0
0.0558947367419 0.0169999998673 0
0.0566842103906 0.00599999998924 0
0.0567368420035 0.00499999988885 0
0.0567894736165 0.0039999999247 0
0.0559999999677 0.00299999996056 0
0.0559999999677 0.00199999999641 0
0.0559999999677 0.000999999896018 0
0.056 0 1
0.055526315724 0.00999999998207 0
0.0554736841111 0.00899999988168 0
0.0558157893225 0.00699999995339 0
0.0554210524982 0.00799999991753 0
0.056631578914 0.00699999995339 0
0.0550263156738 0.0124999998243 0
0.0543421051146 0.0134999999247 0
0.0549999998673 0.0139999999749 0
0.0557368420394 0.0139999999749 0
0.0556315788136 0.0119999999104 0
0.0555789473369 0.0109999999462 0
0.0563947367921 0.0144999998888 0
0.0564210524623 0.015499999853 0
0.057 0.019 21
0.0569999999319 0.0169999998673 0
0.0569999999319 0.0179999999677 0
0.0569999999319 0.0159999999032 0
0.05739473662 0.00449999983865 0
0.0573421050071 0.00649999990319 0
0.0573684208135 0.00549999993904 0
0.0574210524264 0.0034999998745 0
0.0568421052294 0.00299999996056 0
0.056894736706 0.00199999999641 0
0.056947368319 0.000999999896018 0
0.057 0 1
0.0564210525986 0.0109999999462 0
0.0564736840752 0.00999999998207 0
0.0565263156881 0.00899999988168 0
0.056578947301 0.00799999991753 0
0.0573157893369 0.00749999973108 0
0.057999999896 0.00699999995339 0
0.0556842104265 0.0129999998745 0
0.0563684209856 0.0134999999247 0
0.0563684209856 0.0119999999104 0
0.0569736841254 0.0114999998602 0
0.0569999999319 0.0139999999749 0
0.0569999999319 0.014999999939 0
0.0576052629354 0.0144999998888 0
0.058 0.019 21
0.057999999896 0.0159999999032 0
0.0579473684194 0.0179999999677 0
0.0578947368064 0.0169999998673 0
0.057999999896 0.00499999988885 0
0.057999999896 0.0039999999247 0
0.057999999896 0.00599999998924 0
0.0586578945125 0.00649999990319 0
0.057999999896 0.00299999996056 0
0.057999999896 0.000999999896018 0
0.057999999896 0.00199999999641 0
0.058789473681 0.0039999999247 0
0.058 0 1
0.0575789472652 0.0109999999462 0
0.0575263157885 0.00999999998207 0
0.0574736841756 0.00899999988168 0
0.057999999896 0.00799999991753 0
0.0586842104552 0.00749999973108 0
0.0569999999319 0.0129999998745 0
0.0576315788781 0.0119999999104 0
0.0576315787419 0.0134999999247 0
0.0583684210502 0.0119999999104 0
0.0582105262114 0.014999999939 0
0.0582631578243 0.0139999999749 0
0.059 0.019 21
0.0589999999964 0.0179999999677 0
0.0589999999964 0.0159999999032 0
0.0589999999964 0.0169999998673 0
0.0587368420681 0.00499999988885 0
0.0593684210143 0.00699999995339 0
0.0593157894014 0.00599999998924 0
0.0593947366845 0.00449999983865 0
0.0589473683835 0.000999999896018 0
0.0588421051577 0.00299999996056 0
0.0588947367706 0.00199999999641 0
0.059421052491 0.0034999998745 0
0.059 0 1
0.060026315767 0.00749999973108 0
0.0589736840537 0.0114999998602 0
0.0584210525268 0.0109999999462 0
0.0584736841398 0.00999999998207 0
0.0585263157527 0.00899999988168 0
0.0594736841039 0.00899999988168 0
0.0594210526272 0.00799999991753 0
0.0596315789427 0.0119999999104 0
0.0583157894373 0.0129999998745 0
0.0590263156666 0.0124999998243 0
0.0589999999964 0.0139999999749 0
0.0589999999964 0.014999999939 0
0.0597894736451 0.014999999939 0
0.06 0.019 21
0.0600526315735 0.0179999999677 0
0.0598947367347 0.0169999998673 0
0.0604210524551 0.015499999853 0
0.0598421052581 0.0159999999032 0
0.0599999999606 0.00499999988885 0
0.0599736840178 0.00649999990319 0
0.0599868419211 0.00574999982789 0
0.0606315789068 0.00699999995339 0
0.0599999999606 0.0039999999247 0
0.0599999999606 0.000999999896018 0
0.0599999999606 0.00199999999641 0
0.0599999999606 0.00299999996056 0
0.06 0 1
0.0605789472939 0.00799999991753 0
0.0595789473297 0.0109999999462 0
0.0595263157168 0.00999999998207 0
0.060526315681 0.00899999988168 0
0.0603684209785 0.0119999999104 0
0.0596842104193 0.0129999998745 0
0.0597368420322 0.0139999999749 0
0.0603947366487 0.0144999998888 0
0.0609999999247 0.014999999939 0
0.061 0.019 21
0.0609999999247 0.0179999999677 0
0.0609999999247 0.0169999998673 0
0.0609999999247 0.0159999999032 0
0.061578947258 0.015499999853 0
0.0609999999247 0.00499999988885 0
0.0609999999247 0.00599999998924 0
0.0613684209426 0.00699999995339 0
0.0619999998888 0.00499999988885 0
0.0609999999247 0.000999999896018 0
0.0619999998888 0.0039999999247 0
0.0609999999247 0.0039999999247 0
0.0609999999247 0.00199999999641 0
0.0609999999247 0.00299999996056 0
0.061 0 1
0.0620263155591 0.00749999973108 0
0.0614210525555 0.00799999991753 0
0.0604210525914 0.0109999999462 0
0.0604736842043 0.00999999998207 0
0.060973683982 0.0114999998602 0
0.0614736841684 0.00899999988168 0
0.0615263157814 0.00999999998207 0
0.0616052630645 0.0144999998888 0
0.0610263155949 0.0124999998243 0
0.060342105172 0.0134999999247 0
0.0609999999247 0.0139999999749 0
0.0616315788709 0.0119999999104 0
0.062 0.019 21
0.0622105262043 0.014999999939 0
0.0629999999892 0.014999999939 0
0.0620526315018 0.0179999999677 0
0.0621052631147 0.0169999998673 0
0.0621578947276 0.0159999999032 0
0.0619999998888 0.00599999998924 0
0.0626315788351 0.00699999995339 0
0.0626315786988 0.00549999993904 0
0.0626052630286 0.00449999983865 0
0.0632631577813 0.00499999988885 0
0.0625789470859 0.0034999998745 0
0.0619999998888 0.000999999896018 0
0.0619999998888 0.00299999996056 0
0.0619999998888 0.00199999999641 0
0.062 0 1
0.0633684210072 0.00699999995339 0
0.0625789473584 0.00799999991753 0
0.0625263157455 0.00899999988168 0
0.061578947258 0.0109999999462 0
0.0623157892938 0.0114999998602 0
0.0624736841326 0.00999999998207 0
0.0622631578172 0.0139999999749 0
0.0616842104839 0.0129999998745 0
0.0623421051003 0.0124999998243 0
0.0629999999892 0.0139999999749 0
0.0629999999892 0.0119999999104 0
0.063605263129 0.0144999998888 0
0.0635789473226 0.015499999853 0
0.063 0.019 21
0.0629999999892 0.0159999999032 0
0.0629999999892 0.0179999999677 0
0.0629999999892 0.0169999998673 0
0.0633157893942 0.00599999998924 0
0.0639999999534 0.00499999988885 0
0.0632105263047 0.0039999999247 0
0.0639999999534 0.0039999999247 0
0.0631578946917 0.00299999996056 0
0.0629473683763 0.000999999896018 0
0.0631052630788 0.00199999999641 0
0.063 0 1
0.0639736841469 0.00649999990319 0
0.0640263156236 0.00749999973108 0
0.0634210526201 0.00799999991753 0
0.0634736840967 0.00899999988168 0
0.0635263157096 0.00999999998207 0
0.0629999999892 0.0109999999462 0
0.0629999999892 0.0129999998745 0
0.0642631578817 0.0139999999749 0
0.0636315787992 0.0134999999247 0
0.0639999999534 0.0119999999104 0
0.0642105262688 0.014999999939 0
0.0649999999175 0.014999999939 0
0.0641578946559 0.0159999999032 0
0.064 0.019 21
0.064105263043 0.0169999998673 0
0.0640526315663 0.0179999999677 0
0.0646842105125 0.00599999998924 0
0.0647368419892 0.00499999988885 0
0.0639999999534 0.00299999996056 0
0.0647894736021 0.0039999999247 0
0.0639999999534 0.00199999999641 0
0.0639999999534 0.000999999896018 0
0.064 0 1
0.0646315788996 0.00699999995339 0
0.0645789472867 0.00799999991753 0
0.0645263156738 0.00899999988168 0
0.0644736841971 0.00999999998207 0
0.0644210525842 0.0109999999462 0
0.0649999999175 0.0139999999749 0
0.0643157893584 0.0129999998745 0
0.0649999999175 0.0119999999104 0
0.0657368420896 0.0139999999749 0
0.0649999999175 0.0159999999032 0
0.0657894735663 0.014999999939 0
0.0649999999175 0.0169999998673 0
0.065 0.019 21
0.0649999999175 0.0179999999677 0
0.065342105129 0.00649999990319 0
0.0653684209354 0.00549999993904 0
0.0653947366056 0.00449999983865 0
0.064842105215 0.00299999996056 0
0.0654210525484 0.0034999998745 0
0.064894736828 0.00199999999641 0
0.065 0 1
0.0649473683046 0.000999999896018 0
0.0653157893225 0.00749999973108 0
0.0652894735161 0.00849999969522 0
0.0652631577096 0.00949999993187 0
0.0652105262329 0.0109999999462 0
0.0652368419031 0.0102499998709 0
0.0659999998817 0.00699999995339 0
0.0656842104767 0.0129999998745 0
0.0659999998817 0.0119999999104 0
0.0663684210358 0.0134999999247 0
0.066394736706 0.0144999998888 0
0.0664210525125 0.015499999853 0
0.0658421051792 0.0159999999032 0
0.0658947367921 0.0169999998673 0
0.066 0.019 21
0.065947368405 0.0179999999677 0
0.0659999998817 0.00599999998924 0
0.0659999998817 0.00499999988885 0
0.0659999998817 0.0039999999247 0
0.0659999998817 0.00199999999641 0
0.0659999998817 0.00299999996056 0
0.066 0 1
0.0660526314946 0.000999999896018 0
0.0659999998817 0.00799999991753 0
0.0659999998817 0.00899999988168 0
0.0659999998817 0.00999999998207 0
0.0659999998817 0.0109999999462 0
0.0669999999821 0.00599999998924 0
0.0669999999821 0.00699999995339 0
0.0669999999821 0.0129999998745 0
0.0669999999821 0.0119999999104 0
0.0669999999821 0.0109999999462 0
0.0669999999821 0.0139999999749 0
0.0669999999821 0.014999999939 0
0.0669999999821 0.0159999999032 0
0.0669999999821 0.0169999998673 0
0.067 0.019 21
0.0669999999821 0.0179999999677 0
0.0669999999821 0.0039999999247 0
0.0669999999821 0.00499999988885 0
0.0669999999821 0.00299999996056 0
0.0669999999821 0.00199999999641 0
0.067 0 1
0.0669999999821 0.000999999896018 0
0.0669999999821 0.00799999991753 0
0.0669999999821 0.00899999988168 0
0.0669999999821 0.00999999998207 0
0.0679999999462 0.00599999998924 0
0.0679999999462 0.00699999995339 0
0.0679999999462 0.0129999998745 0
0.0679999999462 0.0119999999104 0
0.0679999999462 0.0109999999462 0
0.0679999999462 0.00999999998207 0
0.0679999999462 0.0139999999749 0
0.0679999999462 0.014999999939 0
0.0679999999462 0.0159999999032 0
0.0679999999462 0.0169999998673 0
0.068 0.019 21
0.0679999999462 0.0179999999677 0
0.0689999999104 0.0129999998745 0
0.0682631578745 0.00499999988885 0
0.0677894736308 0.0039999999247 0
0.0678421052437 0.00299999996056 0
0.0678947367204 0.00199999999641 0
0.068 0 1
0.0679473683333 0.000999999896018 0
0.0679999999462 0.00799999991753 0
0.0679999999462 0.00899999988168 0
0.0689999999104 0.00599999998924 0
0.0689999999104 0.00699999995339 0
0.0689999999104 0.0119999999104 0
0.0689999999104 0.0109999999462 0
0.0689999999104 0.00999999998207 0
0.0689999999104 0.00899999988168 0
0.0689999999104 0.0139999999749 0
0.0689999999104 0.014999999939 0
0.0691578946129 0.0159999999032 0
0.0691052631362 0.0169999998673 0
0.0690526315233 0.0179999999677 0
0.069 0.019 21
0.069842105172 0.0129999998745 0
0.0699999998745 0.0139999999749 0
0.0698157893656 0.0122499997992 0
0.068421052577 0.0034999998745 0
0.0689999999104 0.00499999988885 0
0.0689999999104 0.0039999999247 0
0.0689999999104 0.00299999996056 0
0.0689999999104 0.00199999999641 0
0.069 0 1
0.0689999999104 0.000999999896018 0
0.0689999999104 0.00799999991753 0
0.0699999998745 0.00599999998924 0
0.0708421051362 0.00599999998924 0
0.0699999998745 0.00699999995339 0
0.0697894735591 0.0114999998602 0
0.0697631577526 0.010499999896 0
0.0697105261397 0.00849999969522 0
0.0697368419462 0.00949999993187 0
0.0699999998745 0.014999999939 0
0.0699999998745 0.0159999999032 0
0.0699999998745 0.0169999998673 0
0.0699999998745 0.0179999999677 0
0.07 0.019 21
0.0706315788207 0.0119999999104 0
0.0707368420466 0.0139999999749 0
0.0706842104337 0.0129999998745 0
0.0699999998745 0.00499999988885 0
0.0709999999749 0.00499999988885 0
0.0699999998745 0.0039999999247 0
0.0716842103978 0.00599999998924 0
0.0699999998745 0.00299999996056 0
0.0699999998745 0.00199999999641 0
0.07 0 1
0.0699999998745 0.000999999896018 0
0.0704210525053 0.00799999991753 0
0.0716315789211 0.00699999995339 0
0.0708157893297 0.00699999995339 0
0.0705789473441 0.0109999999462 0
0.0705263157312 0.00999999998207 0
0.0704736841182 0.00899999988168 0
0.072315789344 0.00749999973108 0
0.0707894736595 0.014999999939 0
0.0714999998888 0.0139999999749 0
0.0714210524695 0.015499999853 0
0.0708421051362 0.0159999999032 0
0.071 0.019 21
0.0708947367491 0.0169999998673 0
0.070947368362 0.0179999999677 0
0.0713684209928 0.0119999999104 0
0.0714999998888 0.0129999998745 0
0.0709999999749 0.0039999999247 0
0.0717368420107 0.00499999988885 0
0.0709999999749 0.00299999996056 0
0.0723421051505 0.00649999990319 0
0.072368420957 0.00549999993904 0
0.0709999999749 0.00199999999641 0
0.0709999999749 0.000999999896018 0
0.071 0 1
0.0729999999032 0.00699999995339 0
0.0715789473082 0.00799999991753 0
0.0714210526057 0.0109999999462 0
0.0714736840824 0.00999999998207 0
0.0715263156953 0.00899999988168 0
0.0729999999032 0.00799999991753 0
0.0722631578674 0.0139999999749 0
0.071999999939 0.014999999939 0
0.0725789472724 0.015499999853 0
0.071999999939 0.0159999999032 0
0.072 0.019 21
0.071999999939 0.0179999999677 0
0.071999999939 0.0169999998673 0
0.072315789344 0.0129999998745 0
0.072368420957 0.0119999999104 0
0.0732631578315 0.0139999999749 0
0.0723947367634 0.00449999983865 0
0.0717894736236 0.0039999999247 0
0.0718421052365 0.00299999996056 0
0.0729999999032 0.00599999998924 0
0.0729999999032 0.00499999988885 0
0.0718947367132 0.00199999999641 0
0.0719473683261 0.000999999896018 0
0.072 0 1
0.0739999998673 0.00699999995339 0
0.0739999998673 0.00599999998924 0
0.0739999998673 0.00799999991753 0
0.0725263156594 0.00899999988168 0
0.0724210525699 0.0109999999462 0
0.0724736841828 0.00999999998207 0
0.0735263157598 0.00899999988168 0
0.0733684209211 0.0119999999104 0
0.0739999998673 0.014999999939 0
0.0732105262186 0.014999999939 0
0.0731578946057 0.0159999999032 0
0.073105263129 0.0169999998673 0
0.073 0.019 21
0.0730526315161 0.0179999999677 0
0.0739736840609 0.0124999998243 0
0.0733157894444 0.0129999998745 0
0.0739999998673 0.0139999999749 0
0.0729999999032 0.0039999999247 0
0.0728421052007 0.00299999996056 0
0.0737894735519 0.0039999999247 0
0.0739999998673 0.00499999988885 0
0.0728947368136 0.00199999999641 0
0.073 0 1
0.0729473682903 0.000999999896018 0
0.0747894735161 0.00799999978128 0
0.0748157893225 0.00699999995339 0
0.074842105129 0.00599999998924 0
0.0749999999677 0.00499999988885 0
0.0744736841111 0.00899999988168 0
0.0734736841469 0.00999999998207 0
0.073421052534 0.0109999999462 0
0.074526315724 0.00999999998207 0
0.0740263156738 0.0114999998602 0
0.0746315788136 0.0119999999104 0
0.0746052630071 0.0144999998888 0
0.0745789472007 0.015499999853 0
0.0739999998673 0.0159999999032 0
0.0739999998673 0.0169999998673 0
0.0739999998673 0.0179999999677 0
0.074 0.019 21
0.0746842104265 0.0129999998745 0
0.0752631577598 0.0139999999749 0
0.0753421050429 0.0124999998243 0
0.0744210524982 0.0034999998745 0
0.0738421051648 0.00299999996056 0
0.0749999999677 0.0039999999247 0
0.0738947367778 0.00199999999641 0
0.074 0 1
0.0739473683907 0.000999999896018 0
0.0755263156881 0.00899999988168 0
0.075578947301 0.00799999991753 0
0.075631578914 0.00699999995339 0
0.0757368420035 0.00499999988885 0
0.0756842103906 0.00599999998924 0
0.0754736840752 0.00999999998207 0
0.0745789473369 0.0109999999462 0
0.0753157893727 0.0114999998602 0
0.0762368419175 0.00999999998207 0
0.0762631577239 0.00924999977052 0
0.0759999999319 0.014999999939 0
0.0752105262831 0.014999999939 0
0.0751578946702 0.0159999999032 0
0.0749999999677 0.0169999998673 0
0.075 0.019 21
0.0749999999677 0.0179999999677 0
0.0759999999319 0.0139999999749 0
0.0759999999319 0.0129999998745 0
0.0759999999319 0.0119999999104 0
0.0749999999677 0.00299999996056 0
0.0757894736165 0.0039999999247 0
0.0749999999677 0.00199999999641 0
0.075 0 1
0.0749999999677 0.000999999896018 0
0.0763947367562 0.00449999983865 0
0.0762894735304 0.00849999969522 0
0.0763157893369 0.00749999973108 0
0.0763421051433 0.00649999990319 0
0.0763684209498 0.00549999993904 0
0.076999999896 0.00899999988168 0
0.076684210491 0.0114999998602 0
0.0759999999319 0.0109999999462 0
0.076999999896 0.00999999998207 0
0.0766052630717 0.0144999998888 0
0.0765789472652 0.015499999853 0
0.0759999999319 0.0159999999032 0
0.0759999999319 0.0169999998673 0
0.0759999999319 0.0179999999677 0
0.076 0.019 21
0.0766315788781 0.0134999999247 0
0.0766578946846 0.0124999998243 0
0.0773684210502 0.0119999999104 0
0.0772631578243 0.0139999999749 0
0.0758421052294 0.00299999996056 0
0.076999999896 0.0039999999247 0
0.0764210525627 0.0034999998745 0
0.076 0 1
0.075894736706 0.00199999999641 0
0.075947368319 0.000999999896018 0
0.076999999896 0.00499999988885 0
0.076999999896 0.00799999991753 0
0.076999999896 0.00699999995339 0
0.076999999896 0.00599999998924 0
0.0777105262616 0.00849999983148 0
0.0777368419318 0.00949999993187 0
0.0774210525268 0.0109999999462 0
0.07797368419 0.0114999998602 0
0.0772105262114 0.014999999939 0
0.0771578947348 0.0159999999032 0
0.0768947368064 0.0169999998673 0
0.077 0.019 21
0.0769473684194 0.0179999999677 0
0.0779999999964 0.014999999939 0
0.0773157894373 0.0129999998745 0
0.0780263156666 0.0124999998243 0
0.0779999999964 0.0139999999749 0
0.0776052630358 0.00449999983865 0
0.0775789472293 0.0034999998745 0
0.076999999896 0.00299999996056 0
0.076999999896 0.000999999896018 0
0.077 0 1
0.076999999896 0.00199999999641 0
0.0776315788423 0.00549999993904 0
0.0776842104552 0.00749999973108 0
0.0776578946487 0.00649999990319 0
0.0784210526272 0.00799999991753 0
0.0784736841039 0.00899999988168 0
0.0785263157168 0.00999999998207 0
0.078 0.019 21
0.0785789473297 0.0109999999462 0
0.0786315789427 0.0119999999104 0
0.0779999999964 0.0159999999032 0
0.0779999999964 0.0169999998673 0
0.0779999999964 0.0179999999677 0
0.0787894736451 0.014999999939 0
0.0787368420322 0.0139999999749 0
0.0786842104193 0.0129999998745 0
0.0782631577885 0.00499999988885 0
0.0782105263118 0.0039999999247 0
0.0781578946989 0.00299999996056 0
0.078 0 1
0.078105263086 0.00199999999641 0
0.0779473683835 0.000999999896018 0
0.0783157894014 0.00599999998924 0
0.0792631578889 0.00499999988885 0
0.0783684210143 0.00699999995339 0
0.0793026314623 0.00774999975618 0
0.079 0.019 21
0.0792368419462 0.00849999983148 0
0.0792631577526 0.00949999993187 0
0.0792894735591 0.010499999896 0
0.0789473683476 0.0179999999677 0
0.0793157893656 0.0114999998602 0
0.079342105172 0.0124999998243 0
0.0788421052581 0.0159999999032 0
0.0788947367347 0.0169999998673 0
0.0794210525914 0.015499999853 0
0.0793947367849 0.0144999998888 0
0.0793684209785 0.0134999999247 0
0.079210526276 0.0039999999247 0
0.0791578946631 0.00299999996056 0
0.0791052630501 0.00199999999641 0
0.079 0 1
0.0790526315735 0.000999999896018 0
0.0799999999247 0.0039999999247 0
0.0793157893656 0.00599999998924 0
0.0799999999247 0.00499999988885 0
0.0793684209785 0.00699999995339 0
0.0799736841182 0.00649999990319 0
0.0799999999247 0.00799999991753 0
0.08 0.019 21
0.0799999999247 0.0179999999677 0
0.0799999999247 0.00899999988168 0
0.0799999999247 0.00999999998207 0
0.0799999999247 0.0109999999462 0
0.0799999999247 0.0169999998673 0
0.0799999999247 0.0119999999104 0
0.0799999999247 0.0129999998745 0
0.0799999999247 0.0159999999032 0
0.0799999999247 0.014999999939 0
0.0799999999247 0.0139999999749 0
0.0799999999247 0.00299999996056 0
0.0799999999247 0.00199999999641 0
0.0799999999247 0.000999999896018 0
0.08 0 1
0.0807894735734 0.0039999999247 0
0.0807368420968 0.00499999988885 0
0.0806842104839 0.00599999998924 0
0.0809999998888 0.00799999991753 0
0.0806315788709 0.00699999995339 0
0.081 0.019 21
0.0809999998888 0.0179999999677 0
0.0809999998888 0.0169999998673 0
0.0809999998888 0.00899999988168 0
0.0809999998888 0.00999999998207 0
0.0809999998888 0.0109999999462 0
0.0809999998888 0.0159999999032 0
0.0809999998888 0.0119999999104 0
0.0809999998888 0.0129999998745 0
0.0815789472222 0.015499999853 0
0.0809999998888 0.014999999939 0
0.0809999998888 0.0139999999749 0
0.0808421051864 0.00299999996056 0
0.0808947367993 0.00199999999641 0
0.0809473684122 0.000999999896018 0
0.081 0 1
0.0814210525197 0.0034999998745 0
0.0813947367132 0.00449999983865 0
0.081368421043 0.00549999993904 0
0.0813421052365 0.00649999990319 0
0.0819999999892 0.00799999991753 0
0.0819999999892 0.00699999995339 0
0.082 0.019 21
0.0819473683763 0.0179999999677 0
0.0818947367634 0.0169999998673 0
0.0819999999892 0.00899999988168 0
0.0819999999892 0.00999999998207 0
0.0819999999892 0.0109999999462 0
0.0827105262186 0.00849999983148 0
0.0821578946917 0.0159999999032 0
0.0819999999892 0.0119999999104 0
0.0819999999892 0.0129999998745 0
0.0822105263047 0.014999999939 0
0.0819999999892 0.0139999999749 0
0.0819999999892 0.00299999996056 0
0.0819999999892 0.00199999999641 0
0.0819999999892 0.000999999896018 0
0.082 0 1
0.0819999999892 0.0039999999247 0
0.0819999999892 0.00499999988885 0
0.082789473638 0.0039999999247 0
0.0819999999892 0.00599999998924 0
0.0826842104121 0.00749999973108 0
0.0826578946057 0.00649999990319 0
0.0834210525842 0.00799999991753 0
0.083 0.019 21
0.0829999999534 0.0179999999677 0
0.0829999999534 0.0169999998673 0
0.0827368420251 0.00949999993187 0
0.0827631578315 0.010499999896 0
0.082789473638 0.0114999998602 0
0.0834736841971 0.00899999988168 0
0.0829999999534 0.0159999999032 0
0.0828421052509 0.0129999998745 0
0.0828157894444 0.0122499997992 0
0.0829999999534 0.014999999939 0
0.0829999999534 0.0139999999749 0
0.0828421052509 0.00299999996056 0
0.0828947367276 0.00199999999641 0
0.0829473683405 0.000999999896018 0
0.083 0 1
0.0834210525842 0.0034999998745 0
0.0827368420251 0.00499999988885 0
0.0833947367778 0.00449999983865 0
0.0842368420394 0.00849999969522 0
0.0833157893584 0.00599999998924 0
0.0833684209713 0.00699999995339 0
0.0842105262329 0.00774999975618 0
0.0839999999175 0.0179999999677 0
0.084 0.019 21
0.0839999999175 0.0159999999032 0
0.0839999999175 0.0169999998673 0
0.0835789472867 0.0109999999462 0
0.0835263156738 0.00999999998207 0
0.0836315788996 0.0119999999104 0
0.0842631577096 0.00949999993187 0
0.0849999998817 0.00899999988168 0
0.0843684209354 0.0119999999104 0
0.0839999999175 0.014999999939 0
0.0836842105125 0.0129999998745 0
0.0837368419892 0.0139999999749 0
0.0849999998817 0.014999999939 0
0.133 0.019 20
0.131852994555 0.019 20
0.133 0.0171 19
0.0839999999175 0.00299999996056 0
0.0839999999175 0.00199999999641 0
0.0839999999175 0.000999999896018 0
0.084 0 1
0.0839999999175 0.0039999999247 0
0.0839999999175 0.00499999988885 0
0.0847894735663 0.0039999999247 0
0.0849999998817 0.00799999991753 0
0.08415789462 0.00599999998924 0
0.0841842104265 0.00699999995339 0
0.0849999998817 0.00699999995339 0
0.085 0.019 21
0.086 0.019 21
0.0849999998817 0.0159999999032 0
0.0849999998817 0.0179999999677 0
0.0849999998817 0.0169999998673 0
0.0857894736667 0.014999999939 0
0.0857631577239 0.00899999988168 0
0.0844210525484 0.0109999999462 0
0.0849999998817 0.00999999998207 0
0.0850263156881 0.0114999998602 0
0.0850263156881 0.0124999998243 0
0.0849999998817 0.0139999999749 0
0.084342105129 0.0134999999247 0
0.0857368420537 0.0139999999749 0
0.0863947366702 0.0144999998888 0
0.130861161525 0.019 20
0.131852927664 0.0180499998637 0
0.131852860984 0.0171 18
0.0848421051792 0.00299999996056 0
0.0848947367921 0.00199999999641 0
0.084947368405 0.000999999896018 0
0.085 0 1
0.0847368420896 0.00499999988885 0
0.0854210525125 0.0034999998745 0
0.085394736706 0.00449999983865 0
0.0857894735304 0.00799999978128 0
0.0849999998817 0.00599999998924 0
0.0858157893369 0.00699999995339 0
0.087 0.019 21
0.0859473683692 0.0179999999677 0
0.0869999999462 0.0179999999677 0
0.0858421051433 0.0159999999032 0
0.0858947367562 0.0169999998673 0
0.0864210524766 0.015499999853 0
0.0869999999462 0.014999999939 0
0.0865263157025 0.00899999988168 0
0.0864736840896 0.00999999998207 0
0.0855789473512 0.0109999999462 0
0.0856315788279 0.0119999999104 0
0.086368421 0.0134999999247 0
0.0856842104408 0.0129999998745 0
0.0869999999462 0.0139999999749 0
0.0864210526129 0.0109999999462 0
0.129869328494 0.019 20
0.130861027911 0.0180499998637 0
0.130860894381 0.0171 18
0.0859999999821 0.00299999996056 0
0.0859999999821 0.00199999999641 0
0.086 0 1
0.0859999999821 0.000999999896018 0
0.0859999999821 0.00499999988885 0
0.0859999999821 0.0039999999247 0
0.0867894736308 0.0039999999247 0
0.0865789473154 0.00799999991753 0
0.0866315789283 0.00699999995339 0
0.0859999999821 0.00599999998924 0
0.088 0.019 21
0.0869999999462 0.0169999998673 0
0.0880526315233 0.0179999999677 0
0.0869999999462 0.0159999999032 0
0.087605263086 0.0144999998888 0
0.0875789472795 0.015499999853 0
0.08747368419 0.00899999988168 0
0.0875263156666 0.00999999998207 0
0.086368421 0.0119999999104 0
0.0870263157527 0.0114999998602 0
0.0869999999462 0.0129999998745 0
0.0876315788925 0.0134999999247 0
0.0875789472795 0.0109999999462 0
0.128877495463 0.019 20
0.129868927779 0.0171 18
0.129869128021 0.0180499998637 0
0.128876961177 0.0171 18
0.0868421052437 0.00299999996056 0
0.0868947367204 0.00199999999641 0
0.087 0 1
0.0869473683333 0.000999999896018 0
0.087421052577 0.0034999998745 0
0.0873947367706 0.00449999983865 0
0.0867368420179 0.00499999988885 0
0.087421052577 0.00799999991753 0
0.0873684209641 0.00699999995339 0
0.0873157893512 0.00599999998924 0
0.089 0.019 21
0.0881052631362 0.0169999998673 0
0.0889999998745 0.0179999999677 0
0.0881578946129 0.0159999999032 0
0.0882368420322 0.00849999983148 0
0.0882631578387 0.0139999999749 0
0.0882105262258 0.014999999939 0
0.0884736841541 0.00999999998207 0
0.0876315788925 0.0119999999104 0
0.0883157894516 0.0129999998745 0
0.0884210525412 0.0109999999462 0
0.127885662432 0.019 20
0.128877228268 0.0180499998637 0
0.127884994574 0.0171 18
0.0879999999104 0.00299999996056 0
0.088 0 1
0.0879999999104 0.00199999999641 0
0.0879999999104 0.000999999896018 0
0.0879999999104 0.0039999999247 0
0.0879999999104 0.00499999988885 0
0.0880921050967 0.00574999982789 0
0.0882105262258 0.00749999973108 0
0.0881842104193 0.00649999990319 0
0.09 0.019 21
0.0899999999749 0.0179999999677 0
0.0889999998745 0.0169999998673 0
0.0899999999749 0.0169999998673 0
0.0889999998745 0.0159999999032 0
0.0889999998745 0.00799999991753 0
0.0889999998745 0.00899999988168 0
0.0895263157312 0.00999999998207 0
0.0889999998745 0.0139999999749 0
0.0889999998745 0.014999999939 0
0.0895789473441 0.0109999999462 0
0.0883684209283 0.0119999999104 0
0.0891578947133 0.0129999998745 0
0.089026315681 0.0114999998602 0
0.126893829401 0.019 20
0.127389411951 0.0180499998637 0
0.126893027972 0.0171 18
0.0889999998745 0.00299999996056 0
0.089 0 1
0.0889999998745 0.00199999999641 0
0.0889999998745 0.000999999896018 0
0.0889999998745 0.0039999999247 0
0.0889999998745 0.00499999988885 0
0.0889999998745 0.00599999998924 0
0.0889999998745 0.00699999995339 0
0.091 0.019 21
0.090999999939 0.0179999999677 0
0.090999999939 0.0169999998673 0
0.0899999999749 0.0159999999032 0
0.090999999939 0.0159999999032 0
0.0899999999749 0.014999999939 0
0.0899999999749 0.00799999991753 0
0.0899999999749 0.00899999988168 0
0.0902894735734 0.010499999896 0
0.0899999999749 0.0139999999749 0
0.0899999999749 0.0129999998745 0
0.0903157893799 0.0114999998602 0
0.0896315788207 0.0119999999104 0
0.12590199637 0.019 20
0.126397512062 0.0180499998637 0
0.12590106137 0.0171 18
0.0899999999749 0.00299999996056 0
0.0899999999749 0.00199999999641 0
0.09 0 1
0.0899999999749 0.000999999896018 0
0.0899999999749 0.0039999999247 0
0.0899999999749 0.00499999988885 0
0.0899999999749 0.00599999998924 0
0.090999999939 0.0039999999247 0
0.0903684209928 0.00699999995339 0
0.090999999939 0.00799999991753 0
0.092 0.019 21
0.0919999999032 0.0179999999677 0
0.0919999999032 0.0169999998673 0
0.0919999999032 0.0159999999032 0
0.090999999939 0.014999999939 0
0.0919999999032 0.014999999939 0
0.0925789472365 0.015499999853 0
0.090999999939 0.0139999999749 0
0.090999999939 0.00899999988168 0
0.090999999939 0.00999999998207 0
0.090999999939 0.0109999999462 0
0.090999999939 0.0129999998745 0
0.090999999939 0.0119999999104 0
0.124910163339 0.019 20
0.125405612308 0.01805 0
0.124909094767 0.0171 18
0.091 0 1
0.090999999939 0.00299999996056 0
0.090999999939 0.00199999999641 0
0.090999999939 0.000999999896018 0
0.090999999939 0.00499999988885 0
0.0908421052365 0.00599999998924 0
0.0917894735878 0.0039999999247 0
0.0917368419749 0.00499999988885 0
0.0916315788853 0.00699999995339 0
0.0917105261684 0.00849999983148 0
0.0916710524587 0.00774999975618 0
0.093 0.019 21
0.0930526314802 0.0179999999677 0
0.0931052630932 0.0169999998673 0
0.0931578947061 0.0159999999032 0
0.0919999999032 0.0139999999749 0
0.092605263043 0.0144999998888 0
0.0932105261827 0.014999999939 0
0.0919999999032 0.0129999998745 0
0.0919999999032 0.00999999998207 0
0.0919999999032 0.0109999999462 0
0.0919999999032 0.0119999999104 0
0.123918330309 0.019 20
0.124413712419 0.0180499998637 0
0.123917128165 0.0171 18
0.092 0 1
0.0919473682903 0.000999999896018 0
0.092421052534 0.0034999998745 0
0.0918421052007 0.00299999996056 0
0.0918947368136 0.00199999999641 0
0.0916842104982 0.00599999998924 0
0.0929999998673 0.0039999999247 0
0.0923947367276 0.00449999983865 0
0.0923684209211 0.00549999993904 0
0.0923684209211 0.00699999995339 0
0.0924736841469 0.00899999988168 0
0.0930263155375 0.00749999973108 0
0.092421052534 0.00799999991753 0
0.094 0.019 21
0.0939999999677 0.0179999999677 0
0.0939999999677 0.0169999998673 0
0.0939999999677 0.0159999999032 0
0.0926315788494 0.0134999999247 0
0.0932631577957 0.0139999999749 0
0.0939999999677 0.014999999939 0
0.0926578946559 0.0124999998243 0
0.0927105261325 0.010499999896 0
0.0926842104623 0.0114999998602 0
0.094578947301 0.015499999853 0
0.122926497278 0.019 20
0.123421812665 0.0180499998637 0
0.122925161563 0.0171 18
0.093 0 1
0.0929999998673 0.000999999896018 0
0.0929999998673 0.00199999999641 0
0.0929999998673 0.00299999996056 0
0.0935789472007 0.0034999998745 0
0.0929999998673 0.00599999998924 0
0.0936052630071 0.00449999983865 0
0.0929999998673 0.00499999988885 0
0.0936315788136 0.00699999995339 0
0.093526315724 0.00899999988168 0
0.0934736841111 0.00999999998207 0
0.0935789473369 0.00799999991753 0
0.095 0.019 21
0.0949999999319 0.0179999999677 0
0.0951052631577 0.0169999998673 0
0.0951578946344 0.0159999999032 0
0.0946052631075 0.0144999998888 0
0.0933157894086 0.0129999998745 0
0.0939999999677 0.0139999999749 0
0.0933684210215 0.0119999999104 0
0.0934210524982 0.0109999999462 0
0.0939736841613 0.0114999998602 0
0.0952105262473 0.014999999939 0
0.121934664247 0.019 20
0.122429912775 0.0180499998637 0
0.12193319496 0.0171 18
0.094 0 1
0.0940526314444 0.000999999896018 0
0.0941052630573 0.00199999999641 0
0.0945263156881 0.00999999998207 0
0.0941578946702 0.00299999996056 0
0.0942105262831 0.0039999999247 0
0.0949999999319 0.0039999999247 0
0.0939999999677 0.00599999998924 0
0.0942631577598 0.00499999988885 0
0.0949999999319 0.00499999988885 0
0.0949736841254 0.00749999973108 0
0.0943684209856 0.00699999995339 0
0.0944736840752 0.00899999988168 0
0.0944210525986 0.00799999991753 0
0.095999999896 0.0179999999677 0
0.096 0.019 21
0.095999999896 0.0169999998673 0
0.095999999896 0.0159999999032 0
0.0952631578602 0.0139999999749 0
0.0943157893727 0.0129999998745 0
0.094631578914 0.0119999999104 0
0.094578947301 0.0109999999462 0
0.095999999896 0.014999999939 0
0.0965789472293 0.015499999853 0
0.120942831216 0.019 20
0.121438013022 0.0180499998637 0
0.120941228358 0.0171 18
0.095 0 1
0.0949999999319 0.000999999896018 0
0.0949999999319 0.00199999999641 0
0.0954210525627 0.0109999999462 0
0.0954736841756 0.00999999998207 0
0.0949999999319 0.00299999996056 0
0.0955789472652 0.0034999998745 0
0.0956052630717 0.00449999983865 0
0.0949999999319 0.00599999998924 0
0.0956315788781 0.00549999993904 0
0.0955789472652 0.00799999991753 0
0.0956315788781 0.00699999995339 0
0.0955263157885 0.00899999988168 0
0.097 0.019 21
0.0969999999964 0.0179999999677 0
0.097105263086 0.0169999998673 0
0.0971578946989 0.0159999999032 0
0.095999999896 0.0139999999749 0
0.0960263157025 0.0114999998602 0
0.0953157894731 0.0129999998745 0
0.0953684209498 0.0119999999104 0
0.0966052630358 0.0144999998888 0
0.0972105263118 0.014999999939 0
0.119950998185 0.019 20
0.120446113269 0.0180499998637 0
0.119949261756 0.0171 18
0.096 0 1
0.0961052631219 0.00199999999641 0
0.0960526315089 0.000999999896018 0
0.0965789473656 0.0109999999462 0
0.0965263157527 0.00999999998207 0
0.0961578947348 0.00299999996056 0
0.0962105262114 0.0039999999247 0
0.0962631578243 0.00499999988885 0
0.0963684210502 0.00699999995339 0
0.0963157894373 0.00599999998924 0
0.09697368419 0.00749999973108 0
0.0964736841398 0.00899999988168 0
0.0964210525268 0.00799999991753 0
0.098 0.019 21
0.0979999999606 0.0179999999677 0
0.0979999999606 0.0169999998673 0
0.0979999999606 0.0159999999032 0
0.0966578946487 0.0134999999247 0
0.0966315788423 0.0119999999104 0
0.0959736840896 0.0124999998243 0
0.0973684210143 0.0119999999104 0
0.0972631577885 0.0139999999749 0
0.0979999999606 0.014999999939 0
0.0985789472939 0.015499999853 0
0.118959165154 0.019 20
0.118957295153 0.0171 18
0.119454213379 0.0180499998637 0
0.117967332123 0.019 20
0.117965328551 0.0171 18
0.097 0 1
0.0969999999964 0.00199999999641 0
0.0969999999964 0.000999999896018 0
0.0979736841541 0.0114999998602 0
0.0974210526272 0.0109999999462 0
0.0974736841039 0.00999999998207 0
0.0969999999964 0.00299999996056 0
0.0969999999964 0.0039999999247 0
0.0969999999964 0.00499999988885 0
0.0976578946129 0.00549999993904 0
0.09697368419 0.00649999990319 0
0.0976315789427 0.00699999995339 0
0.0975789473297 0.00799999991753 0
0.0975263157168 0.00899999988168 0
0.099 0.019 21
0.0990526315376 0.0179999999677 0
0.0991052631505 0.0169999998673 0
0.0991578946272 0.0159999999032 0
0.0973157894014 0.0129999998745 0
0.0979736841541 0.0124999998243 0
0.0986052631003 0.0144999998888 0
0.0979999999606 0.0139999999749 0
0.0992105262401 0.014999999939 0
0.116975499093 0.019 20
0.117966330299 0.0180499998637 0
0.116973361949 0.0171 18
0.098 0 1
0.0979473683476 0.000999999896018 0
0.0978421052581 0.00299999996056 0
0.0978947367347 0.00199999999641 0
0.0986315789068 0.0119999999104 0
0.0985789472939 0.0109999999462 0
0.098526315681 0.00999999998207 0
0.0977894736451 0.0039999999247 0
0.0982631578889 0.00499999988885 0
0.0983157893656 0.00599999998924 0
0.0983684209785 0.00699999995339 0
0.0984210525914 0.00799999991753 0
0.0984736842043 0.00899999988168 0
0.1 0.019 21
0.0999999998888 0.0179999999677 0
0.0999999998888 0.0169999998673 0
0.0999999998888 0.0159999999032 0
0.0986842105197 0.0129999998745 0
0.099263157853 0.0139999999749 0
0.0993421051362 0.0124999998243 0
0.0999999998888 0.014999999939 0
0.0999999998888 0.0139999999749 0
0.0984210525914 0.0034999998745 0
0.115983666062 0.019 20
0.116478513982 0.0180499998637 0
0.115981395346 0.0171 18
0.101 0.019 21
0.099 0 1
0.0989999999247 0.000999999896018 0
0.0989999999247 0.00199999999641 0
0.0989999999247 0.00299999996056 0
0.0993157893297 0.0114999998602 0
0.0992894735232 0.010499999896 0
0.0992631577168 0.00974999982072 0
0.0992368420466 0.00899999988168 0
0.0989999999247 0.0039999999247 0
0.0989999999247 0.00499999988885 0
0.0991578946272 0.00599999998924 0
0.0991842104337 0.00699999995339 0
0.0992105261039 0.00799999978128 0
0.100947368376 0.0179999999677 0
0.100894736763 0.0169999998673 0
0.10084210515 0.0159999999032 0
0.100789473674 0.014999999939 0
0.0999999998888 0.0119999999104 0
0.0999999998888 0.0129999998745 0
0.100736842061 0.0139999999749 0
0.114991833031 0.019 20
0.114989455501 0.0171000007979 18
0.114990644255 0.0180500002725 0
0.102 0.019 21
0.101899840473 0.0181154210894 0
0.103 0.019 21
0.1 0 1
0.0999999998888 0.000999999896018 0
0.0999999998888 0.00199999999641 0
0.0999999998888 0.00299999996056 0
0.0999999998888 0.0109999999462 0
0.0999999998888 0.00999999998207 0
0.0999999998888 0.00899999988168 0
0.0999999998888 0.00799999991753 0
0.0999999998888 0.0039999999247 0
0.0999999998888 0.00499999988885 0
0.0999999998888 0.00599999998924 0
0.0999999998888 0.00699999995339 0
0.101799680993 0.0172308425194 0
0.102455490266 0.0176187674004 0
0.101720733574 0.0157308422326 0
0.102199521564 0.0163462638132 0
0.101892117273 0.0147934662304 0
0.100999999989 0.0119999999104 0
0.100999999989 0.0129999998745 0
0.101794802337 0.0132416357678 0
0.101843459737 0.014017550931 0
0.114 0.019 21
0.114 0.0171 18
0.113999999932 0.0180499998637 0
0.113 0.019 21
0.102897349606 0.0182592538534 0
0.104 0.019 21
0.101 0 1
0.100999999989 0.00199999999641 0
0.100999999989 0.000999999896018 0
0.100999999989 0.00299999996056 0
0.100999999989 0.0039999999247 0
0.101716405377 0.00246099286546 0
0.100999999989 0.0109999999462 0
0.100999999989 0.00999999998207 0
0.100999999989 0.00899999988168 0
0.100999999989 0.00799999991753 0
0.100999999989 0.00499999988885 0
0.100999999989 0.00599999998924 0
0.100999999989 0.00699999995339 0
0.103011140058 0.0171221138477 0
0.102599362134 0.0154616849708 0
0.10300716094 0.0162737778958 0
0.102994761009 0.0145869325218 0
0.101899637593 0.011035149683 0
0.102054566215 0.0120002857681 0
0.10232208545 0.0127417786465 0
0.102589604684 0.0134832716612 0
0.113038407864 0.0170863784291 17
0.112 0.019 21
0.113019203803 0.0180431891466 0
0.103822758688 0.0178979640184 0
0.105 0.019 21
0.104871134963 0.0182592697949 0
0.101948674729 0.000870372953192 0
0.102 0 1
0.102264899734 0.00149383056959 0
0.101765088529 0.00339632099266 0
0.101991245731 0.00436049063877 0
0.102432810766 0.00242198582056 0
0.101997751106 0.0100744807722 0
0.102095497827 0.00911534320318 0
0.101876398232 0.00829539000806 0
0.102033481006 0.00715793539538 0
0.101991245731 0.00519026041724 0
0.101926977065 0.00615909071612 0
0.104030186894 0.0168456794765 0
0.103432470507 0.0153246185056 0
0.103870180142 0.0160623046256 0
0.103384407032 0.0137249075545 0
0.103950004209 0.0145901405868 0
0.102798714382 0.0110702774832 0
0.103109132578 0.0120005717621 0
0.103774052918 0.0128628827234 0
0.112107819596 0.0170461287851 17
0.111 0.019 21
0.111579791321 0.0179977896798 0
0.104745599274 0.0175376768656 0
0.106 0.019 21
0.105615421835 0.0180424878551 0
0.102897349606 0.000740746010366 0
0.103 0 1
0.103149216154 0.00163297870036 0
0.102809363332 0.00438007775213 0
0.102621087049 0.00340103165009 0
0.10328300234 0.00299063001288 0
0.102994736211 0.0101489044726 0
0.103189980311 0.00923057956647 0
0.102752796611 0.00859078023484 0
0.102909648028 0.00765692336206 0
0.102722468441 0.00660271684244 0
0.102982491472 0.00538052108188 0
0.105081198701 0.0163206066513 0
0.104515601524 0.015455373619 0
0.104385721015 0.0138576718472 0
0.104951318329 0.0147229048795 0
0.103676029605 0.0111045550678 0
0.10416369894 0.0120008577561 0
0.10469468853 0.0129904463947 0
0.11115 0.0169727241336 17
0.11 0.019 21
0.110568517417 0.0179977896798 0
0.105646796015 0.0171858398198 0
0.109 0.019 21
0.108 0.019 21
0.107 0.019 21
0.106359708707 0.0178257060515 0
0.103865621678 0.000843971716421 0
0.104 0 1
0.10406035415 0.00158528474154 0
0.103944917768 0.00258022864818 0
0.103714045004 0.00457011659771 0
0.103286966879 0.00385407295991 0
0.104174658546 0.00326896919396 0
0.103965030543 0.00997477555808 0
0.104464857825 0.00916783093346 0
0.103714737166 0.00763821671231 0
0.103847441508 0.00837294274692 0
0.103582032961 0.00690349095022 0
0.103346826414 0.00608650410812 0
0.103971184523 0.00557029164631 0
0.105920916547 0.0162198879911 0
0.105295801419 0.0156050076054 0
0.105765960402 0.0145803438963 0
0.105387035134 0.0139904361399 0
0.104553344827 0.0111388327887 0
0.105003878137 0.0121232345675 0
0.105615324278 0.013118010066 0
0.110065738272 0.0168373622271 16
0.109525514667 0.0179336048093 0
0.106546031675 0.0168347683769 0
0.108362745567 0.0181900374508 0
0.107584695191 0.0182592697949 0
0.108719110828 0.0173943212578 0
0.107180120256 0.0175376768656 0
0.105 0 1
0.10482544269 0.000981605945743 0
0.104625096479 0.0022187398846 0
0.104601802617 0.00475660047951 0
0.105094753781 0.00334530342677 0
0.104404399324 0.00395771001224 0
0.104935325011 0.0102937671692 0
0.104770834462 0.00849388400209 0
0.105314776214 0.00945429621321 0
0.104412581559 0.00719411206725 0
0.104670274127 0.00630296231206 0
0.104921780969 0.00542625150604 0
0.106818130083 0.0160035164438 0
0.106144885669 0.0151702517889 0
0.106368854792 0.0141206157229 0
0.105503276496 0.0115101439945 0
0.105844057333 0.0122456113789 0
0.106670534843 0.0123659925001 0
0.106519494186 0.0132432921894 0
0.106 0 1
0.109063655198 0.016625 16
0.107423015803 0.0164923841203 0
0.107881007302 0.0170685607592 0
0.107715343755 0.0157871448964 0
0.105771741595 0.00117429381229 0
0.105305275463 0.00185725139352 0
0.105785108237 0.00273289697755 0
0.10547718755 0.00494048520875 0
0.105631147825 0.00383669109315 0
0.105899223924 0.0104939859835 0
0.105243130156 0.00748473318427 0
0.105694227416 0.00861482525725 0
0.106170175631 0.00963536501218 0
0.105561701974 0.00661942289683 0
0.105872377414 0.00577195909715 0
0.107042099206 0.0149538802415 0
0.107409746991 0.0140789055648 0
0.106638560334 0.0114628947638 0
0.107376238551 0.0122422513924 0
0.107409746991 0.0133666460674 0
0.106597795087 0.000740746010366 0
0.107 0 1
0.1083 0.01615 15
0.108299999932 0.0152633332243 0
0.106630985377 0.0017437927165 0
0.106771296559 0.00263303193923 0
0.106255142004 0.00359065996692 0
0.106336592382 0.00512101322158 0
0.106725175771 0.00444842309253 0
0.106863122972 0.0106942049341 0
0.106073678754 0.0077753543013 0
0.106562818254 0.00876210561806 0
0.107025575185 0.00981643381116 0
0.106822973995 0.0061176668245 0
0.106453129956 0.0069358834816 0
0.108299999932 0.0143766665849 0
0.108299999932 0.0134899999455 0
0.107601630286 0.0115683375704 0
0.108299999932 0.0126033333061 0
0.107447749991 0.000981605945743 0
0.108 0 1
0.109063655198 0.015675 15
0.109009108318 0.0147589285398 0
0.107473472418 0.00230218513501 0
0.106911607877 0.00352227129822 0
0.107561487032 0.00448383334413 0
0.107192230514 0.00530075001619 0
0.107827022021 0.0108944238847 0
0.107880974738 0.00999750261013 0
0.106969691497 0.00815752360449 0
0.107431409093 0.00890938611511 0
0.10879092107 0.0110946428352 0
0.107561486895 0.00625716662296 0
0.107376564876 0.00755294172718 0
0.10895456154 0.0138428571137 0
0.108900014762 0.0129267856875 0
0.108845467984 0.0120107142614 0
0.109432950855 0.0115848639078 0
0.108096312674 0.00195397894569 0
0.108364647107 0.000814208313137 0
0.109 0 1
0.110065738272 0.0154626377729 14
0.110065738224 0.0143785217989 0
0.1083 0.00285 7
0.107930743414 0.00366691667206 0
0.108299999932 0.00462333327883 0
0.108299999932 0.00550999991825 0
0.108736374292 0.0101785714091 0
0.108299999932 0.00905666661217 0
0.108299999932 0.00816999997275 0
0.109376030013 0.0106345332911 0
0.108299999932 0.00639666655766 0
0.108299999932 0.00728333333333 0
0.110065738224 0.0132944058133 0
0.110065738224 0.0122102898277 0
0.110065738224 0.0111261738421 0
0.108719153067 0.00160577289262 0
0.109063655198 0.002375 7
0.109186566562 0.000938492386964 0
0.11 0 1
0.11115 0.0153272758664 14
0.111149999864 0.0142677711401 0
0.109063655198 0.003325 8
0.109063655096 0.00420714281821 0
0.109063655096 0.00508928560236 0
0.109063655096 0.00597142852277 0
0.109063655096 0.00773571422732 0
0.109063655096 0.00949999993187 0
0.109063655096 0.00861785701147 0
0.110065738224 0.0100420578565 0
0.109063655096 0.00685357130692 0
0.11115 0.0100297523489 0
0.11115 0.0110892570467 0
0.11115 0.0132082664423 0
0.11115 0.0121487617445 0
0.109689580245 0.00634828098118 0
0.110065738272 0.00216263777293 6
0.110032415361 0.00106639505449 0
0.111 0 1
0.112107819596 0.0152538712149 13
0.112107819462 0.0133359140452 0
0.112107819462 0.0142948926076 0
0.110065738272 0.00353736222707 8
0.110164307501 0.00460917255726 0
0.110262876642 0.0056809827627 0
0.110065738224 0.00787382602163 0
0.110065738224 0.00895794200721 0
0.110361445919 0.00675279310439 0
0.11115 0.00897024751484 0
0.111877646764 0.00974859669255 0
0.111721062129 0.0105775267469 0
0.111799829559 0.0115299161387 0
0.112107819462 0.0123769354828 0
0.11115 0.0020272758664 6
0.111074154369 0.00100221018396 0
0.112 0 1
0.11288330979 0.013302372769 0
0.113038407864 0.0152136215709 13
0.112960858714 0.0142579970676 0
0.11115 0.0036727241336 9
0.11115 0.00473222872362 0
0.11115 0.00579173342142 0
0.11115 0.00791074281704 0
0.11115 0.00685123811923 0
0.11280576073 0.0123467483343 0
0.112650662746 0.0104354994647 0
0.112573113686 0.00947987516618 0
0.112495564626 0.00852425073141 0
0.113439071173 0.0104579458366 0
0.11272821167 0.0113911238995 0
0.112107819596 0.00195387121487 5
0.112546482728 0.000993200624122 0
0.113 0 1
0.113999999932 0.0131272726468 0
0.113999999932 0.0141636363574 0
0.114 0.0152 13
0.112107819596 0.00374612878513 9
0.112340466643 0.00661300186185 0
0.112185368522 0.00470175312855 0
0.112262917583 0.00565737756333 0
0.113087516851 0.00806439543442 0
0.112418015566 0.00756862629663 0
0.113038407774 0.00664318914664 0
0.113999999932 0.0120909090723 0
0.113519203853 0.00950681078523 0
0.113599336533 0.00855567559759 0
0.113999999932 0.0100181817872 0
0.113999999932 0.0110545453616 0
0.113038407864 0.00191362157086 5
0.113999999932 0.00095 0
0.114 0 2
0.114997133007 0.0131272726468 0
0.114997133007 0.0141636362212 0
0.114997133064 0.0151999999406 12
0.113038407864 0.00378637842914 9
0.113038407774 0.00569091883948 0
0.113038407774 0.00473864866857 0
0.113759601892 0.00665340535855 0
0.113679469213 0.00760454040994 0
0.114997133007 0.0120909089361 0
0.115996789343 0.0120909090723 0
0.11425816843 0.00924431436276 0
0.114298234702 0.00825056498172 0
0.114997133007 0.0100181817872 0
0.114997133007 0.0110545453616 0
0.114 0.0019 5
0.114989455501 0.00189999920205 4
0.114990644255 0.000949999591243 0
0.114991833031 0 2
0.116587499626 0.0126090907914 0
0.115996789343 0.0141636363574 0
0.115996789343 0.0131272726468 0
0.115996789435 0.0152 12
0.113919867252 0.00475113511952 0
0.114815836122 0.00587272721699 0
0.114 0.0038 10
0.113839734572 0.00570227017091 0
0.117269088551 0.0120909090723 0
0.114725187611 0.00690909092767 0
0.114997133007 0.0079454545021 0
0.115815036011 0.0110545453616 0
0.116632939015 0.0110545453616 0
0.114997133007 0.00898181807653 0
0.115769596759 0.0100181817872 0
0.115981395346 0.0019 4
0.115982530656 0.00095 0
0.115983666062 0 2
0.117178210046 0.0131272726468 0
0.116996453036 0.0141636363574 0
0.116996453082 0.0152 12
0.117996116592 0.0131272726468 0
0.117996116592 0.0120909090723 0
0.115451866982 0.00639090893608 0
0.114997133064 0.00380000005944 10
0.115451751985 0.00535454536165 0
0.114906484496 0.00483636364256 0
0.117359967056 0.0110545453616 0
0.115633278865 0.00742727251051 0
0.115678718117 0.00846363622119 0
0.11654206051 0.0100181817872 0
0.116451181868 0.00898181807653 0
0.116269424858 0.00690909079142 0
0.116973361949 0.0019 4
0.116974430409 0.00095 0
0.116975499093 0 2
0.11795067734 0.0105363635063 0
0.117996116592 0.0141636363574 0
0.117996116728 0.0152 12
0.118814023275 0.0131272726468 0
0.11872314477 0.0120909090723 0
0.118632266265 0.0110545453616 0
0.116178546353 0.00587272721699 0
0.115996789435 0.0038 10
0.116087667848 0.0048363635063 0
0.117450845561 0.0100181817872 0
0.116360303363 0.0079454545021 0
0.117541724067 0.00898181807653 0
0.116951013647 0.00846363622119 0
0.116996453036 0.00690909079142 0
0.116996453036 0.00587272721699 0
0.117965328551 0.0019 4
0.117966330299 0.00095 0
0.117967332123 0 2
0.11854138776 0.0100181817872 0
0.11890490178 0.0141636363574 0
0.118995780375 0.0152 12
0.119450172811 0.0136454545021 0
0.119404733559 0.0126090907914 0
0.119359294306 0.011572727217 0
0.119313855053 0.0105363635063 0
0.116996453036 0.0048363635063 0
0.116996453082 0.0038 10
0.118450509254 0.00898181807653 0
0.117632602572 0.0079454545021 0
0.117723481077 0.00690909079142 0
0.117814359582 0.00587272721699 0
0.118359630613 0.00742727251051 0
0.118957295153 0.0019 4
0.118958230052 0.00095 0
0.118959165154 0 2
0.119268415801 0.00949999993187 0
0.119132098043 0.00872272714886 0
0.119995443978 0.0141636363574 0
0.119995444022 0.0152 12
0.119995443978 0.0131272726468 0
0.119995443978 0.0120909090723 0
0.119995443978 0.0100181817872 0
0.119995443978 0.0110545453616 0
0.117905238087 0.0048363635063 0
0.117996116728 0.0038 10
0.118995780285 0.0079454545021 0
0.118450509118 0.00535454536165 0
0.118405069866 0.00639090879982 0
0.118995780285 0.00690909079142 0
0.119949261756 0.0019 4
0.119950129942 0.00095 0
0.119950998185 0 2
0.119995443978 0.00898181807653 0
0.119995443978 0.0079454545021 0
0.120995107668 0.0152 12
0.120995107535 0.0141636363574 0
0.120995107535 0.0131272726468 0
0.120995107535 0.0120909090723 0
0.120995107535 0.0100181817872 0
0.120995107535 0.0110545453616 0
0.121994771315 0.0152 12
0.118995780375 0.0038 10
0.118995780285 0.0048363635063 0
0.119995443978 0.00690909079142 0
0.118995780285 0.00587272721699 0
0.120941228358 0.0019 4
0.120942831216 0 2
0.120942029695 0.00095 0
0.120995107535 0.00898181807653 0
0.120995107535 0.0079454545021 0
0.121994771228 0.0120909090723 0
0.121994771228 0.0131272726468 0
0.121994771228 0.0141636363574 0
0.121881173029 0.0113136361531 0
0.121722135576 0.00949999993187 0
0.121767574829 0.0105363635063 0
0.122994434962 0.0152 12
0.119995444022 0.0038 10
0.120995107535 0.00690909079142 0
0.119995443978 0.0048363635063 0
0.119995443978 0.00587272721699 0
0.120995107535 0.00587272721699 0
0.12193319496 0.0019 4
0.121934664247 0 2
0.122429912775 0.00095 0
0.121631257071 0.00742727251051 0
0.121676696324 0.00846363622119 0
0.122721799406 0.0120909090723 0
0.123403388058 0.0126090907914 0
0.122812677911 0.0131272726468 0
0.123085313426 0.0141636363574 0
0.1226309209 0.0110545453616 0
0.122449163754 0.00898181807653 0
0.122540042259 0.0100181817872 0
0.123994098608 0.0152 12
0.123994098478 0.0141636363574 0
0.120995107668 0.0038 10
0.121585817819 0.00639090879982 0
0.120995107535 0.0048363635063 0
0.121540378566 0.00535454536165 0
0.122925161563 0.0019 4
0.122926497278 0 2
0.123421812665 0.00095 0
0.122267406744 0.00690909079142 0
0.122358285249 0.0079454545021 0
0.123039874037 0.00846363622119 0
0.123357948805 0.011572727217 0
0.123994098478 0.0120909090723 0
0.123994098478 0.0131272726468 0
0.124812005161 0.0131272726468 0
0.123312509553 0.0105363635063 0
0.123267070164 0.00949999993187 0
0.124993762255 0.0152 12
0.124902883666 0.0141636363574 0
0.125448154697 0.0136454543658 0
0.125993425902 0.0152 12
0.126993089548 0.0152 12
0.127992753195 0.0152 12
0.121994771315 0.0038 10
0.122176528238 0.00587272721699 0
0.122085649733 0.0048363635063 0
0.122994434921 0.00587272721699 0
0.123917128165 0.0019 4
0.123918330309 0 2
0.124413712419 0.00095 0
0.122994434921 0.00690909079142 0
0.123630584457 0.0079454545021 0
0.123994098478 0.00898181807653 0
0.123994098478 0.0110545453616 0
0.125402715308 0.0126090907914 0
0.124721126655 0.0120909090723 0
0.12467568713 0.0105363635063 0
0.123994098478 0.0100181817872 0
0.125993425864 0.0141636363574 0
0.125993425864 0.0131272726468 0
0.126902210915 0.0141636363574 0
0.128992416842 0.0152 12
0.127822913836 0.0143580069423 0
0.122994434962 0.0038 10
0.122994434921 0.0048363635063 0
0.123585145205 0.00639090879982 0
0.123539705952 0.00535454536165 0
0.124909094767 0.0019 4
0.124910163339 0 2
0.125405612308 0.00095 0
0.12426673413 0.00690909079142 0
0.124766565635 0.00898181807653 0
0.124357612635 0.0079454545021 0
0.125357276191 0.0110545453616 0
0.125993425864 0.0120909090723 0
0.12603886498 0.0105363635063 0
0.125448154697 0.0100181817872 0
0.129992080489 0.0152 12
0.130991744135 0.0152 12
0.126720453905 0.0120909090723 0
0.12681133241 0.0131272726468 0
0.127653074695 0.0135160140889 0
0.129660347237 0.0145095114029 0
0.128494817117 0.0139047556674 0
0.123994098608 0.0038 10
0.124084977119 0.0048363635063 0
0.124175855624 0.00587272721699 0
0.12590106137 0.0019 4
0.12590199637 0 2
0.126397512062 0.00095 0
0.125539033202 0.00898181807653 0
0.124993762171 0.00690909079142 0
0.124993762171 0.00587272721699 0
0.125629911843 0.0079454545021 0
0.1266295754 0.0110545453616 0
0.126538696895 0.0100181817872 0
0.133 0.0152 12
0.131991407782 0.0152 12
0.131496040148 0.0141665805013 0
0.130595450002 0.0139580459248 0
0.127659033562 0.0112813812367 0
0.12756219619 0.0124796505145 0
0.128403938475 0.0128683919567 0
0.129245680896 0.0132571335351 0
0.124993762171 0.0048363635063 0
0.124993762255 0.0038 10
0.125811668854 0.00587272721699 0
0.126893027972 0.0019 4
0.126893829401 0 2
0.127389411951 0.00095 0
0.12644781839 0.00898181807653 0
0.125720790348 0.00690909079142 0
0.126356939884 0.0079454545021 0
0.12738043918 0.0104069232294 0
0.12738043918 0.00955192316808 0
0.128222181465 0.0107956646716 0
0.133 0.0141711402033 11
0.132248020108 0.0136498708542 0
0.131396966736 0.0133370690576 0
0.130496376591 0.0131285344811 0
0.12868849186 0.011508217248 0
0.12906392375 0.0104719061308 0
0.129154802119 0.0122207698244 0
0.129996544676 0.0126095114029 0
0.125902547359 0.0048363635063 0
0.125993425902 0.0038 10
0.126402379001 0.00639090893608 0
0.126447818253 0.00535454536165 0
0.127884994574 0.0019 4
0.127885662432 0 2
0.128381311705 0.00095 0
0.127334999927 0.00846374140812 0
0.126993089421 0.00690909079142 0
0.127164044606 0.00768641589539 0
0.128222181465 0.0090856646852 0
0.128643052471 0.00970753536882 0
0.133 0.013133161157 11
0.132248020108 0.0128713362368 0
0.131330917659 0.0124380459521 0
0.130747408456 0.0119618892706 0
0.129905666035 0.01014814759 0
0.129905666035 0.0115731476922 0
0.126993089421 0.0048363635063 0
0.126993089548 0.0038 10
0.126993089421 0.00587272721699 0
0.128876961177 0.0019 4
0.128877495463 0 2
0.129869128021 0.00095 0
0.128222181465 0.00794566460345 0
0.1277439532 0.00535465041232 0
0.1277439532 0.00613192319533 0
0.127994239765 0.00690923085898 0
0.12906392375 0.00861940620231 0
0.129905665899 0.00922189755763 0
0.133 0.0120951151122 11
0.132165458864 0.0117475574231 0
0.130747408456 0.00982438918545 0
0.131498272372 0.0113142671384 0
0.130747408456 0.0108931391599 0
0.127743953337 0.00457737776556 0
0.127992753195 0.0038 10
0.129868927779 0.0019 4
0.130860894381 0.0019 4
0.129869328494 0 2
0.130861027911 0.00095 0
0.129109363002 0.00742758807128 0
0.128494817117 0.00535475573549 0
0.129245680896 0.00613213356918 0
0.129905666035 0.00815314771943 0
0.130747408456 0.008755639211 0
0.133 0.0110570690673 11
0.131498272372 0.00941426713836 0
0.132249136152 0.0106666451424 0
0.131498272372 0.0103642670702 0
0.128708074068 0.00454013955052 0
0.128992416842 0.0038 10
0.131852860984 0.0019 4
0.130861161525 0 2
0.131852927664 0.00095 0
0.129996544676 0.00690951140286 0
0.129423395023 0.00528027903291 0
0.130138715977 0.00602041865156 0
0.130747408456 0.0076868893728 0
0.131498272372 0.00846426720648 0
0.133 0.0100190230224 11
0.132249136152 0.00924164504017 0
0.129660347237 0.00449048846088 0
0.129992080489 0.0038 10
0.133 0.0019 4
0.133 0 3
0.131852994555 0 2
0.130854037068 0.00676055827021 0
0.130328277803 0.00518097685364 0
0.130996208369 0.00587146538265 0
0.131569358023 0.0075006977526 0
0.132284678977 0.00824083737125 0
0.133 0.00898097697757 11
0.130744060324 0.00457622111815 0
0.130991744135 0.0038 10
0.131664138936 0.00656195391166 0
0.131496040148 0.00535244244067 0
0.132332069366 0.00725244244067 0
0.133 0.0079429309327 11
0.131661162636 0.00448894621892 0
0.131991407782 0.0038 10
0.133 0.0038 11
0.132248020108 0.00612866362695 0
0.132330581352 0.00517789250596 0
0.133 0.00690488488784 11
0.133 0.00482885979668 11
0.133 0.00586683884298 11

Edges
398
10 13 22
13 16 22
16 38 22
38 37 22
37 15 22
15 14 22
14 9 22
9 26 22
26 28 22
28 30 22
30 21 22
21 24 22
24 22 22
22 8 22
8 7 22
7 4 22
4 5 22
5 2 22
2 1 22
2394 2397 21
2397 2422 21
2422 2448 21
2448 2473 21
2473 2476 21
2476 2477 21
2477 2478 21
2478 2451 21
2451 2425 21
2425 2399 21
2399 2372 21
2372 2370 21
2370 2346 21
2346 2333 21
2333 2308 21
2308 2278 21
2278 2252 21
2252 2227 21
2227 2198 21
2198 2172 21
2172 2145 21
2145 2118 21
2118 2092 21
2092 2067 21
2067 2044 21
2044 2017 21
2017 1989 21
1989 1962 21
1962 1961 21
1961 1934 21
1934 1910 21
1910 1887 21
1887 1865 21
1865 1845 21
1845 1822 21
1822 1803 21
1803 1785 21
1785 1763 21
1763 1739 21
1739 1715 21
1715 1688 21
1688 1662 21
1662 1639 21
1639 1616 21
1616 1593 21
1593 1571 21
1571 1550 21
1550 1528 21
1528 1505 21
1505 1483 21
1483 1458 21
1458 1429 21
1429 1402 21
1402 1379 21
1379 1353 21
1353 1329 21
1329 1304 21
1304 1281 21
1281 1255 21
1255 1233 21
1233 1211 21
1211 1186 21
1186 1162 21
1162 1155 21
1155 1134 21
1134 1110 21
1110 1086 21
1086 1064 21
1064 1039 21
1039 1035 21
1035 1009 21
1009 987 21
987 964 21
964 941 21
941 917 21
917 892 21
892 868 21
868 844 21
844 821 21
821 798 21
798 776 21
776 754 21
754 730 21
730 708 21
708 686 21
686 667 21
667 644 21
644 621 21
621 596 21
596 577 21
577 553 21
553 528 21
528 506 21
506 485 21
485 461 21
461 436 21
436 414 21
414 389 21
389 366 21
366 342 21
342 317 21
317 294 21
294 272 21
272 249 21
249 225 21
225 200 21
200 175 21
175 150 21
150 125 21
125 103 21
103 80 21
80 57 21
57 31 21
31 10 21
1947 1948 20
1948 1976 20
1976 2004 20
2004 2030 20
2030 2055 20
2055 2081 20
2081 2105 20
2105 2131 20
2131 2156 20
2156 2183 20
2183 2209 20
2209 2236 20
2236 2262 20
2262 2289 20
2289 2292 20
2292 2317 20
2317 2343 20
2343 2367 20
2367 2394 20
1949 1947 19
2395 2368 18
2368 2345 18
2345 2319 18
2319 2293 18
2293 2290 18
2290 2264 18
2264 2238 18
2238 2211 18
2211 2185 18
2185 2158 18
2158 2133 18
2133 2107 18
2107 2083 18
2083 2057 18
2057 2033 18
2033 2031 18
2031 2006 18
2006 1978 18
1978 1949 18
2472 2447 17
2447 2421 17
2421 2395 17
2528 2501 16
2501 2472 16
2569 2550 15
2550 2528 15
2608 2589 14
2589 2569 14
2663 2645 13
2645 2627 13
2627 2608 13
2904 2905 12
2905 2886 12
2886 2885 12
2885 2869 12
2869 2850 12
2850 2849 12
2849 2848 12
2848 2845 12
2845 2827 12
2827 2809 12
2809 2793 12
2793 2787 12
2787 2771 12
2771 2753 12
2753 2735 12
2735 2717 12
2717 2700 12
2700 2681 12
2681 2663 12
3013 3017 11
3017 3018 11
3018 3016 11
3016 3010 11
3010 3004 11
3004 2992 11
2992 2978 11
2978 2962 11
2962 2944 11
2944 2924 11
2924 2904 11
2703 2721 10
2721 2740 10
2740 2759 10
2759 2777 10
2777 2794 10
2794 2810 10
2810 2829 10
2829 2851 10
2851 2871 10
2871 2892 10
2892 2913 10
2913 2933 10
2933 2951 10
2951 2968 10
2968 2983 10
2983 2995 10
2995 3006 10
3006 3012 10
3012 3013 10
2647 2664 9
2664 2682 9
2682 2703 9
2610 2630 8
2630 2647 8
2605 2591 7
2591 2610 7
2641 2624 6
2624 2605 6
2693 2676 5
2676 2658 5
2658 2641 5
2996 2984 4
2984 2970 4
2970 2969 4
2969 2953 4
2953 2936 4
2936 2915 4
2915 2895 4
2895 2875 4
2875 2855 4
2855 2833 4
2833 2815 4
2815 2798 4
2798 2782 4
2782 2765 4
2765 2748 4
2748 2730 4
2730 2712 4
2712 2694 4
2694 2693 4
2997 2996 3
2678 2696 2
2696 2714 2
2714 2732 2
2732 2750 2
2750 2767 2
2767 2784 2
2784 2799 2
2799 2816 2
2816 2834 2
2834 2856 2
2856 2876 2
2876 2896 2
2896 2916 2
2916 2937 2
2937 2954 2
2954 2971 2
2971 2985 2
2985 2998 2
2998 2997 2
1 3 1
3 12 1
12 32 1
32 59 1
59 82 1
82 105 1
105 128 1
128 154 1
154 179 1
179 204 1
204 228 1
228 253 1
253 277 1
277 301 1
301 323 1
323 347 1
347 371 1
371 394 1
394 417 1
417 442 1
442 467 1
467 488 1
488 513 1
513 537 1
537 562 1
562 587 1
587 612 1
612 635 1
635 659 1
659 683 1
683 706 1
706 729 1
729 753 1
753 775 1
775 796 1
796 816 1
816 840 1
840 865 1
865 884 1
884 910 1
910 931 1
931 954 1
954 976 1
976 1000 1
1000 1025 1
1025 1051 1
1051 1075 1
1075 1097 1
1097 1120 1
1120 1143 1
1143 1165 1
1165 1190 1
1190 1217 1
1217 1241 1
1241 1265 1
1265 1290 1
1290 1315 1
1315 1341 1
1341 1365 1
1365 1392 1
1392 1416 1
1416 1444 1
1444 1469 1
1469 1492 1
1492 1513 1
1513 1535 1
1535 1556 1
1556 1578 1
1578 1602 1
1602 1626 1
1626 1651 1
1651 1675 1
1675 1698 1
1698 1723 1
1723 1747 1
1747 1771 1
1771 1795 1
1795 1815 1
1815 1837 1
1837 1859 1
1859 1880 1
1880 1902 1
1902 1925 1
1925 1953 1
1953 1982 1
1982 2009 1
2009 2036 1
2036 2059 1
2059 2085 1
2085 2110 1
2110 2134 1
2134 2159 1
2159 2186 1
2186 2212 1
2212 2239 1
2239 2265 1
2265 2294 1
2294 2320 1
2320 2347 1
2347 2373 1
2373 2400 1
2400 2428 1
2428 2454 1
2454 2481 1
2481 2508 1
2508 2527 1
2527 2549 1
2549 2568 1
2568 2588 1
2588 2607 1
2607 2626 1
2626 2643 1
2643 2660 1
2660 2678 1

Triangles
5636
31 10 13 0
16 41 35 0
35 61 36 0
16 35 13 0
41 61 35 0
36 61 62 0
57 36 62 0
31 13 36 0
41 38 63 0
62 85 80 0
62 84 85 0
31 36 57 0
61 84 62 0
13 35 36 0
41 65 61 0
61 65 84 0
38 41 16 0
63 65 41 0
37 63 38 0
92 98 116 0
88 87 110 0
73 74 98 0
87 64 73 0
39 15 14 0
73 64 50 0
40 15 39 0
64 40 39 0
92 87 73 0
63 40 64 0
111 133 134 0
130 109 132 0
110 116 133 0
109 88 111 0
87 63 64 0
110 87 92 0
88 65 87 0
37 40 63 0
37 15 40 0
85 103 80 0
57 62 80 0
339 315 314 0
287 310 286 0
288 287 265 0
309 310 287 0
265 287 264 0
86 109 107 0
63 87 65 0
110 111 88 0
159 132 134 0
157 131 130 0
25 14 9 0
27 25 9 0
26 27 9 0
53 75 51 0
50 39 25 0
75 74 51 0
50 64 39 0
108 131 125 0
85 108 103 0
107 84 86 0
130 107 109 0
85 84 107 0
14 25 39 0
130 131 108 0
85 107 108 0
132 157 130 0
51 27 53 0
309 288 311 0
261 242 265 0
283 261 264 0
211 236 227 0
159 161 186 0
213 236 211 0
242 237 218 0
260 251 236 0
241 217 222 0
26 52 27 0
260 283 274 0
139 133 116 0
288 289 311 0
287 288 309 0
265 289 288 0
151 157 158 0
125 131 150 0
125 103 108 0
107 130 108 0
86 88 109 0
65 86 84 0
65 88 86 0
111 132 109 0
185 157 159 0
157 151 131 0
157 185 158 0
132 159 157 0
111 134 132 0
110 133 111 0
92 116 110 0
74 97 98 0
50 74 73 0
50 51 74 0
52 53 27 0
28 52 26 0
28 30 54 0
47 54 29 0
71 47 48 0
94 96 72 0
69 94 72 0
93 117 94 0
52 78 53 0
56 54 47 0
51 25 27 0
97 74 75 0
50 25 51 0
47 29 48 0
78 54 56 0
52 28 54 0
72 48 49 0
244 267 268 0
117 112 135 0
239 262 243 0
92 73 98 0
72 71 48 0
70 94 69 0
54 78 52 0
55 56 47 0
71 55 47 0
149 123 143 0
76 55 71 0
101 76 100 0
101 79 76 0
54 30 29 0
262 267 243 0
269 245 268 0
292 270 269 0
289 290 312 0
289 266 290 0
244 243 267 0
270 247 269 0
99 97 75 0
76 79 55 0
95 100 76 0
124 149 147 0
100 123 101 0
119 100 95 0
119 123 100 0
124 147 122 0
123 124 101 0
123 149 124 0
99 102 122 0
97 99 120 0
75 77 99 0
77 78 102 0
53 77 75 0
78 79 102 0
53 78 77 0
56 55 79 0
223 247 246 0
198 223 222 0
146 171 172 0
79 78 56 0
141 169 143 0
122 120 99 0
224 247 223 0
311 289 312 0
237 242 261 0
166 139 146 0
237 213 212 0
134 133 160 0
246 266 241 0
290 266 270 0
265 264 261 0
284 262 263 0
284 267 262 0
291 284 307 0
291 267 284 0
292 268 291 0
292 269 268 0
290 292 315 0
290 270 292 0
265 266 289 0
166 160 139 0
192 166 172 0
192 187 166 0
197 222 217 0
198 197 172 0
198 222 197 0
212 188 187 0
218 212 217 0
213 188 212 0
270 246 247 0
266 242 241 0
121 120 144 0
139 121 146 0
98 120 121 0
268 245 244 0
197 192 172 0
218 217 241 0
218 237 212 0
98 121 116 0
98 97 120 0
269 247 245 0
270 266 246 0
101 102 79 0
170 149 143 0
147 148 145 0
72 96 95 0
168 193 194 0
197 217 192 0
246 222 223 0
246 241 222 0
174 170 196 0
124 122 102 0
171 145 148 0
171 144 145 0
149 170 174 0
123 119 143 0
119 141 143 0
172 171 198 0
77 102 99 0
146 144 171 0
146 121 144 0
166 146 172 0
139 116 121 0
195 169 194 0
96 118 119 0
193 219 194 0
151 176 175 0
131 151 150 0
158 176 151 0
1 3 2 0
11 3 12 0
34 11 12 0
19 6 11 0
11 6 2 0
6 5 2 0
3 11 2 0
19 18 6 0
6 18 5 0
32 34 12 0
34 58 60 0
11 34 19 0
32 59 58 0
42 66 46 0
18 42 17 0
43 66 42 0
19 43 18 0
33 44 43 0
33 19 34 0
44 33 60 0
67 44 68 0
67 43 44 0
67 66 43 0
18 4 5 0
60 83 68 0
44 60 68 0
58 81 60 0
32 58 34 0
59 81 58 0
45 49 23 0
46 45 23 0
69 49 45 0
81 82 104 0
104 82 105 0
46 66 70 0
17 7 4 0
43 42 18 0
20 7 17 0
42 20 17 0
46 23 20 0
18 17 4 0
23 49 22 0
91 90 68 0
113 114 136 0
93 89 112 0
66 89 70 0
67 68 90 0
46 20 42 0
190 164 165 0
135 162 140 0
163 164 190 0
136 163 162 0
136 137 163 0
115 137 114 0
138 164 137 0
183 165 156 0
215 239 219 0
67 90 89 0
91 83 106 0
113 91 114 0
68 83 91 0
43 19 33 0
177 152 154 0
165 183 189 0
164 156 165 0
129 138 115 0
129 153 155 0
180 183 156 0
104 105 126 0
81 104 83 0
60 81 83 0
59 82 81 0
105 128 126 0
168 142 167 0
193 168 167 0
169 142 168 0
199 221 224 0
199 174 196 0
198 173 199 0
145 144 122 0
195 194 220 0
170 195 196 0
170 169 195 0
71 72 95 0
70 69 45 0
67 89 66 0
135 112 113 0
114 137 136 0
140 117 135 0
191 215 190 0
220 196 195 0
162 167 140 0
170 143 169 0
199 173 174 0
122 144 120 0
101 124 102 0
148 174 173 0
171 148 173 0
147 174 148 0
122 147 145 0
149 174 147 0
106 115 91 0
127 129 106 0
127 153 129 0
128 152 126 0
128 154 152 0
155 180 156 0
178 153 177 0
155 178 181 0
155 153 178 0
180 155 181 0
138 129 155 0
191 189 214 0
60 33 34 0
20 8 7 0
49 24 22 0
45 46 70 0
8 23 22 0
8 20 23 0
21 29 30 0
152 153 127 0
177 153 152 0
179 177 154 0
203 178 177 0
203 181 178 0
180 206 182 0
112 89 90 0
96 119 95 0
117 118 94 0
118 142 141 0
94 118 96 0
117 142 118 0
112 117 93 0
118 141 119 0
140 142 117 0
140 167 142 0
94 70 93 0
181 205 206 0
93 70 89 0
205 181 203 0
204 205 203 0
254 253 277 0
230 254 231 0
228 253 254 0
299 278 301 0
325 300 299 0
301 325 299 0
324 348 322 0
325 324 300 0
325 349 324 0
252 257 232 0
298 275 276 0
322 298 300 0
321 344 320 0
322 321 298 0
346 344 321 0
257 279 258 0
232 257 233 0
280 279 257 0
320 303 297 0
321 320 297 0
344 327 320 0
279 281 258 0
233 257 258 0
302 281 279 0
297 303 302 0
275 297 280 0
298 321 297 0
281 282 259 0
258 281 259 0
304 282 281 0
303 328 302 0
280 297 302 0
326 328 303 0
320 326 303 0
327 351 326 0
282 293 271 0
259 282 271 0
305 293 282 0
180 182 183 0
252 231 255 0
209 232 233 0
230 205 229 0
181 206 180 0
255 254 278 0
207 231 232 0
229 228 254 0
230 229 254 0
205 228 229 0
113 112 90 0
91 115 114 0
104 106 83 0
104 127 106 0
164 138 156 0
190 162 163 0
191 190 165 0
189 191 165 0
214 239 215 0
167 162 190 0
136 135 113 0
164 163 137 0
162 135 136 0
219 239 243 0
244 220 243 0
215 191 214 0
193 215 219 0
193 190 215 0
169 141 142 0
194 169 168 0
244 221 220 0
244 245 221 0
224 245 247 0
198 199 223 0
221 245 224 0
199 196 221 0
223 199 224 0
198 171 173 0
220 219 243 0
196 220 221 0
194 219 220 0
167 190 193 0
203 179 204 0
228 205 204 0
155 156 138 0
127 104 126 0
152 127 126 0
129 115 106 0
138 137 115 0
113 90 91 0
177 179 203 0
49 48 24 0
48 29 21 0
24 48 21 0
49 69 72 0
95 76 71 0
184 202 201 0
340 329 352 0
308 307 285 0
332 308 333 0
332 307 308 0
234 208 210 0
209 234 210 0
182 209 210 0
233 234 209 0
258 235 234 0
304 281 302 0
271 248 259 0
305 282 304 0
240 262 239 0
285 263 271 0
285 284 263 0
189 208 214 0
207 182 206 0
230 207 206 0
205 230 206 0
231 207 230 0
232 209 207 0
256 257 252 0
258 234 233 0
183 210 189 0
252 232 231 0
275 252 255 0
256 280 257 0
275 256 252 0
275 280 256 0
150 151 175 0
182 210 183 0
255 276 275 0
254 255 231 0
278 276 255 0
184 158 185 0
202 227 226 0
211 202 184 0
211 227 202 0
200 175 176 0
356 340 362 0
341 319 331 0
338 360 337 0
337 360 359 0
313 339 338 0
315 313 312 0
315 339 313 0
361 360 338 0
339 361 338 0
312 313 338 0
332 355 339 0
314 332 339 0
314 307 332 0
332 333 355 0
291 314 315 0
292 291 315 0
268 267 291 0
308 316 333 0
291 307 314 0
293 305 316 0
284 285 307 0
216 239 214 0
208 216 214 0
235 248 240 0
263 248 271 0
263 262 240 0
312 290 315 0
234 216 208 0
356 362 380 0
333 356 355 0
333 340 356 0
380 403 379 0
379 403 383 0
361 379 383 0
361 355 379 0
389 388 413 0
360 383 382 0
455 433 457 0
426 425 410 0
430 429 455 0
454 430 455 0
406 429 430 0
382 359 360 0
381 382 405 0
381 359 382 0
403 429 406 0
238 261 260 0
236 238 260 0
237 261 238 0
217 212 192 0
236 213 237 0
187 160 166 0
212 187 192 0
188 161 187 0
211 188 213 0
161 134 160 0
186 161 188 0
159 134 161 0
241 242 218 0
283 260 261 0
186 211 185 0
159 186 185 0
188 211 186 0
238 236 237 0
251 250 227 0
274 251 260 0
184 201 176 0
211 184 185 0
202 226 201 0
251 227 236 0
250 249 226 0
278 254 277 0
325 301 323 0
349 325 323 0
276 278 299 0
208 189 210 0
277 301 278 0
310 306 286 0
296 283 306 0
337 334 311 0
338 337 311 0
359 357 337 0
336 335 331 0
328 351 330 0
305 328 330 0
304 302 328 0
328 326 351 0
326 320 327 0
347 349 323 0
372 349 371 0
419 395 394 0
348 349 372 0
297 275 298 0
395 371 394 0
298 276 300 0
347 371 349 0
346 348 370 0
368 346 370 0
393 391 370 0
372 393 370 0
418 416 393 0
391 392 369 0
344 345 327 0
395 372 371 0
418 395 419 0
393 372 395 0
416 391 393 0
348 372 370 0
339 355 361 0
329 330 352 0
305 329 316 0
305 330 329 0
293 285 271 0
308 293 316 0
308 285 293 0
207 209 182 0
302 279 280 0
259 235 258 0
340 352 362 0
316 340 333 0
316 329 340 0
434 449 458 0
399 385 409 0
362 375 384 0
385 373 397 0
352 353 375 0
330 351 353 0
398 423 422 0
397 398 422 0
409 397 422 0
373 374 397 0
363 373 385 0
376 363 385 0
351 373 363 0
350 327 345 0
373 350 367 0
351 327 350 0
440 415 416 0
494 470 469 0
421 396 420 0
356 380 379 0
424 434 451 0
456 431 451 0
399 409 424 0
407 384 399 0
376 353 363 0
399 376 385 0
375 353 376 0
356 379 355 0
384 380 362 0
352 375 362 0
408 429 404 0
383 406 382 0
361 383 360 0
403 406 383 0
295 274 296 0
334 336 309 0
311 334 309 0
357 336 334 0
273 274 295 0
225 226 249 0
274 283 296 0
250 251 273 0
272 250 273 0
201 200 176 0
158 184 176 0
226 225 201 0
250 226 227 0
225 200 201 0
286 264 287 0
283 286 306 0
283 264 286 0
273 251 274 0
133 139 160 0
265 242 266 0
161 160 187 0
336 331 310 0
309 336 310 0
335 354 331 0
358 335 336 0
358 354 335 0
273 295 294 0
342 343 366 0
393 395 418 0
388 389 366 0
343 365 366 0
387 412 388 0
235 259 248 0
240 216 235 0
263 240 248 0
239 216 240 0
216 234 235 0
473 498 497 0
457 456 478 0
471 496 473 0
456 451 474 0
478 456 474 0
429 403 404 0
433 429 408 0
433 455 429 0
511 491 516 0
511 487 491 0
512 494 487 0
518 495 494 0
519 496 495 0
527 548 523 0
522 547 521 0
573 600 575 0
521 505 497 0
472 497 482 0
450 472 449 0
473 497 472 0
423 450 449 0
496 498 473 0
450 473 472 0
448 450 423 0
421 448 423 0
447 470 448 0
471 473 450 0
421 447 448 0
495 496 471 0
448 471 450 0
420 446 447 0
494 495 470 0
470 495 471 0
404 407 408 0
384 375 399 0
431 456 432 0
420 396 415 0
448 470 471 0
420 447 421 0
446 470 447 0
440 445 420 0
487 494 469 0
423 398 421 0
422 423 449 0
398 396 421 0
300 276 299 0
349 348 324 0
322 346 321 0
324 322 300 0
348 346 322 0
491 490 515 0
416 441 440 0
493 468 467 0
493 517 492 0
464 441 466 0
489 464 466 0
489 465 464 0
418 443 441 0
418 419 443 0
345 344 368 0
391 369 368 0
370 391 368 0
392 415 390 0
416 392 391 0
416 415 392 0
369 390 367 0
419 442 444 0
368 344 346 0
417 442 419 0
318 342 317 0
295 318 317 0
365 387 388 0
331 306 310 0
341 331 354 0
319 306 331 0
319 296 306 0
343 319 341 0
318 296 319 0
342 318 343 0
295 296 318 0
294 295 317 0
294 272 273 0
250 272 249 0
364 386 387 0
343 318 319 0
378 402 386 0
389 413 414 0
417 419 394 0
493 467 488 0
514 493 488 0
468 444 467 0
492 468 493 0
466 443 468 0
492 466 468 0
492 489 466 0
419 444 443 0
442 467 444 0
439 414 413 0
438 439 413 0
412 438 413 0
483 460 459 0
484 483 508 0
484 460 483 0
438 462 463 0
437 425 435 0
468 443 444 0
515 489 492 0
445 440 464 0
465 445 464 0
465 469 445 0
538 514 513 0
466 441 443 0
490 465 489 0
515 490 489 0
491 465 490 0
446 420 445 0
469 446 445 0
469 470 446 0
538 513 537 0
515 492 517 0
488 513 514 0
437 438 412 0
410 411 400 0
426 410 400 0
425 437 410 0
452 459 435 0
476 452 453 0
476 459 452 0
454 475 453 0
500 503 480 0
486 509 510 0
365 343 341 0
364 365 341 0
354 364 341 0
387 365 364 0
388 366 365 0
405 406 430 0
428 405 430 0
453 428 454 0
427 405 428 0
402 401 427 0
411 386 400 0
377 401 402 0
381 357 359 0
377 381 401 0
377 358 381 0
338 311 312 0
405 382 406 0
357 334 337 0
401 381 405 0
358 336 357 0
452 425 453 0
481 459 476 0
504 481 503 0
504 483 481 0
435 425 452 0
460 435 459 0
460 437 435 0
481 483 459 0
462 437 460 0
462 438 437 0
486 463 462 0
484 486 462 0
460 484 462 0
509 486 484 0
510 485 486 0
485 461 463 0
412 411 437 0
469 465 487 0
565 564 589 0
591 567 566 0
541 539 565 0
514 538 517 0
538 563 564 0
517 538 539 0
537 562 563 0
517 539 541 0
439 438 463 0
436 439 461 0
436 414 439 0
526 507 504 0
439 463 461 0
507 531 508 0
486 485 463 0
566 565 590 0
591 566 590 0
542 565 566 0
586 584 567 0
516 541 540 0
515 541 516 0
539 564 565 0
510 528 506 0
485 510 506 0
509 533 510 0
588 562 587 0
642 666 643 0
665 689 690 0
653 665 642 0
653 676 665 0
665 676 689 0
654 678 652 0
653 678 675 0
652 678 653 0
654 655 679 0
697 720 698 0
665 666 642 0
563 562 588 0
589 563 588 0
538 537 563 0
555 556 531 0
580 579 605 0
557 532 533 0
580 557 556 0
580 577 557 0
510 532 528 0
510 533 532 0
503 526 504 0
508 483 504 0
500 524 503 0
454 455 477 0
480 481 476 0
500 480 476 0
503 481 480 0
453 427 428 0
427 400 402 0
405 427 401 0
426 400 427 0
453 426 427 0
453 425 426 0
475 476 453 0
484 508 509 0
377 378 358 0
357 381 358 0
402 378 377 0
400 386 402 0
411 412 387 0
387 386 411 0
413 388 412 0
378 354 358 0
364 378 386 0
364 354 378 0
428 430 454 0
380 404 403 0
637 614 615 0
441 416 418 0
491 487 465 0
420 415 440 0
441 464 440 0
376 399 375 0
351 363 353 0
409 434 424 0
397 409 385 0
422 434 409 0
374 373 367 0
350 373 351 0
369 367 345 0
368 369 345 0
390 396 374 0
392 390 369 0
415 396 390 0
374 398 397 0
390 374 367 0
396 398 374 0
345 367 350 0
328 305 304 0
514 517 493 0
479 502 500 0
548 549 525 0
475 477 500 0
476 475 500 0
454 477 475 0
497 505 482 0
449 472 458 0
498 521 497 0
457 478 479 0
477 457 479 0
500 477 479 0
455 457 477 0
433 432 457 0
384 404 380 0
330 353 352 0
399 424 407 0
449 434 422 0
408 432 433 0
404 384 407 0
432 456 457 0
407 431 408 0
431 424 451 0
408 431 432 0
407 424 431 0
458 451 434 0
458 474 451 0
687 690 709 0
646 623 641 0
597 595 620 0
623 597 620 0
599 595 597 0
570 595 571 0
570 594 595 0
620 619 640 0
595 619 620 0
547 546 571 0
594 618 619 0
569 594 570 0
569 593 594 0
618 640 619 0
631 652 630 0
739 713 733 0
756 739 733 0
756 762 739 0
716 714 737 0
740 716 737 0
695 714 716 0
693 713 714 0
671 647 669 0
692 671 669 0
670 649 671 0
694 672 695 0
626 604 601 0
625 626 601 0
648 627 626 0
692 710 713 0
599 571 595 0
666 690 687 0
663 666 687 0
664 663 687 0
640 643 663 0
643 630 652 0
663 643 666 0
640 630 643 0
674 668 651 0
650 674 651 0
696 691 674 0
692 669 688 0
693 692 713 0
693 670 671 0
693 714 695 0
663 641 640 0
688 687 709 0
664 641 663 0
688 664 687 0
688 669 664 0
692 688 710 0
646 641 664 0
669 646 664 0
693 671 692 0
647 646 669 0
695 673 693 0
599 600 572 0
647 624 623 0
601 581 598 0
624 600 599 0
733 732 758 0
756 733 758 0
710 732 733 0
732 734 758 0
711 732 709 0
711 734 732 0
716 694 695 0
622 628 645 0
629 650 651 0
605 629 628 0
606 582 581 0
629 606 604 0
603 582 606 0
673 695 672 0
648 673 672 0
648 649 673 0
410 437 411 0
711 690 689 0
698 711 689 0
731 734 711 0
740 715 716 0
652 631 632 0
722 718 700 0
642 643 652 0
710 688 709 0
608 609 632 0
631 608 632 0
607 609 608 0
640 618 630 0
519 520 496 0
543 568 544 0
536 543 518 0
560 568 543 0
519 544 520 0
833 836 856 0
507 508 504 0
548 525 523 0
503 524 526 0
479 478 501 0
533 556 557 0
612 613 588 0
706 707 684 0
639 616 636 0
671 649 647 0
673 670 693 0
673 649 670 0
696 674 694 0
627 629 604 0
626 627 604 0
650 629 627 0
575 600 574 0
599 572 571 0
597 623 599 0
623 624 599 0
620 641 623 0
646 647 623 0
573 549 548 0
576 573 552 0
551 576 552 0
572 600 576 0
550 526 549 0
575 550 573 0
575 558 550 0
618 607 631 0
640 641 620 0
520 498 496 0
545 569 570 0
543 544 519 0
568 569 544 0
522 521 498 0
545 570 546 0
547 527 521 0
546 547 522 0
551 572 576 0
571 551 547 0
571 572 551 0
502 524 500 0
501 502 479 0
525 524 502 0
505 521 527 0
499 505 523 0
501 499 523 0
474 482 499 0
482 458 472 0
499 482 505 0
474 458 482 0
552 547 551 0
600 573 576 0
548 527 552 0
523 505 527 0
501 523 525 0
502 501 525 0
478 499 501 0
478 474 499 0
498 520 522 0
618 631 630 0
536 512 535 0
560 536 561 0
560 543 536 0
546 570 571 0
520 545 522 0
545 544 569 0
522 545 546 0
520 544 545 0
593 569 568 0
583 593 568 0
607 618 593 0
594 619 595 0
519 495 518 0
633 655 632 0
609 633 632 0
610 611 633 0
585 561 584 0
609 585 610 0
560 561 585 0
607 593 583 0
518 512 536 0
487 511 512 0
534 542 559 0
535 534 559 0
516 540 534 0
633 634 655 0
586 611 610 0
586 591 592 0
613 612 635 0
616 613 636 0
616 588 613 0
564 563 589 0
590 565 589 0
539 538 564 0
587 612 588 0
531 509 508 0
575 574 558 0
554 550 558 0
578 554 558 0
507 526 529 0
552 527 547 0
573 548 552 0
550 549 573 0
526 524 549 0
549 524 525 0
533 509 531 0
558 582 578 0
555 554 578 0
579 555 578 0
531 507 530 0
529 526 550 0
554 529 550 0
554 530 529 0
553 528 532 0
578 582 603 0
636 613 635 0
636 635 659 0
574 582 558 0
761 737 762 0
784 761 762 0
784 785 763 0
717 740 736 0
715 694 716 0
717 715 740 0
717 696 715 0
628 622 602 0
603 629 605 0
651 645 628 0
530 555 531 0
529 530 507 0
554 555 530 0
579 578 603 0
556 533 531 0
579 556 555 0
579 580 556 0
625 647 649 0
580 605 602 0
577 580 602 0
553 532 557 0
579 603 605 0
598 574 600 0
624 598 600 0
624 601 598 0
648 626 649 0
604 606 581 0
625 649 626 0
624 625 601 0
624 647 625 0
602 596 577 0
553 557 577 0
628 629 651 0
627 648 650 0
603 606 629 0
581 574 598 0
604 581 601 0
582 574 581 0
622 596 602 0
684 683 706 0
705 685 707 0
660 683 684 0
845 823 822 0
834 845 822 0
857 870 845 0
872 870 894 0
849 873 848 0
872 849 846 0
872 873 849 0
936 915 930 0
960 959 981 0
960 938 937 0
899 898 922 0
849 827 846 0
919 920 943 0
895 919 897 0
895 896 919 0
828 851 844 0
804 828 821 0
804 805 828 0
828 829 851 0
785 806 783 0
831 853 855 0
832 831 855 0
808 830 831 0
807 808 832 0
807 802 808 0
755 731 742 0
780 755 764 0
734 731 755 0
778 756 781 0
801 778 781 0
801 779 778 0
710 709 732 0
1021 1019 1046 0
1070 1047 1046 0
1043 1055 1028 0
1047 1043 1021 0
1066 1055 1043 0
1067 1066 1047 0
1067 1088 1066 0
1078 1056 1055 0
1088 1078 1066 0
1088 1102 1078 0
1079 1057 1056 0
1102 1079 1078 0
1102 1103 1079 0
1103 1080 1079 0
1012 989 1011 0
1036 1012 1011 0
1036 1037 1012 0
965 966 943 0
1059 1032 1033 0
989 966 988 0
1060 1062 1036 0
990 967 989 0
1008 985 984 0
1007 1008 984 0
1006 1007 984 0
1030 1031 1007 0
1033 1011 1008 0
939 963 940 0
1007 1033 1008 0
988 966 965 0
984 985 962 0
1033 1007 1031 0
1059 1033 1031 0
1032 1011 1033 0
983 984 962 0
1006 1029 1030 0
983 1006 984 0
983 1005 1006 0
981 982 960 0
996 981 973 0
997 996 973 0
1019 1018 996 0
1005 1029 1006 0
916 940 918 0
912 911 887 0
888 908 886 0
933 911 912 0
949 927 933 0
971 949 956 0
971 950 949 0
904 885 911 0
927 904 911 0
928 929 905 0
949 950 927 0
929 906 905 0
905 885 904 0
915 907 930 0
883 885 881 0
860 837 838 0
883 860 885 0
883 859 860 0
639 638 617 0
660 662 639 0
659 660 636 0
659 683 660 0
611 614 634 0
515 517 541 0
616 639 617 0
590 616 617 0
589 588 616 0
660 684 662 0
535 511 534 0
561 535 559 0
561 536 535 0
543 519 518 0
583 568 560 0
585 583 560 0
609 607 583 0
593 618 594 0
518 494 512 0
584 559 567 0
610 584 586 0
561 559 584 0
609 583 585 0
512 511 535 0
515 516 491 0
585 584 610 0
516 534 511 0
567 591 586 0
542 567 559 0
542 566 567 0
614 637 634 0
592 614 611 0
592 615 614 0
586 592 611 0
591 590 617 0
540 565 542 0
534 540 542 0
541 565 540 0
615 638 637 0
617 615 592 0
617 638 615 0
591 617 592 0
590 589 616 0
685 684 707 0
704 682 705 0
662 684 685 0
638 662 661 0
639 636 660 0
611 634 633 0
661 682 657 0
637 661 657 0
638 639 662 0
655 654 632 0
657 658 656 0
634 657 656 0
637 638 661 0
608 631 607 0
610 633 609 0
654 652 632 0
701 722 700 0
678 701 700 0
679 677 701 0
676 698 689 0
672 650 648 0
674 672 694 0
674 650 672 0
691 668 674 0
644 645 667 0
644 621 622 0
622 621 596 0
605 628 602 0
645 644 622 0
706 729 707 0
662 685 661 0
728 751 727 0
753 752 729 0
753 775 774 0
680 681 703 0
685 682 661 0
685 705 682 0
729 752 728 0
677 680 699 0
682 658 657 0
681 704 703 0
682 681 658 0
682 704 681 0
773 752 774 0
701 699 722 0
658 677 656 0
680 703 699 0
658 680 677 0
658 681 680 0
748 725 749 0
772 750 771 0
772 791 770 0
656 655 634 0
637 657 634 0
677 699 701 0
728 705 707 0
729 728 707 0
752 751 728 0
773 771 751 0
725 702 726 0
679 701 678 0
654 679 678 0
656 677 679 0
723 741 718 0
745 723 722 0
745 741 723 0
702 725 724 0
703 702 699 0
703 726 702 0
813 814 837 0
769 746 770 0
814 838 837 0
675 700 676 0
653 675 676 0
678 700 675 0
655 656 679 0
718 697 700 0
723 718 722 0
698 719 711 0
697 698 676 0
700 697 676 0
718 720 697 0
720 719 698 0
691 696 712 0
667 691 686 0
668 645 651 0
667 668 691 0
667 645 668 0
708 686 691 0
773 751 752 0
795 773 774 0
795 792 773 0
771 773 792 0
772 771 792 0
749 751 771 0
727 751 749 0
726 727 749 0
705 728 727 0
774 775 797 0
795 774 797 0
752 753 774 0
796 797 775 0
817 839 815 0
712 717 735 0
830 808 825 0
714 713 739 0
830 825 847 0
853 830 847 0
853 831 830 0
756 778 779 0
803 824 826 0
757 734 755 0
756 758 781 0
762 756 779 0
784 762 779 0
738 714 739 0
737 738 762 0
737 714 738 0
762 738 739 0
713 710 733 0
690 711 709 0
811 809 833 0
711 719 731 0
666 665 690 0
642 652 653 0
880 858 856 0
799 811 822 0
799 777 786 0
869 857 882 0
800 822 823 0
800 780 777 0
712 730 708 0
712 735 730 0
708 691 712 0
717 736 735 0
696 717 712 0
696 694 715 0
736 760 759 0
761 784 763 0
754 730 735 0
759 760 782 0
813 837 812 0
820 796 816 0
740 737 761 0
802 784 779 0
826 825 802 0
803 826 801 0
848 825 826 0
808 831 832 0
820 816 840 0
819 820 843 0
819 797 820 0
843 867 842 0
763 785 783 0
740 763 760 0
740 761 763 0
801 802 779 0
760 783 782 0
740 760 736 0
763 783 760 0
802 807 784 0
759 776 754 0
759 782 776 0
735 759 754 0
735 736 759 0
783 805 782 0
807 806 785 0
798 776 782 0
1069 1044 1065 0
1077 1087 1065 0
1092 1116 1091 0
990 969 967 0
950 972 951 0
928 950 951 0
928 927 950 0
826 802 801 0
847 825 848 0
808 802 825 0
852 829 832 0
785 784 807 0
889 865 884 0
910 909 884 0
843 820 840 0
865 843 840 0
842 819 843 0
890 866 867 0
818 792 795 0
841 818 842 0
817 794 818 0
841 817 818 0
841 839 817 0
889 890 867 0
721 745 722 0
726 749 725 0
704 726 703 0
704 727 726 0
791 814 790 0
769 770 790 0
789 768 790 0
765 745 769 0
772 794 791 0
793 792 818 0
794 793 818 0
794 772 793 0
770 750 772 0
790 770 791 0
747 725 748 0
746 747 770 0
724 725 747 0
748 749 771 0
750 748 771 0
750 747 748 0
721 702 724 0
745 721 724 0
699 702 721 0
704 705 727 0
819 842 818 0
795 819 818 0
795 797 819 0
796 820 797 0
814 813 790 0
794 814 791 0
792 793 772 0
815 814 794 0
817 815 794 0
839 838 815 0
815 838 814 0
886 887 862 0
864 886 861 0
933 953 956 0
911 933 927 0
928 904 927 0
887 886 912 0
914 890 889 0
913 914 935 0
913 890 914 0
864 888 886 0
839 864 861 0
841 842 866 0
934 958 957 0
912 934 933 0
909 889 884 0
866 890 888 0
841 866 864 0
842 867 866 0
909 910 932 0
914 909 932 0
914 889 909 0
789 813 812 0
885 860 863 0
833 812 836 0
835 858 834 0
859 856 836 0
860 859 836 0
883 880 859 0
880 882 858 0
743 766 742 0
787 789 810 0
765 787 767 0
768 769 790 0
765 768 787 0
765 769 768 0
745 765 741 0
746 724 747 0
745 746 769 0
745 724 746 0
788 766 767 0
787 788 767 0
810 809 788 0
833 810 812 0
843 865 867 0
958 935 955 0
949 933 956 0
865 889 867 0
935 932 955 0
913 935 934 0
932 931 954 0
914 932 935 0
910 931 932 0
871 874 875 0
873 871 850 0
873 897 871 0
926 947 948 0
901 903 925 0
917 901 925 0
892 868 876 0
924 946 947 0
902 924 926 0
902 900 924 0
860 836 837 0
907 883 881 0
907 880 883 0
906 907 881 0
915 916 891 0
851 868 844 0
821 828 844 0
876 878 901 0
875 874 900 0
877 875 900 0
850 871 875 0
847 850 854 0
847 848 873 0
805 783 806 0
832 829 806 0
807 832 806 0
855 852 832 0
821 798 804 0
804 798 782 0
805 804 782 0
829 852 851 0
805 829 828 0
805 806 829 0
968 992 970 0
964 948 970 0
873 872 897 0
847 873 850 0
848 827 849 0
942 920 918 0
921 944 922 0
897 921 898 0
943 944 921 0
1004 981 996 0
1028 1004 1018 0
982 981 1004 0
983 961 982 0
1030 1007 1006 0
962 961 983 0
938 939 916 0
1005 983 982 0
1004 1005 982 0
1028 1029 1005 0
963 942 940 0
962 963 939 0
962 985 963 0
965 963 985 0
937 916 915 0
937 938 916 0
936 937 915 0
936 959 937 0
960 961 938 0
961 960 982 0
939 940 916 0
961 939 938 0
961 962 939 0
924 899 923 0
854 850 875 0
897 919 921 0
966 944 943 0
967 969 945 0
864 866 888 0
913 888 890 0
912 913 934 0
908 888 913 0
912 908 913 0
912 886 908 0
954 955 932 0
980 977 1001 0
1003 980 1002 0
958 977 980 0
953 934 957 0
956 953 957 0
933 934 953 0
977 976 1001 0
1002 980 1001 0
955 976 977 0
934 935 958 0
954 976 955 0
1020 1044 1046 0
1019 1020 1046 0
1015 1040 1020 0
997 995 1015 0
972 950 971 0
956 979 971 0
993 1016 1017 0
995 994 1017 0
998 999 993 0
994 975 993 0
978 979 956 0
978 1003 979 0
979 1003 998 0
980 978 957 0
980 1003 978 0
1002 1027 1003 0
958 980 957 0
1026 1025 1051 0
1050 1027 1052 0
1001 1000 1026 0
1013 990 1012 0
1037 1013 1012 0
1037 1038 1014 0
1062 1037 1036 0
1014 1034 1010 0
1063 1038 1037 0
1063 1061 1038 0
878 903 901 0
852 878 876 0
852 855 878 0
974 973 952 0
995 974 972 0
994 995 972 0
1017 1015 995 0
996 1018 1004 0
952 973 959 0
936 952 959 0
960 937 959 0
930 952 936 0
929 951 952 0
930 929 952 0
965 943 942 0
963 965 942 0
985 988 965 0
1011 989 988 0
1008 1011 988 0
1032 1036 1011 0
985 1008 988 0
1059 1060 1036 0
967 944 966 0
989 967 966 0
1012 990 989 0
1059 1036 1032 0
1062 1063 1037 0
992 969 990 0
926 924 947 0
879 854 877 0
922 944 945 0
923 922 945 0
898 921 922 0
874 898 899 0
874 897 898 0
967 945 944 0
969 968 946 0
968 969 992 0
925 926 948 0
876 851 852 0
892 876 901 0
868 851 876 0
854 879 853 0
847 854 853 0
877 902 879 0
875 877 854 0
900 902 877 0
899 924 900 0
874 899 900 0
923 946 924 0
922 923 899 0
945 946 923 0
879 878 855 0
853 879 855 0
902 903 879 0
926 903 902 0
926 925 903 0
969 946 945 0
925 948 941 0
968 947 946 0
968 970 947 0
824 848 826 0
824 827 848 0
800 823 824 0
780 800 803 0
781 780 803 0
801 781 803 0
758 734 757 0
742 719 743 0
764 742 766 0
731 719 742 0
742 764 755 0
744 767 743 0
720 744 743 0
741 765 744 0
786 764 766 0
788 786 766 0
809 799 786 0
810 833 809 0
786 788 809 0
812 837 836 0
767 744 765 0
768 789 787 0
747 750 770 0
813 789 790 0
810 789 812 0
810 788 787 0
718 741 720 0
722 699 721 0
811 799 809 0
800 799 822 0
743 719 720 0
741 744 720 0
767 766 743 0
777 764 786 0
800 777 799 0
780 764 777 0
757 781 758 0
780 757 755 0
780 781 757 0
823 827 824 0
803 800 824 0
835 811 833 0
856 835 833 0
856 858 835 0
857 858 882 0
857 845 834 0
921 919 943 0
872 895 897 0
874 871 897 0
846 823 845 0
872 846 870 0
827 823 846 0
894 896 895 0
872 894 895 0
894 869 893 0
882 891 869 0
896 920 919 0
918 896 894 0
918 920 896 0
916 918 893 0
942 943 920 0
918 894 893 0
845 870 846 0
834 858 857 0
811 834 822 0
811 835 834 0
869 870 857 0
880 907 882 0
915 891 907 0
894 870 869 0
916 893 891 0
940 942 918 0
893 869 891 0
859 880 856 0
907 891 882 0
903 878 879 0
978 956 957 0
970 992 986 0
964 970 986 0
901 917 892 0
970 948 947 0
941 917 925 0
977 958 955 0
1026 1000 1025 0
1023 1022 1049 0
1027 1024 1003 0
1027 1050 1024 0
1024 1050 1048 0
1026 1027 1002 0
1026 1052 1027 0
1075 1052 1051 0
1075 1096 1074 0
1072 1048 1050 0
1042 1017 1016 0
1044 1040 1065 0
1044 1020 1040 0
1087 1111 1092 0
906 930 907 0
905 906 881 0
885 905 881 0
904 928 905 0
929 930 906 0
887 911 885 0
951 974 952 0
928 951 929 0
972 974 951 0
994 972 971 0
975 994 971 0
993 1017 994 0
997 1019 996 0
1040 1015 1017 0
1005 1004 1028 0
959 973 981 0
997 1015 1019 0
974 997 973 0
974 995 997 0
1020 1019 1015 0
1091 1070 1092 0
1115 1091 1116 0
1068 1070 1091 0
1113 1112 1089 0
1021 1018 1019 0
1047 1021 1046 0
1047 1066 1043 0
1067 1047 1068 0
1043 1018 1021 0
861 862 838 0
841 864 839 0
886 862 861 0
975 998 993 0
979 975 971 0
979 998 975 0
862 860 838 0
839 861 838 0
863 860 862 0
887 863 862 0
887 885 863 0
976 1000 1001 0
1013 992 990 0
964 986 987 0
964 941 948 0
1009 987 1010 0
1051 1052 1026 0
1026 1002 1001 0
1073 1048 1072 0
1095 1073 1072 0
1071 1093 1076 0
999 998 1024 0
1022 999 1024 0
1048 1022 1024 0
1048 1049 1022 0
1023 1041 1042 0
1014 992 1013 0
1157 1136 1137 0
1047 1070 1068 0
1115 1138 1114 0
1014 1013 1037 0
1034 1014 1038 0
991 992 1014 0
1010 991 1014 0
1010 986 991 0
1133 1108 1131 0
1109 1106 1133 0
1107 1109 1133 0
1129 1107 1132 0
1081 1064 1061 0
1105 1081 1084 0
1105 1086 1081 0
1063 1062 1085 0
1131 1152 1153 0
1133 1131 1153 0
1108 1130 1131 0
1106 1108 1133 0
1128 1149 1150 0
1104 1128 1108 0
1104 1103 1126 0
1010 1034 1035 0
987 986 1010 0
986 992 991 0
1061 1064 1039 0
1061 1063 1084 0
1035 1061 1039 0
1034 1038 1061 0
1035 1034 1061 0
1035 1009 1010 0
1082 1060 1059 0
1126 1128 1104 0
1102 1127 1103 0
1149 1128 1126 0
1083 1062 1060 0
1108 1106 1104 0
1133 1132 1107 0
1096 1075 1097 0
1120 1119 1097 0
1074 1050 1052 0
1081 1061 1084 0
1074 1052 1075 0
1095 1074 1096 0
1072 1050 1074 0
1095 1072 1074 0
1095 1094 1073 0
1142 1166 1141 0
1141 1144 1121 0
1117 1141 1121 0
1142 1143 1166 0
1118 1142 1141 0
1120 1143 1142 0
1077 1076 1099 0
1073 1053 1049 0
1071 1094 1093 0
1073 1071 1053 0
1073 1094 1071 0
1151 1132 1154 0
1083 1106 1109 0
1082 1083 1060 0
1082 1106 1083 0
1154 1132 1133 0
1129 1110 1105 0
1140 1145 1122 0
1121 1140 1122 0
1118 1141 1117 0
1094 1118 1117 0
1095 1096 1118 0
1144 1140 1121 0
1165 1166 1143 0
1166 1165 1191 0
1141 1166 1144 0
1165 1190 1191 0
1191 1190 1217 0
1237 1260 1238 0
1239 1237 1215 0
1239 1260 1237 0
1240 1239 1216 0
1263 1260 1239 0
1167 1166 1191 0
1140 1144 1164 0
1086 1105 1110 0
1134 1129 1151 0
1176 1201 1177 0
1153 1176 1177 0
1153 1152 1176 0
1084 1109 1107 0
1083 1085 1062 0
1083 1109 1085 0
1151 1129 1132 0
1084 1063 1085 0
1109 1084 1085 0
1107 1105 1084 0
1129 1105 1107 0
1086 1064 1081 0
1152 1172 1176 0
1175 1151 1154 0
1178 1175 1200 0
1178 1155 1175 0
1119 1142 1118 0
1096 1119 1118 0
1120 1142 1119 0
1167 1144 1166 0
1024 998 1003 0
1073 1049 1048 0
1016 993 999 0
1023 1016 999 0
1022 1023 999 0
1049 1041 1023 0
1041 1065 1042 0
1053 1041 1049 0
1042 1040 1017 0
1023 1042 1016 0
1065 1040 1042 0
1240 1264 1263 0
1239 1240 1263 0
1218 1241 1240 0
1177 1154 1153 0
1175 1177 1200 0
1175 1154 1177 0
1134 1151 1155 0
1134 1110 1129 0
1162 1178 1185 0
1363 1390 1391 0
1416 1411 1392 0
1443 1415 1414 0
1336 1358 1346 0
1360 1384 1357 0
1340 1360 1357 0
1340 1364 1360 0
1408 1387 1385 0
1334 1333 1308 0
1335 1321 1309 0
1139 1115 1116 0
1135 1139 1116 0
1156 1161 1139 0
1160 1161 1184 0
1138 1115 1139 0
1319 1318 1294 0
1270 1293 1294 0
1345 1344 1319 0
1232 1229 1253 0
1254 1232 1253 0
1231 1207 1232 0
1171 1169 1168 0
1156 1170 1180 0
1117 1098 1093 0
1095 1118 1094 0
1121 1098 1117 0
1124 1122 1145 0
1098 1099 1093 0
1124 1100 1122 0
1124 1146 1123 0
1241 1265 1264 0
1210 1211 1186 0
1185 1210 1186 0
1162 1185 1186 0
1178 1200 1202 0
1235 1234 1256 0
1258 1235 1257 0
1212 1209 1235 0
1236 1212 1235 0
1236 1210 1212 0
1337 1334 1311 0
1223 1219 1197 0
1288 1264 1289 0
1215 1237 1213 0
1314 1290 1315 0
1313 1288 1289 0
1337 1313 1339 0
1312 1288 1313 0
1337 1312 1313 0
1261 1238 1260 0
1287 1261 1260 0
1262 1238 1261 0
1286 1262 1287 0
1286 1285 1262 0
1264 1265 1289 0
1216 1218 1240 0
1265 1290 1289 0
1314 1289 1290 0
1341 1338 1315 0
1313 1289 1314 0
1287 1288 1312 0
1286 1287 1312 0
1260 1263 1287 0
1263 1264 1288 0
1211 1236 1233 0
1196 1219 1222 0
1171 1196 1194 0
1171 1193 1196 0
1169 1171 1194 0
1193 1197 1219 0
1168 1193 1171 0
1168 1187 1193 0
1188 1215 1213 0
1164 1188 1163 0
1164 1189 1188 0
1140 1164 1163 0
1214 1237 1238 0
1246 1223 1238 0
1213 1237 1214 0
1187 1188 1213 0
1192 1191 1218 0
1189 1192 1216 0
1167 1191 1192 0
1242 1246 1267 0
1214 1223 1197 0
1214 1238 1223 0
1258 1283 1280 0
1209 1234 1235 0
1235 1256 1257 0
1236 1255 1233 0
1211 1210 1236 0
1257 1283 1258 0
1375 1374 1350 0
1501 1503 1481 0
1377 1351 1352 0
1399 1377 1376 0
1378 1383 1355 0
1327 1303 1302 0
1328 1327 1326 0
1349 1328 1326 0
1351 1327 1328 0
1307 1282 1303 0
1319 1295 1320 0
1268 1294 1292 0
1271 1267 1246 0
1295 1271 1284 0
1293 1267 1271 0
1319 1293 1295 0
1270 1267 1293 0
1098 1100 1099 0
1094 1117 1093 0
1122 1100 1098 0
1146 1124 1147 0
1146 1125 1123 0
1100 1123 1099 0
1148 1146 1169 0
1148 1135 1125 0
1125 1111 1101 0
1123 1125 1101 0
1099 1123 1101 0
1100 1124 1123 0
1146 1148 1125 0
1156 1148 1170 0
1156 1139 1135 0
1135 1116 1111 0
1125 1135 1111 0
1148 1156 1135 0
1161 1156 1180 0
1161 1138 1139 0
1138 1137 1113 0
1114 1089 1090 0
1092 1069 1087 0
1116 1092 1111 0
1070 1069 1092 0
1115 1090 1091 0
1046 1044 1045 0
1045 1044 1069 0
1070 1045 1069 0
1070 1046 1045 0
1065 1054 1077 0
1340 1334 1337 0
1364 1340 1362 0
1407 1388 1413 0
1384 1359 1357 0
1407 1384 1388 0
1407 1408 1386 0
1357 1334 1340 0
1195 1205 1180 0
1170 1195 1180 0
1220 1205 1195 0
1221 1220 1195 0
1244 1243 1220 0
1248 1230 1247 0
1249 1248 1273 0
1224 1230 1248 0
1198 1199 1225 0
1230 1231 1254 0
1273 1248 1247 0
1206 1231 1230 0
1199 1206 1224 0
1182 1159 1183 0
1206 1182 1207 0
1181 1159 1182 0
1269 1294 1268 0
1222 1245 1244 0
1270 1294 1269 0
1267 1270 1245 0
1309 1284 1310 0
1320 1309 1321 0
1295 1284 1309 0
1294 1293 1319 0
1271 1246 1259 0
1343 1369 1368 0
1344 1343 1317 0
1344 1369 1343 0
1319 1344 1318 0
1370 1369 1344 0
1291 1266 1292 0
1342 1316 1343 0
1344 1317 1318 0
1272 1278 1277 0
1269 1243 1244 0
1266 1268 1292 0
1266 1243 1268 0
1206 1207 1231 0
1194 1170 1169 0
1221 1194 1196 0
1244 1221 1222 0
1195 1194 1221 0
1195 1170 1194 0
1446 1418 1417 0
1370 1372 1371 0
1336 1335 1359 0
1358 1336 1359 0
1321 1335 1336 0
1346 1372 1345 0
1333 1357 1335 0
1408 1409 1387 0
1272 1296 1273 0
1266 1291 1278 0
1253 1266 1278 0
1253 1243 1266 0
1347 1348 1374 0
1301 1324 1300 0
1348 1342 1368 0
1374 1348 1350 0
1325 1316 1342 0
1348 1325 1342 0
1324 1316 1325 0
1301 1316 1324 0
1301 1291 1317 0
1248 1249 1225 0
1335 1310 1333 0
1314 1339 1313 0
1338 1341 1361 0
1338 1363 1339 0
1365 1361 1341 0
1365 1392 1389 0
1280 1281 1255 0
1280 1306 1281 0
1389 1411 1414 0
1365 1389 1361 0
1392 1411 1389 0
1442 1415 1443 0
1364 1388 1360 0
1391 1364 1362 0
1391 1388 1364 0
1390 1389 1414 0
1437 1462 1435 0
1440 1466 1464 0
1442 1440 1412 0
1442 1466 1440 0
1510 1512 1534 0
1511 1510 1534 0
1532 1511 1534 0
1532 1509 1511 0
1488 1466 1490 0
1489 1488 1510 0
1465 1464 1488 0
1077 1099 1101 0
1087 1077 1101 0
1111 1087 1101 0
1069 1065 1087 0
1054 1076 1077 0
1053 1054 1041 0
1076 1093 1099 0
1053 1076 1054 0
1053 1071 1076 0
1147 1169 1146 0
1145 1147 1124 0
1119 1096 1097 0
1216 1239 1215 0
1189 1164 1167 0
1197 1213 1214 0
1168 1147 1145 0
1187 1197 1193 0
1188 1187 1163 0
1213 1197 1187 0
1193 1219 1196 0
1144 1167 1164 0
1218 1217 1241 0
1264 1240 1241 0
1216 1192 1218 0
1189 1216 1215 0
1188 1189 1215 0
1167 1192 1189 0
1191 1217 1218 0
1054 1065 1041 0
1169 1170 1148 0
1098 1121 1122 0
1220 1243 1229 0
1242 1223 1246 0
1221 1196 1222 0
1163 1145 1140 0
1187 1168 1163 0
1168 1145 1163 0
1320 1295 1309 0
1345 1320 1321 0
1345 1319 1320 0
1262 1246 1238 0
1308 1285 1286 0
1311 1308 1286 0
1333 1310 1308 0
1284 1271 1259 0
1310 1284 1285 0
1308 1310 1285 0
1335 1309 1310 0
1295 1293 1271 0
1242 1222 1219 0
1269 1245 1270 0
1269 1244 1245 0
1242 1219 1223 0
1245 1242 1267 0
1245 1222 1242 0
1220 1221 1244 0
1169 1147 1168 0
1262 1261 1287 0
1180 1184 1161 0
1176 1172 1179 0
1154 1133 1153 0
1150 1172 1152 0
1174 1173 1150 0
1137 1158 1157 0
1198 1179 1172 0
1199 1224 1225 0
1174 1199 1198 0
1174 1181 1199 0
1225 1249 1227 0
1179 1201 1176 0
1174 1198 1173 0
1227 1250 1226 0
1149 1157 1174 0
1127 1112 1136 0
1149 1127 1136 0
1126 1103 1127 0
1055 1066 1078 0
1028 1055 1029 0
1028 1018 1043 0
1090 1115 1114 0
1068 1090 1067 0
1068 1091 1090 0
1113 1114 1138 0
1158 1181 1157 0
1159 1158 1137 0
1159 1181 1158 0
1160 1159 1138 0
1161 1160 1138 0
1208 1229 1232 0
1182 1183 1207 0
1229 1243 1253 0
1205 1229 1208 0
1205 1220 1229 0
1184 1205 1208 0
1184 1180 1205 0
1183 1184 1208 0
1080 1058 1057 0
1104 1080 1103 0
1058 1031 1057 0
1126 1127 1149 0
1056 1078 1079 0
1029 1056 1030 0
1029 1055 1056 0
1089 1114 1113 0
1067 1089 1088 0
1067 1090 1089 0
1136 1113 1137 0
1224 1206 1230 0
1157 1181 1174 0
1137 1138 1159 0
1108 1128 1130 0
1130 1128 1150 0
1152 1130 1150 0
1152 1131 1130 0
1082 1080 1104 0
1106 1082 1104 0
1058 1080 1082 0
1059 1058 1082 0
1059 1031 1058 0
1102 1112 1127 0
1057 1079 1080 0
1030 1057 1031 0
1030 1056 1057 0
1112 1113 1136 0
1088 1112 1102 0
1088 1089 1112 0
1136 1157 1149 0
1174 1150 1149 0
1173 1172 1150 0
1183 1159 1160 0
1184 1183 1160 0
1208 1207 1183 0
1232 1207 1208 0
1254 1231 1232 0
1254 1247 1230 0
1206 1181 1182 0
1178 1162 1155 0
1151 1175 1155 0
1201 1200 1177 0
1173 1198 1172 0
1226 1200 1201 0
1226 1202 1200 0
1204 1227 1226 0
1179 1204 1201 0
1179 1203 1204 0
1228 1234 1209 0
1250 1228 1226 0
1250 1251 1228 0
1209 1185 1202 0
1202 1185 1178 0
1209 1210 1185 0
1226 1228 1209 0
1202 1226 1209 0
1250 1249 1274 0
1234 1228 1251 0
1227 1249 1250 0
1201 1204 1226 0
1203 1198 1225 0
1227 1203 1225 0
1179 1198 1203 0
1249 1273 1274 0
1251 1250 1274 0
1225 1224 1248 0
1204 1203 1227 0
1206 1199 1181 0
1347 1324 1348 0
1298 1322 1299 0
1278 1254 1253 0
1277 1278 1301 0
1300 1277 1301 0
1300 1296 1277 0
1272 1254 1278 0
1291 1301 1278 0
1243 1269 1268 0
1344 1345 1370 0
1317 1291 1318 0
1292 1294 1318 0
1385 1386 1408 0
1335 1357 1359 0
1333 1334 1357 0
1256 1279 1282 0
1275 1276 1252 0
1298 1299 1276 0
1296 1300 1322 0
1298 1297 1322 0
1272 1277 1296 0
1247 1272 1273 0
1247 1254 1272 0
1322 1347 1323 0
1257 1282 1283 0
1252 1256 1234 0
1276 1279 1256 0
1297 1296 1322 0
1327 1351 1330 0
1303 1327 1307 0
1279 1303 1282 0
1279 1302 1303 0
1258 1280 1255 0
1252 1276 1256 0
1251 1252 1234 0
1251 1275 1252 0
1306 1332 1331 0
1307 1305 1283 0
1307 1332 1305 0
1236 1235 1258 0
1255 1236 1258 0
1210 1209 1212 0
1424 1451 1430 0
1406 1424 1430 0
1427 1451 1424 0
1426 1452 1427 0
1397 1425 1398 0
1397 1421 1425 0
1453 1455 1476 0
1428 1453 1452 0
1428 1449 1453 0
1480 1502 1482 0
1456 1477 1480 0
1457 1456 1480 0
1454 1478 1456 0
1503 1502 1481 0
1404 1403 1380 0
1383 1405 1381 0
1433 1432 1404 0
1461 1433 1434 0
1461 1460 1433 0
1355 1377 1378 0
1381 1356 1383 0
1330 1351 1355 0
1376 1374 1398 0
1306 1331 1304 0
1281 1306 1304 0
1280 1305 1306 0
1330 1332 1307 0
1327 1330 1307 0
1351 1377 1355 0
1354 1380 1379 0
1283 1305 1280 0
1332 1306 1305 0
1361 1389 1390 0
1441 1411 1416 0
1441 1414 1411 0
1413 1412 1407 0
1468 1466 1442 0
1438 1439 1437 0
1440 1464 1438 0
1443 1468 1442 0
1490 1512 1510 0
1488 1490 1510 0
1412 1410 1407 0
1463 1462 1439 0
1552 1531 1532 0
1554 1552 1532 0
1575 1574 1553 0
1558 1542 1562 0
1580 1558 1562 0
1566 1545 1560 0
1587 1566 1581 0
1594 1596 1619 0
1585 1584 1564 0
1608 1631 1617 0
1585 1608 1584 0
1585 1609 1608 0
1539 1538 1559 0
1538 1537 1558 0
1520 1542 1537 0
1541 1553 1561 0
1597 1600 1599 0
1575 1597 1599 0
1576 1600 1597 0
1515 1520 1537 0
1516 1515 1537 0
1493 1507 1515 0
1553 1530 1531 0
1486 1507 1493 0
1553 1541 1530 0
1580 1562 1583 0
1586 1566 1587 0
1611 1586 1587 0
1610 1611 1587 0
1633 1632 1611 0
1609 1631 1608 0
1559 1558 1580 0
1432 1458 1429 0
1430 1431 1459 0
1406 1430 1434 0
1405 1406 1434 0
1401 1424 1406 0
1383 1382 1405 0
1400 1399 1426 0
1401 1400 1427 0
1378 1399 1400 0
1426 1399 1398 0
1425 1426 1398 0
1427 1400 1426 0
1451 1427 1452 0
1401 1382 1400 0
1504 1527 1506 0
1485 1484 1506 0
1484 1459 1482 0
1507 1530 1520 0
1515 1507 1520 0
1486 1508 1507 0
1463 1486 1462 0
1487 1508 1486 0
1666 1643 1642 0
1563 1543 1564 0
1568 1548 1547 0
1588 1568 1567 0
1572 1592 1593 0
1590 1591 1569 0
1568 1589 1569 0
1635 1638 1613 0
1638 1640 1614 0
1524 1501 1523 0
1547 1524 1546 0
1503 1501 1524 0
1680 1681 1706 0
1631 1655 1654 0
1656 1632 1633 0
1564 1544 1565 0
1567 1547 1546 0
1573 1567 1563 0
1613 1638 1614 0
1590 1613 1614 0
1590 1589 1612 0
1523 1521 1543 0
1546 1523 1543 0
1501 1521 1523 0
1731 1730 1756 0
1705 1682 1707 0
1704 1730 1707 0
1734 1757 1733 0
1727 1751 1726 0
1778 1801 1779 0
1682 1704 1707 0
1734 1730 1725 0
1734 1733 1730 0
1750 1734 1725 0
1750 1754 1734 0
1757 1756 1733 0
1705 1731 1706 0
1730 1731 1707 0
1732 1743 1718 0
1755 1743 1756 0
1680 1706 1683 0
1654 1680 1666 0
1654 1655 1680 0
1765 1788 1764 0
1755 1765 1743 0
1766 1788 1765 0
1665 1667 1658 0
1690 1691 1683 0
1708 1690 1683 0
1709 1716 1690 0
1736 1735 1760 0
1710 1717 1736 0
1711 1710 1736 0
1692 1717 1710 0
1667 1692 1684 0
1667 1691 1692 0
1717 1735 1736 0
1543 1522 1544 0
1725 1704 1700 0
1704 1682 1678 0
1700 1704 1678 0
1725 1730 1704 0
1666 1691 1665 0
1708 1709 1690 0
1731 1708 1706 0
1731 1709 1708 0
1742 1741 1717 0
1681 1680 1655 0
1656 1681 1655 0
1705 1706 1681 0
1606 1630 1605 0
1620 1606 1605 0
1623 1629 1606 0
1657 1679 1653 0
1587 1581 1604 0
1610 1587 1604 0
1628 1610 1604 0
1628 1633 1610 0
1611 1632 1609 0
1628 1653 1633 0
1705 1681 1679 0
1656 1655 1632 0
1581 1560 1559 0
1604 1581 1580 0
1596 1608 1617 0
1619 1596 1617 0
1594 1573 1596 0
1586 1585 1565 0
1609 1632 1631 0
1586 1609 1585 0
1586 1611 1609 0
1679 1681 1656 0
1653 1679 1656 0
1682 1705 1679 0
1560 1540 1539 0
1580 1581 1559 0
1596 1584 1608 0
1618 1595 1619 0
1563 1584 1573 0
1545 1565 1544 0
1566 1586 1565 0
1560 1539 1559 0
1545 1540 1560 0
1544 1522 1545 0
1566 1565 1545 0
1612 1589 1588 0
1613 1612 1635 0
1613 1590 1612 0
1543 1563 1546 0
1564 1584 1563 0
1477 1498 1481 0
1478 1477 1456 0
1476 1478 1454 0
1476 1499 1478 0
1499 1498 1477 0
1455 1479 1476 0
1500 1521 1499 0
1479 1500 1499 0
1476 1479 1499 0
1455 1475 1479 0
1630 1628 1607 0
1605 1630 1607 0
1629 1653 1630 0
1634 1653 1629 0
1634 1657 1653 0
1647 1634 1629 0
1652 1657 1634 0
1623 1647 1629 0
1676 1657 1652 0
1678 1682 1657 0
1653 1656 1633 0
1441 1416 1444 0
1441 1443 1414 0
1469 1467 1444 0
1469 1491 1467 0
1442 1413 1415 0
1553 1552 1575 0
1561 1553 1574 0
1561 1542 1541 0
1598 1582 1574 0
1562 1542 1561 0
1582 1562 1561 0
1611 1610 1633 0
1583 1604 1580 0
1583 1607 1604 0
1520 1530 1541 0
1531 1552 1553 0
1509 1489 1511 0
1508 1509 1531 0
1487 1489 1509 0
1508 1487 1509 0
1530 1508 1531 0
1530 1507 1508 0
1488 1464 1466 0
1487 1465 1489 0
1463 1439 1465 0
1486 1463 1487 0
1439 1464 1465 0
1534 1554 1532 0
1489 1510 1511 0
1531 1509 1532 0
1487 1463 1465 0
1533 1555 1534 0
1363 1362 1339 0
1338 1361 1363 0
1314 1338 1339 0
1314 1315 1338 0
1391 1415 1413 0
1363 1391 1362 0
1390 1415 1391 0
1361 1390 1363 0
1414 1415 1390 0
1412 1413 1442 0
1388 1384 1360 0
1410 1435 1407 0
1438 1410 1412 0
1440 1438 1412 0
1464 1439 1438 0
1437 1435 1410 0
1438 1437 1410 0
1439 1462 1437 0
1259 1285 1284 0
1262 1259 1246 0
1262 1285 1259 0
1263 1288 1287 0
1311 1334 1308 0
1312 1311 1286 0
1312 1337 1311 0
1362 1340 1337 0
1339 1362 1337 0
1391 1413 1388 0
1302 1326 1327 0
1299 1302 1279 0
1299 1323 1302 0
1349 1374 1352 0
1349 1347 1374 0
1328 1349 1352 0
1326 1347 1349 0
1351 1328 1352 0
1323 1347 1326 0
1302 1323 1326 0
1299 1322 1323 0
1322 1324 1347 0
1300 1324 1322 0
1348 1324 1325 0
1342 1343 1368 0
1350 1348 1368 0
1316 1317 1343 0
1301 1317 1316 0
1318 1291 1292 0
1346 1358 1372 0
1321 1346 1345 0
1321 1336 1346 0
1395 1394 1369 0
1371 1395 1370 0
1345 1372 1370 0
1445 1462 1470 0
1494 1472 1471 0
1436 1462 1445 0
1471 1472 1445 0
1470 1471 1445 0
1493 1494 1471 0
1367 1373 1375 0
1370 1395 1369 0
1470 1462 1486 0
1493 1470 1486 0
1493 1471 1470 0
1516 1494 1515 0
1538 1516 1537 0
1538 1517 1516 0
1538 1539 1517 0
1473 1472 1495 0
1409 1408 1435 0
1447 1418 1446 0
1385 1358 1359 0
1386 1385 1359 0
1384 1386 1359 0
1384 1407 1386 0
1387 1366 1385 0
1418 1393 1409 0
1366 1372 1358 0
1385 1366 1358 0
1387 1393 1366 0
1435 1462 1436 0
1409 1435 1436 0
1408 1407 1435 0
1448 1450 1475 0
1395 1420 1419 0
1422 1450 1423 0
1396 1422 1420 0
1395 1396 1420 0
1371 1372 1396 0
1418 1447 1422 0
1472 1473 1446 0
1436 1445 1446 0
1494 1495 1472 0
1451 1476 1454 0
1373 1397 1398 0
1449 1475 1455 0
1448 1449 1428 0
1448 1475 1449 0
1474 1497 1475 0
1500 1522 1521 0
1475 1497 1479 0
1448 1423 1450 0
1476 1452 1453 0
1419 1394 1395 0
1421 1419 1448 0
1428 1421 1448 0
1397 1419 1421 0
1397 1394 1419 0
1450 1474 1475 0
1519 1517 1539 0
1497 1519 1518 0
1496 1517 1519 0
1453 1449 1455 0
1420 1422 1423 0
1448 1420 1423 0
1395 1371 1396 0
1474 1496 1497 0
1447 1474 1450 0
1473 1495 1474 0
1447 1473 1474 0
1447 1446 1473 0
1517 1496 1495 0
1516 1517 1495 0
1539 1540 1519 0
1518 1522 1500 0
1425 1452 1426 0
1476 1451 1452 0
1454 1431 1451 0
1375 1373 1398 0
1374 1375 1398 0
1350 1367 1375 0
1368 1369 1394 0
1420 1448 1419 0
1501 1498 1521 0
1431 1430 1451 0
1331 1332 1356 0
1329 1331 1354 0
1329 1304 1331 0
1354 1331 1356 0
1381 1354 1356 0
1353 1329 1354 0
1467 1443 1441 0
1444 1467 1441 0
1491 1490 1468 0
1557 1536 1556 0
1650 1627 1651 0
1675 1674 1651 0
1646 1670 1669 0
1649 1646 1624 0
1649 1670 1646 0
1650 1649 1625 0
1673 1670 1649 0
1674 1673 1650 0
1697 1694 1673 0
1601 1625 1624 0
1600 1601 1624 0
1622 1600 1624 0
1576 1577 1600 0
1577 1579 1601 0
1627 1626 1651 0
1603 1627 1625 0
1603 1626 1627 0
1577 1555 1557 0
1488 1489 1465 0
1512 1491 1514 0
1469 1492 1491 0
1380 1402 1379 0
1353 1354 1379 0
1382 1383 1378 0
1400 1382 1378 0
1401 1405 1382 0
1433 1405 1434 0
1404 1381 1405 0
1514 1492 1513 0
1514 1491 1492 0
1535 1536 1514 0
1536 1533 1514 0
1468 1443 1467 0
1491 1468 1467 0
1490 1466 1468 0
1512 1490 1491 0
1533 1512 1514 0
1533 1534 1512 0
1282 1307 1283 0
1257 1256 1282 0
1297 1274 1273 0
1296 1297 1273 0
1298 1275 1297 0
1279 1276 1299 0
1275 1274 1297 0
1276 1275 1298 0
1251 1274 1275 0
1499 1477 1478 0
1481 1498 1501 0
1456 1431 1454 0
1481 1480 1477 0
1481 1502 1480 0
1434 1430 1459 0
1461 1434 1459 0
1433 1404 1405 0
1397 1373 1394 0
1428 1425 1421 0
1428 1452 1425 0
1376 1398 1399 0
1378 1377 1399 0
1352 1374 1376 0
1367 1368 1394 0
1373 1367 1394 0
1350 1368 1367 0
1354 1381 1380 0
1330 1356 1332 0
1355 1383 1356 0
1330 1355 1356 0
1352 1376 1377 0
1526 1502 1503 0
1403 1404 1432 0
1429 1403 1432 0
1380 1381 1404 0
1403 1429 1402 0
1460 1432 1433 0
1460 1458 1432 0
1514 1513 1535 0
1405 1401 1406 0
1579 1556 1578 0
1526 1527 1504 0
1535 1556 1536 0
1579 1557 1556 0
1602 1603 1578 0
1577 1557 1579 0
1603 1625 1601 0
1578 1603 1579 0
1602 1626 1603 0
1555 1533 1536 0
1576 1555 1577 0
1576 1554 1555 0
1694 1670 1673 0
1554 1534 1555 0
1575 1554 1576 0
1575 1552 1554 0
1457 1482 1459 0
1456 1457 1431 0
1480 1482 1457 0
1504 1502 1526 0
1457 1459 1431 0
1504 1482 1502 0
1484 1461 1459 0
1504 1484 1482 0
1504 1506 1484 0
1403 1402 1380 0
1424 1401 1427 0
1536 1557 1555 0
1638 1637 1661 0
1570 1591 1592 0
1569 1570 1549 0
1569 1591 1570 0
1568 1569 1548 0
1594 1588 1573 0
1612 1595 1618 0
1612 1588 1595 0
1569 1589 1590 0
1568 1588 1589 0
1641 1615 1640 0
1593 1571 1572 0
1543 1521 1522 0
1604 1607 1628 0
1582 1583 1562 0
1582 1607 1583 0
1574 1582 1561 0
1605 1607 1582 0
1575 1576 1597 0
1648 1645 1668 0
1671 1648 1672 0
1671 1647 1648 0
1630 1606 1629 0
1620 1622 1644 0
1858 1857 1836 0
1696 1703 1702 0
1720 1694 1697 0
1724 1748 1746 0
1695 1693 1720 0
1722 1746 1744 0
1696 1677 1671 0
1657 1676 1678 0
1797 1791 1812 0
1719 1720 1744 0
1721 1719 1744 0
1721 1695 1719 0
1796 1816 1793 0
1772 1796 1793 0
1772 1773 1796 0
1703 1721 1728 0
1729 1703 1728 0
1696 1721 1703 0
1676 1652 1677 0
1745 1721 1744 0
1835 1856 1834 0
1813 1835 1834 0
1814 1816 1836 0
1836 1857 1835 0
1814 1836 1835 0
1816 1838 1836 0
1858 1859 1879 0
1843 1862 1864 0
1842 1843 1864 0
1840 1862 1843 0
1657 1682 1679 0
1494 1493 1515 0
1540 1518 1519 0
1387 1409 1393 0
1541 1542 1520 0
1472 1446 1445 0
1496 1474 1495 0
1393 1396 1372 0
1372 1366 1393 0
1418 1422 1396 0
1417 1418 1409 0
1436 1417 1409 0
1436 1446 1417 0
1447 1450 1422 0
1542 1558 1537 0
1500 1479 1497 0
1518 1500 1497 0
1496 1519 1497 0
1540 1522 1518 0
1521 1498 1499 0
1418 1396 1393 0
1494 1516 1495 0
1558 1559 1538 0
1564 1565 1585 0
1588 1567 1573 0
1594 1595 1588 0
1584 1596 1573 0
1619 1595 1594 0
1618 1635 1612 0
1543 1544 1564 0
1540 1545 1522 0
1560 1581 1566 0
1637 1635 1659 0
1661 1637 1659 0
1638 1635 1637 0
1525 1526 1503 0
1524 1525 1503 0
1547 1548 1525 0
1563 1567 1546 0
1614 1640 1615 0
1591 1614 1615 0
1591 1590 1614 0
1547 1525 1524 0
1548 1526 1525 0
1549 1527 1548 0
1528 1529 1551 0
1528 1505 1529 0
1485 1505 1483 0
1506 1529 1505 0
1485 1506 1505 0
1460 1485 1483 0
1460 1461 1485 0
1527 1529 1506 0
1484 1485 1461 0
1523 1546 1524 0
1458 1460 1483 0
1668 1645 1669 0
1696 1672 1695 0
1696 1671 1672 0
1582 1598 1605 0
1600 1577 1601 0
1598 1620 1605 0
1599 1598 1574 0
1599 1620 1598 0
1599 1622 1620 0
1575 1599 1574 0
1600 1622 1599 0
1579 1603 1601 0
1625 1627 1650 0
1621 1623 1606 0
1621 1645 1623 0
1644 1621 1620 0
1644 1645 1621 0
1646 1644 1622 0
1669 1645 1644 0
1624 1646 1622 0
1694 1720 1693 0
1693 1695 1672 0
1668 1693 1672 0
1648 1668 1672 0
1669 1693 1668 0
1669 1694 1693 0
1529 1527 1549 0
1640 1638 1661 0
1615 1592 1591 0
1616 1615 1641 0
1616 1592 1615 0
1548 1527 1526 0
1567 1568 1547 0
1549 1551 1529 0
1548 1569 1549 0
1551 1550 1528 0
1570 1551 1549 0
1571 1550 1551 0
1649 1650 1673 0
1674 1675 1699 0
1697 1674 1699 0
1650 1651 1674 0
1572 1551 1570 0
1592 1572 1570 0
1571 1551 1572 0
1722 1699 1724 0
1641 1663 1639 0
1685 1659 1658 0
1687 1664 1661 0
1662 1663 1688 0
1662 1639 1663 0
1664 1640 1661 0
1616 1641 1639 0
1616 1593 1592 0
1770 1768 1793 0
1769 1770 1793 0
1769 1749 1770 0
1818 1799 1797 0
1719 1695 1720 0
1728 1721 1745 0
1696 1695 1721 0
1743 1765 1742 0
1621 1606 1620 0
1647 1652 1634 0
1648 1647 1623 0
1671 1652 1647 0
1645 1648 1623 0
1677 1652 1671 0
1653 1628 1630 0
1723 1724 1698 0
1664 1663 1641 0
1640 1664 1641 0
1661 1659 1660 0
1773 1747 1771 0
1697 1699 1722 0
1649 1624 1625 0
1669 1670 1694 0
1669 1644 1646 0
1699 1698 1724 0
1673 1674 1697 0
1675 1698 1699 0
1723 1747 1748 0
1689 1715 1688 0
1663 1689 1688 0
1713 1738 1714 0
1687 1713 1714 0
1687 1686 1713 0
1663 1664 1689 0
1712 1737 1738 0
1686 1712 1713 0
1686 1685 1712 0
1762 1784 1786 0
1763 1762 1786 0
1740 1738 1762 0
1687 1689 1664 0
1642 1619 1617 0
1631 1642 1617 0
1717 1716 1742 0
1666 1680 1683 0
1631 1654 1642 0
1631 1632 1655 0
1731 1705 1707 0
1838 1817 1837 0
1796 1817 1816 0
1794 1795 1817 0
1773 1794 1796 0
1795 1815 1817 0
1794 1771 1795 0
1793 1768 1772 0
1814 1793 1816 0
1792 1769 1793 0
1814 1792 1793 0
1814 1813 1792 0
1746 1722 1724 0
1772 1746 1748 0
1772 1768 1746 0
1714 1740 1715 0
1689 1714 1715 0
1689 1687 1714 0
1804 1780 1802 0
1805 1789 1781 0
1789 1788 1766 0
1810 1790 1811 0
1790 1787 1767 0
1788 1790 1767 0
1810 1787 1790 0
1829 1830 1807 0
1784 1760 1783 0
1784 1761 1760 0
1714 1738 1740 0
1661 1686 1687 0
1712 1684 1711 0
1660 1685 1686 0
1661 1660 1686 0
1659 1685 1660 0
1684 1692 1710 0
1759 1783 1760 0
1758 1759 1735 0
1782 1783 1759 0
1735 1759 1760 0
1737 1761 1738 0
1784 1762 1761 0
1684 1685 1667 0
1711 1684 1710 0
1737 1711 1736 0
1737 1712 1711 0
1712 1685 1684 0
1737 1736 1760 0
1761 1737 1760 0
1738 1713 1712 0
1658 1667 1685 0
1636 1658 1659 0
1635 1636 1659 0
1618 1619 1643 0
1643 1619 1642 0
1658 1643 1665 0
1636 1618 1643 0
1717 1741 1735 0
1691 1716 1692 0
1718 1709 1732 0
1742 1718 1743 0
1716 1709 1718 0
1692 1716 1717 0
1691 1690 1716 0
1666 1642 1654 0
1691 1666 1683 0
1665 1643 1666 0
1667 1665 1691 0
1658 1636 1643 0
1764 1788 1767 0
1758 1764 1767 0
1742 1765 1764 0
1741 1758 1735 0
1758 1767 1782 0
1759 1758 1782 0
1741 1764 1758 0
1807 1784 1783 0
1806 1807 1783 0
1782 1806 1783 0
1829 1807 1806 0
1830 1808 1807 0
1785 1786 1808 0
1785 1763 1786 0
1884 1886 1864 0
1883 1884 1862 0
1906 1886 1884 0
1968 1937 1938 0
1970 1968 1998 0
1999 1970 1998 0
1999 1971 1970 0
1942 1939 1968 0
1781 1766 1780 0
1804 1781 1780 0
1804 1805 1781 0
1824 1848 1825 0
1921 1944 1945 0
1828 1851 1852 0
1805 1828 1811 0
1805 1827 1828 0
1849 1869 1870 0
1968 1939 1937 0
1970 1942 1968 0
1973 2001 1972 0
1970 1971 1942 0
1999 2001 1971 0
1789 1811 1788 0
1781 1789 1766 0
1805 1811 1789 0
1825 1849 1827 0
1917 1894 1897 0
1811 1828 1833 0
1851 1870 1872 0
1942 1944 1939 0
1866 1867 1889 0
1865 1866 1888 0
1846 1867 1866 0
1830 1850 1826 0
1853 1871 1850 0
1829 1853 1830 0
1854 1875 1853 0
1831 1854 1853 0
1809 1831 1829 0
1809 1832 1831 0
1943 1945 1972 0
1963 1943 1946 0
1920 1945 1943 0
1855 1876 1854 0
1855 1852 1873 0
1832 1855 1854 0
1810 1832 1809 0
1810 1833 1832 0
1872 1870 1892 0
1873 1872 1895 0
1876 1873 1896 0
1897 1875 1898 0
1921 1897 1898 0
1920 1917 1897 0
1855 1873 1876 0
1852 1872 1873 0
1852 1851 1872 0
1742 1764 1741 0
1636 1635 1618 0
1817 1796 1794 0
1859 1838 1837 0
1762 1738 1761 0
1739 1740 1763 0
1739 1715 1740 0
1763 1740 1762 0
1838 1816 1817 0
1880 1879 1859 0
1881 1877 1899 0
1903 1881 1899 0
1903 1882 1881 0
1839 1860 1861 0
1841 1839 1861 0
1862 1841 1861 0
1819 1839 1841 0
1834 1856 1839 0
1903 1899 1905 0
1927 1903 1905 0
1860 1877 1881 0
1856 1877 1860 0
1856 1857 1877 0
1859 1858 1838 0
1900 1878 1879 0
1923 1900 1901 0
1923 1922 1900 0
1808 1786 1807 0
1722 1720 1697 0
1748 1773 1772 0
1723 1748 1724 0
1747 1773 1748 0
1791 1792 1813 0
1744 1746 1768 0
1745 1744 1768 0
1720 1722 1744 0
1773 1771 1794 0
1815 1837 1817 0
1777 1753 1774 0
1778 1754 1775 0
1798 1778 1775 0
1800 1801 1778 0
1727 1701 1702 0
1883 1904 1906 0
1884 1883 1906 0
1861 1882 1883 0
1967 1997 1969 0
1823 1801 1800 0
1821 1823 1800 0
1820 1821 1800 0
1842 1844 1821 0
1844 1847 1823 0
1827 1805 1804 0
1825 1827 1804 0
1849 1851 1827 0
1868 1869 1848 0
1921 1898 1918 0
1780 1757 1779 0
1986 1996 1967 0
1847 1844 1863 0
1869 1849 1848 0
1890 1869 1868 0
1918 1919 1944 0
1921 1918 1944 0
1896 1895 1919 0
1892 1895 1872 0
1915 1937 1939 0
1892 1915 1895 0
1892 1914 1915 0
1824 1801 1823 0
1848 1824 1847 0
1802 1801 1824 0
2015 2016 2043 0
1891 1869 1890 0
1913 1891 1890 0
1893 1913 1890 0
1916 1938 1913 0
1914 1937 1915 0
1983 1958 1955 0
1858 1836 1838 0
1829 1806 1809 0
1846 1866 1865 0
1854 1831 1832 0
1822 1826 1846 0
1808 1826 1803 0
1784 1807 1786 0
1830 1826 1808 0
1831 1853 1829 0
1808 1803 1785 0
1853 1850 1830 0
1822 1803 1826 0
1965 1963 1992 0
1879 1878 1858 0
1902 1901 1880 0
1901 1924 1923 0
1880 1901 1879 0
1902 1924 1901 0
1925 1952 1924 0
2007 2008 2034 0
2008 1980 1981 0
2034 2008 2035 0
2007 1980 2008 0
2013 2012 2007 0
1950 1951 1979 0
1951 1952 1980 0
1924 1952 1951 0
2010 2037 2035 0
1981 2010 2008 0
1981 1982 2010 0
1953 1981 1952 0
1982 2009 2010 0
1906 1927 1930 0
1860 1882 1861 0
1903 1927 1904 0
1980 1952 1981 0
1984 2012 1985 0
2007 1984 1979 0
2007 2012 1984 0
1980 2007 1979 0
2034 2013 2007 0
1950 1923 1951 0
1884 1864 1862 0
1890 1868 1885 0
1893 1890 1885 0
1907 1893 1885 0
1909 1916 1893 0
1913 1938 1914 0
1844 1864 1863 0
1868 1848 1847 0
1885 1868 1863 0
1919 1915 1939 0
1944 1919 1939 0
1918 1896 1919 0
1891 1892 1870 0
1914 1938 1937 0
1891 1914 1892 0
1891 1913 1914 0
1847 1824 1823 0
1750 1725 1726 0
1802 1780 1779 0
1780 1756 1757 0
1842 1864 1844 0
1823 1821 1844 0
1820 1818 1840 0
1753 1729 1728 0
1749 1753 1728 0
1777 1752 1753 0
1799 1777 1797 0
1820 1799 1818 0
1776 1777 1799 0
1752 1729 1753 0
1776 1752 1777 0
1776 1751 1752 0
1820 1798 1799 0
1751 1727 1752 0
1775 1751 1776 0
1775 1750 1751 0
1779 1757 1754 0
1778 1779 1754 0
1801 1802 1779 0
1700 1678 1676 0
1726 1700 1701 0
1726 1725 1700 0
1840 1841 1862 0
1820 1840 1842 0
1818 1812 1819 0
1701 1676 1677 0
1702 1701 1677 0
1696 1702 1677 0
1729 1727 1702 0
1727 1726 1701 0
1819 1841 1840 0
1818 1819 1840 0
1812 1813 1834 0
1770 1745 1768 0
1791 1769 1792 0
1812 1791 1813 0
1774 1769 1791 0
1749 1745 1770 0
1774 1749 1769 0
1774 1753 1749 0
1797 1774 1791 0
1818 1797 1812 0
1777 1774 1797 0
1728 1745 1749 0
1798 1775 1776 0
1799 1798 1776 0
1820 1800 1798 0
1729 1702 1703 0
1834 1839 1819 0
1812 1834 1819 0
1813 1814 1835 0
1842 1840 1843 0
1878 1857 1858 0
1899 1877 1878 0
1922 1899 1900 0
1922 1905 1899 0
1877 1857 1878 0
1839 1856 1860 0
1835 1857 1856 0
1882 1903 1904 0
1883 1882 1904 0
1860 1881 1882 0
1907 1908 1931 0
1861 1883 1862 0
1904 1927 1906 0
1811 1790 1788 0
1827 1851 1828 0
1810 1809 1787 0
1828 1852 1833 0
1787 1806 1782 0
1767 1787 1782 0
1809 1806 1787 0
1833 1855 1832 0
1811 1833 1810 0
1852 1855 1833 0
1850 1846 1826 0
1982 1981 1953 0
1899 1878 1900 0
1952 1925 1953 0
1900 1879 1901 0
1902 1925 1924 0
1846 1865 1845 0
1822 1846 1845 0
1850 1867 1846 0
1894 1912 1889 0
1887 1865 1888 0
1888 1911 1887 0
1924 1951 1923 0
1889 1912 1888 0
2010 2035 2008 0
2037 2010 2009 0
1963 1966 1992 0
1917 1920 1943 0
1964 1933 1936 0
1874 1871 1875 0
1912 1894 1917 0
1889 1871 1894 0
1946 1966 1963 0
1935 1943 1963 0
1965 1935 1963 0
1917 1943 1935 0
1943 1972 1946 0
1974 1966 1946 0
2037 2009 2036 0
2087 2059 2085 0
2110 2087 2085 0
2086 2060 2087 0
2111 2137 2136 0
2110 2111 2087 0
2110 2137 2111 0
2084 2058 2086 0
2048 2073 2051 0
2065 2091 2072 0
2042 2065 2041 0
2042 2066 2065 0
1940 1969 1968 0
1931 1959 1932 0
1967 1996 1997 0
1957 1967 1941 0
1957 1986 1967 0
2041 2014 2015 0
1932 1909 1931 0
1941 1929 1957 0
1916 1909 1929 0
2023 1996 2014 0
1969 1998 1968 0
1940 1941 1969 0
1916 1940 1938 0
1916 1929 1940 0
1997 1998 1969 0
2023 2024 1996 0
2023 2051 2024 0
2115 2135 2140 0
2164 2138 2141 0
2060 2058 2035 0
2037 2060 2035 0
2086 2058 2060 0
2112 2088 2108 0
2115 2112 2108 0
2115 2138 2112 0
2089 2063 2088 0
2091 2116 2098 0
2244 2241 2266 0
2272 2248 2246 0
2161 2165 2166 0
2189 2161 2162 0
2189 2165 2161 0
2214 2189 2188 0
2220 2221 2247 0
2192 2220 2193 0
2217 2218 2220 0
2099 2127 2100 0
2036 2059 2061 0
1972 1974 1946 0
1973 1972 1945 0
1944 1973 1945 0
1944 1971 1973 0
2001 1974 1972 0
2001 1999 2025 0
2028 2002 2027 0
2053 2028 2027 0
2049 2021 2028 0
2079 2075 2053 0
2097 2095 2071 0
2001 1973 1971 0
2087 2111 2086 0
2143 2144 2171 0
2169 2153 2143 0
2073 2072 2098 0
2023 2048 2051 0
2023 2014 2041 0
2089 2113 2090 0
2066 2042 2043 0
2064 2066 2043 0
2063 2064 2043 0
2063 2089 2064 0
2090 2091 2066 0
2066 2091 2065 0
2040 2063 2043 0
2139 2138 2164 0
2141 2138 2115 0
2139 2142 2116 0
2072 2048 2065 0
2048 2041 2065 0
2073 2048 2072 0
2023 2041 2048 0
1969 1941 1967 0
2134 2137 2110 0
2134 2159 2160 0
2079 2078 2104 0
2097 2076 2101 0
2027 2025 2052 0
2049 2028 2053 0
2000 1974 2001 0
2002 2000 2027 0
2002 1975 2000 0
1944 1942 1971 0
2024 2003 1997 0
2052 2029 2054 0
2026 2003 2029 0
2052 2026 2029 0
2052 2025 2026 0
2053 2052 2078 0
2025 2003 2026 0
2053 2027 2052 0
1999 1998 2025 0
1990 1991 1962 0
1990 1993 2018 0
1961 1990 1962 0
1961 1934 1964 0
2020 2047 2045 0
1993 2020 2018 0
1994 1966 1975 0
2020 1994 1995 0
1992 1966 1994 0
2022 2020 1995 0
1911 1934 1910 0
1887 1911 1910 0
1912 1936 1911 0
1990 1964 1993 0
1990 1961 1964 0
1933 1964 1934 0
1911 1933 1934 0
1911 1936 1933 0
1888 1912 1911 0
1917 1935 1912 0
1936 1935 1965 0
1964 1936 1965 0
1912 1935 1936 0
1875 1876 1898 0
1874 1875 1897 0
1894 1874 1897 0
1894 1871 1874 0
1867 1871 1889 0
1888 1866 1889 0
1850 1871 1867 0
1853 1875 1871 0
1854 1876 1875 0
1921 1945 1920 0
1992 1993 1965 0
1995 2002 2021 0
1965 1993 1964 0
2001 2025 2027 0
2109 2136 2135 0
2111 2109 2086 0
2111 2136 2109 0
2068 2046 2070 0
3012 3013 3017 0
3015 3011 3017 0
3017 3011 3012 0
3018 3015 3017 0
3014 3016 3009 0
2989 2987 2975 0
2988 2989 2975 0
3000 3001 2989 0
2995 3005 2994 0
3008 3015 3014 0
3000 3008 3001 0
3011 3015 3008 0
3012 3011 3006 0
3001 2999 2989 0
3005 3008 3000 0
3014 3018 3016 0
3008 3014 3007 0
3015 3018 3014 0
3009 3016 3010 0
2999 3007 3002 0
2987 2999 2990 0
2987 2989 2999 0
3001 3008 3007 0
3005 3006 3011 0
3008 3005 3011 0
3000 2994 3005 0
3009 3010 3003 0
3002 3009 3003 0
2990 3002 2991 0
2990 2999 3002 0
3007 3014 3009 0
2994 2983 2995 0
3000 2989 2988 0
2929 2928 2923 0
3007 3009 3002 0
2993 2992 2980 0
3003 2993 2991 0
3002 3003 2991 0
3010 3004 3003 0
3004 2992 2993 0
2911 2910 2930 0
2946 2963 2945 0
2909 2888 2887 0
2956 2939 2941 0
2987 2973 2975 0
2976 2990 2977 0
2959 2973 2956 0
2941 2959 2956 0
2958 2975 2959 0
2987 2990 2976 0
2872 2852 2853 0
2871 2872 2853 0
2874 2894 2873 0
2900 2878 2894 0
2900 2899 2878 0
2893 2912 2894 0
2914 2919 2900 0
2919 2901 2899 0
2859 2837 2858 0
2878 2859 2858 0
2880 2860 2859 0
2950 2967 2957 0
2935 2950 2952 0
2932 2933 2950 0
2982 2983 2994 0
2967 2982 2974 0
2967 2968 2982 0
2982 2968 2983 0
3004 2993 3003 0
2950 2933 2951 0
2958 2940 2952 0
2957 2958 2952 0
2950 2957 2952 0
2967 2974 2957 0
2974 2975 2958 0
2880 2899 2901 0
2946 2927 2947 0
2965 2946 2947 0
2945 2926 2946 0
2868 2888 2889 0
3007 2999 3001 0
2966 2981 2965 0
2887 2908 2909 0
2966 2965 2947 0
2931 2949 2947 0
2981 2980 2965 0
2964 2981 2966 0
2964 2979 2981 0
2961 2976 2977 0
2908 2921 2923 0
2956 2973 2960 0
2977 2991 2979 0
2993 2980 2981 0
2978 2980 2992 0
2978 2963 2980 0
2978 2962 2963 0
2889 2910 2891 0
2902 2908 2887 0
2910 2911 2891 0
2928 2910 2909 0
2930 2931 2911 0
2928 2930 2910 0
2949 2966 2947 0
2928 2949 2930 0
2929 2923 2943 0
2948 2929 2943 0
2948 2949 2929 0
2838 2860 2844 0
2852 2854 2836 0
2901 2918 2898 0
2878 2899 2880 0
2959 2940 2958 0
2990 2991 2977 0
2918 2920 2939 0
2901 2920 2918 0
2973 2959 2975 0
2919 2940 2920 0
2934 2914 2935 0
2919 2934 2940 0
2919 2914 2934 0
2952 2940 2934 0
2935 2952 2934 0
2932 2935 2914 0
2932 2950 2935 0
2957 2974 2958 0
2901 2898 2879 0
2942 2956 2960 0
2902 2882 2881 0
3005 2995 3006 0
2988 2994 3000 0
2974 2988 2975 0
2974 2982 2988 0
2988 2982 2994 0
2924 2904 2905 0
2906 2926 2925 0
2906 2925 2905 0
2886 2906 2905 0
2907 2926 2906 0
2911 2931 2927 0
2925 2944 2924 0
2890 2891 2911 0
2962 2944 2945 0
2870 2869 2850 0
2963 2965 2980 0
2945 2963 2962 0
2946 2965 2963 0
2868 2870 2849 0
2921 2902 2903 0
2921 2908 2902 0
2922 2942 2943 0
2918 2922 2903 0
2939 2942 2922 0
2961 2943 2960 0
2966 2948 2964 0
2966 2949 2948 0
2903 2922 2921 0
2939 2956 2942 0
2928 2909 2908 0
2943 2942 2960 0
2961 2948 2943 0
2976 2961 2960 0
2977 2964 2961 0
2923 2921 2943 0
2908 2923 2928 0
2921 2922 2943 0
2949 2931 2930 0
2867 2887 2888 0
2879 2860 2880 0
2901 2879 2880 0
2898 2884 2879 0
2903 2884 2898 0
2884 2865 2879 0
2890 2885 2869 0
2891 2890 2869 0
2911 2927 2907 0
2907 2890 2911 0
2926 2907 2927 0
2886 2885 2907 0
2867 2888 2866 0
2846 2847 2866 0
2862 2863 2882 0
2867 2862 2882 0
2842 2863 2862 0
2925 2945 2944 0
2905 2925 2924 0
2926 2945 2925 0
2886 2907 2906 0
2927 2946 2926 0
2885 2890 2907 0
2931 2947 2927 0
2866 2848 2845 0
2839 2824 2843 0
2840 2839 2861 0
2820 2824 2839 0
2884 2881 2864 0
2864 2881 2861 0
2865 2864 2861 0
2865 2884 2864 0
2889 2888 2909 0
2910 2889 2909 0
2891 2869 2870 0
2847 2846 2842 0
2862 2847 2842 0
2867 2866 2847 0
2868 2866 2888 0
2868 2848 2866 0
2842 2841 2863 0
2828 2841 2842 0
2827 2828 2846 0
2827 2809 2823 0
2821 2820 2839 0
2841 2821 2840 0
2822 2820 2821 0
2968 2967 2951 0
2932 2913 2933 0
2951 2967 2950 0
2805 2804 2822 0
2805 2823 2809 0
2821 2841 2822 0
2870 2889 2891 0
2849 2870 2850 0
2868 2889 2870 0
2848 2868 2849 0
2882 2863 2881 0
2867 2882 2887 0
2867 2847 2862 0
2828 2842 2846 0
2840 2861 2863 0
2841 2828 2823 0
2893 2892 2913 0
2932 2912 2913 0
2854 2852 2872 0
2874 2854 2872 0
2893 2874 2872 0
2893 2894 2874 0
2873 2878 2858 0
2919 2899 2900 0
2858 2836 2854 0
2873 2858 2854 0
2874 2873 2854 0
2894 2878 2873 0
2878 2880 2859 0
2858 2837 2836 0
2793 2805 2809 0
2912 2893 2913 0
2914 2912 2932 0
2900 2894 2912 0
2788 2787 2771 0
2752 2754 2770 0
2789 2805 2788 0
2823 2805 2822 0
2841 2823 2822 0
2828 2827 2823 0
2793 2787 2805 0
2789 2790 2804 0
2805 2789 2804 0
2754 2736 2755 0
2770 2754 2772 0
2752 2736 2754 0
2872 2871 2892 0
2831 2813 2812 0
2829 2831 2812 0
2832 2852 2830 0
2718 2705 2719 0
2719 2724 2738 0
2785 2786 2801 0
2791 2785 2801 0
2769 2778 2786 0
2768 2769 2785 0
2768 2760 2769 0
2734 2718 2736 0
2735 2734 2752 0
2716 2715 2734 0
2812 2797 2795 0
2851 2853 2831 0
2813 2797 2812 0
2829 2851 2831 0
2811 2796 2813 0
2769 2786 2785 0
2762 2764 2761 0
2762 2763 2780 0
2819 2825 2807 0
2818 2837 2819 0
2830 2836 2818 0
2832 2831 2853 0
2852 2832 2853 0
2814 2831 2832 0
2813 2814 2811 0
2813 2831 2814 0
2893 2872 2892 0
2830 2814 2832 0
2836 2830 2852 0
2811 2814 2830 0
2851 2871 2853 0
2912 2914 2900 0
2838 2825 2837 0
2859 2838 2837 0
2859 2860 2838 0
2768 2751 2760 0
2778 2769 2760 0
2785 2774 2768 0
2807 2826 2808 0
2818 2836 2837 0
2811 2818 2802 0
2811 2830 2818 0
2844 2826 2825 0
2838 2844 2825 0
2860 2865 2844 0
2757 2738 2751 0
2768 2757 2751 0
2774 2775 2757 0
2807 2791 2801 0
2819 2807 2801 0
2825 2826 2807 0
2803 2820 2804 0
2792 2806 2790 0
2806 2820 2803 0
2804 2820 2822 0
2787 2788 2805 0
2790 2803 2804 0
2756 2775 2773 0
2738 2756 2737 0
2738 2757 2756 0
2808 2826 2824 0
2791 2808 2792 0
2791 2807 2808 0
2806 2824 2820 0
2790 2806 2803 0
2808 2824 2806 0
2819 2837 2825 0
2802 2819 2801 0
2802 2818 2819 0
2844 2865 2843 0
2843 2861 2839 0
2881 2884 2883 0
2860 2879 2865 0
2898 2918 2903 0
2919 2920 2901 0
2976 2960 2973 0
2987 2976 2973 0
2961 2964 2948 0
2979 2964 2977 0
2993 2979 2991 0
2993 2981 2979 0
2928 2929 2949 0
2839 2840 2821 0
2882 2902 2887 0
2861 2881 2863 0
2883 2903 2902 0
2881 2883 2902 0
2884 2903 2883 0
2941 2940 2959 0
2920 2941 2939 0
2920 2940 2941 0
2918 2939 2922 0
2846 2845 2827 0
2840 2863 2841 0
2866 2845 2846 0
2770 2772 2788 0
2771 2770 2788 0
2771 2753 2770 0
2755 2773 2772 0
2737 2755 2736 0
2737 2756 2755 0
2792 2808 2806 0
2795 2777 2794 0
2812 2795 2794 0
2780 2781 2764 0
2779 2780 2763 0
2797 2781 2780 0
2796 2797 2813 0
2802 2796 2811 0
2778 2760 2761 0
2802 2786 2796 0
2802 2801 2786 0
2776 2759 2777 0
2795 2776 2777 0
2747 2739 2758 0
2763 2747 2758 0
2763 2762 2747 0
2779 2763 2776 0
2795 2779 2776 0
2797 2780 2779 0
2746 2761 2743 0
2764 2778 2761 0
2780 2764 2762 0
2781 2778 2764 0
2796 2781 2797 0
2796 2778 2781 0
2746 2743 2729 0
2829 2812 2810 0
2734 2715 2718 0
2718 2719 2737 0
2752 2734 2736 0
2715 2705 2718 0
2698 2699 2716 0
2711 2692 2691 0
2688 2708 2709 0
2688 2687 2708 0
2775 2774 2792 0
2790 2775 2792 0
2756 2757 2775 0
2774 2791 2792 0
2768 2774 2757 0
2785 2791 2774 0
2752 2753 2735 0
2716 2734 2735 0
2772 2773 2789 0
2788 2772 2789 0
2754 2755 2772 0
2773 2790 2789 0
2756 2773 2755 0
2775 2790 2773 0
2770 2753 2752 0
2716 2717 2700 0
2733 2751 2738 0
2742 2733 2724 0
2742 2751 2733 0
2761 2760 2744 0
2843 2826 2844 0
2861 2843 2865 0
2824 2826 2843 0
2735 2717 2716 0
2810 2812 2794 0
2797 2779 2795 0
2680 2698 2681 0
2663 2662 2681 0
2699 2715 2716 0
2680 2699 2698 0
2679 2687 2688 0
2726 2728 2710 0
2725 2729 2743 0
2706 2725 2707 0
2706 2720 2725 0
2690 2706 2707 0
2685 2704 2702 0
2743 2745 2728 0
2751 2742 2760 0
2727 2724 2709 0
2728 2711 2710 0
2728 2727 2711 0
2726 2743 2728 0
2707 2726 2710 0
2707 2725 2726 0
2744 2727 2728 0
2727 2742 2724 0
2738 2724 2733 0
2711 2708 2692 0
2710 2711 2691 0
2727 2708 2711 0
2705 2709 2724 0
2697 2715 2699 0
2705 2697 2688 0
2705 2715 2697 0
2727 2709 2708 0
2719 2705 2724 0
2737 2719 2738 0
2737 2736 2718 0
2697 2699 2688 0
2662 2663 2646 0
2640 2652 2644 0
2622 2640 2621 0
2622 2620 2639 0
2640 2657 2652 0
2628 2640 2644 0
2690 2686 2706 0
2710 2690 2707 0
2673 2686 2690 0
2691 2674 2689 0
2655 2668 2673 0
2651 2665 2669 0
2633 2635 2650 0
2631 2612 2611 0
2635 2632 2649 0
2613 2612 2632 0
2683 2684 2704 0
2651 2649 2665 0
2684 2682 2701 0
2758 2741 2759 0
2763 2758 2776 0
2739 2741 2758 0
2698 2716 2700 0
2681 2698 2700 0
2680 2679 2699 0
2629 2645 2627 0
2629 2646 2645 0
2609 2629 2627 0
2609 2628 2629 0
2644 2661 2662 0
2671 2661 2652 0
2663 2645 2646 0
2688 2709 2705 0
2679 2688 2699 0
2687 2692 2708 0
2590 2609 2608 0
2602 2601 2583 0
2621 2609 2601 0
2603 2622 2602 0
2671 2657 2675 0
2662 2646 2644 0
2680 2662 2661 0
2680 2681 2662 0
2628 2609 2621 0
2640 2628 2621 0
2644 2646 2628 0
2744 2760 2742 0
2727 2744 2742 0
2786 2778 2796 0
2745 2743 2761 0
2744 2745 2761 0
2744 2728 2745 0
2723 2702 2704 0
2703 2723 2701 0
2721 2740 2723 0
2722 2739 2720 0
2759 2741 2740 0
2759 2776 2758 0
2729 2725 2720 0
2747 2729 2739 0
2743 2726 2725 0
2620 2622 2603 0
2617 2620 2603 0
2671 2675 2687 0
2679 2671 2687 0
2652 2657 2671 0
2638 2653 2657 0
2619 2638 2620 0
2619 2637 2638 0
2654 2672 2653 0
2673 2654 2655 0
2661 2671 2679 0
2680 2661 2679 0
2644 2652 2661 0
2639 2657 2640 0
2622 2639 2640 0
2620 2638 2639 0
2653 2656 2657 0
2746 2729 2747 0
2762 2746 2747 0
2762 2761 2746 0
2650 2655 2636 0
2740 2741 2723 0
2701 2682 2703 0
2646 2629 2628 0
2664 2682 2666 0
2570 2582 2590 0
2589 2570 2590 0
2569 2550 2551 0
2585 2602 2584 0
2636 2619 2634 0
2650 2636 2634 0
2633 2650 2634 0
2616 2633 2634 0
2614 2618 2633 0
2651 2669 2650 0
2655 2654 2637 0
2648 2664 2666 0
2598 2579 2595 0
2674 2672 2689 0
2692 2674 2691 0
2656 2672 2674 0
2675 2656 2674 0
2687 2675 2692 0
2657 2656 2675 0
2653 2672 2656 0
2637 2636 2655 0
2653 2637 2654 0
2619 2636 2637 0
2669 2670 2686 0
2601 2602 2621 0
2544 2522 2526 0
2465 2495 2494 0
2497 2468 2467 0
2543 2522 2544 0
2529 2520 2531 0
2494 2495 2521 0
2475 2494 2503 0
2465 2466 2495 0
2570 2551 2563 0
2570 2569 2551 0
2550 2528 2530 0
2584 2602 2583 0
2667 2665 2649 0
2585 2579 2598 0
2602 2585 2603 0
2584 2579 2585 0
2529 2531 2550 0
2601 2582 2583 0
2570 2589 2569 0
2601 2590 2582 0
2601 2609 2590 0
2563 2582 2570 0
2648 2649 2632 0
2664 2648 2647 0
2666 2667 2648 0
2684 2683 2667 0
2682 2684 2666 0
2701 2704 2684 0
2721 2723 2703 0
2683 2670 2665 0
2666 2684 2667 0
2704 2685 2683 0
2722 2741 2739 0
2723 2722 2702 0
2723 2741 2722 0
2670 2669 2665 0
2667 2683 2665 0
2685 2686 2670 0
2702 2706 2685 0
2701 2723 2704 0
2720 2706 2702 0
2722 2720 2702 0
2739 2729 2720 0
2668 2655 2669 0
2686 2668 2669 0
2686 2673 2668 0
2706 2686 2685 0
2690 2710 2689 0
2598 2595 2615 0
2603 2598 2617 0
2603 2585 2598 0
2583 2582 2564 0
2584 2583 2566 0
2648 2631 2647 0
2411 2383 2382 0
2597 2614 2616 0
2408 2380 2409 0
2630 2611 2610 0
2596 2595 2576 0
2577 2558 2562 0
2597 2577 2581 0
2559 2558 2577 0
2434 2433 2407 0
2409 2435 2408 0
2460 2459 2434 0
2469 2487 2498 0
2578 2597 2596 0
2562 2581 2577 0
2562 2561 2580 0
2461 2490 2460 0
2493 2519 2518 0
2558 2539 2538 0
2562 2580 2581 0
2491 2492 2518 0
2411 2437 2438 0
2431 2430 2457 0
2403 2430 2404 0
2456 2484 2464 0
2437 2456 2464 0
2510 2482 2509 0
2534 2510 2533 0
2483 2482 2510 0
2512 2486 2510 0
2554 2536 2534 0
2511 2484 2513 0
2485 2457 2458 0
2600 2614 2597 0
2631 2648 2632 0
2612 2631 2632 0
2630 2647 2631 0
2437 2464 2438 0
2404 2431 2410 0
2431 2456 2437 0
2410 2431 2437 0
2458 2432 2455 0
2486 2458 2483 0
2457 2432 2458 0
2456 2457 2485 0
2430 2432 2457 0
2649 2651 2635 0
2611 2630 2631 0
2648 2667 2649 0
2616 2596 2597 0
2379 2408 2407 0
2384 2383 2412 0
2623 2618 2613 0
2623 2635 2618 0
2632 2623 2613 0
2632 2635 2623 0
2651 2650 2635 0
2492 2491 2463 0
2434 2461 2460 0
2434 2408 2435 0
2635 2633 2618 0
2488 2516 2514 0
2490 2517 2515 0
2488 2490 2515 0
2461 2462 2490 0
2515 2516 2488 0
2633 2616 2614 0
2615 2595 2596 0
2634 2615 2616 0
2634 2617 2615 0
2398 2372 2370 0
2413 2424 2398 0
2414 2415 2388 0
2441 2440 2466 0
2465 2441 2466 0
2439 2415 2441 0
2388 2415 2413 0
2414 2440 2415 0
2399 2372 2398 0
1977 1947 1948 0
1977 1948 1976 0
1949 1977 1978 0
1949 1947 1977 0
1977 1976 2005 0
2005 1976 2004 0
1978 2005 2006 0
1978 1977 2005 0
2032 2005 2004 0
2032 2006 2005 0
2056 2030 2055 0
2031 2056 2033 0
2032 2030 2056 0
2006 2032 2031 0
2004 2030 2032 0
2031 2032 2056 0
2056 2055 2082 0
2033 2056 2057 0
2106 2082 2081 0
2082 2057 2056 0
2081 2082 2055 0
2106 2083 2082 0
2106 2105 2132 0
2106 2081 2105 0
2107 2106 2132 0
2083 2057 2082 0
2132 2105 2131 0
2156 2157 2131 0
2107 2083 2106 0
2107 2132 2133 0
2184 2156 2183 0
2133 2157 2158 0
2132 2131 2157 0
2132 2157 2133 0
2184 2185 2158 0
2156 2184 2157 0
2183 2209 2210 0
2157 2184 2158 0
2210 2237 2211 0
2183 2210 2184 0
2209 2237 2210 0
2185 2184 2210 0
2237 2209 2236 0
2210 2211 2185 0
2262 2263 2236 0
2238 2211 2237 0
2263 2291 2264 0
2236 2263 2237 0
2262 2291 2263 0
2238 2237 2263 0
2291 2262 2289 0
2263 2264 2238 0
2318 2291 2289 0
2290 2264 2291 0
2289 2292 2318 0
2318 2292 2317 0
2290 2318 2293 0
2290 2291 2318 0
2318 2317 2344 0
2319 2318 2344 0
2317 2343 2344 0
2369 2343 2367 0
2319 2344 2345 0
2319 2293 2318 0
2369 2367 2394 0
2345 2369 2368 0
2344 2343 2369 0
2345 2344 2369 0
2394 2396 2369 0
2368 2369 2396 0
2423 2394 2397 0
2395 2396 2423 0
2395 2368 2396 0
2423 2396 2394 0
2423 2397 2422 0
2421 2423 2447 0
2421 2395 2423 0
2423 2422 2449 0
2449 2422 2448 0
2472 2449 2474 0
2447 2423 2449 0
2449 2448 2474 0
2448 2473 2474 0
2502 2473 2476 0
2528 2502 2506 0
2474 2473 2502 0
2472 2474 2501 0
2472 2447 2449 0
2502 2476 2504 0
2501 2474 2502 0
2504 2476 2477 0
2505 2507 2530 0
2478 2505 2477 0
2478 2479 2505 0
2506 2502 2504 0
2426 2452 2425 0
2529 2507 2503 0
2478 2451 2479 0
2528 2501 2502 0
2506 2530 2528 0
2505 2504 2477 0
2503 2507 2479 0
2530 2506 2504 0
2529 2530 2507 0
2529 2550 2530 0
2452 2479 2451 0
2450 2452 2426 0
2475 2479 2452 0
2426 2425 2399 0
2450 2426 2424 0
2450 2475 2452 0
2424 2399 2398 0
2385 2388 2413 0
2360 2385 2371 0
2360 2361 2385 0
2387 2388 2362 0
2363 2387 2362 0
2389 2414 2387 0
2309 2334 2333 0
2316 2340 2336 0
2371 2398 2370 0
2346 2371 2370 0
2386 2413 2398 0
2385 2386 2371 0
2385 2413 2386 0
2362 2388 2361 0
2335 2362 2361 0
2341 2338 2365 0
2340 2341 2366 0
2340 2338 2341 0
2336 2340 2363 0
2316 2338 2340 0
2424 2426 2399 0
2371 2386 2398 0
2443 2416 2442 0
2465 2439 2441 0
2414 2416 2440 0
2439 2424 2413 0
2465 2475 2450 0
2443 2466 2440 0
2416 2443 2440 0
2467 2446 2471 0
2496 2495 2468 0
2543 2521 2522 0
2543 2531 2520 0
2441 2415 2440 0
2450 2439 2465 0
2450 2424 2439 0
2471 2446 2470 0
2497 2471 2500 0
2497 2467 2471 0
2526 2522 2500 0
2495 2466 2468 0
2443 2442 2467 0
2467 2442 2446 0
2475 2503 2479 0
2413 2415 2439 0
2479 2507 2505 0
2388 2385 2361 0
2346 2333 2360 0
2335 2310 2311 0
2334 2335 2361 0
2334 2310 2335 0
2308 2309 2333 0
2308 2278 2279 0
2351 2352 2377 0
2284 2259 2257 0
2312 2284 2283 0
2258 2259 2284 0
2331 2359 2332 0
2314 2287 2315 0
2234 2208 2230 0
2260 2234 2256 0
2235 2255 2229 0
2260 2235 2234 0
2261 2255 2235 0
2304 2273 2274 0
2331 2306 2330 0
2275 2273 2304 0
2306 2275 2305 0
2306 2277 2275 0
2332 2307 2331 0
2277 2307 2276 0
2215 2196 2224 0
2194 2168 2191 0
2223 2197 2194 0
2197 2195 2169 0
2144 2117 2142 0
2168 2144 2142 0
2143 2117 2144 0
2169 2143 2171 0
2126 2117 2143 0
2153 2126 2143 0
2155 2179 2152 0
2179 2205 2203 0
2176 2179 2203 0
2155 2181 2179 0
2154 2155 2130 0
2154 2181 2155 0
2153 2154 2128 0
2181 2205 2179 0
2180 2181 2154 0
2206 2205 2181 0
2153 2180 2154 0
2195 2196 2169 0
2169 2171 2197 0
2233 2215 2242 0
2195 2224 2196 0
2224 2243 2215 0
2197 2224 2195 0
2251 2243 2224 0
2232 2233 2259 0
2196 2215 2206 0
2215 2243 2242 0
2206 2215 2233 0
2207 2233 2232 0
2206 2207 2205 0
2206 2233 2207 0
2051 2074 2077 0
2099 2098 2126 0
2127 2099 2126 0
2073 2098 2099 0
2142 2164 2168 0
2401 2403 2375 0
2427 2453 2429 0
2432 2429 2455 0
2403 2404 2376 0
2374 2401 2375 0
2453 2480 2455 0
2355 2356 2328 0
2322 2342 2327 0
2381 2356 2355 0
2356 2381 2382 0
2321 2296 2294 0
2347 2348 2320 0
2323 2296 2321 0
2451 2425 2452 0
2416 2393 2420 0
2365 2391 2366 0
2364 2377 2390 0
2313 2312 2285 0
2297 2313 2285 0
2324 2337 2313 0
2339 2337 2324 0
2351 2339 2324 0
2364 2365 2339 0
2338 2315 2337 0
2407 2378 2379 0
2337 2315 2312 0
2487 2460 2488 0
2514 2487 2488 0
2469 2444 2459 0
2407 2433 2406 0
2407 2408 2434 0
2566 2565 2584 0
2406 2377 2378 0
2391 2390 2418 0
2391 2364 2390 0
2609 2627 2608 0
2589 2590 2608 0
2619 2620 2617 0
2634 2619 2617 0
2637 2653 2638 0
2638 2657 2639 0
2621 2602 2622 0
2615 2617 2598 0
2685 2670 2683 0
2672 2654 2673 0
2689 2672 2673 0
2690 2689 2673 0
2710 2691 2689 0
2674 2692 2675 0
2655 2650 2669 0
2360 2371 2346 0
2391 2365 2364 0
2393 2366 2392 0
2420 2393 2392 0
2389 2366 2393 0
2414 2389 2416 0
2363 2366 2389 0
2363 2340 2366 0
2414 2388 2387 0
2362 2336 2363 0
2504 2505 2530 0
2465 2494 2475 0
2563 2564 2582 0
2520 2503 2494 0
2564 2566 2583 0
2499 2471 2470 0
2498 2499 2470 0
2524 2500 2499 0
2496 2521 2495 0
2522 2496 2497 0
2522 2521 2496 0
2500 2522 2497 0
2544 2563 2543 0
2468 2466 2443 0
2467 2468 2443 0
2497 2496 2468 0
2566 2546 2565 0
2523 2524 2499 0
2498 2523 2499 0
2537 2545 2523 0
2547 2525 2546 0
2526 2500 2524 0
2498 2514 2523 0
2524 2525 2526 0
2471 2499 2500 0
2523 2514 2537 0
2531 2551 2550 0
2520 2521 2543 0
2503 2520 2529 0
2494 2521 2520 0
2543 2551 2531 0
2547 2544 2526 0
2547 2564 2544 0
2566 2547 2546 0
2563 2551 2543 0
2417 2418 2390 0
2433 2417 2406 0
2444 2418 2417 0
2470 2445 2469 0
2446 2442 2420 0
2525 2547 2526 0
2392 2391 2418 0
2419 2420 2392 0
2445 2419 2418 0
2445 2446 2419 0
2393 2416 2389 0
2540 2539 2559 0
2560 2557 2540 0
2559 2560 2540 0
2578 2596 2576 0
2564 2563 2544 0
2417 2433 2444 0
2516 2537 2514 0
2565 2557 2575 0
2524 2545 2525 0
2524 2523 2545 0
2545 2537 2557 0
2560 2559 2578 0
2516 2540 2537 0
2516 2539 2540 0
2566 2564 2547 0
2444 2469 2445 0
2418 2444 2445 0
2419 2392 2418 0
2446 2420 2419 0
2442 2416 2420 0
2390 2406 2417 0
2433 2434 2459 0
2469 2498 2470 0
2446 2445 2470 0
2459 2460 2487 0
2469 2459 2487 0
2444 2433 2459 0
2986 2997 2996 0
2986 2998 2997 0
2984 2986 2996 0
2984 2972 2986 0
2972 2985 2986 0
2986 2985 2998 0
2970 2972 2984 0
2970 2969 2955 0
2971 2985 2972 0
2970 2955 2972 0
2955 2971 2972 0
2953 2955 2969 0
2938 2954 2955 0
2953 2938 2955 0
2955 2954 2971 0
2938 2937 2954 0
2936 2938 2953 0
2936 2915 2917 0
2917 2916 2937 0
2936 2917 2938 0
2897 2916 2917 0
2917 2915 2897 0
2937 2938 2917 0
2897 2896 2916 0
2895 2897 2915 0
2895 2875 2877 0
2877 2876 2896 0
2895 2877 2897 0
2857 2876 2877 0
2875 2857 2877 0
2877 2896 2897 0
2857 2856 2876 0
2855 2857 2875 0
2855 2833 2835 0
2835 2856 2857 0
2835 2834 2856 0
2855 2835 2857 0
2833 2815 2817 0
2835 2817 2834 0
2817 2816 2834 0
2833 2817 2835 0
2815 2800 2817 0
2800 2816 2817 0
2800 2798 2783 0
2816 2800 2799 0
2815 2798 2800 0
2800 2783 2784 0
2800 2784 2799 0
2782 2783 2798 0
2782 2766 2783 0
2766 2767 2783 0
2766 2782 2765 0
2749 2765 2748 0
2767 2766 2750 0
2767 2784 2783 0
2749 2766 2765 0
2731 2749 2748 0
2750 2766 2749 0
2731 2732 2749 0
2748 2730 2731 0
2749 2732 2750 0
2713 2731 2730 0
2713 2714 2731 0
2695 2712 2694 0
2732 2731 2714 0
2730 2712 2713 0
2696 2714 2713 0
2695 2696 2713 0
2712 2695 2713 0
2694 2677 2695 0
2695 2677 2678 0
2693 2677 2694 0
2676 2659 2677 0
2695 2678 2696 0
2676 2677 2693 0
2659 2660 2677 0
2659 2676 2658 0
2641 2642 2658 0
2660 2678 2677 0
2659 2643 2660 0
2659 2658 2642 0
2642 2643 2659 0
2642 2641 2625 0
2626 2642 2625 0
2626 2643 2642 0
2641 2624 2625 0
2625 2607 2626 0
2605 2604 2624 0
2606 2607 2625 0
2624 2604 2606 0
2606 2588 2607 0
2624 2606 2625 0
2587 2588 2606 0
2604 2587 2606 0
2591 2586 2605 0
2586 2567 2587 0
2605 2586 2604 0
2571 2567 2586 0
2567 2568 2587 0
2591 2571 2586 0
2587 2604 2586 0
2587 2568 2588 0
2552 2567 2571 0
2552 2532 2548 0
2568 2567 2549 0
2480 2453 2454 0
2509 2480 2481 0
2533 2532 2552 0
2508 2509 2481 0
2553 2552 2571 0
2534 2533 2552 0
2554 2534 2553 0
2556 2554 2572 0
2556 2535 2536 0
2484 2493 2464 0
2510 2509 2533 0
2527 2532 2508 0
2578 2577 2597 0
2578 2559 2577 0
2576 2575 2557 0
2578 2576 2560 0
2595 2575 2576 0
2565 2579 2584 0
2560 2576 2557 0
2595 2579 2575 0
2539 2558 2559 0
2515 2539 2516 0
2580 2599 2600 0
2574 2580 2561 0
2574 2594 2580 0
2593 2592 2611 0
2574 2573 2594 0
2600 2581 2580 0
2538 2541 2558 0
2541 2542 2562 0
2558 2541 2562 0
2538 2517 2541 0
2404 2430 2431 0
2555 2574 2561 0
2535 2555 2542 0
2556 2574 2555 0
2519 2535 2542 0
2572 2573 2556 0
2599 2618 2600 0
2527 2549 2548 0
2437 2411 2410 0
2436 2462 2435 0
2492 2493 2518 0
2464 2492 2463 0
2464 2493 2492 0
2517 2490 2489 0
2518 2541 2517 0
2491 2518 2517 0
2519 2542 2518 0
2490 2488 2460 0
2538 2515 2517 0
2538 2539 2515 0
2412 2411 2438 0
2615 2596 2616 0
2565 2575 2579 0
2545 2565 2546 0
2545 2557 2565 0
2525 2545 2546 0
2537 2540 2557 0
2378 2407 2406 0
2380 2384 2409 0
2548 2549 2567 0
2552 2548 2567 0
2532 2527 2548 0
2592 2610 2611 0
2532 2509 2508 0
2480 2454 2481 0
2357 2330 2329 0
2406 2390 2377 0
2380 2408 2379 0
2435 2461 2434 0
2412 2436 2409 0
2436 2438 2463 0
2463 2438 2464 0
2462 2436 2463 0
2489 2462 2491 0
2517 2489 2491 0
2490 2462 2489 0
2461 2435 2462 0
2436 2412 2438 0
2491 2462 2463 0
2435 2409 2436 0
2487 2514 2498 0
2282 2286 2260 0
2353 2332 2354 0
2325 2298 2326 0
2364 2339 2351 0
2297 2285 2298 0
2325 2297 2298 0
2325 2324 2297 0
2351 2324 2325 0
2352 2351 2325 0
2377 2364 2351 0
2339 2365 2337 0
2257 2283 2284 0
2268 2257 2242 0
2268 2283 2257 0
2243 2268 2242 0
2298 2285 2268 0
2283 2285 2312 0
2282 2284 2312 0
2286 2282 2312 0
2256 2258 2282 0
2259 2242 2257 0
2269 2268 2243 0
2251 2269 2243 0
2299 2268 2269 0
2352 2325 2326 0
2353 2352 2326 0
2332 2353 2326 0
2354 2379 2353 0
2378 2377 2352 0
2285 2283 2268 0
2338 2337 2365 0
2454 2453 2428 0
2593 2573 2592 0
2612 2593 2611 0
2612 2594 2593 0
2429 2432 2405 0
2427 2429 2402 0
2400 2427 2402 0
2428 2453 2427 0
2453 2455 2429 0
2304 2305 2275 0
2302 2303 2274 0
2329 2305 2304 0
2354 2380 2379 0
2358 2359 2331 0
2358 2384 2359 0
2359 2384 2380 0
2357 2358 2330 0
2357 2383 2358 0
2358 2383 2384 0
2356 2357 2329 0
2356 2382 2357 0
2350 2322 2323 0
2355 2350 2376 0
2342 2322 2350 0
2355 2342 2350 0
2355 2327 2342 0
2302 2327 2328 0
2355 2376 2381 0
2300 2322 2327 0
2300 2295 2322 0
2573 2572 2592 0
2572 2571 2592 0
2410 2382 2381 0
2599 2594 2613 0
2486 2513 2485 0
2510 2486 2483 0
2512 2513 2486 0
2571 2591 2592 0
2409 2384 2412 0
2330 2305 2329 0
2353 2378 2352 0
2353 2379 2378 0
2359 2354 2332 0
2359 2380 2354 0
2357 2382 2383 0
2328 2356 2329 0
2328 2327 2355 0
2599 2613 2618 0
2597 2581 2600 0
2594 2612 2613 0
2580 2594 2599 0
2573 2593 2594 0
2618 2614 2600 0
2330 2306 2305 0
2358 2331 2330 0
2324 2313 2297 0
2281 2310 2280 0
2341 2365 2366 0
2281 2280 2255 0
2261 2281 2255 0
2311 2310 2281 0
2279 2280 2309 0
2411 2412 2383 0
2410 2411 2382 0
2376 2404 2381 0
2573 2574 2556 0
2542 2555 2561 0
2562 2542 2561 0
2536 2535 2511 0
2534 2536 2512 0
2554 2556 2536 0
2555 2535 2556 0
2519 2511 2535 0
2541 2518 2542 0
2457 2456 2431 0
2455 2483 2458 0
2484 2456 2485 0
2513 2484 2485 0
2458 2486 2485 0
2512 2536 2513 0
2513 2536 2511 0
2519 2493 2511 0
2511 2493 2484 0
2512 2510 2534 0
2480 2482 2455 0
2509 2532 2533 0
2553 2571 2572 0
2554 2553 2572 0
2534 2552 2553 0
2277 2273 2275 0
2306 2307 2277 0
2249 2250 2277 0
2224 2197 2225 0
2250 2274 2273 0
2251 2224 2225 0
2246 2218 2245 0
2272 2246 2271 0
2221 2218 2246 0
2248 2221 2246 0
2274 2248 2272 0
2247 2221 2248 0
2225 2197 2223 0
2222 2225 2223 0
2249 2251 2225 0
2167 2191 2164 0
2166 2167 2141 0
2193 2191 2167 0
2141 2167 2164 0
2192 2193 2165 0
2190 2192 2165 0
2217 2220 2192 0
2191 2168 2164 0
2220 2219 2193 0
2170 2197 2171 0
2219 2194 2191 0
2193 2219 2191 0
2247 2223 2219 0
2222 2250 2249 0
2225 2222 2249 0
2223 2250 2222 0
2219 2223 2194 0
2247 2250 2223 0
2247 2274 2250 0
2247 2248 2274 0
2190 2189 2216 0
2217 2190 2216 0
2165 2189 2190 0
2247 2219 2220 0
2166 2140 2161 0
2193 2166 2165 0
2193 2167 2166 0
2245 2270 2271 0
2244 2245 2218 0
2244 2270 2245 0
2246 2245 2271 0
2188 2187 2213 0
2217 2192 2190 0
2244 2217 2216 0
2218 2221 2220 0
2163 2160 2188 0
2240 2267 2241 0
2265 2267 2240 0
2321 2294 2320 0
2241 2267 2266 0
2265 2294 2267 0
2402 2374 2400 0
2428 2427 2400 0
2401 2374 2402 0
2349 2323 2321 0
2350 2349 2375 0
2350 2323 2349 0
2374 2373 2400 0
2348 2321 2320 0
2347 2373 2374 0
2188 2189 2163 0
2296 2267 2294 0
2348 2374 2349 0
2321 2348 2349 0
2347 2374 2348 0
2266 2267 2296 0
2296 2295 2266 0
2303 2329 2304 0
2274 2303 2304 0
2302 2328 2303 0
2405 2430 2403 0
2402 2429 2401 0
2455 2482 2483 0
2509 2482 2480 0
2405 2403 2401 0
2429 2405 2401 0
2432 2430 2405 0
2381 2404 2410 0
2376 2375 2403 0
2591 2610 2592 0
2253 2279 2252 0
2201 2229 2228 0
2175 2201 2200 0
2315 2286 2312 0
2314 2315 2338 0
2316 2314 2338 0
2316 2288 2314 0
2287 2286 2315 0
2229 2234 2235 0
2254 2229 2255 0
2201 2208 2229 0
2234 2230 2256 0
2229 2208 2234 0
2178 2151 2177 0
2363 2389 2387 0
2336 2311 2316 0
2335 2336 2362 0
2335 2311 2336 0
2334 2309 2310 0
2360 2334 2361 0
2360 2333 2334 0
2279 2278 2252 0
2280 2279 2254 0
2255 2280 2254 0
2310 2309 2280 0
2309 2308 2279 0
2288 2281 2287 0
2228 2229 2254 0
2253 2228 2254 0
2200 2201 2228 0
2182 2178 2202 0
2201 2182 2208 0
2201 2175 2182 0
2366 2391 2392 0
2287 2261 2286 0
2288 2287 2314 0
2311 2288 2316 0
2311 2281 2288 0
2281 2261 2287 0
2253 2252 2227 0
2226 2253 2227 0
2199 2226 2227 0
2199 2200 2226 0
2254 2279 2253 0
2295 2270 2266 0
2349 2374 2375 0
2300 2271 2270 0
2323 2322 2295 0
2296 2323 2295 0
2375 2376 2350 0
2301 2271 2300 0
2327 2301 2300 0
2327 2302 2301 0
2295 2300 2270 0
2200 2228 2226 0
2204 2202 2178 0
2202 2230 2208 0
2182 2202 2208 0
2204 2230 2202 0
2177 2204 2178 0
2177 2203 2204 0
2231 2203 2205 0
2230 2231 2258 0
2204 2203 2231 0
2231 2232 2258 0
2259 2233 2242 0
2258 2232 2259 0
2205 2207 2232 0
2170 2168 2194 0
2197 2170 2194 0
2171 2168 2170 0
2307 2306 2331 0
2299 2269 2276 0
2276 2251 2277 0
2299 2307 2326 0
2268 2299 2298 0
2277 2251 2249 0
2307 2299 2276 0
2269 2251 2276 0
2298 2299 2326 0
2326 2307 2332 0
2337 2312 2313 0
2198 2199 2227 0
2146 2172 2145 0
2200 2199 2174 0
2198 2172 2173 0
2301 2272 2271 0
2303 2328 2329 0
2272 2302 2274 0
2272 2301 2302 0
2146 2173 2172 0
2146 2147 2173 0
2118 2119 2145 0
2094 2070 2096 0
2121 2094 2096 0
2118 2092 2093 0
2175 2200 2174 0
2093 2092 2068 0
2094 2093 2068 0
2094 2120 2093 0
2265 2240 2239 0
2188 2160 2187 0
2277 2250 2273 0
2144 2168 2171 0
2166 2141 2140 0
2114 2091 2090 0
2117 2116 2142 0
2098 2072 2091 0
2117 2098 2116 0
2117 2126 2098 0
2161 2140 2162 0
2114 2116 2091 0
2113 2114 2090 0
2113 2138 2139 0
2189 2162 2163 0
2115 2140 2141 0
2135 2136 2162 0
2174 2148 2175 0
2174 2173 2147 0
2068 2070 2094 0
2067 2068 2092 0
2067 2044 2068 0
2051 2077 2054 0
2100 2077 2074 0
2099 2100 2074 0
2127 2128 2100 0
2103 2130 2104 0
2080 2077 2104 0
2078 2080 2104 0
2054 2077 2080 0
2180 2196 2206 0
2181 2180 2206 0
2153 2169 2180 0
2126 2153 2127 0
2169 2196 2180 0
2079 2102 2101 0
2078 2079 2053 0
2104 2102 2079 0
2054 2080 2078 0
2103 2128 2130 0
2077 2103 2104 0
2077 2100 2103 0
2154 2130 2128 0
2150 2177 2151 0
2124 2150 2151 0
2149 2176 2150 0
2152 2149 2125 0
2176 2177 2150 0
2152 2176 2149 0
2152 2179 2176 0
2155 2152 2129 0
2203 2177 2176 0
2231 2230 2204 0
2125 2097 2101 0
2152 2125 2129 0
2123 2124 2121 0
2130 2129 2102 0
2175 2151 2178 0
2122 2095 2097 0
2149 2122 2125 0
2120 2147 2146 0
2121 2120 2094 0
2121 2147 2120 0
2123 2121 2096 0
2148 2147 2121 0
2129 2125 2101 0
2175 2148 2151 0
2096 2070 2095 0
2123 2096 2122 0
2119 2146 2145 0
2125 2122 2097 0
2174 2147 2148 0
2119 2118 2093 0
2120 2119 2093 0
2120 2146 2119 0
2046 2019 2045 0
2044 2046 2068 0
2044 2019 2046 0
2018 2019 1991 0
2071 2069 2047 0
2050 2071 2047 0
2095 2069 2071 0
2019 2017 1991 0
2069 2046 2045 0
2047 2069 2045 0
2070 2046 2069 0
2044 2017 2019 0
2020 1993 1992 0
2019 2018 2045 0
1991 1990 2018 0
1962 1991 1989 0
2018 2020 2045 0
2076 2050 2049 0
2071 2076 2097 0
2071 2050 2076 0
1989 1991 2017 0
1975 1966 1974 0
2000 1975 1974 0
2002 1995 1975 0
2022 1995 2021 0
2047 2022 2050 0
2047 2020 2022 0
2020 1992 1994 0
2075 2049 2053 0
2076 2075 2101 0
2076 2049 2075 0
2070 2069 2095 0
2027 2000 2001 0
2021 2002 2028 0
2050 2021 2049 0
2050 2022 2021 0
1995 1994 1975 0
1979 1951 1980 0
1956 1954 1950 0
2040 2011 2012 0
2011 2016 1987 0
1956 1985 1983 0
2040 2016 2011 0
1926 1922 1950 0
1954 1926 1950 0
1954 1928 1926 0
2061 2087 2060 0
2037 2061 2060 0
2059 2087 2061 0
1922 1923 1950 0
2084 2108 2088 0
1988 1987 2016 0
1927 1955 1930 0
1954 1956 1983 0
1927 1905 1928 0
1950 1979 1956 0
2088 2112 2089 0
1928 1954 1955 0
1927 1928 1955 0
1905 1926 1928 0
2039 2040 2013 0
2039 2063 2040 0
2038 2039 2013 0
2062 2063 2039 0
2034 2038 2013 0
2088 2063 2062 0
2089 2090 2064 0
2015 2042 2041 0
1986 1960 1988 0
1940 1929 1941 0
1958 1930 1955 0
1959 1958 1987 0
1959 1931 1958 0
1907 1886 1908 0
1909 1907 1931 0
1885 1886 1907 0
1916 1913 1893 0
1863 1886 1885 0
1983 1955 1954 0
1985 2011 1983 0
1984 1985 1956 0
2012 2011 1985 0
1979 1984 1956 0
2013 2040 2012 0
1987 1958 1983 0
2011 1987 1983 0
2043 2016 2040 0
2015 1988 2016 0
1958 1931 1930 0
1960 1959 1987 0
1960 1957 1932 0
1988 1960 1987 0
2014 1988 2015 0
1986 1957 1960 0
2014 1986 1988 0
2014 1996 1986 0
1932 1929 1909 0
1960 1932 1959 0
1957 1929 1932 0
1908 1906 1930 0
1931 1908 1930 0
1886 1906 1908 0
1909 1893 1907 0
1863 1864 1886 0
1926 1905 1922 0
2043 2042 2015 0
2038 2062 2039 0
2058 2038 2034 0
2058 2062 2038 0
2035 2058 2034 0
2084 2062 2058 0
2113 2089 2112 0
2138 2113 2112 0
2139 2164 2142 0
2114 2139 2116 0
2114 2113 2139 0
2090 2066 2064 0
2084 2086 2109 0
2062 2084 2088 0
2061 2037 2036 0
2216 2214 2241 0
2218 2217 2244 0
2189 2214 2216 0
2159 2187 2160 0
2186 2212 2187 0
2239 2240 2213 0
2266 2270 2244 0
2135 2162 2140 0
2213 2187 2212 0
2239 2213 2212 0
2240 2241 2214 0
2136 2163 2162 0
2136 2137 2163 0
2108 2109 2135 0
2115 2108 2135 0
2084 2109 2108 0
2187 2159 2186 0
2137 2160 2163 0
2137 2134 2160 0
2051 2054 2029 0
2123 2149 2150 0
2124 2123 2150 0
2148 2124 2151 0
2148 2121 2124 0
2122 2149 2123 0
2102 2129 2101 0
2130 2155 2129 0
2127 2153 2128 0
2205 2232 2231 0
2282 2258 2284 0
2260 2256 2282 0
2261 2260 2286 0
2261 2235 2260 0
2230 2258 2256 0
2096 2095 2122 0
2182 2175 2178 0
2199 2198 2173 0
2174 2199 2173 0
2226 2228 2253 0
1940 1968 1938 0
2003 1998 1997 0
2024 2029 2003 0
1996 2024 1997 0
2051 2029 2024 0
2054 2078 2052 0
2103 2100 2128 0
2073 2074 2051 0
2073 2099 2074 0
2003 2025 1998 0
2104 2130 2102 0
2079 2101 2075 0
1755 1780 1766 0
1765 1755 1766 0
1756 1780 1755 0
1732 1731 1756 0
1743 1732 1756 0
1709 1731 1732 0
1742 1716 1718 0
1683 1706 1708 0
1730 1733 1756 0
1676 1701 1700 0
1778 1798 1800 0
1750 1775 1754 0
1757 1734 1754 0
1726 1751 1750 0
1727 1729 1752 0
1820 1842 1821 0
1870 1869 1891 0
1897 1921 1920 0
1896 1898 1876 0
1896 1918 1898 0
1895 1896 1873 0
1895 1915 1919 0
1851 1849 1870 0
1825 1848 1849 0
1802 1825 1804 0
1802 1824 1825 0
1847 1863 1868 0
2216 2241 2244 0
2213 2214 2188 0
2213 2240 2214 0

SubDomainFromMesh
1
3 1 1 0

SubDomainFromGeom
1
2 1 1 0

VertexOnGeometricVertex
398
 1 1
 2 2
 3 3
 4 4
 5 5
 7 6
 8 7
 9 8
 10 9
 12 10
 13 11
 14 12
 15 13
 16 14
 21 15
 22 16
 24 17
 26 18
 28 19
 30 20
 31 21
 32 22
 37 23
 38 24
 57 25
 59 26
 80 27
 82 28
 103 29
 105 30
 125 31
 128 32
 150 33
 154 34
 175 35
 179 36
 200 37
 204 38
 225 39
 228 40
 249 41
 253 42
 272 43
 277 44
 294 45
 301 46
 317 47
 323 48
 342 49
 347 50
 366 51
 371 52
 389 53
 394 54
 414 55
 417 56
 436 57
 442 58
 461 59
 467 60
 485 61
 488 62
 506 63
 513 64
 528 65
 537 66
 553 67
 562 68
 577 69
 587 70
 596 71
 612 72
 621 73
 635 74
 644 75
 659 76
 667 77
 683 78
 686 79
 706 80
 708 81
 729 82
 730 83
 753 84
 754 85
 775 86
 776 87
 796 88
 798 89
 816 90
 821 91
 840 92
 844 93
 865 94
 868 95
 884 96
 892 97
 910 98
 917 99
 931 100
 941 101
 954 102
 964 103
 976 104
 987 105
 1000 106
 1009 107
 1025 108
 1035 109
 1039 110
 1051 111
 1064 112
 1075 113
 1086 114
 1097 115
 1110 116
 1120 117
 1134 118
 1143 119
 1155 120
 1162 121
 1165 122
 1186 123
 1190 124
 1211 125
 1217 126
 1233 127
 1241 128
 1255 129
 1265 130
 1281 131
 1290 132
 1304 133
 1315 134
 1329 135
 1341 136
 1353 137
 1365 138
 1379 139
 1392 140
 1402 141
 1416 142
 1429 143
 1444 144
 1458 145
 1469 146
 1483 147
 1492 148
 1505 149
 1513 150
 1528 151
 1535 152
 1550 153
 1556 154
 1571 155
 1578 156
 1593 157
 1602 158
 1616 159
 1626 160
 1639 161
 1651 162
 1662 163
 1675 164
 1688 165
 1698 166
 1715 167
 1723 168
 1739 169
 1747 170
 1763 171
 1771 172
 1785 173
 1795 174
 1803 175
 1815 176
 1822 177
 1837 178
 1845 179
 1859 180
 1865 181
 1880 182
 1887 183
 1902 184
 1910 185
 1925 186
 1934 187
 1947 188
 1948 189
 1949 190
 1953 191
 1961 192
 1962 193
 1976 194
 1978 195
 1982 196
 1989 197
 2004 198
 2006 199
 2009 200
 2017 201
 2030 202
 2031 203
 2033 204
 2036 205
 2044 206
 2055 207
 2057 208
 2059 209
 2067 210
 2081 211
 2083 212
 2085 213
 2092 214
 2105 215
 2107 216
 2110 217
 2118 218
 2131 219
 2133 220
 2134 221
 2145 222
 2156 223
 2158 224
 2159 225
 2172 226
 2183 227
 2185 228
 2186 229
 2198 230
 2209 231
 2211 232
 2212 233
 2227 234
 2236 235
 2238 236
 2239 237
 2252 238
 2262 239
 2264 240
 2265 241
 2278 242
 2289 243
 2290 244
 2292 245
 2293 246
 2294 247
 2308 248
 2317 249
 2319 250
 2320 251
 2333 252
 2343 253
 2345 254
 2346 255
 2347 256
 2367 257
 2368 258
 2370 259
 2372 260
 2373 261
 2394 262
 2395 263
 2397 264
 2399 265
 2400 266
 2421 267
 2422 268
 2425 269
 2428 270
 2447 271
 2448 272
 2451 273
 2454 274
 2472 275
 2473 276
 2476 277
 2477 278
 2478 279
 2481 280
 2501 281
 2508 282
 2527 283
 2528 284
 2549 285
 2550 286
 2568 287
 2569 288
 2588 289
 2589 290
 2591 291
 2605 292
 2607 293
 2608 294
 2610 295
 2624 296
 2626 297
 2627 298
 2630 299
 2641 300
 2643 301
 2645 302
 2647 303
 2658 304
 2660 305
 2663 306
 2664 307
 2676 308
 2678 309
 2681 310
 2682 311
 2693 312
 2694 313
 2696 314
 2700 315
 2703 316
 2712 317
 2714 318
 2717 319
 2721 320
 2730 321
 2732 322
 2735 323
 2740 324
 2748 325
 2750 326
 2753 327
 2759 328
 2765 329
 2767 330
 2771 331
 2777 332
 2782 333
 2784 334
 2787 335
 2793 336
 2794 337
 2798 338
 2799 339
 2809 340
 2810 341
 2815 342
 2816 343
 2827 344
 2829 345
 2833 346
 2834 347
 2845 348
 2848 349
 2849 350
 2850 351
 2851 352
 2855 353
 2856 354
 2869 355
 2871 356
 2875 357
 2876 358
 2885 359
 2886 360
 2892 361
 2895 362
 2896 363
 2904 364
 2905 365
 2913 366
 2915 367
 2916 368
 2924 369
 2933 370
 2936 371
 2937 372
 2944 373
 2951 374
 2953 375
 2954 376
 2962 377
 2968 378
 2969 379
 2970 380
 2971 381
 2978 382
 2983 383
 2984 384
 2985 385
 2992 386
 2995 387
 2996 388
 2997 389
 2998 390
 3004 391
 3006 392
 3010 393
 3012 394
 3013 395
 3016 396
 3017 397
 3018 398

VertexOnGeometricEdge
0

EdgeOnGeometricEdge
398
1 1
2 2
3 3
4 4
5 5
6 6
7 7
8 8
9 9
10 10
11 11
12 12
13 13
14 14
15 15
16 16
17 17
18 18
19 19
20 20
21 21
22 22
23 23
24 24
25 25
26 26
27 27
28 28
29 29
30 30
31 31
32 32
33 33
34 34
35 35
36 36
37 37
38 38
39 39
40 40
41 41
42 42
43 43
44 44
45 45
46 46
47 47
48 48
49 49
50 50
51 51
52 52
53 53
54 54
55 55
56 56
57 57
58 58
59 59
60 60
61 61
62 62
63 63
64 64
65 65
66 66
67 67
68 68
69 69
70 70
71 71
72 72
73 73
74 74
75 75
76 76
77 77
78 78
79 79
80 80
81 81
82 82
83 83
84 84
85 85
86 86
87 87
88 88
89 89
90 90
91 91
92 92
93 93
94 94
95 95
96 96
97 97
98 98
99 99
100 100
101 101
102 102
103 103
104 104
105 105
106 106
107 107
108 108
109 109
110 110
111 111
112 112
113 113
114 114
115 115
116 116
117 117
118 118
119 119
120 120
121 121
122 122
123 123
124 124
125 125
126 126
127 127
128 128
129 129
130 130
131 131
132 132
133 133
134 134
135 135
136 136
137 137
138 138
139 139
140 140
141 141
142 142
143 143
144 144
145 145
146 146
147 147
148 148
149 149
150 150
151 151
152 152
153 153
154 154
155 155
156 156
157 157
158 158
159 159
160 160
161 161
162 162
163 163
164 164
165 165
166 166
167 167
168 168
169 169
170 170
171 171
172 172
173 173
174 174
175 175
176 176
177 177
178 178
179 179
180 180
181 181
182 182
183 183
184 184
185 185
186 186
187 187
188 188
189 189
190 190
191 191
192 192
193 193
194 194
195 195
196 196
197 197
198 198
199 199
200 200
201 201
202 202
203 203
204 204
205 205
206 206
207 207
208 208
209 209
210 210
211 211
212 212
213 213
214 214
215 215
216 216
217 217
218 218
219 219
220 220
221 221
222 222
223 223
224 224
225 225
226 226
227 227
228 228
229 229
230 230
231 231
232 232
233 233
234 234
235 235
236 236
237 237
238 238
239 239
240 240
241 241
242 242
243 243
244 244
245 245
246 246
247 247
248 248
249 249
250 250
251 251
252 252
253 253
254 254
255 255
256 256
257 257
258 258
259 259
260 260
261 261
262 262
263 263
264 264
265 265
266 266
267 267
268 268
269 269
270 270
271 271
272 272
273 273
274 274
275 275
276 276
277 277
278 278
279 279
280 280
281 281
282 282
283 283
284 284
285 285
286 286
287 287
288 288
289 289
290 290
291 291
292 292
293 293
294 294
295 295
296 296
297 297
298 298
299 299
300 300
301 301
302 302
303 303
304 304
305 305
306 306
307 307
308 308
309 309
310 310
311 311
312 312
313 313
314 314
315 315
316 316
317 317
318 318
319 319
320 320
321 321
322 322
323 323
324 324
325 325
326 326
327 327
328 328
329 329
330 330
331 331
332 332
333 333
334 334
335 335
336 336
337 337
338 338
339 339
340 340
341 341
342 342
343 343
344 344
345 345
346 346
347 347
348 348
349 349
350 350
351 351
352 352
353 353
354 354
355 355
356 356
357 357
358 358
359 359
360 360
361 361
362 362
363 363
364 364
365 365
366 366
367 367
368 368
369 369
370 370
371 371
372 372
373 373
374 374
375 375
376 376
377 377
378 378
379 379
380 380
381 381
382 382
383 383
384 384
385 385
386 386
387 387
388 388
389 389
390 390
391 391
392 392
393 393
394 394
395 395
396 396
397 397
398 398

End
