MeshVersionFormatted 1

Dimension
2

Identifier
";2, Date: 26/03/14 10:41 56s"

Geometry
"Maillage_L0.076.mesh.gmsh"

Vertices
1577
0 0.00999976711691 22
0 0.00700116441546 22
0 0.00900023288309 22
0 0.00800069864928 22
0.000739967239778 0.00727336239538 0
0.000704435236849 0.00976944569863 0
0 0.0109993013507 22
0.000704435236849 0.0106920926895 0
0 0.0119988355845 22
0 0.00400256171402 22
0 0.00500209594783 22
0 0.00600163018165 22
0 0.00100395901258 22
0 0 22
0 0.0030030274802 22
0 0.00200349324639 22
0.000677177341727 0.00133566211638 0
0.00129484033426 0.00654602611204 0
0.000704435236849 0.00830790725207 0
0.00140887043477 0.0076155816307 0
0.00140887027905 0.00956429950755 0
0.00140887043477 0.0105386585238 0
0.00140887043477 0.0113844183109 0
0.000739967239778 0.0117266375462 0
0 0.0129983698184 22
0.00067817821361 0.0127767426712 0
0.000677927976174 0.00333546806004 0
0.000726512267186 0.00428751078661 0
0.00076295046598 0.00525142639969 0
0.00194226055978 0.00581868990657 0
0.00101353333183 0 1
0.00121982002316 0.00240153702698 0
0.00203378408424 0.00200128084771 0
0.00152477505815 0.00150151371141 0
0.00152364906755 0.000750756792445 0
0.00211330571055 0.00692325600933 0
0.00176108795587 0.00873095722765 0
0.00225419273456 0.00795402161116 0
0.00211330555483 0.00984633290246 0
0.00211330555483 0.0108206918409 0
0.00203490999698 0.0122498253182 0
0 0.0139979040522 22
0.00194226055978 0.013181310035 0
0.00076295046598 0.0137485735419 0
0.0014530245733 0.00357292563442 0
0.00152590097089 0.00450122258798 0
0.00281774090847 0.00623093038796 0
0.00258968070745 0.00509135362323 0
0.00203153219252 0 1
0.00254279303247 0.00300081504244 0
0.00271171209934 0.00166736530645 0
0.00228716256776 0.000750756792445 0
0.00281774090847 0.00720528932638 0
0.00327059210713 0.00789025949318 0
0.00281774090847 0.00915400728109 0
0.00271321336824 0.0129998446829 0
0.00281774090847 0.0120770842521 0
0.00281774090847 0.0101283662974 0
0.00281774090847 0.0111027252358 0
0 0.014997438286 22
0.000726512267186 0.014712489155 0
0.00213648661965 0.0140991848408 0
0.00152590097089 0.0144987773536 0
0.00372344330579 0.00648365454807 0
0.00271271289337 0.0038895357855 0
0.00332975037017 0.00479573499835 0
0.00352217618425 0.00553860484444 0
0.00339089114591 0.00311162857196 0
0.00304955018512 0 1
0.00381475256348 0.00225061130859 0
0.00363256149165 0.00142917025572 0
0.00338964011445 0.000667093557508 0
0.0040253441049 0.00754225489916 0
0.00372344330579 0.00857522965998 0
0.00372344330579 0.00944519302845 0
0.00352217618425 0.0128462971551 0
0.00339151666164 0.0137498641255 0
0.00372344330579 0.0117803578555 0
0.00372344330579 0.0108059989171 0
0 0.0159969725198 22
0.00135585599128 0.0156652693579 0
0.00284864881323 0.0147993013018 0
0.00228885155366 0.0152489810875 0
0.00369983635461 0.0146359825238 0
0.00462914578098 0.00673637878605 0
0.00446142316671 0.00594883735338 0
0.00388452115849 0.00363668113443 0
0.00406982003289 0.00450011637346 0
0.0046962348734 0.00505139543861 0
0.00427297327823 0.00280046571768 0
0.00406756817771 0 1
0.00457770306838 0.00150040749689 0
0.00435907379776 0.000714585103527 0
0.00422661138217 0.0141537207185 0
0.00462914578098 0.00799645203887 0
0.00462914562526 0.00886641540734 0
0.00462914570312 0.0097363787758 0
0.00462914578098 0.0105092725205 0
0.00446142316671 0.0128719142588 0
0.00462914578098 0.0114836315368 0
0 0.0169965067536 22
0.00121982002316 0.0165984629146 0
0.00203378408424 0.0164989519576 0
0.00254279303247 0.0159991848992 0
0.00339089114591 0.0158883713697 0
0.00443980371118 0.0153633187293 0
0.00553484825616 0.00741767449562 0
0.00540067014918 0.00602573654743 0
0.00493104665795 0.0041539536017 0
0.00569418472414 0.00519560087262 0
0.00517936153168 0.00218200864562 0
0.00563548185587 0.00346162798033 0
0.00517977098988 0.00290934492895 0
0.00569729766538 0.00140023287344 0
0.00508558617031 0 1
0.00534065357329 0.000750203763042 0
0.00516585836463 0.013641127084 0
0.00493104665795 0.0143847228055 0
0.00540067014918 0.0128975313625 0
0.00583674897741 0.00838469970202 0
0.00538389762303 0.00910907011894 0
0.00553484825616 0.011186905218 0
0.00553484810045 0.0100275645232 0
0.00540067014918 0.0118975314178 0
0 0.0179960409874 22
0.000677177341727 0.0176643378252 0
0.00182973009313 0.0173989752732 0
0.00271171209934 0.0173326346352 0
0.00317849133925 0.016749388633 0
0.00453194130616 0.0160906550127 0
0.00406906939845 0.0166662785053 0
0.00542642669755 0.0159999222977 0
0.00563548185587 0.0151539357086 0
0.00644055065349 0.007241827262 0
0.00633991713164 0.00626930235999 0
0.00598769945483 0.00436546519782 0
0.00662169117967 0.00529237214238 0
0.00651602581434 0.00359622091776 0
0.00591973826859 0.00218200864562 0
0.00633991713164 0.00276930235896 0
0.0066597055473 0.00145467244015 0
0.00640945993681 0.000700116412388 0
0.0061036041629 0 1
0.00598769945483 0.0140385420484 0
0.00633991713164 0.012923148544 0
0.00659150097518 0.00829676841614 0
0.00613864977652 0.00935172498627 0
0.00633991713164 0.0114231485102 0
0.00644055065349 0.0103187503484 0
0.00680954062288 0.0121859570789 0
0 0.019 22
0.00101353333184 0.019 21
0.00152364906755 0.0182492430713 0
0.00243964008525 0.0181994876317 0
0.00338964011445 0.0183329063062 0
0.00363256149165 0.0175708296859 0
0.00498513547181 0.0168996506071 0
0.00457770306838 0.0174995924447 0
0.0061047300688 0.0167499417403 0
0.00651602581434 0.0148654517314 0
0.00633991713164 0.0159231485338 0
0.00746701347946 0.00586158141271 0
0.00727916411411 0.00717953488019 0
0.00734625312867 0.00820883720811 0
0.00704435232956 0.00457697679394 0
0.00766953856188 0.00505003774092 0
0.00739656985067 0.00373081393305 0
0.00727916411411 0.00284620155301 0
0.00704435240742 0.00207697681545 0
0.00774878760534 0.00138465119408 0
0.00739967282601 0.000727336234671 0
0.0071216221555 0 1
0.00704435232956 0.0136923613692 0
0.00727916411411 0.0129487656477 0
0.00689340177429 0.00926379377825 0
0.00727916411411 0.0109487656805 0
0.00734625312867 0.00987916687245 0
0.00784255236652 0.0117115741714 0
0.00304955018512 0.019 21
0.00203153219252 0.019 21
0.00406756817771 0.019 21
0.00435907379776 0.0182854148381 0
0.00534065357329 0.0182497961786 0
0.0058267817572 0.0175453275015 0
0.00704435240742 0.016692361359 0
0.0066597055473 0.0175453275015 0
0.00739656985067 0.014576967832 0
0.00760839864259 0.0153526043004 0
0.0078202274345 0.0161282408467 0
0.00829472487205 0.00552309876575 0
0.00831233577925 0.00643079068305 0
0.00825195560386 0.00774727573795 0
0.00825195560386 0.00860441860329 0
0.00827711396485 0.00386540694834 0
0.00827711396485 0.00461540692632 0
0.00821841109658 0.00292310074705 0
0.0081010052043 0.002038488367 0
0.00845322288112 0.000692325572709 0
0.00813964014809 0 1
0.00827711396485 0.0142884838548 0
0.00827711396485 0.0135384838768 0
0.00840594069679 0.0124743827401 0
0.00825195560386 0.00943958339653 0
0.00821841109658 0.0104743827729 0
0.00887556418802 0.0112371913416 0
0.00508558617031 0.019 21
0.0061036041629 0.019 21
0.00647420190487 0.0182726637069 0
0.00739967282601 0.0182726637069 0
0.00774878760534 0.0176153487475 0
0.0083612907549 0.0153077161113 0
0.00848894275677 0.016564120357 0
0.0090832662423 0.00621539526802 0
0.00915765807904 0.00499999998617 0
0.00915765807904 0.00699999995339 0
0.00915765807904 0.00799999997593 0
0.00915765807904 0.00899999999846 0
0.00915765807904 0.00299999994109 0
0.00915765807904 0.00399999996363 0
0.00915765807904 0.00199999999641 0
0.00915765807904 0.000999999973876 0
0.00915765814069 0 1
0.00937197764439 0.014999999978 0
0.00915765807904 0.0139999999554 0
0.00915765807904 0.0129999999329 0
0.00953271735733 0.0119999999882 0
0.00915765807904 0.00999999994314 0
0.00958629728759 0.0109999999657 0
0.0071216221555 0.019 21
0.00980061677508 0.0134999999442 0
0.00813964014809 0.019 21
0.00845322288112 0.0183076743689 0
0.00845322280326 0.0173076742685 0
0.00931839779198 0.0159999999227 0
0.00915765807904 0.0169999999452 0
0.0101756761312 0.00899999999846 0
0.00985419670535 0.00599999993085 0
0.00990777663561 0.00499999998617 0
0.0101756761312 0.00699999995339 0
0.0101756761312 0.00799999997593 0
0.0101756761312 0.00399999996363 0
0.0100149364183 0.00299999994109 0
0.010122096201 0.000999999973876 0
0.0100685162707 0.00199999999641 0
0.0101756761333 0 1
0.0101756761312 0.0159999999227 0
0.0101756761312 0.014999999978 0
0.010443575549 0.0139999999554 0
0.0104971554792 0.0129999999329 0
0.0105507353317 0.0119999999882 0
0.0106043152619 0.0109999999657 0
0.0106578951143 0.00999999994314 0
0.00915765814069 0.019 21
0.00915765807904 0.0179999999677 0
0.0101756761312 0.0169999999452 0
0.0111936941056 0.00799999997593 0
0.0111936941056 0.00899999999846 0
0.0108722147575 0.00599999993085 0
0.0109257946099 0.00499999998617 0
0.0111936941056 0.00699999995339 0
0.0109793745402 0.00399999996363 0
0.0110329543926 0.00299999994109 0
0.0111401141753 0.000999999973876 0
0.0111936941056 0.00199999999641 0
0.0111936941259 0 1
0.0111936941056 0.0159999999227 0
0.0114080136709 0.014999999978 0
0.0111936941056 0.0139999999554 0
0.0115151734536 0.0129999999329 0
0.0116223332362 0.0109999999657 0
0.0115687533838 0.0119999999882 0
0.0116759131665 0.00999999994314 0
0.0101756761333 0.019 21
0.0102292559836 0.0179999999677 0
0.0113008538882 0.0169999999452 0
0.0111936941056 0.0179999999677 0
0.0122117120799 0.0169999999452 0
0.0119438125843 0.00499999998617 0
0.0122117120799 0.00799999997593 0
0.0122117120799 0.00899999999846 0
0.0118902327319 0.00599999993085 0
0.0122117120799 0.00699999995339 0
0.0122117120799 0.00399999996363 0
0.0120509723669 0.00299999994109 0
0.0121581321496 0.000999999973876 0
0.0121045522972 0.00199999999641 0
0.0122117121185 0 1
0.0123724517928 0.0159999999227 0
0.0122117120799 0.014999999978 0
0.0122117120799 0.0139999999554 0
0.0125331914279 0.0129999999329 0
0.0124260316452 0.0109999999657 0
0.0125867713582 0.0119999999882 0
0.0126939311408 0.00999999994314 0
0.0111936941259 0.019 21
0.0122117121185 0.019 21
0.0122117120799 0.0179999999677 0
0.0132297300542 0.0169999999452 0
0.0129618306365 0.00499999998617 0
0.0132297300542 0.00699999995339 0
0.0132297300542 0.00899999999846 0
0.0132297300542 0.00799999997593 0
0.0132297300542 0.00599999993085 0
0.0130154104889 0.00399999996363 0
0.0131761502018 0.000999999973876 0
0.0130689904191 0.00299999994109 0
0.0132297300542 0.00199999999641 0
0.0132297301111 0 1
0.0132297300542 0.0159999999227 0
0.0132297300542 0.014999999978 0
0.01381910882 0.0154999999114 0
0.0133904696893 0.0129999999329 0
0.0134976295498 0.0139999999554 0
0.0136047893325 0.0119999999882 0
0.0132297300542 0.0109999999657 0
0.0137119491152 0.00999999994314 0
0.0132297301111 0.019 21
0.0132833099845 0.0179999999677 0
0.0143549078891 0.0169999999452 0
0.0142477480285 0.0179999999677 0
0.0139798486108 0.00499999998617 0
0.0140602184283 0.00699999995339 0
0.0142477480285 0.00799999997593 0
0.0142477480285 0.00899999999846 0
0.0140870083156 0.00599999993085 0
0.0140334284632 0.00399999996363 0
0.0141941681761 0.000999999973876 0
0.0140870083935 0.00299999994109 0
0.0146763872371 0.0034999998745 0
0.0142477480285 0.00199999999641 0
0.0142477481037 0 1
0.0144084877415 0.0159999999227 0
0.0144620676717 0.014999999978 0
0.0142477480285 0.0129999999329 0
0.0144352777066 0.0119999999882 0
0.0142477480285 0.0139999999554 0
0.0146763872371 0.0109999999657 0
0.0147299670895 0.00999999994314 0
0.0142477481037 0.019 21
0.0152657660963 0.019 21
0.0152657660807 0.0169999999452 0
0.0152657660807 0.0179999999677 0
0.0152657660807 0.00899999999846 0
0.0149978665851 0.00499999998617 0
0.0148907068024 0.00699999995339 0
0.0152657660807 0.00799999997593 0
0.0149442866548 0.00599999993085 0
0.0152657660807 0.00399999996363 0
0.0152121861505 0.000999999973876 0
0.015158606298 0.00199999999641 0
0.0152657660807 0.00299999994109 0
0.0152657660963 0 1
0.0154265057158 0.0159999999227 0
0.0154800856461 0.014999999978 0
0.0152657660807 0.0139999999554 0
0.0152657660807 0.0119999999882 0
0.0152657660807 0.0129999999329 0
0.0157479851417 0.00999999994314 0
0.0156944052114 0.0109999999657 0
0.0162837840889 0.019 21
0.016283784055 0.0169999999452 0
0.016283784055 0.0179999999677 0
0.016283784055 0.00899999999846 0
0.016283784055 0.00399999996363 0
0.016283784055 0.00799999997593 0
0.0160158845594 0.00499999998617 0
0.015962304707 0.00599999993085 0
0.0159087247768 0.00699999995339 0
0.016283784055 0.00299999994109 0
0.0162302041248 0.000999999973876 0
0.0161766242724 0.00199999999641 0
0.0162837840889 0 1
0.0164981036204 0.014999999978 0
0.016283784055 0.0159999999227 0
0.0165516835507 0.0139999999554 0
0.016283784055 0.0129999999329 0
0.016766003116 0.00999999994314 0
0.016283784055 0.0119999999882 0
0.0167124231857 0.0109999999657 0
0.0173018020815 0.019 21
0.0173018020294 0.0169999999452 0
0.0173553819596 0.0179999999677 0
0.0173018020294 0.00799999997593 0
0.0170606924989 0.00899999999846 0
0.0171410623943 0.00299999994109 0
0.0170339025338 0.00499999998617 0
0.0173018020294 0.00399999996363 0
0.0173018020294 0.00699999995339 0
0.0169803226813 0.00599999993085 0
0.017248222177 0.000999999973876 0
0.0171946422467 0.00199999999641 0
0.0173018020815 0 1
0.0173018020294 0.014999999978 0
0.0174625417423 0.0159999999227 0
0.017569701525 0.0139999999554 0
0.0173018020294 0.0129999999329 0
0.0175161215947 0.0109999999657 0
0.0177840210903 0.00999999994314 0
0.0176768613077 0.0119999999882 0
0.018319820074 0.019 21
0.018373399934 0.0179999999677 0
0.0184269797864 0.0169999999452 0
0.0183198200037 0.0159999999227 0
0.0181055004383 0.00799999997593 0
0.0178376010206 0.00899999999846 0
0.0183198200037 0.00699999995339 0
0.0181590803686 0.00299999994109 0
0.0180519205859 0.00499999998617 0
0.0181055004383 0.00399999996363 0
0.0183198200037 0.00599999993085 0
0.0191235184127 0.00399999996363 0
0.0183198200037 0.000999999973876 0
0.0183198200037 0.00199999999641 0
0.018319820074 0 1
0.0183198200037 0.0139999999554 0
0.0183198200037 0.014999999978 0
0.0186412994296 0.0129999999329 0
0.0183198200037 0.0109999999657 0
0.0188020390647 0.00999999994314 0
0.018694879282 0.0119999999882 0
0.0193378380666 0.019 21
0.0193378380559 0.014999999978 0
0.0193378380559 0.0179999999677 0
0.019498577691 0.0159999999227 0
0.0193378380559 0.0169999999452 0
0.0189091988473 0.00799999997593 0
0.0193378380559 0.00899999999846 0
0.0191503083778 0.00699999995339 0
0.0191770983429 0.00299999994109 0
0.0193378380559 0.00599999993085 0
0.0190699385603 0.00499999998617 0
0.0197664771866 0.0034999998745 0
0.0197396872214 0.0044999999749 0
0.0192842581256 0.000999999973876 0
0.0193378380559 0.00199999999641 0
0.0193378380666 0 1
0.0193378380559 0.0139999999554 0
0.019498577691 0.0129999999329 0
0.0193378380559 0.0109999999657 0
0.0195789475085 0.00999999994314 0
0.0195253676561 0.0119999999882 0
0.0203558560592 0.019 21
0.0203558560302 0.014999999978 0
0.0204094358826 0.0179999999677 0
0.0205165956653 0.0159999999227 0
0.0204630158129 0.0169999999452 0
0.0199272168995 0.00799999997593 0
0.0201147464997 0.00899999999846 0
0.0199807967519 0.00699999995339 0
0.0203558560302 0.00599999993085 0
0.0203558560302 0.00299999994109 0
0.0203558560302 0.00499999998617 0
0.0203558560302 0.00399999996363 0
0.0203558560302 0.00199999999641 0
0.0203558560302 0.000999999973876 0
0.0203558560592 0 1
0.0203558560302 0.00999999994314 0
0.0203558560302 0.0119999999882 0
0.0206237555258 0.0139999999554 0
0.0203558560302 0.0129999999329 0
0.0203558560302 0.0109999999657 0
0.0213738740518 0.019 21
0.0215881935699 0.014999999978 0
0.0215346137175 0.0159999999227 0
0.0214274539348 0.0179999999677 0
0.0213738740045 0.0169999999452 0
0.0208916549436 0.00899999999846 0
0.0209988147262 0.00699999995339 0
0.0209452348738 0.00799999997593 0
0.0212131342916 0.00599999993085 0
0.0212131342916 0.00299999994109 0
0.0213738740045 0.00499999998617 0
0.0213738740045 0.00399999996363 0
0.0213738740045 0.00199999999641 0
0.0213738740045 0.000999999973876 0
0.0213738740518 0 1
0.0213738740045 0.00999999994314 0
0.0216417735001 0.0139999999554 0
0.0213738740045 0.0119999999882 0
0.0213738740045 0.0129999999329 0
0.0218025131352 0.0109999999657 0
0.0223918920444 0.019 21
0.0226062115442 0.014999999978 0
0.0223918919789 0.0179999999677 0
0.0225526316918 0.0159999999227 0
0.0223918919789 0.0169999999452 0
0.0219096729179 0.00899999999846 0
0.0220168327784 0.00699999995339 0
0.0223918919789 0.00799999997593 0
0.0220704126308 0.00599999993085 0
0.0223918919789 0.00499999998617 0
0.0223918919789 0.00299999994109 0
0.0223918919789 0.00399999996363 0
0.0223918919789 0.000999999973876 0
0.0222847321962 0.00199999999641 0
0.0223918920444 0 1
0.0228741110398 0.00999999994314 0
0.0226597914745 0.0139999999554 0
0.0223918919789 0.0129999999329 0
0.0223918919789 0.0119999999882 0
0.0226062115442 0.0109999999657 0
0.023409910037 0.019 21
0.023409910031 0.014999999978 0
0.0234634898835 0.0179999999677 0
0.0235706496661 0.0159999999227 0
0.0235170698137 0.0169999999452 0
0.0231955903878 0.00799999997593 0
0.0229276909701 0.00899999999846 0
0.0230348507528 0.00699999995339 0
0.023409910031 0.00599999993085 0
0.0231420105354 0.00499999998617 0
0.023409910031 0.00399999996363 0
0.0232491703181 0.00299999994109 0
0.0233563301008 0.000999999973876 0
0.023409910031 0.00199999999641 0
0.023409910037 0 1
0.023409910031 0.0109999999657 0
0.0236510194837 0.00999999994314 0
0.0236778094488 0.0139999999554 0
0.0237313893791 0.0129999999329 0
0.023409910031 0.0119999999882 0
0.0244279280296 0.019 21
0.0244279280054 0.014999999978 0
0.0244815078578 0.0179999999677 0
0.0244279280054 0.0159999999227 0
0.024535087788 0.0169999999452 0
0.0239992888747 0.00799999997593 0
0.0239457089444 0.00899999999846 0
0.0244279280054 0.00699999995339 0
0.0244279280054 0.00599999993085 0
0.0241600285098 0.00499999998617 0
0.02421360844 0.00399999996363 0
0.0244279280054 0.00299999994109 0
0.0244279280054 0.000999999973876 0
0.0244279280054 0.00199999999641 0
0.0244279280296 0 1
0.0244279280054 0.0109999999657 0
0.0244279280054 0.00999999994314 0
0.024695827501 0.0139999999554 0
0.0247494073534 0.0129999999329 0
0.0248029872837 0.0119999999882 0
0.0254459460222 0.019 21
0.0254459459797 0.014999999978 0
0.0255531057624 0.0169999999452 0
0.02549952591 0.0179999999677 0
0.0256066856926 0.0159999999227 0
0.0254459459797 0.00699999995339 0
0.025017306849 0.00799999997593 0
0.0249637269187 0.00899999999846 0
0.0254459459797 0.00499999998617 0
0.0254459459797 0.00599999993085 0
0.0252316264144 0.00399999996363 0
0.0258745851104 0.0034999998745 0
0.0252852062668 0.00299999994109 0
0.0254459459797 0.00199999999641 0
0.0254459459797 0.000999999973876 0
0.0254459460222 0 1
0.0254459459797 0.0109999999657 0
0.0254459459797 0.00999999994314 0
0.0257138454753 0.0139999999554 0
0.0256334755799 0.0124999999216 0
0.0264639640148 0.019 21
0.0266782835194 0.014999999978 0
0.0265175438843 0.0179999999677 0
0.026463963954 0.0169999999452 0
0.026624703667 0.0159999999227 0
0.0260353248233 0.00799999997593 0
0.0262764343538 0.00699999995339 0
0.0259817448931 0.00899999999846 0
0.0263032242411 0.00599999993085 0
0.0261960645363 0.00499999998617 0
0.026463963954 0.00399999996363 0
0.026463963954 0.00299999994109 0
0.026463963954 0.00199999999641 0
0.0264103841016 0.000999999973876 0
0.0264639640148 0 1
0.026463963954 0.00999999994314 0
0.026463963954 0.0119999999882 0
0.026463963954 0.0109999999657 0
0.0267318634496 0.0139999999554 0
0.026463963954 0.0129999999329 0
0.0274819820074 0.019 21
0.0274819820062 0.014999999978 0
0.0275355618586 0.0179999999677 0
0.0275891417889 0.0169999999452 0
0.0276427216413 0.0159999999227 0
0.027749881424 0.0139999999554 0
0.0274819820062 0.00399999996363 0
0.0270533427977 0.00799999997593 0
0.0271069227279 0.00699999995339 0
0.0274819820062 0.00899999999846 0
0.0271605025803 0.00599999993085 0
0.0274819820062 0.00499999998617 0
0.0273212422933 0.00299999994109 0
0.0274819820062 0.00199999999641 0
0.0274819820062 0.000999999973876 0
0.0274819820074 0 1
0.0274819820062 0.00999999994314 0
0.0274819820062 0.0119999999882 0
0.0274819820062 0.0109999999657 0
0.0278034613542 0.0129999999329 0
0.0285 0.019 21
0.0287143195459 0.014999999978 0
0.0284999999805 0.0179999999677 0
0.0284999999805 0.0169999999452 0
0.0286607396156 0.0159999999227 0
0.0287678993983 0.0139999999554 0
0.076 0 3
0.076 0.0019 4
0.0748532274384 0 2
0.0282856804152 0.00399999996363 0
0.028071360772 0.00799999997593 0
0.0281249407022 0.00699999995339 0
0.0284999999805 0.00899999999846 0
0.0281785206325 0.00599999993085 0
0.0284999999805 0.00499999998617 0
0.0283928401979 0.00199999999641 0
0.0284999999805 0.00299999994109 0
0.0284999999805 0.000999999973876 0
0.0285 0 1
0.0284999999805 0.00999999994314 0
0.0284999999805 0.0119999999882 0
0.0284999999805 0.0109999999657 0
0.0288214793286 0.0129999999329 0
0.0292769084244 0.00899999999846 0
0.0295180179549 0.00999999994314 0
0.0295180179926 0.019 21
0.0295180179549 0.014999999978 0
0.0295715978851 0.0179999999677 0
0.0296251777375 0.0169999999452 0
0.0296787576678 0.0159999999227 0
0.0297859174505 0.0139999999554 0
0.0748530441506 0.000949999980535 0
0.0748528609839 0.0019 4
0.0738616272907 0 2
0.0292501184592 0.00499999998617 0
0.0295180179549 0.00399999996363 0
0.0291429586766 0.00699999995339 0
0.0290893788242 0.00799999997593 0
0.0291965386068 0.00599999993085 0
0.0295180179549 0.00299999994109 0
0.0294644380246 0.000999999973876 0
0.0295180179549 0.00199999999641 0
0.0295180179926 0 1
0.0295180179549 0.0119999999882 0
0.0295180179549 0.0109999999657 0
0.0298394973029 0.0129999999329 0
0.0300538168682 0.00899999999846 0
0.0305360359292 0.00999999994314 0
0.0303217163638 0.00399999996363 0
0.0305360359852 0.019 21
0.0305896158595 0.0179999999677 0
0.0305360359292 0.014999999978 0
0.0305360359292 0.0169999999452 0
0.0306967756421 0.0159999999227 0
0.0308039354248 0.0139999999554 0
0.0738612607763 0.000949999980535 0
0.0738608943815 0.0019 4
0.0728700271429 0 2
0.0302681365114 0.00499999998617 0
0.0301609766509 0.00699999995339 0
0.0305360359292 0.00799999997593 0
0.0305360359292 0.00599999993085 0
0.0305360359292 0.00299999994109 0
0.0305360359292 0.00199999999641 0
0.0305360359852 0 1
0.0305360359292 0.000999999973876 0
0.0315540539778 0 1
0.0305360359292 0.0119999999882 0
0.0309646751377 0.0109999999657 0
0.0308575152772 0.0129999999329 0
0.0310718349204 0.00899999999846 0
0.0315540539035 0.00999999994314 0
0.0313397343382 0.00399999996363 0
0.0315540539778 0.019 21
0.0316076338338 0.0179999999677 0
0.0315540539035 0.014999999978 0
0.031661213764 0.0169999999452 0
0.0317147936165 0.0159999999227 0
0.0318219533991 0.0139999999554 0
0.0728694774019 0.000949999980535 0
0.0728689277791 0.0019 4
0.0718784269952 0 2
0.0315540539035 0.00499999998617 0
0.0311789947031 0.00699999995339 0
0.0321434327471 0.00799999997593 0
0.0313397343382 0.00799999997593 0
0.0315540539035 0.00599999993085 0
0.0315540539035 0.00299999994109 0
0.0314468941208 0.00199999999641 0
0.0315540539035 0.000999999973876 0
0.0325720719704 0 1
0.0315540539035 0.0119999999882 0
0.0317683735467 0.0109999999657 0
0.0318755333294 0.0129999999329 0
0.0320898528947 0.00899999999846 0
0.0323309622695 0.00999999994314 0
0.0328667613386 0.00849999998719 0
0.0323577523904 0.00399999996363 0
0.0325720719704 0.019 21
0.0325720719557 0.0179999999677 0
0.0325720719557 0.014999999978 0
0.0325720719557 0.0169999999452 0
0.0325720719557 0.0159999999227 0
0.0325720719557 0.0139999999554 0
0.0718776940276 0.000949999980535 0
0.0718769611768 0.0019 4
0.0708868268474 0 2
0.0708849945744 0.0019 4
0.0323041724601 0.00499999998617 0
0.0325720719557 0.00599999993085 0
0.0328935512259 0.0074999998868 0
0.0321970126774 0.00699999995339 0
0.0326256518081 0.000999999973876 0
0.0324113322428 0.00299999994109 0
0.0325720719557 0.00199999999641 0
0.033590089963 0 1
0.03359008993 0.000999999973876 0
0.0325720719557 0.0109999999657 0
0.0325720719557 0.0119999999882 0
0.0329069462474 0.0127499998883 0
0.0331078708691 0.00999999994314 0
0.03359008993 0.00899999999846 0
0.03359008993 0.00799999997593 0
0.0332418206169 0.0134999999442 0
0.0330007110864 0.0034999998745 0
0.0329739211213 0.0044999999749 0
0.033590089963 0.019 21
0.0336436697824 0.0179999999677 0
0.03359008993 0.0169999999452 0
0.03359008993 0.014999999978 0
0.03359008993 0.0159999999227 0
0.0338579894256 0.0139999999554 0
0.0708859106532 0.000949999980535 0
0.0698952266996 0 2
0.0698930279721 0.0019 4
0.03359008993 0.00499999998617 0
0.03359008993 0.00599999993085 0
0.03359008993 0.00699999995339 0
0.03359008993 0.00199999999641 0
0.03359008993 0.00299999994109 0
0.0346081079556 0 1
0.0345545280519 0.000999999973876 0
0.03359008993 0.0109999999657 0
0.03359008993 0.0119999999882 0
0.033911569278 0.0129999999329 0
0.034072308991 0.00999999994314 0
0.0346081079044 0.00899999999846 0
0.034393788339 0.00799999997593 0
0.03359008993 0.00399999996363 0
0.0346081079556 0.019 21
0.0346081079044 0.0179999999677 0
0.034715267687 0.0169999999452 0
0.0346081079044 0.014999999978 0
0.0347688476173 0.0159999999227 0
0.0346081079044 0.0139999999554 0
0.0349295872524 0.0129999999329 0
0.0689036265519 0 2
0.0693983271923 0.000949999980535 0
0.0689010613697 0.0019 4
0.0679120264041 0 2
0.0343402084087 0.00499999998617 0
0.0346081079044 0.00699999995339 0
0.0346081079044 0.00599999993085 0
0.0346081079044 0.00199999999641 0
0.0344473682693 0.00299999994109 0
0.0356261259482 0 1
0.0355725460263 0.000999999973876 0
0.0346081079044 0.0109999999657 0
0.0349831671826 0.0119999999882 0
0.0350903269653 0.00999999994314 0
0.0353850163482 0.00899999999846 0
0.035197486748 0.00799999997593 0
0.0346081079044 0.00399999996363 0
0.0356261259482 0.019 21
0.0356797058089 0.0179999999677 0
0.0357332856614 0.0169999999452 0
0.0356261258787 0.0159999999227 0
0.0356261258787 0.014999999978 0
0.0356261258787 0.0139999999554 0
0.0359476053046 0.0129999999329 0
0.0679105605302 0.000949999980535 0
0.0679090947674 0.0019 4
0.0669204262564 0 2
0.0353582264609 0.00499999998617 0
0.0356261258787 0.00699999995339 0
0.0356261258787 0.00599999993085 0
0.0356261258787 0.00199999999641 0
0.0354653862436 0.00299999994109 0
0.0366441439408 0 1
0.0366441439309 0.000999999973876 0
0.0366441439309 0.00199999999641 0
0.0356261258787 0.0109999999657 0
0.036001185157 0.0119999999882 0
0.0358672354092 0.00999999994314 0
0.0361619248699 0.00899999999846 0
0.0362155047223 0.00799999997593 0
0.0354118063133 0.00399999996363 0
0.0366441439408 0.019 21
0.0366977237833 0.0179999999677 0
0.0369656232789 0.0129999999329 0
0.0367513037135 0.0169999999452 0
0.0366441439309 0.0159999999227 0
0.0366441439309 0.014999999978 0
0.0369120433486 0.0139999999554 0
0.0669187771558 0.000949999980535 0
0.066917128165 0.0019 4
0.0659288261086 0 2
0.0363762444353 0.00499999998617 0
0.0366441439309 0.00699999995339 0
0.0366441439309 0.00599999993085 0
0.0364298242877 0.00399999996363 0
0.0364834042179 0.00299999994109 0
0.0375014221923 0.00299999994109 0
0.0376621619052 0.000999999973876 0
0.0376621619334 0 1
0.0376621619052 0.00199999999641 0
0.0370192031313 0.0119999999882 0
0.0366441439309 0.00999999994314 0
0.0366441439309 0.0109999999657 0
0.0372335227745 0.00799999997593 0
0.0371799428442 0.00899999999846 0
0.0376621619334 0.019 21
0.0377157417576 0.0179999999677 0
0.0378229015403 0.0129999999329 0
0.0376621619052 0.0139999999554 0
0.0378229015403 0.0159999999227 0
0.0377693216879 0.0169999999452 0
0.0376621619052 0.014999999978 0
0.0659269937814 0.000949999980535 0
0.0659251615627 0.0019 4
0.0649331949603 0.0019 4
0.0649372259608 0 2
0.0373942624096 0.00499999998617 0
0.0376621619052 0.00699999995339 0
0.0376621619052 0.00599999993085 0
0.0374478423398 0.00399999996363 0
0.0385194401666 0.00299999994109 0
0.0386266000271 0.000999999973876 0
0.038680179926 0 1
0.0386801798795 0.00199999999641 0
0.0376621619052 0.0109999999657 0
0.0380372211835 0.0119999999882 0
0.0376621619052 0.00999999994314 0
0.0382515407488 0.00799999997593 0
0.0386801798795 0.00899999999846 0
0.038680179926 0.019 21
0.0386801798795 0.0179999999677 0
0.0386801798795 0.0129999999329 0
0.0386801798795 0.0139999999554 0
0.0386801798795 0.0159999999227 0
0.0387873396622 0.0169999999452 0
0.0388944994449 0.014999999978 0
0.0649352104071 0.000949999980535 0
0.0639412283579 0.0019 4
0.0639456258131 0 2
0.0386801798795 0.00699999995339 0
0.0384122803839 0.00499999998617 0
0.0385194401666 0.00599999993085 0
0.0386801798795 0.00399999996363 0
0.0395374582188 0.00299999994109 0
0.0396446180014 0.000999999973876 0
0.0396981979185 0 1
0.0396981978538 0.00199999999641 0
0.0386801798795 0.0109999999657 0
0.0390552391578 0.0119999999882 0
0.0391623989405 0.00999999994314 0
0.0392695587231 0.00799999997593 0
0.0396981978538 0.00899999999846 0
0.0396981979185 0.019 21
0.0396981978538 0.0179999999677 0
0.0396981978538 0.0129999999329 0
0.0399660973495 0.0139999999554 0
0.0398053576365 0.0169999999452 0
0.0396981978538 0.0159999999227 0
0.0399125174192 0.014999999978 0
0.0634476269462 0.000949999980535 0
0.0629492617556 0.0019 4
0.0629540256653 0 2
0.0619572951532 0.0019 4
0.0619624255176 0 2
0.0393767185058 0.00599999993085 0
0.0396981978538 0.00699999995339 0
0.0396981978538 0.00399999996363 0
0.0394302984361 0.00499999998617 0
0.0405554761931 0.00299999994109 0
0.0406626359758 0.000999999973876 0
0.0407162159111 0 1
0.040716215906 0.00199999999641 0
0.0396981978538 0.0109999999657 0
0.0400732571321 0.0119999999882 0
0.0401804169148 0.00999999994314 0
0.0404751062977 0.00899999999846 0
0.0402875766975 0.00799999997593 0
0.0407162159111 0.019 21
0.040716215906 0.0179999999677 0
0.0408233756887 0.0169999999452 0
0.041037695254 0.0129999999329 0
0.040716215906 0.0139999999554 0
0.040716215906 0.0159999999227 0
0.0409305354714 0.014999999978 0
0.061959860284 0.000949999980535 0
0.0609653285509 0.0019 4
0.0609708253698 0 2
0.040716215906 0.00399999996363 0
0.040716215906 0.00699999995339 0
0.0403947364801 0.00599999993085 0
0.040716215906 0.00499999998617 0
0.0415734941674 0.00299999994109 0
0.0417342339037 0 1
0.0417342338804 0.000999999973876 0
0.0417342338804 0.00199999999641 0
0.0410912751065 0.0119999999882 0
0.040716215906 0.0109999999657 0
0.0409573253586 0.00999999994314 0
0.0412520148194 0.00899999999846 0
0.0413055946718 0.00799999997593 0
0.0417342338804 0.00699999995339 0
0.0420557132284 0.0129999999329 0
0.0417342339037 0.019 21
0.0417342338804 0.0169999999452 0
0.0417878137328 0.0179999999677 0
0.0421092931586 0.0119999999882 0
0.0420021332981 0.0139999999554 0
0.0417342338804 0.014999999978 0
0.0418949735154 0.0159999999227 0
0.0604722768231 0.000949999980535 0
0.0599733619485 0.0019 4
0.059979225222 0 2
0.0427522518963 0 1
0.041519914315 0.00399999996363 0
0.0414663343847 0.00499999998617 0
0.0417342338804 0.00599999993085 0
0.0425915121417 0.00299999994109 0
0.0426986719244 0.000999999973876 0
0.042645092072 0.00199999999641 0
0.0417342338804 0.0109999999657 0
0.0417342338804 0.00999999994314 0
0.0427522518547 0.00899999999846 0
0.042323612724 0.00799999997593 0
0.0427522518547 0.00699999995339 0
0.0427522518547 0.0139999999554 0
0.0430737312027 0.0129999999329 0
0.0427522518963 0.019 21
0.0428594116374 0.0169999999452 0
0.0427522518547 0.0179999999677 0
0.0427522518547 0.0109999999657 0
0.043127311133 0.0119999999882 0
0.04296657142 0.014999999978 0
0.0427522518547 0.0159999999227 0
0.0589813953462 0.0019 4
0.0589876250743 0 2
0.0594804934487 0.000949999980535 0
0.0437702698889 0 1
0.0437166899766 0.000999999973876 0
0.0427522518547 0.00399999996363 0
0.0424843523591 0.00499999998617 0
0.0427522518547 0.00599999993085 0
0.0436095301939 0.00299999994109 0
0.043770269829 0.00199999999641 0
0.0427522518547 0.00999999994314 0
0.0435827402288 0.00699999995339 0
0.043770269829 0.00899999999846 0
0.0433416306983 0.00799999997593 0
0.043770269829 0.0169999999452 0
0.043770269829 0.014999999978 0
0.0440381693246 0.0139999999554 0
0.0439310095419 0.0129999999329 0
0.0437702698889 0.019 21
0.0438238497593 0.0179999999677 0
0.043770269829 0.0109999999657 0
0.0439577995071 0.0119999999882 0
0.0439310095419 0.0159999999227 0
0.0579960072595 0 2
0.0579894555014 0.00189999920205 4
0.0579927313803 0.000949999591243 0
0.0447347079509 0.000999999973876 0
0.0447882878815 0 1
0.0446811280207 0.00199999999641 0
0.0441989090376 0.0034999998745 0
0.0435559502637 0.00399999996363 0
0.0435023704113 0.00499999998617 0
0.043770269829 0.00599999993085 0
0.0447882878812 0.00299999994109 0
0.0454348330543 0.00228297524642 0
0.04425248889 0.00999999994314 0
0.0444132286029 0.00699999995339 0
0.0447882878812 0.00899999999846 0
0.0447882878812 0.00799999997593 0
0.0447882878812 0.00599999993085 0
0.0447882878812 0.0169999999452 0
0.0447882878812 0.014999999978 0
0.0447882878812 0.0139999999554 0
0.0447882878812 0.0129999999329 0
0.0447882878812 0.0179999999677 0
0.0447882878815 0.019 21
0.0447882878812 0.0119999999882 0
0.0447882878812 0.0109999999657 0
0.0447882878812 0.0159999999227 0
0.057 0.0019 5
0.057 0 2
0.0569999999221 0.000949999980535 0
0.0559864666682 0 1
0.0458063058741 0 1
0.0457313156757 0.000924462915468 0
0.0468243238667 0 1
0.0447882878812 0.00399999996363 0
0.0445203883856 0.00499999998617 0
0.0455193202664 0.00330652912059 0
0.0462498463374 0.00261353866492 0
0.0460813782274 0.00156595055174 0
0.0452603642287 0.0101010236921 0
0.0457324406541 0.00920204757429 0
0.0457719977114 0.00703127122408 0
0.0456919042139 0.00800520676761 0
0.0458520912089 0.00605733583626 0
0.0457945003167 0.0051516626359 0
0.045546282299 0.0171200626054 0
0.045546282299 0.0151200625603 0
0.0457318344473 0.013659866084 0
0.0461394770689 0.0129960316374 0
0.0456731435693 0.0121671260501 0
0.0456762940383 0.0180600312589 0
0.0458063058741 0.019 21
0.0457990042012 0.0111970980724 0
0.0465582198307 0.0107312649698 0
0.0459252795079 0.0161800939518 0
0.0560384078644 0.00191362157086 5
0.0560124372607 0.000956810736569 0
0.0550396007687 0.00099736570711 0
0.0549684678075 0 1
0.0467279234004 0.000848925857059 0
0.0478423418593 0 1
0.0457369095023 0.00424598951339 0
0.0466984710616 0.00331835996347 0
0.0469617653787 0.0019381992136 0
0.0465499107643 0.00478172006694 0
0.0468601713157 0.00846338598376 0
0.0466754984242 0.00940386079583 0
0.0465955205467 0.00682725273648 0
0.0470372621063 0.0074213785391 0
0.0468962824306 0.00611361473376 0
0.0472460014703 0.00542080864717 0
0.0463042767947 0.0152401252983 0
0.0463266014152 0.0171655839403 0
0.0466753810913 0.0143197322351 0
0.0470431770217 0.0134075444527 0
0.0465471196904 0.0123321972688 0
0.0467279234004 0.0181510740067 0
0.0468243238667 0.019 21
0.0468291630512 0.0166305753693 0
0.0467954546517 0.0113914142146 0
0.0473174355379 0.0102654318672 0
0.0475877692038 0.00959908570326 0
0.0471243420088 0.0157022745228 0
0.0551078195964 0.00195387121487 5
0.0542855382086 0.00103870136551 0
0.0539504498149 0 1
0.0476736844199 0.00126285984014 0
0.0482456889686 0.000745417174041 0
0.0488603598519 0 1
0.0471470957858 0.00402318126203 0
0.0478789288685 0.00196705538939 0
0.0477845260564 0.00288737113908 0
0.04759572051 0.00472800263844 0
0.0474790037439 0.00801550441959 0
0.0478584029366 0.00893201039385 0
0.0480254562786 0.00735825579568 0
0.0477047961584 0.00669601075393 0
0.0481010521981 0.00582890323771 0
0.0474001198571 0.015013980418 0
0.0471142089498 0.0174020952995 0
0.0476213485917 0.0143313781638 0
0.0479125082565 0.0136054592179 0
0.0474109729521 0.0124953565924 0
0.0478423418593 0.019 21
0.0479437964225 0.0161640796124 0
0.0477086736708 0.0180130960123 0
0.0477330465167 0.0170810567867 0
0.0477787689604 0.0115831687321 0
0.0481434455651 0.0106787172105 0
0.0485000400613 0.00979431061069 0
0.0482555562184 0.0152535518525 0
0.05415 0.0020272758664 6
0.0535080940199 0.00108131880949 0
0.0529324318223 0 1
0.0486369301379 0.00146846165957 0
0.0498783778445 0 1
0.0508963958371 0 1
0.0494984690537 0.000745442400217 0
0.0519144138297 0 1
0.0488874892848 0.00238962824767 0
0.0481400493744 0.00402568301351 0
0.0485059658769 0.00299761996041 0
0.0484973083156 0.00496179572149 0
0.0483461163988 0.00802050091528 0
0.0488566346353 0.00890990401084 0
0.0486448733468 0.00692035569984 0
0.0490936471702 0.00591050314276 0
0.0485673160921 0.0143430240926 0
0.049236244669 0.00990688771462 0
0.048993162436 0.0158606208634 0
0.0490203476113 0.013649831594 0
0.0484428419656 0.0127261467484 0
0.0488603598519 0.019 21
0.0487416319256 0.0166137013156 0
0.0486369301379 0.017531538282 0
0.0487425318149 0.0115797327557 0
0.049212179598 0.0107299379484 0
0.0494962234569 0.0143544600369 0
0.0498112675607 0.015261115423 0
0.053065738272 0.00216263777293 6
0.0524900760456 0.00108131880949 0
0.0501173837005 0.00146846165957 0
0.0495394675066 0.00193667692289 0
0.0510361566827 0.000986903851421 0
0.0492274057752 0.00310786893746 0
0.0498960497011 0.00281220118381 0
0.0491330030409 0.004028184765 0
0.0499384429903 0.00462959213441 0
0.0493857507143 0.00519218000075 0
0.0492132291315 0.00802549741098 0
0.0496810389853 0.00925858846587 0
0.0495698236277 0.00714109073327 0
0.0499184284334 0.00627649983952 0
0.0499724493546 0.0100194648185 0
0.0494339717951 0.0163907361013 0
0.0491079554726 0.0122681859255 0
0.0497733147014 0.0136381352128 0
0.0494733792082 0.0129566391732 0
0.0492740222688 0.0178199268825 0
0.0498783778445 0.019 21
0.0495394675066 0.0170633230187 0
0.0501263116646 0.0161677708871 0
0.0497053418363 0.0115763002829 0
0.0502638597239 0.0107803413269 0
0.0504952567874 0.00960296453922 0
0.0507131558226 0.0152722187555 0
0.0504054339277 0.0143656534516 0
0.0520636551984 0.002375 7
0.0516877428087 0.00161013832517 0
0.0507176869576 0.00216973899186 0
0.0504253283488 0.00325941300859 0
0.0499016443064 0.00367827582828 0
0.0506092141681 0.00456324986137 0
0.0502638212618 0.00541987481152 0
0.0506092141681 0.00633658321806 0
0.0503759356523 0.00885035653282 0
0.0502566145171 0.00809774868213 0
0.0504329143426 0.00721716587224 0
0.0501173837005 0.017531538282 0
0.0498086735468 0.0123781342128 0
0.0504685098002 0.0131792123695 0
0.0505009554117 0.0182545826897 0
0.0508963958371 0.019 21
0.0506397585512 0.0166942087871 0
0.0513 0.01615 15
0.0506390378923 0.0115729715177 0
0.0511158155737 0.0092121965164 0
0.0512999999805 0.0108299999883 0
0.0512999999805 0.00994333330998 0
0.0513545467585 0.0152339285349 0
0.0512999999805 0.0143766666238 0
0.0514636403923 0.0134017856437 0
0.0513 0.00285 7
0.0509546070743 0.00370662491122 0
0.0512999999805 0.00462333331776 0
0.0512999999805 0.00550999999611 0
0.0511391911292 0.00710322577623 0
0.0512999999805 0.00639666659659 0
0.0512999999805 0.00816999995328 0
0.0509025632157 0.0174606999103 0
0.0505093916989 0.0124880825779 0
0.0517363743599 0.00882142849357 0
0.0515181871702 0.012485714276 0
0.0512987278494 0.0181813827119 0
0.0519144138297 0.019 21
0.0520636551984 0.016625 16
0.0516877428087 0.0173898616164 0
0.0520636551984 0.015675 15
0.0515727339482 0.0115696428304 0
0.0520636551833 0.00949999993187 0
0.0520636551833 0.0103821427939 0
0.0520636551833 0.0147928571039 0
0.0520636551833 0.0139107142419 0
0.0520636551833 0.0130285713799 0
0.0520636551984 0.003325 8
0.052142702106 0.00428244857828 0
0.0520636551833 0.00508928569969 0
0.0520636551833 0.0059714285617 0
0.0524645050342 0.00818025688523 0
0.0518454679937 0.00698928568022 0
0.0528327448363 0.00927401512882 0
0.0520636551833 0.0121464285179 0
0.0521372861862 0.0180518271459 0
0.0529324318223 0.019 21
0.053065738272 0.0168373622271 16
0.053065738272 0.0154626377729 14
0.0527163064146 0.0112301778419 0
0.053065738234 0.0100420579733 0
0.0531643074916 0.0143908273843 0
0.0528892416599 0.0133248391895 0
0.053065738234 0.0122102898277 0
0.053065738272 0.00353736222707 8
0.053657153702 0.00903177571481 0
0.053065738234 0.00462147818168 0
0.053065738234 0.00570559410886 0
0.0537557229597 0.00795996541205 0
0.053065738234 0.00678971003605 0
0.0529990849938 0.0179186810543 0
0.0539504498149 0.019 21
0.05415 0.0169727241336 17
0.05415 0.0153272758664 14
0.0541499999903 0.0142677711401 0
0.0541499999903 0.0110892570272 0
0.0541499999903 0.0100297523489 0
0.0541499999903 0.0132082663839 0
0.0541499999903 0.0121487617056 0
0.05415 0.0036727241336 9
0.0545616496808 0.00865004590377 0
0.0541499999903 0.00579173347982 0
0.0542332912948 0.00467981238964 0
0.0544806203234 0.00767030693835 0
0.0543995909659 0.00669056789506 0
0.0540502248591 0.0179863620275 0
0.054799829627 0.0115299161971 0
0.0549684678075 0.019 21
0.0550396007687 0.0180026342345 0
0.0551078195964 0.0170461287851 17
0.0551078195964 0.0152538712149 13
0.0549548086624 0.0134037922147 0
0.0551853685906 0.0142982467741 0
0.0547210621388 0.0105775268442 0
0.055107819589 0.00949999993187 0
0.0548783031991 0.0124787527079 0
0.0551078195964 0.00374612878513 9
0.0552595140828 0.00763288320581 0
0.0556506626783 0.00856450036011 0
0.055107819589 0.00470510731456 0
0.055107819589 0.00566408583803 0
0.055107819589 0.00662306436149 0
0.0554191186957 0.0119433634863 0
0.0553797349516 0.0109910336174 0
0.0559864666682 0.019 21
0.0560384078644 0.0170863784291 17
0.0560124372607 0.018043189205 0
0.0560384078644 0.0152136215709 13
0.0560384078423 0.0142613512341 0
0.0560384078423 0.0133090810048 0
0.0565192038822 0.00949318917584 0
0.0560384078423 0.010452270239 0
0.0560384078423 0.0123568107755 0
0.0564390712219 0.00854205404659 0
0.0560384078644 0.00378637842914 9
0.0560384078423 0.00759545947327 0
0.0559608588406 0.00474200277672 0
0.0558833097611 0.00569762715311 0
0.0562788058233 0.00663978378809 0
0.0560384078423 0.0114045404683 0
0.0564869790777 0.0052669953881 0
0.0568364734954 0.0112295428274 0
0.057 0.019 21
0.057 0.0171 18
0.0569999999221 0.0180499999611 0
0.0569999999221 0.00898181815439 0
0.057 0.0152 13
0.0569999999221 0.0141636363185 0
0.0568397346015 0.0132977296928 0
0.0569999999221 0.0100181817872 0
0.0569999999221 0.0120909090529 0
0.0569999999221 0.00794545452157 0
0.057 0.0038 10
0.0569999999221 0.00690909088874 0
0.0570906483942 0.00483636362309 0
0.0571812968662 0.00587272725592 0
0.0576345391484 0.0110545453422 0
0.0579960072595 0.019 20
0.0579894555014 0.0171000007979 18
0.0584887012764 0.0180499999611 0
0.0579971330365 0.00898181815439 0
0.0579971330638 0.0151999999406 12
0.0579971330365 0.0141636362407 0
0.0579971330365 0.0131272726857 0
0.0584515222533 0.0100181817094 0
0.0582697665666 0.012090908975 0
0.0579971330365 0.00794545452157 0
0.0579971330638 0.00380000005944 10
0.0579971330365 0.00690909088874 0
0.0579971330365 0.00587272725592 0
0.0579971330365 0.00483636362309 0
0.05836064441 0.0110545453422 0
0.0585424004081 0.0136454544632 0
0.0589876250743 0.019 20
0.0589813953462 0.0171 18
0.0594804934487 0.0180499999611 0
0.0587695967683 0.00898181815439 0
0.0589967894348 0.0152 12
0.0590876679354 0.0141636363185 0
0.0591785464017 0.0131272726857 0
0.0594511819561 0.0100181817872 0
0.0591785487374 0.0110545453422 0
0.0589967893913 0.0120909090529 0
0.0589967893913 0.00794545452157 0
0.0589967893913 0.00690909088874 0
0.0589967894348 0.0038 10
0.0588150337046 0.00587272725592 0
0.0589967893913 0.00483636362309 0
0.059979225222 0.019 20
0.0599733619485 0.0171 18
0.0604722768231 0.0180499999611 0
0.0595420605001 0.00898181815439 0
0.0599964530815 0.0152 12
0.0599964530649 0.0131272726857 0
0.0599964530649 0.0141636363185 0
0.0604508456296 0.0100181817872 0
0.0599964530649 0.01105454542 0
0.0602690886193 0.0120909090529 0
0.0599964530649 0.00794545452157 0
0.0597238175105 0.00690909088874 0
0.0599055745208 0.00483636362309 0
0.0599964530815 0.0038 10
0.0599964530649 0.00587272725592 0
0.0605417240958 0.0136454544632 0
0.0609708253698 0.019 20
0.0609653285509 0.0171 18
0.0614640601975 0.0180499999611 0
0.0605417240958 0.00898181815439 0
0.0609961166605 0.00794545452157 0
0.0609961167282 0.0152 12
0.0611778737487 0.0131272726857 0
0.0610869952046 0.0141636363185 0
0.0612233129429 0.0100181817872 0
0.0609961166605 0.01105454542 0
0.0612687522149 0.0120909090529 0
0.0609961166605 0.00690909088874 0
0.0609961167282 0.0038 10
0.0609052381943 0.00483636362309 0
0.0609961166605 0.00587272725592 0
0.0619624255176 0.019 20
0.0619572951532 0.0171 18
0.0624558435718 0.0180499999611 0
0.0619957803341 0.00690909088874 0
0.0619957803341 0.0100181817872 0
0.0615413877693 0.00898181815439 0
0.0619957803341 0.00794545452157 0
0.0619957803749 0.0152 12
0.0620866588781 0.0141636363185 0
0.0619957803341 0.0131272726857 0
0.0619957803341 0.01105454542 0
0.0622684158885 0.0120909090529 0
0.0619957803341 0.00587272725592 0
0.0619957803749 0.0038 10
0.0619957803341 0.00483636362309 0
0.0629540256653 0.019 20
0.0629492617556 0.0171 18
0.0634476269462 0.0180499999611 0
0.0629954440076 0.00690909088874 0
0.0629954440076 0.0100181817872 0
0.0625410514429 0.00898181815439 0
0.0630863224738 0.00846363629905 0
0.0629954440216 0.0152 12
0.0630863224738 0.0141636363185 0
0.0631772010179 0.0131272726857 0
0.0629954440076 0.01105454542 0
0.0632680794841 0.0120909090529 0
0.0629954440216 0.0038 10
0.0629954440076 0.00587272725592 0
0.0629045654635 0.00483636362309 0
0.0639456258131 0.019 20
0.0639412283579 0.0171 18
0.0644394103205 0.0180499999611 0
0.0636315935826 0.00794545452157 0
0.0637224721267 0.00690909088874 0
0.0639951076033 0.0100181817872 0
0.0639951076033 0.00898181815439 0
0.0639951076683 0.0152 12
0.0639951076033 0.0141636363185 0
0.0641768646914 0.0131272726857 0
0.0643586217017 0.01105454542 0
0.0642677431577 0.0120909090529 0
0.0639951076683 0.0038 10
0.0639951076033 0.00587272725592 0
0.0639951076033 0.00483636362309 0
0.0649372259608 0.019 20
0.0649331949603 0.0171 18
0.0654311936949 0.0180499999611 0
0.0653582852974 0.01105454542 0
0.0649947712768 0.00587272725592 0
0.0646312572561 0.00794545452157 0
0.0649947712768 0.00690909088874 0
0.0654491638415 0.0100181817872 0
0.0649947712768 0.00898181815439 0
0.064994771315 0.0152 12
0.0650856498209 0.0141636363185 0
0.0649947712768 0.0131272726857 0
0.0652674068312 0.0120909090529 0
0.064994771315 0.0038 10
0.0649947712768 0.00483636362309 0
0.0659288261086 0.019 20
0.0659251615627 0.0171 18
0.0659944349503 0.0120909090529 0
0.0664229770692 0.0180499999611 0
0.0663579489709 0.01105454542 0
0.0658126778621 0.00587272725592 0
0.066448827515 0.0100181817872 0
0.0659944349503 0.00690909088874 0
0.0656309208518 0.00794545452157 0
0.0659944349503 0.00898181815439 0
0.0659944349617 0.0152 12
0.0659944349503 0.0141636363185 0
0.0661761919606 0.0131272726857 0
0.0659944349617 0.0038 10
0.0659035564062 0.00483636362309 0
0.0669204262564 0.019 20
0.066917128165 0.0171 18
0.0672667341004 0.0120909090529 0
0.0672212948283 0.0100181817872 0
0.0674147604436 0.0180499999611 0
0.0673576126445 0.01105454542 0
0.0668123415357 0.00587272725592 0
0.0667669022636 0.00898181815439 0
0.0667214629916 0.00690909088874 0
0.0666305845253 0.00794545452157 0
0.0669940986084 0.0152 12
0.066994098546 0.0141636363185 0
0.0671758556342 0.0131272726857 0
0.0669940986084 0.0038 10
0.066994098546 0.00483636362309 0
0.0673576125666 0.0063909090334 0
0.0679120264041 0.019 20
0.0679090947674 0.0171 18
0.0679937622195 0.0120909090529 0
0.0679937622195 0.0131272726857 0
0.0679937622195 0.0100181817872 0
0.0675393696548 0.00898181815439 0
0.0684065438179 0.0180499999611 0
0.0686299117945 0.01105454542 0
0.0679937622195 0.00587272725592 0
0.0676302481989 0.00794545452157 0
0.0674939303827 0.00716818177748 0
0.0679937622551 0.0152 12
0.0679937622195 0.0141636363185 0
0.0679937622195 0.00483636362309 0
0.0679937622551 0.0038 10
0.0682663977739 0.00690909088874 0
0.0689036265519 0.019 20
0.0689010613697 0.0171 18
0.0693569399137 0.0115727271975 0
0.0687207903386 0.0120909090529 0
0.068993425893 0.0131272726857 0
0.068993425893 0.0100181817872 0
0.0684481547842 0.00898181815439 0
0.0698941272789 0.0180499999611 0
0.068993425893 0.00483636362309 0
0.0699930894887 0.01105454542 0
0.068993425893 0.00587272725592 0
0.0683572762401 0.00794545452157 0
0.0689934259017 0.0152 12
0.0690843043593 0.0141636363185 0
0.0689934259017 0.0038 10
0.068993425893 0.00690909088874 0
0.0690388650872 0.00846363629905 0
0.0698952266996 0.019 20
0.0698930279721 0.0171 18
0.0699930894887 0.0120909090529 0
0.0699930894887 0.0131272726857 0
0.0699930894887 0.0100181817872 0
0.069538696924 0.00898181815439 0
0.0708849945744 0.0171 18
0.0708868268474 0.019 20
0.071381893941 0.0180499999611 0
0.0699930894887 0.00587272725592 0
0.0699022110225 0.00483636362309 0
0.0709583263617 0.0113507694731 0
0.0708941260557 0.0102773988068 0
0.0697204539343 0.00690909088874 0
0.0696295754681 0.00794545452157 0
0.0699930895484 0.0152 12
0.0699930894887 0.0141636363185 0
0.0699930895484 0.0038 10
0.0707439533075 0.0124796505729 0
0.0707439533075 0.0135160142057 0
0.0705621962193 0.00665010510907 0
0.0707439532296 0.0092410141522 0
0.0704031588061 0.00846374148597 0
0.0718769611768 0.0171 18
0.0718784269952 0.019 20
0.0723736773154 0.0180499999611 0
0.0707439533075 0.00561374139838 0
0.0707439533075 0.00457737784342 0
0.0717951626226 0.0105366159043 0
0.0719235632346 0.0116469935263 0
0.0717951626226 0.00939661597828 0
0.0707518984628 0.00760014017462 0
0.0709927531951 0.0152 12
0.0714948171263 0.0139047557258 0
0.0709927531951 0.0038 10
0.0714948171263 0.0128683920151 0
0.0714039385822 0.00639111932939 0
0.0714948170484 0.00846384659504 0
0.0728689277791 0.0171 18
0.0728700271429 0.019 20
0.0733654606897 0.0180499999611 0
0.0714948171263 0.00535475569657 0
0.0717080741557 0.00454013949213 0
0.072084622012 0.0124520634918 0
0.0726961991896 0.0099408330378 0
0.0726961991896 0.0107958330018 0
0.0728888001076 0.0119432175794 0
0.0726961991896 0.00908583307381 0
0.072132082726 0.00742758814914 0
0.072245680945 0.013257133613 0
0.0719924168418 0.0152 12
0.0726603473437 0.0145095114807 0
0.0719924168418 0.0038 10
0.072245680945 0.00613213362757 0
0.0728088286923 0.00826971240828 0
0.0738608943815 0.0171 18
0.0738616272907 0.019 20
0.0743572440641 0.0180499999611 0
0.0724233950714 0.00528027907184 0
0.0726603473437 0.00449048846088 0
0.0731387160649 0.01297958129 0
0.0735972357566 0.00972505012068 0
0.0735972357566 0.0110550500993 0
0.0738540370584 0.0122394417103 0
0.0735972357566 0.00877505009149 0
0.0729965447638 0.00690951148072 0
0.0733282778516 0.0138190230101 0
0.0737440603528 0.0144237787651 0
0.0729920804885 0.0152 12
0.0729920804885 0.0038 10
0.0731387160649 0.00602041865156 0
0.0737474085047 0.00768688933387 0
0.0748528609839 0.0171 18
0.0748532274384 0.019 20
0.0753736952904 0.0181376764159 0
0.0733282778516 0.0051809769315 0
0.0737440603528 0.00457622117654 0
0.0743969667265 0.0133370690576 0
0.0751984833049 0.0127160920151 0
0.0744982723235 0.00941426721622 0
0.0744982723235 0.0113142671968 0
0.0744982723235 0.0103642671676 0
0.075165458815 0.0117475575204 0
0.0744982723235 0.00846426726488 0
0.0743309176688 0.00656195395059 0
0.0744960401962 0.0141665805402 0
0.0739917441352 0.0152 12
0.0739917441352 0.0038 10
0.0739962083595 0.00587146540212 0
0.0745693580519 0.007500697811 0
0.076 0.0120951151122 11
0.076 0.0171 19
0.076 0.019 20
0.0744960401962 0.00535244244067 0
0.0746611627237 0.00448894623838 0
0.0752480201176 0.0136498708347 0
0.076 0.013133161157 11
0.076 0.0110570690673 11
0.0752491361423 0.00924164511803 0
0.0752491361423 0.010666645084 0
0.0752480201176 0.00612866362695 0
0.0752846789676 0.00824083739071 0
0.0753320694532 0.00725244242121 0
0.0749914077819 0.0152 12
0.0749914077819 0.0038 10
0.0753305813424 0.0051778924865 0
0.076 0.00482885979668 11
0.076 0.0141711402033 11
0.076 0.00586683884298 11
0.076 0.00898097697757 11
0.076 0.0100190230224 11
0.076 0.00690488488784 11
0.076 0.0079429309327 11
0.076 0.0152 12
0.076 0.0038 11

Edges
282
151 125 22
125 101 22
101 80 22
80 60 22
60 42 22
42 25 22
25 9 22
9 7 22
7 1 22
1 3 22
3 4 22
4 2 22
2 12 22
12 11 22
11 10 22
10 15 22
15 16 22
16 13 22
13 14 22
1262 1244 21
1244 1227 21
1227 1211 21
1211 1196 21
1196 1177 21
1177 1155 21
1155 1132 21
1132 1105 21
1105 1076 21
1076 1050 21
1050 1024 21
1024 996 21
996 969 21
969 944 21
944 920 21
920 895 21
895 870 21
870 847 21
847 823 21
823 799 21
799 775 21
775 751 21
751 728 21
728 700 21
700 675 21
675 651 21
651 627 21
627 602 21
602 582 21
582 562 21
562 542 21
542 522 21
522 502 21
502 482 21
482 462 21
462 442 21
442 421 21
421 400 21
400 380 21
380 360 21
360 340 21
340 339 21
339 317 21
317 296 21
296 295 21
295 273 21
273 253 21
253 231 21
231 229 21
229 207 21
207 206 21
206 181 21
181 179 21
179 180 21
180 152 21
152 151 21
1555 1536 20
1536 1519 20
1519 1502 20
1502 1487 20
1487 1470 20
1470 1463 20
1463 1446 20
1446 1430 20
1430 1414 20
1414 1399 20
1399 1384 20
1384 1369 20
1369 1354 20
1354 1339 20
1339 1324 20
1324 1308 20
1308 1293 20
1293 1277 20
1277 1262 20
1554 1555 19
1263 1278 18
1278 1294 18
1294 1309 18
1309 1325 18
1325 1340 18
1340 1355 18
1355 1370 18
1370 1385 18
1385 1400 18
1400 1415 18
1415 1431 18
1431 1447 18
1447 1464 18
1464 1469 18
1469 1486 18
1486 1501 18
1501 1518 18
1518 1535 18
1535 1554 18
1212 1229 17
1229 1245 17
1245 1263 17
1178 1197 16
1197 1212 16
1180 1157 15
1157 1178 15
1213 1198 14
1198 1180 14
1266 1247 13
1247 1230 13
1230 1213 13
1576 1566 12
1566 1549 12
1549 1531 12
1531 1513 12
1513 1495 12
1495 1478 12
1478 1458 12
1458 1441 12
1441 1424 12
1424 1409 12
1409 1393 12
1393 1376 12
1376 1361 12
1361 1346 12
1346 1329 12
1329 1312 12
1312 1297 12
1297 1281 12
1281 1266 12
1577 1569 11
1569 1571 11
1571 1574 11
1574 1575 11
1575 1572 11
1572 1573 11
1573 1560 11
1560 1553 11
1553 1559 11
1559 1570 11
1570 1576 11
1272 1287 10
1287 1305 10
1305 1321 10
1321 1336 10
1336 1352 10
1352 1366 10
1366 1381 10
1381 1397 10
1397 1412 10
1412 1427 10
1427 1444 10
1444 1460 10
1460 1480 10
1480 1497 10
1497 1515 10
1515 1532 10
1532 1550 10
1550 1567 10
1567 1577 10
1219 1236 9
1236 1254 9
1254 1272 9
1187 1204 8
1204 1219 8
1140 1165 7
1165 1187 7
1084 1112 6
1112 1140 6
1000 1028 5
1028 1056 5
1056 1084 5
609 634 4
634 658 4
658 682 4
682 707 4
707 709 4
709 736 4
736 760 4
760 783 4
783 807 4
807 831 4
831 832 4
832 855 4
855 878 4
878 880 4
880 903 4
903 928 4
928 951 4
951 975 4
975 1000 4
608 609 3
1001 974 2
974 952 2
952 929 2
929 904 2
904 881 2
881 879 2
879 856 2
856 833 2
833 808 2
808 784 2
784 761 2
761 758 2
758 735 2
735 708 2
708 683 2
683 659 2
659 635 2
635 610 2
610 608 2
14 31 1
31 49 1
49 69 1
69 91 1
91 115 1
115 143 1
143 172 1
172 199 1
199 222 1
222 245 1
245 265 1
265 287 1
287 308 1
308 331 1
331 352 1
352 372 1
372 392 1
392 414 1
414 436 1
436 456 1
456 476 1
476 496 1
496 516 1
516 536 1
536 557 1
557 576 1
576 597 1
597 620 1
620 644 1
644 666 1
666 668 1
668 692 1
692 717 1
717 742 1
742 767 1
767 790 1
790 816 1
816 840 1
840 863 1
863 888 1
888 910 1
910 930 1
930 954 1
954 978 1
978 1004 1
1004 1006 1
1006 1033 1
1033 1061 1
1061 1088 1
1088 1089 1
1089 1091 1
1091 1086 1
1086 1058 1
1058 1031 1
1031 1003 1
1003 1001 1

Triangles
2870
152 151 125 0
126 125 101 0
102 126 101 0
127 153 126 0
126 153 152 0
81 102 80 0
153 180 152 0
125 126 152 0
154 155 179 0
127 154 153 0
128 103 129 0
63 44 62 0
153 154 180 0
82 62 77 0
105 82 84 0
83 81 63 0
105 83 82 0
104 81 83 0
60 61 81 0
61 42 44 0
62 83 63 0
60 42 61 0
105 106 130 0
129 105 131 0
155 128 156 0
104 105 129 0
102 81 103 0
127 102 103 0
101 80 102 0
83 62 82 0
82 77 84 0
81 61 63 0
103 81 104 0
129 103 104 0
127 126 102 0
80 60 81 0
217 216 240 0
227 217 236 0
204 177 203 0
226 205 228 0
202 225 201 0
150 178 174 0
205 226 202 0
78 57 59 0
227 228 205 0
25 26 44 0
155 182 181 0
180 154 179 0
128 127 103 0
156 128 129 0
154 127 128 0
99 77 76 0
105 84 106 0
105 104 83 0
44 26 43 0
61 44 63 0
42 25 44 0
43 56 62 0
9 24 26 0
56 76 77 0
41 56 43 0
57 76 56 0
157 158 131 0
44 43 62 0
9 26 25 0
24 23 41 0
26 24 41 0
7 24 9 0
8 1 6 0
269 249 250 0
290 269 291 0
268 249 269 0
183 207 206 0
181 182 206 0
157 132 159 0
118 106 94 0
159 132 161 0
130 106 132 0
157 130 132 0
184 157 159 0
183 182 158 0
131 158 156 0
206 182 183 0
181 179 155 0
202 226 225 0
204 205 178 0
204 227 205 0
41 57 56 0
26 41 43 0
23 40 41 0
7 8 24 0
73 64 85 0
74 73 95 0
53 64 73 0
8 6 22 0
24 8 23 0
7 1 8 0
1 3 6 0
183 184 208 0
128 155 154 0
131 156 129 0
130 131 105 0
130 157 131 0
158 182 156 0
184 158 157 0
182 155 156 0
212 189 211 0
235 212 234 0
235 233 212 0
209 186 210 0
161 160 188 0
19 6 3 0
4 19 3 0
20 38 37 0
184 183 158 0
186 184 159 0
186 208 184 0
185 186 159 0
208 207 183 0
209 208 186 0
209 229 208 0
5 20 19 0
13 14 31 0
35 17 31 0
49 35 31 0
52 51 34 0
52 35 49 0
17 16 13 0
17 32 16 0
31 17 13 0
34 33 32 0
35 34 17 0
35 52 34 0
69 52 49 0
72 91 93 0
45 27 32 0
70 92 90 0
68 70 90 0
71 93 92 0
51 71 70 0
51 52 72 0
33 51 50 0
32 33 50 0
32 17 34 0
52 69 72 0
46 28 45 0
66 65 87 0
30 48 47 0
30 46 48 0
72 93 71 0
51 72 71 0
69 91 72 0
142 114 116 0
68 50 70 0
116 115 143 0
92 116 114 0
93 115 116 0
70 71 92 0
91 115 93 0
32 15 16 0
139 140 113 0
92 114 111 0
140 112 113 0
141 169 139 0
218 220 242 0
190 191 162 0
214 190 195 0
214 213 190 0
196 197 220 0
219 194 218 0
168 197 196 0
139 169 140 0
196 220 218 0
169 197 168 0
170 198 197 0
65 50 68 0
142 143 172 0
170 141 171 0
142 116 143 0
27 28 10 0
32 27 15 0
45 28 27 0
50 65 45 0
34 51 33 0
68 87 65 0
51 70 50 0
90 87 68 0
28 29 11 0
15 27 10 0
46 29 28 0
141 142 171 0
169 141 170 0
139 114 141 0
90 111 113 0
114 142 141 0
111 114 139 0
92 93 116 0
172 171 142 0
28 11 10 0
30 29 46 0
18 12 29 0
64 53 47 0
135 134 107 0
37 21 19 0
20 37 19 0
38 55 37 0
122 148 124 0
79 75 98 0
149 148 122 0
59 40 58 0
65 46 45 0
32 50 45 0
87 88 66 0
167 138 168 0
90 113 109 0
90 92 111 0
199 171 172 0
199 222 198 0
251 252 270 0
271 251 270 0
250 228 251 0
99 117 94 0
119 145 144 0
78 100 99 0
99 100 124 0
57 78 76 0
75 97 98 0
74 75 55 0
74 96 75 0
78 79 100 0
59 58 79 0
173 187 160 0
174 173 145 0
174 201 173 0
178 202 174 0
176 178 150 0
176 204 178 0
225 224 201 0
227 252 228 0
241 242 262 0
238 219 241 0
239 215 237 0
110 137 135 0
140 138 112 0
110 135 108 0
165 137 136 0
165 166 137 0
166 162 137 0
213 191 190 0
237 213 214 0
237 215 213 0
215 216 192 0
192 216 193 0
163 192 164 0
191 215 192 0
213 215 191 0
149 177 176 0
121 147 123 0
120 121 96 0
120 147 121 0
175 164 193 0
147 175 149 0
122 123 149 0
120 107 134 0
121 97 96 0
95 107 120 0
175 147 146 0
135 163 134 0
110 136 137 0
89 110 108 0
89 109 110 0
149 175 177 0
108 135 107 0
163 164 146 0
162 163 135 0
162 191 163 0
163 191 192 0
139 113 111 0
137 162 135 0
138 165 136 0
167 195 165 0
196 194 167 0
219 214 195 0
109 113 112 0
87 109 88 0
197 169 170 0
166 195 190 0
162 166 190 0
165 195 166 0
218 194 196 0
219 195 194 0
140 169 168 0
236 252 227 0
11 29 12 0
244 264 262 0
218 242 219 0
221 220 197 0
244 242 220 0
221 244 220 0
222 221 198 0
222 245 243 0
284 286 306 0
261 284 283 0
262 264 284 0
263 264 244 0
263 285 264 0
272 252 257 0
294 292 272 0
337 315 316 0
337 356 335 0
336 333 313 0
209 210 232 0
84 77 94 0
247 248 267 0
223 247 246 0
223 224 247 0
268 267 248 0
266 288 277 0
247 266 246 0
267 288 266 0
247 267 266 0
268 290 267 0
209 232 231 0
207 208 229 0
232 233 254 0
186 185 210 0
159 161 185 0
234 246 255 0
189 185 161 0
234 212 211 0
212 210 189 0
254 233 235 0
210 185 189 0
230 225 249 0
224 230 248 0
224 225 230 0
223 200 224 0
234 211 223 0
161 133 160 0
188 211 189 0
161 188 189 0
187 211 188 0
144 173 160 0
200 211 187 0
173 200 187 0
201 224 200 0
249 268 248 0
250 249 226 0
228 250 226 0
271 293 291 0
250 271 269 0
270 292 271 0
269 271 291 0
288 310 309 0
230 249 248 0
290 313 310 0
269 290 268 0
291 313 290 0
255 276 274 0
29 30 18 0
243 244 221 0
18 2 12 0
18 5 2 0
30 36 18 0
65 48 46 0
66 88 67 0
48 66 67 0
48 65 66 0
20 5 18 0
36 20 18 0
47 36 30 0
89 108 86 0
203 217 227 0
175 203 177 0
193 216 217 0
175 193 203 0
164 192 193 0
204 203 227 0
146 147 120 0
146 120 134 0
163 146 134 0
164 175 146 0
121 123 97 0
38 54 55 0
54 73 74 0
55 54 74 0
53 73 54 0
85 107 95 0
85 108 107 0
41 59 57 0
39 21 37 0
40 39 58 0
40 22 39 0
89 67 88 0
85 86 108 0
64 47 67 0
85 64 86 0
55 58 39 0
53 54 38 0
75 79 58 0
96 97 75 0
95 96 74 0
95 120 96 0
123 122 98 0
149 123 147 0
98 100 79 0
123 98 97 0
122 100 98 0
22 23 8 0
21 22 6 0
19 21 6 0
53 36 47 0
85 95 73 0
38 36 53 0
39 37 55 0
20 36 38 0
40 23 22 0
21 39 22 0
59 41 40 0
4 2 5 0
263 245 265 0
287 285 265 0
19 4 5 0
240 239 260 0
236 240 257 0
252 236 257 0
217 240 236 0
216 239 240 0
87 90 109 0
171 199 198 0
312 293 314 0
294 316 315 0
292 294 315 0
272 280 294 0
252 272 270 0
257 279 280 0
322 300 303 0
323 322 345 0
323 302 322 0
301 302 324 0
316 301 324 0
280 302 301 0
279 300 302 0
201 174 202 0
223 211 200 0
144 133 118 0
201 200 173 0
187 188 160 0
144 118 117 0
173 144 145 0
160 133 144 0
132 133 161 0
132 106 133 0
99 76 78 0
117 99 119 0
144 117 119 0
118 94 117 0
94 77 99 0
62 56 77 0
67 86 64 0
252 251 228 0
106 118 133 0
84 94 106 0
176 177 204 0
150 148 176 0
145 150 174 0
145 124 150 0
79 78 59 0
58 55 75 0
124 119 99 0
122 124 100 0
148 150 124 0
205 202 178 0
145 119 124 0
249 225 226 0
223 246 234 0
212 233 210 0
224 248 247 0
254 253 232 0
231 229 209 0
305 307 285 0
287 305 285 0
308 327 305 0
253 231 232 0
331 327 308 0
313 291 312 0
336 313 334 0
335 357 334 0
354 353 333 0
336 355 333 0
373 374 354 0
310 289 290 0
311 310 333 0
309 311 332 0
309 310 311 0
319 298 309 0
289 267 290 0
288 289 310 0
288 267 289 0
298 288 309 0
275 276 255 0
277 275 266 0
277 297 275 0
266 275 255 0
320 318 298 0
353 341 332 0
339 317 318 0
254 273 253 0
255 274 254 0
234 255 235 0
246 266 255 0
276 295 274 0
317 296 297 0
254 274 273 0
210 233 232 0
235 255 254 0
327 307 305 0
352 349 331 0
306 304 283 0
307 306 286 0
307 330 328 0
285 307 286 0
329 351 348 0
326 329 348 0
328 351 329 0
327 330 307 0
350 351 330 0
295 273 274 0
349 327 331 0
372 370 352 0
350 327 349 0
370 371 349 0
352 370 349 0
372 390 370 0
328 329 326 0
1520 1537 1536 0
1537 1554 1555 0
1536 1537 1555 0
1520 1535 1537 0
1536 1519 1520 0
1537 1535 1554 0
1502 1503 1519 0
1518 1535 1520 0
1503 1502 1488 0
1501 1503 1488 0
1520 1519 1503 0
1503 1518 1520 0
1502 1487 1488 0
1503 1501 1518 0
1470 1471 1487 0
1486 1501 1488 0
1471 1470 1453 0
1486 1471 1469 0
1488 1487 1471 0
1471 1486 1488 0
1470 1463 1453 0
1453 1469 1471 0
1446 1453 1463 0
1464 1469 1453 0
1453 1446 1436 0
1447 1464 1453 0
1436 1430 1418 0
1436 1447 1453 0
1430 1436 1446 0
1418 1431 1436 0
1430 1414 1418 0
1436 1431 1447 0
1399 1402 1414 0
1415 1431 1418 0
1402 1399 1386 0
1400 1402 1386 0
1418 1414 1402 0
1402 1415 1418 0
1399 1384 1386 0
1402 1400 1415 0
1369 1371 1384 0
1385 1400 1386 0
1371 1369 1356 0
1370 1371 1356 0
1386 1384 1371 0
1371 1385 1386 0
1356 1354 1341 0
1371 1370 1385 0
1354 1356 1369 0
1341 1355 1356 0
1354 1339 1341 0
1356 1355 1370 0
1324 1326 1339 0
1340 1355 1341 0
1310 1324 1308 0
1340 1326 1325 0
1341 1339 1326 0
1326 1340 1341 0
1310 1308 1295 0
1310 1325 1326 0
1324 1310 1326 0
1295 1309 1310 0
1308 1293 1295 0
1310 1309 1325 0
1277 1279 1293 0
1294 1309 1295 0
1279 1277 1264 0
1294 1279 1278 0
1295 1293 1279 0
1279 1294 1295 0
1277 1262 1264 0
1278 1279 1264 0
1246 1262 1244 0
1263 1264 1245 0
1263 1278 1264 0
1246 1264 1262 0
1228 1246 1244 0
1245 1264 1246 0
1228 1229 1246 0
1244 1227 1228 0
1246 1229 1245 0
1211 1225 1227 0
1212 1229 1228 0
1228 1227 1225 0
1225 1210 1212 0
1228 1225 1212 0
1211 1196 1210 0
1225 1211 1210 0
1195 1177 1176 0
1195 1196 1177 0
1197 1210 1195 0
1197 1212 1210 0
1131 1154 1132 0
1172 1176 1154 0
1195 1210 1196 0
1179 1195 1176 0
1179 1197 1195 0
1179 1178 1197 0
1155 1176 1177 0
1156 1157 1179 0
1151 1154 1131 0
1131 1105 1107 0
1078 1076 1050 0
1045 1027 1051 0
1107 1105 1078 0
1079 1077 1106 0
1049 1072 1078 0
1045 1018 1027 0
1079 1072 1051 0
1049 1023 1045 0
1131 1132 1105 0
1133 1131 1107 0
1154 1176 1155 0
1132 1154 1155 0
1151 1172 1154 0
1133 1151 1131 0
1133 1156 1151 0
1078 1050 1049 0
995 1023 996 0
968 943 948 0
972 968 948 0
994 967 968 0
1022 994 997 0
1138 1163 1162 0
1102 1083 1111 0
1127 1102 1111 0
1127 1106 1102 0
1153 1129 1130 0
1175 1153 1173 0
1164 1139 1153 0
1111 1110 1139 0
1134 1111 1138 0
1134 1127 1111 0
1110 1103 1129 0
1046 1020 1047 0
1073 1046 1047 0
1074 1100 1073 0
1075 1074 1047 0
1075 1104 1074 0
1138 1162 1157 0
1019 992 993 0
1020 1019 993 0
1044 1027 1019 0
992 999 973 0
993 992 967 0
994 993 967 0
1020 1046 1019 0
994 1020 993 0
994 1022 1021 0
1019 1027 999 0
992 973 966 0
1019 999 992 0
1055 1027 1044 0
1018 999 1027 0
991 973 999 0
1018 991 999 0
1072 1079 1078 0
1045 1072 1049 0
1045 1051 1072 0
1055 1051 1027 0
1055 1077 1051 0
1049 1024 1023 0
970 969 946 0
991 970 965 0
995 996 970 0
1023 995 1018 0
1045 1023 1018 0
1024 996 1023 0
996 969 970 0
949 925 924 0
1570 1576 1566 0
1548 1540 1558 0
1549 1548 1566 0
1530 1529 1548 0
1549 1530 1548 0
1549 1531 1530 0
1548 1558 1566 0
1531 1514 1530 0
1558 1559 1570 0
1566 1558 1570 0
1540 1541 1558 0
1478 1479 1495 0
1541 1540 1526 0
1553 1541 1545 0
1559 1558 1541 0
1531 1513 1514 0
1526 1545 1541 0
1479 1459 1466 0
1545 1543 1562 0
1559 1541 1553 0
1526 1543 1545 0
1490 1473 1480 0
1515 1505 1497 0
1521 1522 1538 0
1504 1521 1516 0
1505 1522 1521 0
1497 1505 1490 0
1521 1538 1533 0
1567 1577 1569 0
1567 1569 1557 0
1565 1563 1574 0
1567 1557 1550 0
1563 1571 1574 0
1551 1563 1547 0
1568 1571 1563 0
1557 1568 1556 0
1569 1571 1568 0
1538 1539 1556 0
1557 1569 1568 0
1565 1547 1563 0
1564 1552 1565 0
1546 1534 1552 0
1532 1550 1539 0
1539 1550 1557 0
1556 1539 1557 0
1538 1522 1539 0
1564 1575 1572 0
1561 1564 1572 0
1546 1552 1564 0
1565 1552 1547 0
1575 1565 1574 0
1575 1564 1565 0
1515 1522 1505 0
1515 1532 1522 0
1561 1572 1573 0
1562 1561 1573 0
1546 1564 1561 0
1479 1478 1459 0
1482 1479 1466 0
1496 1495 1479 0
1538 1556 1551 0
1516 1521 1533 0
1522 1532 1539 0
1489 1472 1473 0
1504 1489 1490 0
1504 1499 1489 0
1528 1516 1533 0
1528 1511 1516 0
1512 1529 1514 0
1512 1523 1529 0
1482 1498 1496 0
1479 1482 1496 0
1466 1481 1482 0
1481 1465 1474 0
1482 1481 1498 0
1466 1465 1481 0
1526 1540 1523 0
1512 1506 1523 0
1455 1475 1474 0
1508 1524 1525 0
1544 1562 1543 0
1526 1525 1543 0
1542 1561 1544 0
1562 1560 1545 0
1544 1561 1562 0
1524 1527 1542 0
1524 1507 1510 0
1544 1524 1542 0
1544 1525 1524 0
1573 1560 1562 0
1540 1529 1523 0
1478 1458 1459 0
1551 1533 1538 0
1563 1551 1556 0
1547 1533 1551 0
1568 1563 1556 0
1552 1534 1547 0
1560 1553 1545 0
1475 1493 1491 0
1517 1510 1500 0
1528 1517 1511 0
1534 1546 1527 0
1546 1561 1542 0
1449 1465 1450 0
1445 1461 1457 0
1506 1492 1509 0
1498 1506 1512 0
1498 1492 1506 0
1548 1529 1540 0
1465 1466 1450 0
1448 1465 1449 0
1455 1474 1465 0
1448 1455 1465 0
1437 1448 1449 0
1437 1455 1448 0
1524 1508 1507 0
1543 1525 1544 0
1509 1492 1508 0
1523 1506 1509 0
1498 1481 1492 0
1467 1475 1455 0
1485 1468 1477 0
1493 1484 1500 0
1467 1468 1484 0
1517 1528 1534 0
1494 1483 1499 0
1485 1494 1500 0
1485 1477 1494 0
1494 1476 1483 0
1498 1512 1496 0
1474 1492 1481 0
1474 1491 1492 0
1514 1496 1512 0
1530 1514 1529 0
1513 1496 1514 0
1513 1495 1496 0
1442 1441 1425 0
1441 1442 1458 0
1442 1450 1459 0
1419 1437 1432 0
1452 1451 1434 0
1439 1452 1435 0
1468 1451 1452 0
1468 1467 1451 0
1437 1451 1455 0
1432 1437 1449 0
1451 1467 1455 0
1434 1451 1437 0
1434 1435 1452 0
1480 1497 1490 0
1489 1473 1490 0
1499 1516 1511 0
1472 1489 1483 0
1504 1516 1499 0
1505 1504 1490 0
1505 1521 1504 0
1476 1461 1456 0
1499 1511 1494 0
1477 1461 1476 0
1494 1511 1500 0
1472 1483 1476 0
1483 1489 1499 0
1547 1528 1533 0
1527 1546 1542 0
1517 1527 1510 0
1517 1534 1527 0
1468 1452 1462 0
1462 1457 1477 0
1468 1462 1477 0
1452 1457 1462 0
1395 1378 1380 0
1411 1410 1395 0
1416 1411 1401 0
1426 1425 1411 0
1394 1378 1395 0
1390 1373 1382 0
1404 1406 1390 0
1398 1404 1388 0
1420 1406 1404 0
1375 1374 1358 0
1389 1375 1372 0
1392 1374 1375 0
1407 1423 1408 0
1390 1407 1389 0
1406 1423 1407 0
1391 1374 1392 0
1404 1413 1420 0
1480 1473 1460 0
1508 1492 1491 0
1493 1507 1491 0
1525 1509 1508 0
1526 1509 1525 0
1526 1523 1509 0
1500 1511 1517 0
1493 1500 1510 0
1507 1493 1510 0
1527 1524 1510 0
1508 1491 1507 0
1475 1467 1484 0
1493 1475 1484 0
1491 1474 1475 0
1494 1477 1476 0
1484 1485 1500 0
1484 1468 1485 0
1528 1547 1534 0
1425 1441 1424 0
1394 1410 1409 0
1473 1454 1460 0
1411 1425 1410 0
1438 1420 1428 0
1454 1456 1443 0
1460 1454 1443 0
1473 1456 1454 0
1445 1457 1440 0
1394 1409 1393 0
1376 1377 1393 0
1450 1466 1459 0
1417 1403 1405 0
1437 1419 1434 0
1416 1403 1419 0
1432 1416 1419 0
1450 1433 1449 0
1433 1416 1432 0
1426 1411 1416 0
1416 1401 1403 0
1433 1426 1416 0
1449 1433 1432 0
1450 1442 1433 0
1410 1394 1395 0
1396 1411 1395 0
1425 1409 1410 0
1442 1425 1426 0
1433 1442 1426 0
1459 1458 1442 0
1424 1409 1425 0
1375 1358 1359 0
1387 1379 1391 0
1379 1365 1364 0
1376 1361 1362 0
1417 1405 1421 0
1419 1417 1434 0
1419 1403 1417 0
1387 1403 1401 0
1391 1408 1405 0
1387 1391 1403 0
1396 1387 1401 0
1379 1374 1391 0
1396 1379 1387 0
1380 1365 1379 0
1345 1359 1344 0
1335 1345 1328 0
1357 1372 1360 0
1389 1372 1373 0
1389 1392 1375 0
1408 1391 1392 0
1407 1408 1392 0
1423 1439 1421 0
1428 1412 1427 0
1428 1420 1413 0
1444 1428 1427 0
1461 1445 1456 0
1457 1461 1477 0
1445 1438 1456 0
1439 1440 1457 0
1456 1473 1472 0
1476 1456 1472 0
1438 1443 1456 0
1444 1443 1428 0
1444 1460 1443 0
1398 1381 1397 0
1439 1457 1452 0
1421 1408 1423 0
1417 1421 1435 0
1405 1408 1421 0
1434 1417 1435 0
1403 1391 1405 0
1429 1420 1438 0
1445 1429 1438 0
1422 1420 1429 0
1423 1422 1440 0
1406 1420 1422 0
1412 1428 1413 0
1428 1443 1438 0
1286 1303 1296 0
1265 1253 1271 0
1269 1265 1280 0
1250 1253 1265 0
1288 1304 1286 0
1273 1288 1286 0
1273 1275 1288 0
1275 1273 1258 0
1304 1303 1286 0
1322 1338 1335 0
1307 1322 1306 0
1320 1337 1322 0
1319 1303 1304 0
1353 1368 1351 0
1338 1337 1353 0
1335 1338 1351 0
1319 1304 1306 0
1335 1319 1322 0
1335 1318 1319 0
1352 1368 1353 0
1360 1375 1359 0
1358 1349 1343 0
1344 1359 1343 0
1332 1344 1343 0
1327 1328 1344 0
1331 1346 1329 0
1334 1350 1348 0
1361 1346 1347 0
1361 1347 1362 0
1311 1303 1318 0
1328 1327 1318 0
1300 1284 1296 0
1291 1276 1284 0
1300 1301 1284 0
1302 1285 1291 0
1299 1298 1292 0
1285 1299 1283 0
1313 1314 1299 0
1334 1330 1317 0
1329 1312 1314 0
1285 1276 1291 0
1299 1285 1302 0
1283 1268 1270 0
1313 1299 1302 0
1282 1267 1283 0
1200 1205 1216 0
1215 1200 1216 0
1183 1182 1200 0
1221 1224 1209 0
1190 1207 1209 0
1222 1239 1240 0
1203 1217 1202 0
1183 1199 1181 0
1109 1081 1082 0
1205 1208 1220 0
1226 1233 1243 0
1233 1234 1251 0
1215 1216 1233 0
1218 1215 1226 0
1199 1200 1215 0
1194 1199 1203 0
1183 1200 1199 0
1205 1220 1216 0
1220 1237 1238 0
1209 1224 1208 0
1224 1241 1223 0
1238 1250 1234 0
1220 1238 1234 0
1255 1253 1238 0
1208 1223 1220 0
1258 1273 1255 0
1270 1259 1261 0
1249 1252 1268 0
1267 1248 1268 0
1231 1235 1249 0
1242 1226 1243 0
1235 1242 1252 0
1235 1226 1242 0
1203 1218 1217 0
1203 1199 1215 0
1296 1303 1311 0
1250 1265 1269 0
1251 1250 1269 0
1237 1220 1223 0
1271 1273 1286 0
1280 1271 1286 0
1253 1255 1271 0
1235 1252 1249 0
1301 1316 1302 0
1284 1301 1291 0
1300 1316 1301 0
1203 1202 1186 0
1242 1259 1252 0
1218 1226 1235 0
1217 1218 1235 0
1203 1215 1218 0
1243 1251 1259 0
1242 1243 1259 0
1233 1251 1243 0
1215 1233 1226 0
1216 1234 1233 0
1231 1232 1214 0
1235 1231 1217 0
1261 1259 1251 0
1269 1261 1251 0
1276 1270 1261 0
1252 1270 1268 0
1248 1247 1232 0
1249 1248 1232 0
1267 1266 1248 0
1397 1412 1413 0
1378 1365 1380 0
1393 1377 1394 0
1363 1365 1378 0
1377 1363 1378 0
1348 1330 1334 0
1362 1347 1363 0
1347 1331 1348 0
1333 1349 1334 0
1316 1333 1317 0
1302 1316 1317 0
1300 1315 1316 0
1332 1327 1344 0
1316 1315 1333 0
1300 1311 1315 0
1364 1374 1379 0
1398 1388 1382 0
1413 1398 1397 0
1413 1404 1398 0
1314 1313 1323 0
1333 1334 1317 0
1396 1380 1379 0
1411 1396 1401 0
1395 1380 1396 0
1377 1378 1394 0
1363 1347 1348 0
1377 1362 1363 0
1377 1376 1362 0
1350 1365 1363 0
1349 1350 1334 0
1349 1364 1350 0
1364 1358 1374 0
1350 1364 1365 0
1349 1358 1364 0
1383 1398 1382 0
1367 1383 1382 0
1381 1398 1383 0
1330 1313 1317 0
1350 1363 1348 0
1331 1329 1314 0
1348 1331 1330 0
1347 1346 1331 0
1382 1388 1390 0
1367 1382 1373 0
1368 1366 1383 0
1298 1297 1282 0
1323 1313 1330 0
1331 1323 1330 0
1331 1314 1323 0
1298 1314 1312 0
1298 1299 1314 0
1343 1359 1358 0
1333 1332 1349 0
1315 1311 1327 0
1302 1291 1301 0
1296 1280 1286 0
1300 1296 1311 0
1284 1280 1296 0
1274 1290 1275 0
1257 1260 1275 0
1272 1287 1274 0
1322 1319 1306 0
1367 1357 1351 0
1328 1318 1335 0
1383 1367 1368 0
1421 1439 1435 0
1389 1407 1392 0
1406 1422 1423 0
1390 1406 1407 0
1373 1390 1389 0
1388 1404 1390 0
1440 1429 1445 0
1423 1440 1439 0
1422 1429 1440 0
1322 1337 1338 0
1342 1345 1335 0
1351 1342 1335 0
1357 1345 1342 0
1332 1343 1349 0
1315 1332 1333 0
1315 1327 1332 0
1318 1327 1311 0
1328 1345 1344 0
1282 1297 1281 0
1268 1283 1267 0
1248 1249 1268 0
1270 1276 1285 0
1283 1270 1285 0
1252 1259 1270 0
1298 1312 1297 0
1292 1298 1282 0
1283 1292 1282 0
1283 1299 1292 0
1302 1317 1313 0
1269 1280 1284 0
1267 1282 1281 0
1303 1319 1318 0
1338 1353 1351 0
1321 1337 1320 0
1336 1353 1337 0
1367 1373 1357 0
1368 1367 1351 0
1366 1368 1352 0
1366 1381 1383 0
1360 1372 1375 0
1345 1360 1359 0
1345 1357 1360 0
1351 1357 1342 0
1373 1372 1357 0
1337 1321 1336 0
1352 1353 1336 0
1307 1290 1305 0
1322 1307 1320 0
1306 1290 1307 0
1289 1306 1288 0
1275 1289 1288 0
1275 1290 1289 0
1305 1320 1307 0
1305 1321 1320 0
1266 1267 1281 0
1266 1247 1248 0
1290 1274 1287 0
1305 1290 1287 0
1275 1258 1257 0
1306 1289 1290 0
1306 1304 1288 0
1250 1251 1234 0
1265 1271 1280 0
1238 1253 1250 0
1255 1273 1271 0
1284 1276 1269 0
1222 1219 1236 0
1254 1256 1239 0
1206 1207 1189 0
1269 1276 1261 0
1188 1187 1204 0
1207 1190 1189 0
1222 1207 1206 0
1221 1209 1207 0
1192 1190 1209 0
1147 1150 1125 0
1146 1147 1125 0
1169 1192 1171 0
1147 1169 1150 0
1170 1192 1169 0
1146 1168 1147 0
1206 1189 1188 0
1204 1206 1188 0
1222 1221 1207 0
1190 1170 1168 0
1214 1230 1213 0
1249 1232 1231 0
1247 1230 1232 0
1217 1214 1201 0
1260 1274 1275 0
1256 1260 1257 0
1256 1274 1260 0
1240 1256 1257 0
1254 1272 1256 0
1237 1241 1255 0
1238 1237 1255 0
1223 1241 1237 0
1208 1224 1223 0
1224 1240 1241 0
1240 1257 1241 0
1222 1240 1221 0
1239 1256 1240 0
1236 1239 1222 0
1236 1254 1239 0
1256 1272 1274 0
1214 1232 1230 0
1198 1201 1213 0
1217 1231 1214 0
1184 1198 1180 0
1164 1175 1186 0
1185 1164 1186 0
1103 1130 1129 0
1074 1103 1100 0
1104 1130 1103 0
1080 1104 1075 0
1128 1130 1104 0
1108 1128 1104 0
1108 1135 1128 0
1083 1102 1077 0
1157 1134 1138 0
1156 1133 1134 0
1109 1108 1081 0
1152 1130 1128 0
1175 1173 1158 0
1175 1164 1153 0
1152 1128 1135 0
1158 1152 1135 0
1173 1153 1152 0
1103 1110 1100 0
1152 1153 1130 0
1139 1110 1129 0
1163 1139 1164 0
1163 1138 1139 0
1103 1074 1104 0
1185 1201 1184 0
1192 1209 1191 0
1201 1198 1184 0
1217 1201 1202 0
1214 1213 1201 0
1241 1258 1255 0
1221 1240 1224 0
1257 1258 1241 0
1219 1206 1204 0
1180 1162 1184 0
1012 986 988 0
1039 1012 1013 0
998 986 1012 0
961 939 963 0
947 961 971 0
938 939 961 0
961 963 986 0
916 940 939 0
941 962 964 0
964 987 989 0
894 906 917 0
846 867 844 0
914 890 892 0
891 913 898 0
909 886 889 0
934 909 912 0
931 905 909 0
907 906 883 0
857 882 883 0
908 933 907 0
882 885 907 0
905 931 932 0
867 890 865 0
869 892 867 0
868 869 846 0
893 916 915 0
894 893 869 0
894 917 893 0
916 938 915 0
797 796 772 0
811 810 786 0
822 796 797 0
834 809 812 0
1167 1168 1145 0
1168 1170 1147 0
1145 1168 1146 0
1120 1145 1146 0
1166 1188 1167 0
1189 1190 1168 0
1192 1170 1190 0
1169 1171 1150 0
1070 1069 1042 0
1095 1070 1065 0
1095 1099 1070 0
1136 1137 1161 0
1135 1136 1158 0
1101 1082 1097 0
1109 1101 1126 0
1109 1082 1101 0
1097 1123 1101 0
1159 1182 1161 0
980 981 959 0
982 956 981 0
958 957 982 0
962 958 983 0
941 933 958 0
932 908 905 0
933 932 957 0
933 908 932 0
1032 1005 1004 0
984 960 979 0
956 959 981 0
934 936 959 0
936 912 911 0
959 936 960 0
934 912 936 0
1209 1208 1191 0
1173 1152 1158 0
1081 1108 1080 0
1158 1181 1175 0
1109 1136 1135 0
1160 1181 1158 0
1158 1136 1160 0
1108 1109 1135 0
1101 1123 1126 0
1183 1181 1160 0
1161 1183 1160 0
1161 1182 1183 0
1191 1174 1171 0
1191 1193 1174 0
1193 1205 1200 0
1174 1193 1182 0
1191 1205 1193 0
1192 1191 1171 0
1216 1220 1234 0
1182 1193 1200 0
1191 1208 1205 0
1163 1184 1162 0
1164 1185 1163 0
1194 1186 1175 0
1202 1185 1186 0
1202 1201 1185 0
1046 1073 1071 0
1163 1185 1184 0
1139 1129 1153 0
1194 1203 1186 0
1181 1194 1175 0
1181 1199 1194 0
1157 1156 1134 0
1219 1222 1206 0
1157 1162 1180 0
1119 1093 1094 0
1179 1157 1178 0
1172 1156 1179 0
1176 1172 1179 0
1151 1156 1172 0
1102 1106 1077 0
1133 1127 1134 0
1133 1106 1127 0
1076 1078 1105 0
1018 995 991 0
1024 1049 1050 0
973 950 949 0
967 992 966 0
945 970 946 0
970 991 995 0
950 965 945 0
973 991 965 0
957 958 933 0
1068 1069 1098 0
1096 1068 1098 0
1096 1066 1068 0
1097 1067 1096 0
1017 1008 1034 0
1037 1017 1034 0
1016 990 1017 0
983 990 987 0
1008 1007 1034 0
1009 1007 984 0
1017 1037 1042 0
1009 1034 1007 0
1009 1010 1035 0
979 985 984 0
1092 1063 1087 0
1115 1092 1087 0
1094 1064 1063 0
1117 1094 1092 0
1117 1119 1094 0
1037 1034 1062 0
1035 1036 1064 0
985 1010 1009 0
1036 1063 1064 0
1011 1036 1010 0
1011 1032 1036 0
1093 1065 1062 0
1064 1093 1062 0
1119 1095 1093 0
1120 1121 1119 0
1145 1120 1144 0
1121 1095 1119 0
1146 1121 1120 0
1146 1125 1121 0
1099 1125 1124 0
1069 1070 1098 0
1121 1125 1099 0
1098 1099 1124 0
1122 1098 1124 0
1098 1070 1099 0
1017 990 1008 0
1042 1016 1017 0
1040 1041 1014 0
983 1008 990 0
982 957 956 0
983 982 1008 0
983 958 982 0
1090 1087 1060 0
1059 1032 1033 0
1034 1009 1035 0
1087 1063 1059 0
1092 1115 1118 0
1063 1036 1059 0
980 984 1007 0
981 980 1007 0
959 984 980 0
985 1005 1011 0
1005 977 978 0
1059 1036 1032 0
979 977 1005 0
1052 1080 1075 0
989 987 1014 0
1161 1137 1159 0
633 608 609 0
633 609 634 0
633 610 608 0
658 657 634 0
635 610 633 0
657 633 634 0
657 635 633 0
681 657 658 0
681 659 657 0
681 658 682 0
707 706 682 0
659 635 657 0
683 659 681 0
706 681 682 0
706 683 681 0
734 706 707 0
734 708 706 0
709 734 707 0
706 708 683 0
736 734 709 0
735 708 734 0
734 736 759 0
759 735 734 0
759 758 735 0
760 759 736 0
760 782 759 0
782 758 759 0
760 783 782 0
782 761 758 0
807 806 783 0
784 761 782 0
830 807 831 0
782 806 784 0
782 783 806 0
808 784 806 0
806 807 830 0
830 808 806 0
832 854 831 0
833 808 830 0
830 831 854 0
854 833 830 0
855 854 832 0
877 856 854 0
854 855 877 0
854 856 833 0
877 879 856 0
878 877 855 0
878 902 877 0
877 902 879 0
902 878 880 0
903 902 880 0
881 879 902 0
902 927 904 0
927 902 903 0
881 902 904 0
927 929 904 0
928 927 903 0
928 951 953 0
953 929 927 0
953 952 929 0
928 953 927 0
951 976 953 0
976 952 953 0
976 974 952 0
975 976 951 0
975 1000 1002 0
1001 974 976 0
1002 976 975 0
1028 1002 1000 0
1001 976 1002 0
1029 1002 1028 0
1056 1029 1028 0
1003 1001 1029 0
1029 1001 1002 0
1030 1029 1056 0
1030 1003 1029 0
1057 1056 1084 0
1085 1057 1084 0
1031 1003 1030 0
1057 1031 1030 0
1113 1085 1112 0
1057 1058 1031 0
1056 1057 1030 0
1085 1058 1057 0
1112 1085 1084 0
1113 1086 1085 0
1085 1086 1058 0
1140 1113 1112 0
1091 1086 1113 0
1141 1113 1140 0
1165 1141 1140 0
1116 1113 1141 0
1142 1116 1141 0
1142 1141 1165 0
1116 1089 1091 0
1113 1116 1091 0
1142 1114 1116 0
1116 1088 1089 0
1090 1061 1088 0
1116 1090 1088 0
1114 1115 1090 0
1116 1114 1090 0
1143 1165 1166 0
1144 1143 1166 0
1118 1142 1143 0
1143 1144 1118 0
1035 1010 1036 0
1062 1035 1064 0
1094 1093 1064 0
1065 1037 1062 0
1062 1034 1035 0
985 1011 1010 0
984 985 1009 0
979 1005 985 0
1005 1032 1011 0
1118 1115 1142 0
1165 1143 1142 0
1092 1094 1063 0
1144 1117 1118 0
1093 1095 1065 0
1144 1119 1117 0
1144 1120 1119 0
1043 1070 1042 0
1117 1092 1118 0
1033 1060 1059 0
1090 1115 1087 0
1150 1171 1149 0
1007 1008 981 0
1016 1014 990 0
1014 1015 989 0
990 1014 987 0
1016 1040 1014 0
1067 1097 1082 0
1054 1067 1082 0
1039 1054 1053 0
1039 1067 1054 0
1026 1039 1053 0
1052 1026 1053 0
1025 1012 1026 0
1013 1015 1038 0
1068 1041 1069 0
1039 1038 1067 0
1015 1014 1041 0
1081 1054 1082 0
1150 1149 1124 0
1125 1150 1124 0
1147 1170 1169 0
1149 1123 1122 0
1124 1149 1122 0
1159 1174 1182 0
1148 1159 1137 0
1148 1171 1159 0
1136 1161 1160 0
1126 1137 1136 0
1109 1126 1136 0
1123 1137 1126 0
1122 1123 1097 0
1149 1148 1123 0
1159 1171 1174 0
1123 1148 1137 0
1149 1171 1148 0
1015 988 989 0
1066 1096 1067 0
1041 1066 1038 0
1015 1041 1038 0
1040 1069 1041 0
1041 1068 1066 0
1013 988 1015 0
1038 1039 1013 0
1026 1052 1025 0
1081 1053 1054 0
1081 1080 1053 0
988 963 989 0
998 971 986 0
940 916 917 0
962 983 987 0
964 962 987 0
941 958 962 0
1115 1114 1142 0
1145 1144 1166 0
1167 1189 1168 0
1166 1167 1145 0
1188 1189 1167 0
1099 1095 1121 0
1066 1067 1038 0
1122 1096 1098 0
1122 1097 1096 0
1043 1037 1065 0
1070 1043 1065 0
1042 1037 1043 0
1040 1042 1069 0
1040 1016 1042 0
1060 1033 1061 0
1090 1060 1061 0
1087 1059 1060 0
1165 1187 1166 0
1188 1166 1187 0
946 969 944 0
970 945 965 0
920 922 944 0
922 896 897 0
950 973 965 0
921 897 900 0
946 921 945 0
922 920 896 0
946 922 921 0
946 944 922 0
1079 1107 1078 0
1083 1110 1111 0
1047 1074 1073 0
1111 1139 1138 0
1133 1107 1106 0
1071 1044 1046 0
1071 1055 1044 0
1100 1083 1073 0
1083 1055 1071 0
1077 1079 1051 0
1083 1077 1055 0
1073 1083 1071 0
1100 1110 1083 0
1106 1107 1079 0
967 943 968 0
1046 1044 1019 0
949 950 925 0
966 949 942 0
966 973 949 0
949 924 942 0
939 938 916 0
963 939 964 0
989 963 964 0
988 986 963 0
986 971 961 0
896 895 870 0
897 896 874 0
897 921 922 0
1013 1012 988 0
1075 1048 1052 0
997 972 998 0
1025 1022 997 0
1012 1025 998 0
1052 1048 1025 0
1021 1048 1047 0
994 1021 1020 0
1022 1048 1021 0
998 1025 997 0
1025 1048 1022 0
1012 1039 1026 0
1053 1080 1052 0
1075 1047 1048 0
1108 1104 1080 0
1047 1020 1021 0
994 968 972 0
972 971 998 0
994 972 997 0
948 971 972 0
923 948 943 0
923 937 947 0
947 937 961 0
948 947 971 0
948 923 947 0
960 984 959 0
955 977 979 0
1006 1033 1032 0
848 870 847 0
850 826 825 0
872 850 849 0
853 829 850 0
827 829 851 0
828 827 851 0
802 800 777 0
827 802 803 0
828 824 802 0
804 805 829 0
780 781 805 0
756 780 779 0
756 757 780 0
913 914 937 0
919 913 923 0
891 914 913 0
896 920 895 0
900 897 874 0
926 945 921 0
960 936 935 0
1004 1006 1032 0
905 884 886 0
957 932 931 0
859 882 857 0
858 859 836 0
858 885 859 0
837 858 834 0
860 884 885 0
906 907 933 0
838 861 860 0
837 838 860 0
812 837 834 0
812 813 837 0
841 864 861 0
864 889 886 0
982 981 1008 0
934 956 931 0
934 959 956 0
870 871 896 0
791 767 790 0
809 834 811 0
787 809 811 0
785 798 809 0
789 812 798 0
792 791 815 0
814 813 792 0
838 814 817 0
837 813 814 0
788 791 792 0
817 841 838 0
837 814 838 0
792 815 817 0
816 815 791 0
816 840 839 0
905 886 909 0
841 861 838 0
864 886 861 0
909 889 912 0
839 862 841 0
862 887 864 0
940 941 964 0
939 940 964 0
917 918 940 0
893 917 916 0
918 941 940 0
906 918 917 0
906 933 918 0
918 933 941 0
868 883 894 0
882 907 883 0
834 858 836 0
885 884 908 0
859 885 882 0
858 860 885 0
859 857 835 0
894 883 906 0
868 857 883 0
868 845 857 0
931 956 957 0
809 787 785 0
836 811 834 0
907 885 908 0
837 860 858 0
884 905 908 0
861 884 860 0
861 886 884 0
835 845 821 0
821 822 797 0
810 821 797 0
845 822 821 0
915 914 892 0
893 915 892 0
938 937 915 0
694 693 670 0
744 719 722 0
747 744 722 0
746 757 756 0
725 746 733 0
705 725 733 0
705 695 721 0
745 770 746 0
769 770 745 0
747 769 744 0
793 770 769 0
793 794 770 0
744 720 719 0
598 614 621 0
579 598 600 0
591 612 614 0
577 591 598 0
569 567 589 0
643 618 617 0
660 684 663 0
618 594 595 0
637 618 641 0
611 594 618 0
637 611 618 0
616 593 611 0
570 551 571 0
590 570 592 0
568 547 551 0
590 568 570 0
590 589 568 0
617 595 596 0
643 617 619 0
618 595 617 0
588 594 611 0
593 588 611 0
572 594 588 0
573 574 594 0
553 573 572 0
552 553 572 0
554 573 553 0
554 555 573 0
598 621 600 0
625 648 626 0
639 625 614 0
639 648 625 0
612 639 614 0
638 661 639 0
626 646 621 0
614 625 621 0
648 672 649 0
612 613 639 0
672 696 673 0
662 672 648 0
662 687 672 0
615 616 640 0
638 615 640 0
592 593 615 0
697 722 719 0
694 697 719 0
673 696 697 0
649 672 673 0
698 724 723 0
722 698 723 0
686 712 698 0
687 686 696 0
685 687 662 0
685 713 687 0
713 711 739 0
738 739 711 0
694 719 720 0
673 694 670 0
673 697 694 0
646 626 649 0
696 722 697 0
795 796 819 0
749 739 763 0
723 724 749 0
747 723 748 0
722 696 698 0
686 713 712 0
763 764 786 0
851 875 852 0
876 901 900 0
901 926 900 0
901 925 926 0
899 901 876 0
873 899 876 0
853 873 876 0
872 899 873 0
898 924 899 0
899 925 901 0
919 924 898 0
913 919 898 0
923 943 919 0
942 967 966 0
919 942 924 0
943 967 942 0
926 921 900 0
950 926 925 0
950 945 926 0
955 979 960 0
978 977 954 0
978 1004 1005 0
781 757 770 0
794 818 801 0
795 820 793 0
819 844 820 0
805 804 780 0
935 910 930 0
955 960 935 0
930 955 935 0
954 977 955 0
813 789 788 0
817 814 792 0
812 789 813 0
942 919 943 0
900 875 876 0
849 843 866 0
825 826 801 0
891 872 866 0
872 873 850 0
924 925 899 0
875 851 853 0
853 851 829 0
826 850 829 0
876 875 853 0
874 875 900 0
874 852 875 0
852 828 851 0
871 848 852 0
896 871 874 0
870 848 871 0
827 803 829 0
794 781 770 0
820 794 793 0
818 843 825 0
820 818 794 0
820 842 818 0
866 843 865 0
890 866 865 0
891 898 872 0
826 805 801 0
892 869 893 0
869 868 894 0
867 846 869 0
890 867 892 0
865 844 867 0
844 822 846 0
835 821 810 0
836 835 810 0
857 845 835 0
937 923 913 0
915 937 914 0
938 961 937 0
911 888 910 0
823 800 824 0
911 889 887 0
799 800 823 0
887 888 911 0
864 887 889 0
863 888 887 0
729 751 728 0
701 676 678 0
730 701 703 0
700 676 701 0
753 776 752 0
935 911 910 0
954 955 930 0
936 911 935 0
931 909 934 0
889 911 912 0
725 721 746 0
747 771 769 0
723 747 722 0
696 686 698 0
772 796 795 0
773 772 748 0
773 797 772 0
771 793 769 0
748 771 747 0
748 772 771 0
842 844 865 0
843 842 865 0
820 844 842 0
822 819 796 0
773 786 797 0
845 868 846 0
825 843 849 0
850 825 849 0
801 818 825 0
781 801 805 0
781 794 801 0
818 842 843 0
822 844 819 0
822 845 846 0
872 898 899 0
853 850 873 0
849 866 872 0
890 891 866 0
890 914 891 0
778 777 753 0
824 800 802 0
848 824 828 0
848 847 824 0
799 776 800 0
752 775 751 0
777 800 776 0
753 777 776 0
778 803 777 0
777 803 802 0
780 804 779 0
805 826 829 0
824 847 823 0
852 848 828 0
852 874 871 0
799 775 776 0
642 619 620 0
666 667 644 0
665 664 643 0
642 667 643 0
690 664 665 0
674 689 699 0
710 684 699 0
650 664 674 0
643 664 641 0
618 643 641 0
642 644 667 0
690 689 664 0
668 691 666 0
691 692 714 0
639 662 648 0
639 661 662 0
590 592 613 0
640 661 638 0
613 592 615 0
616 636 640 0
660 636 637 0
674 660 650 0
663 640 660 0
685 663 688 0
640 636 660 0
593 616 615 0
571 593 592 0
572 588 593 0
572 573 594 0
641 664 650 0
688 713 685 0
710 711 688 0
684 710 688 0
663 684 688 0
674 699 684 0
727 750 737 0
715 699 689 0
726 741 750 0
727 726 750 0
715 741 726 0
710 737 711 0
798 785 774 0
764 738 762 0
785 764 762 0
787 786 764 0
810 811 836 0
859 835 836 0
797 786 810 0
763 786 773 0
749 763 773 0
748 749 773 0
724 739 749 0
739 764 763 0
787 811 786 0
685 662 661 0
640 663 661 0
713 686 687 0
752 730 753 0
702 704 679 0
729 730 752 0
731 732 704 0
754 756 779 0
732 754 755 0
731 733 754 0
862 863 887 0
841 862 864 0
839 840 862 0
730 732 753 0
701 730 729 0
703 732 730 0
789 798 774 0
766 789 774 0
750 766 774 0
741 740 766 0
788 792 813 0
816 791 790 0
862 840 863 0
817 839 841 0
815 816 839 0
652 675 651 0
678 676 654 0
678 703 701 0
704 703 679 0
700 675 676 0
791 788 768 0
768 743 742 0
791 768 767 0
788 765 768 0
815 839 817 0
740 716 714 0
765 740 743 0
789 765 788 0
789 766 765 0
741 715 716 0
765 766 740 0
726 699 715 0
766 750 741 0
774 762 750 0
778 755 779 0
775 752 776 0
701 728 700 0
701 729 728 0
679 703 678 0
704 732 703 0
752 751 729 0
652 676 675 0
629 652 651 0
654 676 652 0
743 768 765 0
714 718 740 0
742 767 768 0
629 651 627 0
604 629 627 0
630 654 629 0
624 607 601 0
622 624 601 0
647 632 624 0
693 671 669 0
632 656 653 0
669 671 647 0
695 680 671 0
695 693 720 0
721 695 720 0
745 721 720 0
725 705 721 0
677 680 702 0
677 653 656 0
679 677 702 0
653 631 628 0
671 693 695 0
646 669 645 0
670 693 669 0
649 673 670 0
646 649 670 0
626 648 649 0
795 771 772 0
820 795 819 0
793 771 795 0
672 687 696 0
739 738 764 0
748 723 749 0
712 713 739 0
724 712 739 0
724 698 712 0
705 733 731 0
680 705 702 0
680 695 705 0
694 720 693 0
746 770 757 0
744 745 720 0
744 769 745 0
778 779 804 0
803 778 804 0
829 803 804 0
827 828 802 0
754 732 731 0
753 755 778 0
753 732 755 0
705 731 702 0
746 721 745 0
754 779 755 0
746 756 733 0
757 781 780 0
733 756 754 0
711 737 738 0
737 750 762 0
738 737 762 0
727 699 726 0
710 727 737 0
710 699 727 0
690 715 689 0
716 740 741 0
690 716 715 0
718 717 743 0
740 718 743 0
714 717 718 0
785 787 764 0
774 785 762 0
798 812 809 0
604 627 602 0
582 584 602 0
605 606 630 0
629 605 630 0
586 583 603 0
605 586 606 0
585 566 586 0
602 584 604 0
702 731 704 0
743 717 742 0
690 691 716 0
691 668 692 0
716 691 714 0
690 665 667 0
655 679 678 0
631 655 654 0
631 606 628 0
630 631 654 0
652 629 654 0
604 585 605 0
599 581 578 0
645 624 622 0
580 583 563 0
607 587 601 0
607 603 587 0
589 612 591 0
568 589 567 0
590 612 589 0
547 568 567 0
613 615 638 0
639 613 638 0
612 590 613 0
552 571 550 0
616 611 636 0
583 586 566 0
678 654 655 0
629 604 605 0
714 692 717 0
564 584 582 0
545 564 562 0
565 584 564 0
545 544 565 0
542 545 562 0
542 522 524 0
679 655 677 0
642 620 644 0
667 691 690 0
643 667 665 0
666 691 667 0
533 554 552 0
513 533 532 0
535 554 533 0
556 555 535 0
576 575 557 0
575 596 574 0
574 573 555 0
556 575 555 0
595 594 574 0
642 643 619 0
688 711 713 0
661 663 685 0
674 664 689 0
684 660 674 0
637 641 650 0
660 637 650 0
636 611 637 0
524 504 506 0
545 524 526 0
522 504 524 0
619 597 620 0
563 543 560 0
502 504 522 0
443 445 424 0
437 443 422 0
463 445 443 0
483 463 478 0
485 506 486 0
466 464 486 0
483 503 485 0
498 483 478 0
505 525 506 0
503 505 485 0
503 523 505 0
596 595 574 0
619 596 597 0
619 617 596 0
526 525 546 0
545 526 544 0
506 525 526 0
482 484 502 0
464 466 445 0
485 464 463 0
485 486 464 0
597 596 576 0
524 506 526 0
484 504 502 0
484 486 504 0
465 484 482 0
465 444 446 0
556 536 557 0
575 576 596 0
555 575 574 0
556 557 575 0
490 510 509 0
530 551 529 0
510 530 529 0
510 511 531 0
548 567 569 0
529 548 527 0
547 567 548 0
465 482 462 0
442 444 462 0
521 499 500 0
503 483 498 0
443 424 422 0
534 515 514 0
534 535 515 0
556 534 536 0
556 535 534 0
555 554 535 0
374 394 381 0
355 336 357 0
376 355 357 0
354 333 355 0
332 333 353 0
332 311 333 0
395 415 416 0
396 415 395 0
379 399 378 0
439 419 440 0
458 441 461 0
418 419 439 0
396 399 417 0
397 377 398 0
403 424 425 0
395 416 393 0
415 437 416 0
444 423 425 0
466 465 446 0
442 423 444 0
421 400 401 0
516 534 514 0
362 380 360 0
402 401 382 0
394 402 381 0
373 393 394 0
416 422 403 0
425 423 402 0
403 425 402 0
424 446 425 0
400 380 382 0
494 476 496 0
516 514 496 0
533 513 515 0
490 491 510 0
488 489 469 0
529 509 510 0
527 507 509 0
468 450 470 0
471 451 454 0
513 493 492 0
513 512 493 0
495 513 492 0
515 535 533 0
532 531 512 0
411 429 432 0
492 473 471 0
493 472 473 0
510 491 511 0
531 530 510 0
512 531 511 0
532 552 531 0
529 527 509 0
473 453 471 0
490 472 491 0
410 406 388 0
450 468 449 0
431 452 430 0
470 490 488 0
452 470 450 0
472 490 470 0
468 469 449 0
359 378 356 0
343 346 365 0
358 343 363 0
379 358 377 0
338 343 358 0
338 324 343 0
441 439 461 0
399 420 417 0
418 439 420 0
398 419 418 0
397 398 418 0
399 397 418 0
379 377 397 0
377 384 398 0
398 405 419 0
359 358 379 0
363 384 377 0
404 426 405 0
383 404 405 0
383 388 404 0
410 408 431 0
449 428 430 0
389 408 410 0
326 321 304 0
345 347 368 0
345 322 325 0
386 366 364 0
368 367 389 0
347 344 367 0
427 419 405 0
472 452 473 0
450 449 430 0
408 387 409 0
368 389 388 0
413 391 390 0
434 413 412 0
411 409 407 0
389 386 408 0
385 391 407 0
457 477 461 0
448 467 457 0
447 448 427 0
447 469 448 0
469 487 467 0
444 465 462 0
425 446 444 0
466 486 465 0
445 466 446 0
445 463 464 0
401 402 423 0
540 520 541 0
560 540 561 0
580 560 581 0
601 580 581 0
587 583 580 0
543 523 539 0
539 523 519 0
519 498 520 0
506 485 505 0
486 484 465 0
483 485 463 0
506 504 486 0
479 500 480 0
461 479 458 0
481 500 479 0
498 499 520 0
481 479 461 0
478 480 499 0
438 437 417 0
480 460 458 0
459 437 460 0
478 459 480 0
478 463 459 0
538 528 549 0
537 538 559 0
537 517 518 0
508 507 528 0
469 489 487 0
488 490 509 0
489 488 509 0
468 470 488 0
529 547 548 0
438 420 441 0
396 417 415 0
399 379 397 0
420 399 418 0
396 378 399 0
376 378 396 0
334 357 336 0
356 378 357 0
402 382 381 0
421 401 423 0
400 382 401 0
382 380 362 0
333 310 313 0
493 512 511 0
472 493 491 0
471 474 492 0
474 471 454 0
475 474 454 0
495 492 474 0
515 495 494 0
492 493 473 0
515 513 495 0
513 532 512 0
514 515 494 0
496 514 494 0
516 536 534 0
571 572 593 0
570 571 592 0
550 531 552 0
551 550 571 0
551 530 550 0
529 551 547 0
530 531 550 0
491 493 511 0
552 572 571 0
533 552 532 0
554 553 552 0
469 468 488 0
477 467 487 0
427 426 447 0
388 383 365 0
410 388 389 0
406 404 388 0
430 428 410 0
426 404 406 0
447 426 428 0
469 447 449 0
469 467 448 0
427 405 426 0
455 435 434 0
351 350 371 0
392 414 412 0
436 456 455 0
456 476 475 0
584 585 604 0
562 564 582 0
565 585 584 0
545 565 564 0
546 543 563 0
565 546 566 0
544 526 546 0
542 524 545 0
525 543 546 0
540 541 561 0
478 499 498 0
521 541 520 0
487 497 477 0
549 527 548 0
518 528 538 0
537 518 538 0
497 508 518 0
497 487 508 0
501 497 517 0
507 489 509 0
528 507 527 0
508 489 507 0
518 508 528 0
487 489 508 0
566 585 565 0
544 546 565 0
563 583 566 0
546 563 566 0
523 543 525 0
505 523 525 0
539 520 540 0
503 519 523 0
503 498 519 0
539 519 520 0
560 539 540 0
560 543 539 0
558 578 561 0
656 680 677 0
647 656 632 0
671 680 656 0
624 645 647 0
581 599 601 0
623 621 646 0
600 623 622 0
600 621 623 0
622 623 646 0
647 645 669 0
632 607 624 0
632 628 607 0
671 656 647 0
653 628 632 0
655 653 677 0
655 631 653 0
603 607 628 0
606 603 628 0
630 606 631 0
605 585 586 0
583 587 603 0
606 586 603 0
563 560 580 0
587 580 601 0
569 549 548 0
646 670 669 0
622 646 645 0
626 621 625 0
494 475 476 0
362 342 361 0
381 362 361 0
360 342 362 0
453 451 471 0
452 453 473 0
452 433 453 0
409 411 431 0
407 391 413 0
435 429 413 0
409 387 407 0
408 409 431 0
385 369 391 0
387 385 407 0
387 364 385 0
342 341 361 0
340 342 360 0
340 320 342 0
367 368 347 0
386 387 408 0
367 366 389 0
364 387 386 0
369 364 348 0
369 385 364 0
371 391 369 0
351 371 369 0
350 349 371 0
455 456 475 0
454 455 475 0
454 435 455 0
457 467 477 0
439 440 461 0
440 448 457 0
363 343 365 0
383 384 365 0
377 358 363 0
599 600 622 0
601 599 622 0
578 600 599 0
561 578 581 0
560 561 581 0
541 558 561 0
579 600 578 0
558 579 578 0
558 559 579 0
537 558 541 0
521 537 541 0
517 497 518 0
577 598 579 0
559 577 579 0
559 569 577 0
577 569 591 0
537 559 558 0
549 569 559 0
538 549 559 0
528 527 549 0
569 589 591 0
551 570 568 0
591 614 598 0
423 442 421 0
250 251 271 0
292 293 271 0
272 292 270 0
315 293 292 0
312 334 313 0
293 312 291 0
314 334 312 0
315 314 293 0
315 337 314 0
335 356 357 0
314 335 334 0
314 337 335 0
324 338 316 0
359 356 337 0
338 359 337 0
316 338 337 0
324 346 343 0
379 378 359 0
424 445 446 0
394 416 403 0
394 393 416 0
402 394 403 0
381 361 374 0
373 375 393 0
443 437 459 0
403 422 424 0
416 437 422 0
375 376 396 0
393 375 395 0
373 354 375 0
443 459 463 0
417 437 415 0
460 480 459 0
441 458 460 0
438 441 460 0
437 438 460 0
417 420 438 0
420 439 441 0
440 457 461 0
427 440 419 0
427 448 440 0
477 481 461 0
521 517 537 0
499 521 520 0
500 501 521 0
480 500 499 0
501 517 521 0
481 501 500 0
481 497 501 0
480 458 479 0
477 497 481 0
355 376 375 0
455 434 436 0
495 474 475 0
429 411 407 0
413 429 407 0
435 451 429 0
494 495 475 0
428 449 447 0
406 428 426 0
406 410 428 0
431 430 410 0
452 472 470 0
430 452 450 0
433 411 432 0
431 433 452 0
431 411 433 0
319 342 320 0
319 341 342 0
298 319 320 0
332 341 319 0
362 381 382 0
353 361 341 0
374 373 394 0
353 374 361 0
353 354 374 0
414 436 434 0
297 318 317 0
376 357 378 0
395 375 396 0
375 354 355 0
340 339 320 0
198 170 171 0
243 263 244 0
222 243 221 0
245 263 243 0
221 197 198 0
258 260 239 0
278 281 259 0
261 278 259 0
283 304 299 0
303 300 282 0
167 168 196 0
195 167 194 0
138 140 168 0
165 138 167 0
136 112 138 0
412 414 434 0
432 451 453 0
433 432 453 0
429 451 432 0
434 435 413 0
454 451 435 0
390 392 412 0
413 390 412 0
391 371 370 0
280 301 294 0
257 280 272 0
279 302 280 0
297 296 276 0
275 297 276 0
318 320 339 0
277 298 297 0
319 309 332 0
297 298 318 0
277 288 298 0
390 391 370 0
392 390 372 0
285 263 265 0
308 305 287 0
286 264 285 0
299 303 281 0
283 299 278 0
321 303 299 0
344 347 325 0
326 344 321 0
348 364 366 0
369 348 351 0
366 386 389 0
344 366 367 0
344 348 366 0
344 325 321 0
283 284 306 0
282 281 303 0
257 256 279 0
239 237 258 0
136 109 112 0
193 217 203 0
89 88 109 0
136 110 109 0
86 67 89 0
149 176 148 0
47 48 67 0
281 278 299 0
258 259 281 0
260 258 281 0
237 238 258 0
216 215 239 0
238 259 258 0
214 238 237 0
214 219 238 0
299 304 321 0
261 283 278 0
241 261 259 0
238 241 259 0
219 242 241 0
284 264 286 0
241 262 261 0
242 244 262 0
261 262 284 0
327 350 330 0
256 260 279 0
240 256 257 0
240 260 256 0
326 348 344 0
306 326 304 0
328 330 351 0
306 328 326 0
306 307 328 0
282 279 260 0
281 282 260 0
300 279 282 0
325 322 303 0
321 325 303 0
347 345 325 0
323 346 324 0
300 322 302 0
345 346 323 0
365 368 388 0
384 363 365 0
405 384 383 0
405 398 384 0
346 368 365 0
358 359 338 0
324 302 323 0
294 301 316 0
345 368 346 0
295 276 296 0

SubDomainFromMesh
1
3 1 1 0

SubDomainFromGeom
1
2 1 1 0

VertexOnGeometricVertex
282
 1 1
 2 2
 3 3
 4 4
 7 5
 9 6
 10 7
 11 8
 12 9
 13 10
 14 11
 15 12
 16 13
 25 14
 31 15
 42 16
 49 17
 60 18
 69 19
 80 20
 91 21
 101 22
 115 23
 125 24
 143 25
 151 26
 152 27
 172 28
 179 29
 180 30
 181 31
 199 32
 206 33
 207 34
 222 35
 229 36
 231 37
 245 38
 253 39
 265 40
 273 41
 287 42
 295 43
 296 44
 308 45
 317 46
 331 47
 339 48
 340 49
 352 50
 360 51
 372 52
 380 53
 392 54
 400 55
 414 56
 421 57
 436 58
 442 59
 456 60
 462 61
 476 62
 482 63
 496 64
 502 65
 516 66
 522 67
 536 68
 542 69
 557 70
 562 71
 576 72
 582 73
 597 74
 602 75
 608 76
 609 77
 610 78
 620 79
 627 80
 634 81
 635 82
 644 83
 651 84
 658 85
 659 86
 666 87
 668 88
 675 89
 682 90
 683 91
 692 92
 700 93
 707 94
 708 95
 709 96
 717 97
 728 98
 735 99
 736 100
 742 101
 751 102
 758 103
 760 104
 761 105
 767 106
 775 107
 783 108
 784 109
 790 110
 799 111
 807 112
 808 113
 816 114
 823 115
 831 116
 832 117
 833 118
 840 119
 847 120
 855 121
 856 122
 863 123
 870 124
 878 125
 879 126
 880 127
 881 128
 888 129
 895 130
 903 131
 904 132
 910 133
 920 134
 928 135
 929 136
 930 137
 944 138
 951 139
 952 140
 954 141
 969 142
 974 143
 975 144
 978 145
 996 146
 1000 147
 1001 148
 1003 149
 1004 150
 1006 151
 1024 152
 1028 153
 1031 154
 1033 155
 1050 156
 1056 157
 1058 158
 1061 159
 1076 160
 1084 161
 1086 162
 1088 163
 1089 164
 1091 165
 1105 166
 1112 167
 1132 168
 1140 169
 1155 170
 1157 171
 1165 172
 1177 173
 1178 174
 1180 175
 1187 176
 1196 177
 1197 178
 1198 179
 1204 180
 1211 181
 1212 182
 1213 183
 1219 184
 1227 185
 1229 186
 1230 187
 1236 188
 1244 189
 1245 190
 1247 191
 1254 192
 1262 193
 1263 194
 1266 195
 1272 196
 1277 197
 1278 198
 1281 199
 1287 200
 1293 201
 1294 202
 1297 203
 1305 204
 1308 205
 1309 206
 1312 207
 1321 208
 1324 209
 1325 210
 1329 211
 1336 212
 1339 213
 1340 214
 1346 215
 1352 216
 1354 217
 1355 218
 1361 219
 1366 220
 1369 221
 1370 222
 1376 223
 1381 224
 1384 225
 1385 226
 1393 227
 1397 228
 1399 229
 1400 230
 1409 231
 1412 232
 1414 233
 1415 234
 1424 235
 1427 236
 1430 237
 1431 238
 1441 239
 1444 240
 1446 241
 1447 242
 1458 243
 1460 244
 1463 245
 1464 246
 1469 247
 1470 248
 1478 249
 1480 250
 1486 251
 1487 252
 1495 253
 1497 254
 1501 255
 1502 256
 1513 257
 1515 258
 1518 259
 1519 260
 1531 261
 1532 262
 1535 263
 1536 264
 1549 265
 1550 266
 1553 267
 1554 268
 1555 269
 1559 270
 1560 271
 1566 272
 1567 273
 1569 274
 1570 275
 1571 276
 1572 277
 1573 278
 1574 279
 1575 280
 1576 281
 1577 282

VertexOnGeometricEdge
0

EdgeOnGeometricEdge
282
1 1
2 2
3 3
4 4
5 5
6 6
7 7
8 8
9 9
10 10
11 11
12 12
13 13
14 14
15 15
16 16
17 17
18 18
19 19
20 20
21 21
22 22
23 23
24 24
25 25
26 26
27 27
28 28
29 29
30 30
31 31
32 32
33 33
34 34
35 35
36 36
37 37
38 38
39 39
40 40
41 41
42 42
43 43
44 44
45 45
46 46
47 47
48 48
49 49
50 50
51 51
52 52
53 53
54 54
55 55
56 56
57 57
58 58
59 59
60 60
61 61
62 62
63 63
64 64
65 65
66 66
67 67
68 68
69 69
70 70
71 71
72 72
73 73
74 74
75 75
76 76
77 77
78 78
79 79
80 80
81 81
82 82
83 83
84 84
85 85
86 86
87 87
88 88
89 89
90 90
91 91
92 92
93 93
94 94
95 95
96 96
97 97
98 98
99 99
100 100
101 101
102 102
103 103
104 104
105 105
106 106
107 107
108 108
109 109
110 110
111 111
112 112
113 113
114 114
115 115
116 116
117 117
118 118
119 119
120 120
121 121
122 122
123 123
124 124
125 125
126 126
127 127
128 128
129 129
130 130
131 131
132 132
133 133
134 134
135 135
136 136
137 137
138 138
139 139
140 140
141 141
142 142
143 143
144 144
145 145
146 146
147 147
148 148
149 149
150 150
151 151
152 152
153 153
154 154
155 155
156 156
157 157
158 158
159 159
160 160
161 161
162 162
163 163
164 164
165 165
166 166
167 167
168 168
169 169
170 170
171 171
172 172
173 173
174 174
175 175
176 176
177 177
178 178
179 179
180 180
181 181
182 182
183 183
184 184
185 185
186 186
187 187
188 188
189 189
190 190
191 191
192 192
193 193
194 194
195 195
196 196
197 197
198 198
199 199
200 200
201 201
202 202
203 203
204 204
205 205
206 206
207 207
208 208
209 209
210 210
211 211
212 212
213 213
214 214
215 215
216 216
217 217
218 218
219 219
220 220
221 221
222 222
223 223
224 224
225 225
226 226
227 227
228 228
229 229
230 230
231 231
232 232
233 233
234 234
235 235
236 236
237 237
238 238
239 239
240 240
241 241
242 242
243 243
244 244
245 245
246 246
247 247
248 248
249 249
250 250
251 251
252 252
253 253
254 254
255 255
256 256
257 257
258 258
259 259
260 260
261 261
262 262
263 263
264 264
265 265
266 266
267 267
268 268
269 269
270 270
271 271
272 272
273 273
274 274
275 275
276 276
277 277
278 278
279 279
280 280
281 281
282 282

End
