MeshVersionFormatted 1

Dimension
2

Identifier
";2, Date: 26/03/14 10:44 22s"

Geometry
"Maillage_L0.171.mesh.gmsh"

Vertices
3803
0 0.014 22
0 0.01 22
0 0.008 22
0 0.009 22
0 0.006 22
0 0.019 22
0 0.015 22
0 0.016 22
0 0.017 22
0 0.013 22
0 0.012 22
0 0.011 22
0.000692307606845 0.0106923075792 0
0.000749999870919 0.0146249998917 0
0.000749999870919 0.0137499998525 0
0 0.007 22
0.000692307606845 0.00976923065327 0
0.000666666600589 0.00824999998156 0
0 0 22
0 0.004 22
0 0.005 22
0.000749999870919 0.00524999997234 0
0.000699999838648 0.00629999994929 0
0 0.001 22
0 0.003 22
0 0.002 22
0 0.018 22
0.001 0.019 21
0.00133333328877 0.0156666666467 0
0.000749999870919 0.0167499998617 0
0.000749999870919 0.0174999999954 0
0.000727272663151 0.0126363635186 0
0.000727272663151 0.0117272725802 0
0.00138461530128 0.0105384613665 0
0.00149999982943 0.0144999999862 0
0.00145454541389 0.0132727272631 0
0.00136752106353 0.00952564074348 0
0.00133333328877 0.00749999984787 0
0.00135042700097 0.00851282029568 0
0.001 0 1
0.000666666600589 0.00333333317813 0
0.00124999984326 0.00449999983865 0
0.00145454541389 0.00572727256173 0
0.00199999997695 0.00674999988936 0
0.000666666600589 0.00133333328877 0
0.00133333328877 0.000666666600589 0
0.00119999998617 0.00239999988475 0
0.00153749994122 0.00307499979485 0
0.00133333328877 0.0183333332242 0
0.002 0.019 21
0.00224999996312 0.0152499999447 0
0.00199999997695 0.0164999998755 0
0.00149999982943 0.0174999999954 0
0.00145454541389 0.0124545453309 0
0.00207692299572 0.0113076922549 0
0.00219487165953 0.010246153755 0
0.00218181816464 0.0139090908324 0
0.00218181816464 0.0131818180817 0
0.00231282032334 0.00918461525518 0
0.00243076916233 0.00812307675534 0
0.002 0 1
0.00187499989627 0.00374999988014 0
0.00218181816464 0.00509090899242 0
0.00266666666513 0.00599999993085 0
0.00290967146778 0.0068029301872 0
0.00179999984787 0.00159999989397 0
0.00239999988475 0.000799999903189 0
0.00214999989858 0.00229999982021 0
0.00249999994929 0.00299999992163 0
0.0029090907402 0.0145454544017 0
0.00224999996312 0.0182499999539 0
0.003 0.019 21
0.00363636349094 0.0151818181462 0
0.00299999992163 0.0159999999032 0
0.00266666666513 0.0173333332795 0
0.00315267627044 0.00760586061874 0
0.00276923069015 0.0120769229681 0
0.0030015180469 0.0110192305841 0
0.00315878293198 0.00960384591767 0
0.00333333317813 0.0137499998525 0
0.00346153838459 0.0128461536813 0
0.00323741537452 0.00889615358445 0
0.003 0 1
0.00270454534474 0.00372727267237 0
0.0029090907402 0.00445454542311 0
0.00333333317813 0.00524999997234 0
0.00363157875108 0.00628571422578 0
0.00387458355373 0.00708864448214 0
0.00276249968075 0.00152499984556 0
0.00333333317813 0.000666666600589 0
0.00312499982712 0.00224999996312 0
0.00338068148385 0.00303409082087 0
0.004 0.019 21
0.00399999986631 0.0144999999862 0
0.00460489500757 0.0151013984992 0
0.00333333317813 0.0181666665084 0
0.00436363624168 0.0158181817155 0
0.00374999988014 0.0167499998617 0
0.00428571416124 0.0182857142627 0
0.00388515577394 0.00823049419148 0
0.00453289617336 0.0075648349737 0
0.00373452852637 0.0117802195203 0
0.00392611327327 0.0107307690886 0
0.00400474554063 0.0100230767553 0
0.00415384607902 0.0136153845696 0
0.00438461513532 0.0127051279717 0
0.00467214396309 0.00918049410389 0
0.004 0 1
0.00363636349094 0.00381818167862 0
0.00399999986631 0.00449999983865 0
0.00433918104087 0.00554166659367 0
0.00459649101221 0.00657142852072 0
0.00374999988014 0.00149999982943 0
0.00437499993315 0.000749999870919 0
0.00405681797332 0.00234090896937 0
0.00436363624168 0.00318181810931 0
0.005 0.019 21
0.00484615377346 0.0143846152828 0
0.00553846146789 0.0155384614402 0
0.00449999983865 0.0174999999954 0
0.00509090899242 0.0164545452848 0
0.00524999997234 0.0182499999539 0
0.00533954256074 0.00833791197798 0
0.00558395985405 0.00728571417046 0
0.00469982636259 0.0114835162477 0
0.00485070832446 0.010442307593 0
0.00512307674612 0.0132923075054 0
0.00519433175851 0.0120329668823 0
0.00541926918865 0.00953296684537 0
0.00598783005284 0.00862362609773 0
0.00624192666485 0.00938186783328 0
0.005 0 1
0.00484615377346 0.00415384607902 0
0.00503963083391 0.00503237165146 0
0.00534502907879 0.00583333321501 0
0.00449999983865 0.00149999982943 0
0.00524999997234 0.000749999870919 0
0.00509090899242 0.00254545454001 0
0.00553846146789 0.00346153838459 0
0.00567692286663 0.0139076921811 0
0.006 0.019 21
0.00604038441059 0.0146557689941 0
0.00640384595455 0.0154038459822 0
0.00623076916233 0.0162307691347 0
0.00581818174316 0.0170909090293 0
0.00629999994929 0.0182999999862 0
0.00635087694153 0.00612499983634 0
0.00695655794824 0.00706547581629 0
0.00655639091703 0.00771428552527 0
0.00564256779327 0.0107582416203 0
0.00609230741322 0.0129692306164 0
0.00606072862065 0.0116263733076 0
0.00660034682765 0.0103186811126 0
0.00681048752904 0.00847252708564 0
0.00706458431623 0.00923076899637 0
0.006 0 1
0.00665506047598 0.00529230759762 0
0.00574008080213 0.00452307670924 0
0.00581818174316 0.00190909079552 0
0.00654545449391 0.00127272722621 0
0.00623076916233 0.00276923069015 0
0.00645647756747 0.00359615366743 0
0.00733846122817 0.0129538459776 0
0.00692307668158 0.0136923074132 0
0.007 0.019 21
0.0070961534738 0.0144807690563 0
0.00726923061639 0.0152692306994 0
0.00715384591306 0.0161538459407 0
0.00692307685676 0.0169230768291 0
0.00654545449391 0.0175454544109 0
0.00733333330721 0.0182499999539 0
0.00735672497946 0.00641666645768 0
0.00768170399222 0.00721428555293 0
0.00752882198 0.00814285705527 0
0.00692712530762 0.0112197800833 0
0.00713279326789 0.0120868130304 0
0.00807692283897 0.0121410254837 0
0.00759571987125 0.0105934064299 0
0.00755812586202 0.00987912078018 0
0.00778291859201 0.00890109861563 0
0.007 0 1
0.00727272724465 0.000727272663151 0
0.00752793503467 0.00526153832005 0
0.00705465571387 0.0045769230326 0
0.0076153845512 0.00138461530128 0
0.00692307685676 0.00207692299572 0
0.00720647752598 0.00284615370892 0
0.00737449366704 0.00373076912545 0
0.00796153813564 0.0133461536536 0
0.00796153813564 0.0140961536121 0
0.008 0.019 21
0.00813461510305 0.0151346152413 0
0.00807692283897 0.016076922922 0
0.0076153845512 0.0174615383108 0
0.00830769224563 0.018307692218 0
0.00899999994007 0.012999999894 0
0.0083625728422 0.00670833307901 0
0.00842186223853 0.00563076912545 0
0.00855137797985 0.00760714277416 0
0.00936842088012 0.00699999987553 0
0.00850125304298 0.00857142841008 0
0.00831897009804 0.0112188642329 0
0.00899999994007 0.0119999999493 0
0.00856101770747 0.0102967031573 0
0.00854908887958 0.00928846143562 0
0.008 0 1
0.00830769224563 0.000692307606845 0
0.00836032368337 0.00169230755152 0
0.00815890668408 0.00478846150938 0
0.00804048555502 0.00253846145867 0
0.00821727374836 0.00358974341586 0
0.00926315782947 0.00499999998617 0
0.00899999994007 0.0139999998386 0
0.00899999994007 0.0149999999585 0
0.009 0.019 21
0.00899999994007 0.0159999999032 0
0.00899999994007 0.0169999998479 0
0.00899999994007 0.0179999999677 0
0.00999999988475 0.0139999998386 0
0.00999999988475 0.012999999894 0
0.00999999988475 0.0119999999493 0
0.00931578944238 0.00599999993085 0
0.00999999988475 0.00499999998617 0
0.00997368407829 0.00649999990319 0
0.010026315516 0.00749999984787 0
0.00942105249303 0.00799999999539 0
0.00947368410595 0.00899999994007 0
0.00957894733178 0.0109999998294 0
0.00952631571887 0.00999999988475 0
0.009 0 1
0.00905263155299 0.000999999857089 0
0.00910526299072 0.00199999997695 0
0.00921052621655 0.00399999986631 0
0.00915789460364 0.00299999992163 0
0.00999999988475 0.00399999986631 0
0.00999999988475 0.0149999999585 0
0.00999999988475 0.0159999999032 0
0.01 0.019 21
0.00999999988475 0.0169999998479 0
0.00999999988475 0.0179999999677 0
0.0109999998294 0.0139999998386 0
0.0109999998294 0.012999999894 0
0.0104210526129 0.0109999998294 0
0.0109999998294 0.0119999999493 0
0.01073684194 0.00499999998617 0
0.0106842105023 0.00599999993085 0
0.0106315788894 0.00699999987553 0
0.0105789472765 0.00799999999539 0
0.0105263156635 0.00899999994007 0
0.0104736840506 0.00999999988475 0
0.01 0 1
0.00999999988475 0.000999999857089 0
0.00999999988475 0.00199999997695 0
0.00999999988475 0.00299999992163 0
0.0107894735529 0.00399999986631 0
0.0114736839953 0.00449999983865 0
0.0119999999493 0.0139999998386 0
0.0109999998294 0.0149999999585 0
0.0119999999493 0.0149999999585 0
0.0109999998294 0.0159999999032 0
0.011 0.019 21
0.0109999998294 0.0169999998479 0
0.0109999998294 0.0179999999677 0
0.0119078946267 0.0132499998801 0
0.0118157893041 0.0124999999216 0
0.011697368175 0.0117499997879 0
0.0115789472211 0.0109999998294 0
0.0114868417234 0.00524999979716 0
0.0113684209447 0.00699999987553 0
0.0114999999769 0.00599999993085 0
0.0114210525576 0.00799999999539 0
0.0114736841705 0.00899999994007 0
0.0115263157834 0.00999999988475 0
0.0122631578387 0.00499999998617 0
0.011 0 1
0.0110526314423 0.000999999857089 0
0.0111052630553 0.00199999997695 0
0.0111578946682 0.00299999992163 0
0.0122105262258 0.00399999986631 0
0.0121578946129 0.00299999992163 0
0.0127368420046 0.0139999998386 0
0.0119999999493 0.0159999999032 0
0.0127894736175 0.0149999999585 0
0.0119999999493 0.0169999998479 0
0.012 0.019 21
0.0119999999493 0.0179999999677 0
0.0126842103917 0.012999999894 0
0.0126315787787 0.0119999999493 0
0.012578947341 0.0109999998294 0
0.0125263157281 0.00999999988475 0
0.012999999894 0.00499999998617 0
0.0123157894516 0.00599999993085 0
0.0123684208893 0.00699999987553 0
0.0124210525023 0.00799999999539 0
0.0124736841152 0.00899999994007 0
0.0129736840875 0.00649999990319 0
0.012999999894 0.00399999986631 0
0.012 0 1
0.0120526315622 0.000999999857089 0
0.0121052629999 0.00199999997695 0
0.012999999894 0.00299999992163 0
0.012999999894 0.00199999997695 0
0.013368420834 0.0134999998663 0
0.0133947366405 0.014499999811 0
0.0128421052304 0.0159999999032 0
0.0134210524469 0.0154999999308 0
0.0128947366681 0.0169999998479 0
0.013 0.019 21
0.0129473682811 0.0179999999677 0
0.0133421048524 0.0124999999216 0
0.0133157892211 0.0114999998018 0
0.0132368418017 0.00899999994007 0
0.0132894734146 0.0104999996819 0
0.0132631576082 0.0097499997234 0
0.0137368419492 0.00499999998617 0
0.0136842105115 0.00599999993085 0
0.0130263157004 0.00749999984787 0
0.0131315787511 0.00824999980638 0
0.0136315788986 0.00699999987553 0
0.0137894735622 0.00399999986631 0
0.013 0 1
0.012999999894 0.000999999857089 0
0.0138421051751 0.00299999992163 0
0.013894736788 0.00199999997695 0
0.0145263156174 0.00449999983865 0
0.0139999998386 0.012999999894 0
0.0139999998386 0.0139999998386 0
0.0139999998386 0.0149999999585 0
0.0139999998386 0.0159999999032 0
0.0139999998386 0.0169999998479 0
0.014 0.019 21
0.0139999998386 0.0179999999677 0
0.0139999998386 0.0119999999493 0
0.0139999998386 0.0109999998294 0
0.0139999998386 0.00899999994007 0
0.0139999998386 0.00999999988475 0
0.014499999811 0.00599999993085 0
0.014513157539 0.00524999979716 0
0.0146315788433 0.00699999987553 0
0.0139999998386 0.00799999999539 0
0.014 0 1
0.0145263156174 0.00349999989397 0
0.0139473684009 0.000999999857089 0
0.0145263156174 0.00249999994929 0
0.0145263156174 0.00149999982943 0
0.015210526235 0.00399999986631 0
0.0152631578479 0.00499999998617 0
0.0149999999585 0.0119999999493 0
0.0149999999585 0.012999999894 0
0.0149999999585 0.0139999998386 0
0.0149999999585 0.0149999999585 0
0.0149999999585 0.0159999999032 0
0.0149999999585 0.0169999998479 0
0.0149999999585 0.0179999999677 0
0.015 0.019 21
0.0149999999585 0.0109999998294 0
0.0149999999585 0.00999999988475 0
0.0149999999585 0.00899999994007 0
0.0159999999032 0.0119999999493 0
0.0153157894608 0.00599999993085 0
0.0153684208986 0.00699999987553 0
0.0154210525115 0.00799999999539 0
0.015 0 1
0.0151578946221 0.00299999992163 0
0.0150526315714 0.000999999857089 0
0.0151052630092 0.00199999997695 0
0.0159999999032 0.00299999992163 0
0.0159999999032 0.00399999986631 0
0.0159999999032 0.00499999998617 0
0.0159999999032 0.012999999894 0
0.0159999999032 0.0149999999585 0
0.0159999999032 0.0139999998386 0
0.0159999999032 0.0159999999032 0
0.0159999999032 0.0169999998479 0
0.0159999999032 0.0179999999677 0
0.016 0.019 21
0.0169999998479 0.0149999999585 0
0.0169999998479 0.0119999999493 0
0.0159999999032 0.0109999998294 0
0.0159999999032 0.00999999988475 0
0.0159999999032 0.00899999994007 0
0.0169999998479 0.0109999998294 0
0.0161578945668 0.00599999993085 0
0.0162105261797 0.00799999999539 0
0.0161842103732 0.00699999987553 0
0.016 0 1
0.0159999999032 0.00199999997695 0
0.0159999999032 0.000999999857089 0
0.0169999998479 0.00499999998617 0
0.0169999998479 0.00199999997695 0
0.0169999998479 0.00299999992163 0
0.0169999998479 0.00399999986631 0
0.0169999998479 0.012999999894 0
0.0169999998479 0.0139999998386 0
0.0169999998479 0.0159999999032 0
0.0169999998479 0.0169999998479 0
0.0169999998479 0.0179999999677 0
0.017 0.019 21
0.0179999999677 0.0139999998386 0
0.0179999999677 0.0149999999585 0
0.0179999999677 0.0119999999493 0
0.0179999999677 0.0109999998294 0
0.0169999998479 0.00999999988475 0
0.0169999998479 0.00899999994007 0
0.0179999999677 0.00999999988475 0
0.0169999998479 0.00599999993085 0
0.0169999998479 0.00799999999539 0
0.0169999998479 0.00699999987553 0
0.017 0 1
0.0169999998479 0.000999999857089 0
0.0178947367419 0.00199999997695 0
0.0177368420783 0.00499999998617 0
0.017842105129 0.00299999992163 0
0.0177894735161 0.00399999986631 0
0.0179999999677 0.012999999894 0
0.0179999999677 0.0159999999032 0
0.0179999999677 0.0169999998479 0
0.0179999999677 0.0179999999677 0
0.018 0.019 21
0.018736842023 0.0139999998386 0
0.0187894736359 0.0149999999585 0
0.0188157894424 0.0119999999493 0
0.0187894736359 0.0109999998294 0
0.0187631578295 0.00999999988475 0
0.0179999999677 0.00799999999539 0
0.0179999999677 0.00899999994007 0
0.0179999999677 0.00599999993085 0
0.0179999999677 0.00699999987553 0
0.0184999999401 0.00499999998617 0
0.018 0 1
0.0179473683548 0.000999999857089 0
0.0184736841336 0.00149999982943 0
0.0185263155713 0.00249999994929 0
0.0184868418617 0.00424999985248 0
0.0184736839584 0.00349999989397 0
0.0189999999124 0.012999999894 0
0.0188421052488 0.0159999999032 0
0.0188947366866 0.0169999998479 0
0.0189473682995 0.0179999999677 0
0.019 0.019 21
0.0194210524654 0.0154999999308 0
0.0194999998847 0.0139999998386 0
0.019631578917 0.0119999999493 0
0.0199999998571 0.0149999999585 0
0.0195789473041 0.0109999998294 0
0.0189999999124 0.00899999994007 0
0.0195263156912 0.00999999988475 0
0.0189999999124 0.00799999999539 0
0.0189999999124 0.00599999993085 0
0.0189999999124 0.00699999987553 0
0.0192631578018 0.00499999998617 0
0.0199999998571 0.00499999998617 0
0.019 0 1
0.0190526315253 0.000999999857089 0
0.0191052631382 0.00199999997695 0
0.019157894576 0.00299999992163 0
0.0192105261889 0.00399999986631 0
0.0203157893594 0.012999999894 0
0.0199999998571 0.0159999999032 0
0.0199999998571 0.0169999998479 0
0.0199999998571 0.0179999999677 0
0.02 0.019 21
0.0202631577465 0.0139999998386 0
0.0203684209723 0.0119999999493 0
0.0209999999769 0.0139999998386 0
0.0209999999769 0.0149999999585 0
0.0209736839953 0.0124999999216 0
0.0204210525852 0.0109999998294 0
0.0204736841982 0.00999999988475 0
0.0199999998571 0.00899999994007 0
0.0199999998571 0.00799999999539 0
0.0199999998571 0.00599999993085 0
0.0199999998571 0.00699999987553 0
0.0199999998571 0.00399999986631 0
0.0207368420876 0.00499999998617 0
0.02 0 1
0.0199999998571 0.000999999857089 0
0.0199999998571 0.00199999997695 0
0.0199999998571 0.00299999992163 0
0.0216842104193 0.012999999894 0
0.0209999999769 0.0159999999032 0
0.0209999999769 0.0169999998479 0
0.0209999999769 0.0179999999677 0
0.021 0.019 21
0.0209736839953 0.0114999998018 0
0.0217368420322 0.0139999998386 0
0.0217894736451 0.0149999999585 0
0.0216315788064 0.0119999999493 0
0.0215789471935 0.0109999998294 0
0.0215263157557 0.00999999988475 0
0.0209999999769 0.00899999994007 0
0.0209999999769 0.00799999999539 0
0.0209999999769 0.00699999987553 0
0.0209999999769 0.00599999993085 0
0.0207894735253 0.00399999986631 0
0.0214999999493 0.00499999998617 0
0.021 0 1
0.0210526314147 0.000999999857089 0
0.0211052630276 0.00199999997695 0
0.0211578946405 0.00299999992163 0
0.0223684208617 0.0134999998663 0
0.0223421050552 0.0124999999216 0
0.0218421052581 0.0159999999032 0
0.0218947366958 0.0169999998479 0
0.0219473683087 0.0179999999677 0
0.022 0.019 21
0.0224210524746 0.0154999999308 0
0.0223947366681 0.014499999811 0
0.0223157892488 0.0114999998018 0
0.0222894734423 0.0104999996819 0
0.0219999999216 0.00899999994007 0
0.0219999999216 0.00799999999539 0
0.0219999999216 0.00699999987553 0
0.0219999999216 0.00599999993085 0
0.022263157811 0.00499999998617 0
0.0222105261981 0.00399999986631 0
0.022 0 1
0.0220526315345 0.000999999857089 0
0.0221052631475 0.00199999997695 0
0.0221578945852 0.00299999992163 0
0.0229999998663 0.0139999998386 0
0.0229999998663 0.012999999894 0
0.0229999998663 0.0119999999493 0
0.0229999998663 0.0159999999032 0
0.0228947368157 0.0169999998479 0
0.0229473682534 0.0179999999677 0
0.023 0.019 21
0.0229999998663 0.0149999999585 0
0.0229999998663 0.0109999998294 0
0.0229999998663 0.00999999988475 0
0.0229999998663 0.00399999986631 0
0.0229999998663 0.00499999998617 0
0.0229999998663 0.00899999994007 0
0.0229999998663 0.00799999999539 0
0.0229999998663 0.00699999987553 0
0.0229999998663 0.00599999993085 0
0.0229999998663 0.00299999992163 0
0.023 0 1
0.0229999998663 0.000999999857089 0
0.0229999998663 0.00199999997695 0
0.0239999999862 0.00299999992163 0
0.0239999999862 0.012999999894 0
0.0239999999862 0.0139999998386 0
0.0239999999862 0.0109999998294 0
0.0239999999862 0.0119999999493 0
0.0239999999862 0.0149999999585 0
0.0239999999862 0.0159999999032 0
0.0239999999862 0.0179999999677 0
0.0239999999862 0.0169999998479 0
0.024 0.019 21
0.0249999999308 0.0149999999585 0
0.0239999999862 0.00999999988475 0
0.0249999999308 0.0109999998294 0
0.0239999999862 0.00899999994007 0
0.0239999999862 0.00399999986631 0
0.0239999999862 0.00499999998617 0
0.0239999999862 0.00799999999539 0
0.0239999999862 0.00699999987553 0
0.0239999999862 0.00599999993085 0
0.024 0 1
0.0239999999862 0.00199999997695 0
0.0239999999862 0.000999999857089 0
0.0249999999308 0.00299999992163 0
0.0249999999308 0.00399999986631 0
0.0249999999308 0.0139999998386 0
0.0248421050921 0.012999999894 0
0.0249999999308 0.0119999999493 0
0.0249999999308 0.0159999999032 0
0.0249999999308 0.0169999998479 0
0.0249999999308 0.0179999999677 0
0.025 0.019 21
0.0257368419861 0.0139999998386 0
0.025789473599 0.0149999999585 0
0.0249999999308 0.00999999988475 0
0.0259999998755 0.0109999998294 0
0.0259999998755 0.00999999988475 0
0.0249999999308 0.00899999994007 0
0.0249999999308 0.00499999998617 0
0.0249999999308 0.00599999993085 0
0.0249999999308 0.00799999999539 0
0.0249999999308 0.00699999987553 0
0.0251052631567 0.00199999997695 0
0.025 0 1
0.0250526315438 0.000999999857089 0
0.0259999998755 0.00199999997695 0
0.0259999998755 0.00299999992163 0
0.0259999998755 0.00399999986631 0
0.0256842103732 0.012999999894 0
0.0259999998755 0.0119999999493 0
0.025842105212 0.0159999999032 0
0.0258947368249 0.0169999998479 0
0.0259473682626 0.0179999999677 0
0.026 0.019 21
0.0263684208156 0.0134999998663 0
0.0264210524285 0.0154999999308 0
0.0263947364469 0.014499999811 0
0.0259999998755 0.00899999994007 0
0.0269999999954 0.0119999999493 0
0.0269999999954 0.00899999994007 0
0.0269999999954 0.0109999998294 0
0.0269999999954 0.00999999988475 0
0.0259999998755 0.00799999999539 0
0.0259999998755 0.00499999998617 0
0.0259999998755 0.00599999993085 0
0.0259999998755 0.00699999987553 0
0.0259999998755 0.000999999857089 0
0.026 0 1
0.0269999999954 0.00399999986631 0
0.0268947367696 0.00199999997695 0
0.0269999999954 0.00299999992163 0
0.0269999999954 0.012999999894 0
0.0269999999954 0.0179999999677 0
0.0269999999954 0.0159999999032 0
0.0269999999954 0.0169999998479 0
0.027 0.019 21
0.0269999999954 0.0139999998386 0
0.0269999999954 0.0149999999585 0
0.0269999999954 0.00799999999539 0
0.0279999999401 0.00799999999539 0
0.0279999999401 0.0119999999493 0
0.0279999999401 0.0109999998294 0
0.0279999999401 0.00899999994007 0
0.0279999999401 0.00999999988475 0
0.0269999999954 0.00699999987553 0
0.0269999999954 0.00499999998617 0
0.0269999999954 0.00599999993085 0
0.027 0 1
0.0269473683825 0.000999999857089 0
0.0279999999401 0.00399999986631 0
0.0279999999401 0.00299999992163 0
0.0279999999401 0.00199999997695 0
0.0279999999401 0.012999999894 0
0.0279473683272 0.0179999999677 0
0.0279999999401 0.0149999999585 0
0.0279999999401 0.0159999999032 0
0.0279999999401 0.0169999998479 0
0.028 0.019 21
0.0279999999401 0.0139999998386 0
0.0279999999401 0.00699999987553 0
0.0289999998847 0.00899999994007 0
0.0289999998847 0.00799999999539 0
0.0289999998847 0.012999999894 0
0.0289999998847 0.0119999999493 0
0.0289999998847 0.0109999998294 0
0.0289999998847 0.00999999988475 0
0.0279999999401 0.00599999993085 0
0.0279999999401 0.00499999998617 0
0.0289999998847 0.00499999998617 0
0.028 0 1
0.0279999999401 0.000999999857089 0
0.0289999998847 0.00399999986631 0
0.0289999998847 0.00299999992163 0
0.0289999998847 0.00199999997695 0
0.0289999998847 0.0139999998386 0
0.0289999998847 0.0149999999585 0
0.0289999998847 0.0179999999677 0
0.0289999998847 0.0159999999032 0
0.0289999998847 0.0169999998479 0
0.029 0.019 21
0.0289999998847 0.00699999987553 0
0.02973684194 0.00949999991241 0
0.0297105261336 0.00849999996773 0
0.0296842103271 0.00749999984787 0
0.0299999998294 0.012999999894 0
0.0299999998294 0.0119999999493 0
0.0299999998294 0.0109999998294 0
0.0289999998847 0.00599999993085 0
0.02973684194 0.00499999998617 0
0.029 0 1
0.0289999998847 0.000999999857089 0
0.0297894735529 0.00399999986631 0
0.0298421051659 0.00299999992163 0
0.0298947367788 0.00199999997695 0
0.0299999998294 0.0139999998386 0
0.0299999998294 0.0149999999585 0
0.0299999998294 0.0179999999677 0
0.0299999998294 0.0169999998479 0
0.0299999998294 0.0159999999032 0
0.03 0.019 21
0.0296578945207 0.00649999990319 0
0.0305263157834 0.00999999988475 0
0.0304736841705 0.00899999994007 0
0.0304210525576 0.00799999999539 0
0.0303684209447 0.00699999987553 0
0.0309999999493 0.0139999998386 0
0.0309999999493 0.012999999894 0
0.0309999999493 0.0119999999493 0
0.0309999999493 0.0109999998294 0
0.03 0 1
0.0303157893317 0.00599999993085 0
0.0304999998018 0.00499999998617 0
0.0305131575298 0.00424999985248 0
0.0299473683917 0.000999999857089 0
0.030526315433 0.00149999982943 0
0.0305263156082 0.00349999989397 0
0.0305263156082 0.00249999994929 0
0.0309999999493 0.0149999999585 0
0.0309999999493 0.0159999999032 0
0.0309999999493 0.0179999999677 0
0.0309999999493 0.0169999998479 0
0.031 0.019 21
0.0312631576635 0.00949999991241 0
0.031236841857 0.00849999996773 0
0.0312105260506 0.00749999984787 0
0.0311842102441 0.00649999990319 0
0.031999999894 0.0149999999585 0
0.031999999894 0.0139999998386 0
0.031999999894 0.00999999988475 0
0.031999999894 0.012999999894 0
0.031999999894 0.0119999999493 0
0.031999999894 0.0109999998294 0
0.031 0 1
0.0312236839538 0.00574999994468 0
0.0312631578387 0.00499999998617 0
0.0312105262258 0.00399999986631 0
0.0310526315622 0.000999999857089 0
0.0311052629999 0.00199999997695 0
0.0311578946129 0.00299999992163 0
0.031999999894 0.0159999999032 0
0.031999999894 0.0169999998479 0
0.032 0.019 21
0.031999999894 0.0179999999677 0
0.031999999894 0.00899999994007 0
0.031999999894 0.00799999999539 0
0.031999999894 0.00699999987553 0
0.031999999894 0.00599999993085 0
0.0329999998386 0.0139999998386 0
0.0329999998386 0.0149999999585 0
0.0329999998386 0.00899999994007 0
0.0329999998386 0.012999999894 0
0.0329999998386 0.00999999988475 0
0.0329999998386 0.0119999999493 0
0.0329999998386 0.0109999998294 0
0.032 0 1
0.031999999894 0.00499999998617 0
0.031999999894 0.00399999986631 0
0.031999999894 0.00299999992163 0
0.031999999894 0.000999999857089 0
0.031999999894 0.00199999997695 0
0.0329999998386 0.0159999999032 0
0.0329999998386 0.0169999998479 0
0.0329999998386 0.0179999999677 0
0.033 0.019 21
0.033789473682 0.0149999999585 0
0.0329999998386 0.00799999999539 0
0.0329999998386 0.00699999987553 0
0.0329999998386 0.00599999993085 0
0.0329999998386 0.00499999998617 0
0.0337368420691 0.0139999998386 0
0.0339999999585 0.00899999994007 0
0.0339999999585 0.00999999988475 0
0.0339999999585 0.012999999894 0
0.0339999999585 0.0109999998294 0
0.0339999999585 0.0119999999493 0
0.033 0 1
0.0329999998386 0.00399999986631 0
0.0329999998386 0.00299999992163 0
0.0330526314516 0.000999999857089 0
0.0329999998386 0.00199999997695 0
0.0338421051198 0.0159999999032 0
0.0338947367327 0.0169999998479 0
0.0339473683456 0.0179999999677 0
0.034 0.019 21
0.034394736705 0.014499999811 0
0.0344210525115 0.0154999999308 0
0.0339999999585 0.00799999999539 0
0.0339999999585 0.00699999987553 0
0.0339999999585 0.00599999993085 0
0.0339999999585 0.00499999998617 0
0.0349999999032 0.0139999998386 0
0.0349999999032 0.00799999999539 0
0.0349999999032 0.00899999994007 0
0.0349999999032 0.00999999988475 0
0.0349999999032 0.012999999894 0
0.0349999999032 0.0119999999493 0
0.0349999999032 0.0109999998294 0
0.034 0 1
0.0339999999585 0.00399999986631 0
0.0339999999585 0.00299999992163 0
0.0339999999585 0.000999999857089 0
0.0339999999585 0.00199999997695 0
0.0349999999032 0.0159999999032 0
0.0349999999032 0.0169999998479 0
0.035 0.019 21
0.0349999999032 0.0179999999677 0
0.0349999999032 0.0149999999585 0
0.0349999999032 0.00699999987553 0
0.0349999999032 0.00599999993085 0
0.0349999999032 0.00499999998617 0
0.0359999998479 0.0139999998386 0
0.0359999998479 0.00699999987553 0
0.0359999998479 0.012999999894 0
0.0359999998479 0.00799999999539 0
0.0359999998479 0.00899999994007 0
0.0359999998479 0.00999999988475 0
0.0359999998479 0.0119999999493 0
0.0359999998479 0.0109999998294 0
0.035 0 1
0.0349999999032 0.000999999857089 0
0.0349999999032 0.00399999986631 0
0.0349999999032 0.00299999992163 0
0.0349999999032 0.00199999997695 0
0.0359999998479 0.0149999999585 0
0.0359999998479 0.0159999999032 0
0.0359999998479 0.0179999999677 0
0.0359999998479 0.0169999998479 0
0.036 0.019 21
0.0359999998479 0.00599999993085 0
0.0359999998479 0.00499999998617 0
0.0359999998479 0.00399999986631 0
0.0369999999677 0.0149999999585 0
0.0369999999677 0.0139999998386 0
0.0369999999677 0.00699999987553 0
0.0369999999677 0.00799999999539 0
0.0369999999677 0.012999999894 0
0.0369999999677 0.00899999994007 0
0.0369999999677 0.00999999988475 0
0.0369999999677 0.0109999998294 0
0.0369999999677 0.0119999999493 0
0.036 0 1
0.0359999998479 0.000999999857089 0
0.0359999998479 0.00299999992163 0
0.0359999998479 0.00199999997695 0
0.0369999999677 0.0159999999032 0
0.0369999999677 0.0169999998479 0
0.0369999999677 0.0179999999677 0
0.037 0.019 21
0.0369999999677 0.00599999993085 0
0.0369999999677 0.00499999998617 0
0.0369999999677 0.00399999986631 0
0.0375789471843 0.0154999999308 0
0.0376052629907 0.014499999811 0
0.0378157892672 0.00699999987553 0
0.0376315787972 0.0134999998663 0
0.0377894736359 0.00799999999539 0
0.0377631578295 0.00899999994007 0
0.0376578946036 0.0124999999216 0
0.037736842023 0.0097499997234 0
0.0377105262166 0.0104999996819 0
0.0376842104101 0.0114999998018 0
0.037 0 1
0.0370526314055 0.000999999857089 0
0.0369999999677 0.00299999992163 0
0.0371052630184 0.00199999997695 0
0.038157894576 0.0159999999032 0
0.0381052631382 0.0169999998479 0
0.0379473682995 0.0179999999677 0
0.038 0.019 21
0.0378421050737 0.00599999993085 0
0.0379999999124 0.00499999998617 0
0.0379999999124 0.00399999986631 0
0.0382105261889 0.0149999999585 0
0.0382631578018 0.0139999998386 0
0.038631578917 0.00699999987553 0
0.0385789473041 0.00799999999539 0
0.0383157894147 0.012999999894 0
0.0385263156912 0.00899999994007 0
0.0383684210276 0.0119999999493 0
0.0384736840783 0.00999999988475 0
0.0384210524654 0.0109999998294 0
0.038 0 1
0.0379999999124 0.000999999857089 0
0.0379999999124 0.00299999992163 0
0.0379999999124 0.00199999997695 0
0.0389999998571 0.0159999999032 0
0.0389999998571 0.0169999998479 0
0.039 0.019 21
0.0389999998571 0.0179999999677 0
0.0386842103548 0.00599999993085 0
0.0387368419677 0.00499999998617 0
0.0387894735806 0.00399999986631 0
0.0396315788617 0.00699999987553 0
0.0389999998571 0.0149999999585 0
0.0389999998571 0.0139999998386 0
0.0395789472488 0.00799999999539 0
0.0395263156359 0.00899999994007 0
0.0391578946958 0.012999999894 0
0.0394736841982 0.00999999988475 0
0.0391842105023 0.0119999999493 0
0.0392105261336 0.0109999998294 0
0.039 0 1
0.0389999998571 0.000999999857089 0
0.0388947368064 0.00199999997695 0
0.0388421051935 0.00299999992163 0
0.0395263156359 0.00249999994929 0
0.0399999999769 0.0149999999585 0
0.0399999999769 0.0159999999032 0
0.0399999999769 0.0179999999677 0
0.0399999999769 0.0169999998479 0
0.04 0.019 21
0.0396842104746 0.00599999993085 0
0.0397368420876 0.00499999998617 0
0.0397894735253 0.00399999986631 0
0.0403421051105 0.00649999990319 0
0.0403157893041 0.00749999984787 0
0.0399999999769 0.0139999998386 0
0.0402894734976 0.00849999996773 0
0.0402631576912 0.00949999991241 0
0.0399999999769 0.012999999894 0
0.0399999999769 0.0109999998294 0
0.0399999999769 0.0119999999493 0
0.04 0 1
0.0400526314147 0.000999999857089 0
0.0401052630276 0.00199999997695 0
0.0401578946405 0.00299999992163 0
0.0409999999216 0.0149999999585 0
0.0409999999216 0.0159999999032 0
0.0409999999216 0.0169999998479 0
0.0409999999216 0.0179999999677 0
0.041 0.019 21
0.040368420917 0.00549999995851 0
0.0403947367235 0.00449999983865 0
0.0409999999216 0.00399999986631 0
0.0409999999216 0.00599999993085 0
0.0409999999216 0.00699999987553 0
0.0409999999216 0.00799999999539 0
0.0409999999216 0.0139999998386 0
0.0409999999216 0.00899999994007 0
0.0409999999216 0.00999999988475 0
0.0409999999216 0.012999999894 0
0.0409999999216 0.0109999998294 0
0.0409999999216 0.0119999999493 0
0.041 0 1
0.0409999999216 0.000999999857089 0
0.0409999999216 0.00199999997695 0
0.0409999999216 0.00299999992163 0
0.0419999998663 0.0149999999585 0
0.0419999998663 0.0159999999032 0
0.0419999998663 0.0169999998479 0
0.0419473682534 0.0179999999677 0
0.042 0.019 21
0.0409999999216 0.00499999998617 0
0.0429999999862 0.0169999998479 0
0.0419999998663 0.00399999986631 0
0.0419999998663 0.00499999998617 0
0.0419999998663 0.00599999993085 0
0.0419999998663 0.00699999987553 0
0.0419999998663 0.00799999999539 0
0.0419999998663 0.00899999994007 0
0.0419999998663 0.0139999998386 0
0.0419999998663 0.00999999988475 0
0.0419999998663 0.0109999998294 0
0.0419999998663 0.012999999894 0
0.0419999998663 0.0119999999493 0
0.0419999998663 0.00199999997695 0
0.042 0 1
0.0419999998663 0.000999999857089 0
0.0419999998663 0.00299999992163 0
0.0429999999862 0.0139999998386 0
0.0429999999862 0.0159999999032 0
0.0429999999862 0.0149999999585 0
0.043 0.019 21
0.0429999999862 0.0179999999677 0
0.043894736705 0.0169999998479 0
0.0438421050921 0.0159999999032 0
0.042578947258 0.00349999989397 0
0.0426052630645 0.00449999983865 0
0.0426315788709 0.00549999995851 0
0.0426578945022 0.00649999990319 0
0.0426842103087 0.00749999984787 0
0.0427105261151 0.00849999996773 0
0.0427368419216 0.00949999991241 0
0.0429999999862 0.012999999894 0
0.042763157728 0.0102499998709 0
0.0427894735345 0.0109999998294 0
0.042815789341 0.0119999999493 0
0.043 0 1
0.0428947367603 0.00199999997695 0
0.0429473683733 0.000999999857089 0
0.0434736841521 0.00149999982943 0
0.0431578946497 0.00299999992163 0
0.0437368420415 0.0139999998386 0
0.0437894736544 0.0149999999585 0
0.044 0.019 21
0.0439473683179 0.0179999999677 0
0.0444736840967 0.0174999998202 0
0.0444736840967 0.0164999998755 0
0.0444736840967 0.0154999999308 0
0.0432105262627 0.00399999986631 0
0.0432631578756 0.00499999998617 0
0.0433157893133 0.00599999993085 0
0.0433684209262 0.00699999987553 0
0.0434210525391 0.00799999999539 0
0.0434736841521 0.00899999994007 0
0.0438421050921 0.012999999894 0
0.043526315765 0.00999999988475 0
0.0436315788156 0.0119999999493 0
0.0435789472027 0.0109999998294 0
0.044 0 1
0.0441052631567 0.00199999997695 0
0.0440526315438 0.000999999857089 0
0.0441578945944 0.00299999992163 0
0.0447368419861 0.0139999998386 0
0.045210526152 0.0149999999585 0
0.0450526314884 0.0179999999677 0
0.045 0.019 21
0.0451052631014 0.0169999998479 0
0.0451578947143 0.0159999999032 0
0.0442105262073 0.00399999986631 0
0.0442631578202 0.00499999998617 0
0.0443157894332 0.00599999993085 0
0.0443684210461 0.00699999987553 0
0.0444736840967 0.00899999994007 0
0.0444210524838 0.00799999999539 0
0.0446315789355 0.0119999999493 0
0.0453684209908 0.0134999998663 0
0.0446842103732 0.012999999894 0
0.0445263157096 0.00999999988475 0
0.0445789473226 0.0109999998294 0
0.045 0 1
0.0449999998755 0.00199999997695 0
0.0449999998755 0.000999999857089 0
0.0449999998755 0.00299999992163 0
0.0459999999954 0.0139999998386 0
0.0459999999954 0.0149999999585 0
0.0459999999954 0.0159999999032 0
0.0459999999954 0.0179999999677 0
0.046 0.019 21
0.0459999999954 0.0169999998479 0
0.0449999998755 0.00399999986631 0
0.0452368419585 0.00899999994007 0
0.0449999998755 0.00499999998617 0
0.0451578947143 0.00599999993085 0
0.0451842105207 0.00699999987553 0
0.045210526152 0.00799999999539 0
0.0453684209908 0.0119999999493 0
0.0459999999954 0.012999999894 0
0.0454210526037 0.0109999998294 0
0.0454736840414 0.00999999988475 0
0.046 0 1
0.0459999999954 0.00199999997695 0
0.0460526314331 0.000999999857089 0
0.0459999999954 0.00299999992163 0
0.0469999999401 0.0139999998386 0
0.0469999999401 0.0149999999585 0
0.0469999999401 0.0159999999032 0
0.0469999999401 0.0169999998479 0
0.0469999999401 0.0179999999677 0
0.047 0.019 21
0.0460263156267 0.0114999998018 0
0.0477894736083 0.0149999999585 0
0.0459999999954 0.00399999986631 0
0.0459999999954 0.00899999994007 0
0.0459999999954 0.00799999999539 0
0.0465789472119 0.00349999989397 0
0.0459999999954 0.00499999998617 0
0.0459999999954 0.00599999993085 0
0.0459999999954 0.00699999987553 0
0.0469999999401 0.012999999894 0
0.0466315788248 0.0119999999493 0
0.0465789472119 0.0109999998294 0
0.0465263157742 0.00999999988475 0
0.047 0 1
0.047052631553 0.000999999857089 0
0.0471052629907 0.00199999997695 0
0.0471578946036 0.00299999992163 0
0.0477368419953 0.0139999998386 0
0.0478421052212 0.0159999999032 0
0.0478947368341 0.0169999998479 0
0.0479473682718 0.0179999999677 0
0.048 0.019 21
0.0484210524377 0.0154999999308 0
0.0483947366313 0.014499999811 0
0.0466052630184 0.00449999983865 0
0.0467105262442 0.00849999996773 0
0.0466842104378 0.00749999984787 0
0.0472105262166 0.00399999986631 0
0.0466315788248 0.00549999995851 0
0.0466578946313 0.00649999990319 0
0.0476315789447 0.0119999999493 0
0.0479999998847 0.012999999894 0
0.0475263157189 0.00999999988475 0
0.0475789473318 0.0109999998294 0
0.047473684106 0.00899999994007 0
0.048 0 1
0.0479999998847 0.00299999992163 0
0.0479999998847 0.000999999857089 0
0.0479999998847 0.00199999997695 0
0.0489999998294 0.0139999998386 0
0.0489999998294 0.0169999998479 0
0.0489999998294 0.0159999999032 0
0.049 0.019 21
0.0489999998294 0.0179999999677 0
0.0489999998294 0.0149999999585 0
0.0483157893871 0.0114999998018 0
0.0472631578295 0.00499999998617 0
0.047421052493 0.00799999999539 0
0.0473684208801 0.00699999987553 0
0.0499999999493 0.0149999999585 0
0.0484736840506 0.00999999988475 0
0.0489999998294 0.012999999894 0
0.0479999998847 0.00399999986631 0
0.0473157894424 0.00599999993085 0
0.0489999998294 0.0119999999493 0
0.0485263156635 0.00899999994007 0
0.0489999998294 0.0109999998294 0
0.0485789472765 0.00799999999539 0
0.0487894735529 0.00399999986631 0
0.0499999999493 0.012999999894 0
0.049 0 1
0.0489473683917 0.000999999857089 0
0.0488421051659 0.00299999992163 0
0.0488947367788 0.00199999997695 0
0.0499999999493 0.0139999998386 0
0.0499999999493 0.0159999999032 0
0.0498947367235 0.0169999998479 0
0.0505263157281 0.0174999998202 0
0.05 0.019 21
0.0499473683364 0.0179999999677 0
0.0479999998847 0.00499999998617 0
0.0480263156912 0.00749999984787 0
0.0479736840783 0.00649999990319 0
0.0506052629723 0.014499999811 0
0.050578947341 0.0154999999308 0
0.0492631577188 0.00949999991241 0
0.0499999999493 0.0119999999493 0
0.04873684194 0.00499999998617 0
0.0486842105023 0.00599999993085 0
0.0486315788894 0.00699999987553 0
0.0499999999493 0.0109999998294 0
0.0492894735253 0.00849999996773 0
0.0499999999493 0.00999999988475 0
0.0493157893317 0.00749999984787 0
0.0494210525576 0.00349999989397 0
0.0493947367511 0.00449999983865 0
0.050999999894 0.012999999894 0
0.05 0 1
0.0499999999493 0.000999999857089 0
0.0499999999493 0.00199999997695 0
0.0499999999493 0.00299999992163 0
0.0512631577834 0.0139999998386 0
0.0511578947327 0.0159999999032 0
0.0511052631198 0.0169999998479 0
0.0510526315069 0.0179999999677 0
0.051 0.019 21
0.0512105261705 0.0149999999585 0
0.0499999999493 0.00899999994007 0
0.050999999894 0.0119999999493 0
0.0493684209447 0.00549999995851 0
0.0493421051382 0.00649999990319 0
0.050999999894 0.0109999998294 0
0.0499999999493 0.00799999999539 0
0.0519999998386 0.0159999999032 0
0.0519999998386 0.0149999999585 0
0.050763157811 0.00899999994007 0
0.0514736840599 0.00999999988475 0
0.0499999999493 0.00699999987553 0
0.0499999999493 0.00499999998617 0
0.050999999894 0.00399999986631 0
0.0499999999493 0.00399999986631 0
0.0519999998386 0.012999999894 0
0.0519999998386 0.0119999999493 0
0.050999999894 0.000999999857089 0
0.051 0 1
0.050999999894 0.00199999997695 0
0.050999999894 0.00299999992163 0
0.0519999998386 0.0139999998386 0
0.0519999998386 0.0179999999677 0
0.0519999998386 0.0169999998479 0
0.052 0.019 21
0.0499999999493 0.00599999993085 0
0.0519999998386 0.0109999998294 0
0.0507894736175 0.00799999999539 0
0.0528421051198 0.0159999999032 0
0.052789473682 0.0149999999585 0
0.0515263156728 0.00899999994007 0
0.0522368419216 0.00999999988475 0
0.0515789472857 0.00349999989397 0
0.050999999894 0.00599999993085 0
0.050999999894 0.00699999987553 0
0.0516052630921 0.00449999983865 0
0.050999999894 0.00499999998617 0
0.0529999999585 0.0119999999493 0
0.0529999999585 0.012999999894 0
0.0529999999585 0.0109999998294 0
0.052 0 1
0.0519473684009 0.000999999857089 0
0.0521052630645 0.00199999997695 0
0.0521578946774 0.00299999992163 0
0.0529999999585 0.0139999998386 0
0.0529473683456 0.0179999999677 0
0.0528947367327 0.0169999998479 0
0.053 0.019 21
0.0515789472857 0.00799999999539 0
0.0536052629815 0.014499999811 0
0.0535263155621 0.0164999998755 0
0.0534736841244 0.0154999999308 0
0.0529999999585 0.00999999988475 0
0.0524736841797 0.00899999994007 0
0.0519999998386 0.00699999987553 0
0.0522105262903 0.00399999986631 0
0.0519999998386 0.00599999993085 0
0.052263157728 0.00499999998617 0
0.0539999999032 0.0119999999493 0
0.0539999999032 0.012999999894 0
0.0539999999032 0.0109999998294 0
0.053 0 1
0.0530526315714 0.000999999857089 0
0.0531578946221 0.00299999992163 0
0.0531052630092 0.00199999997695 0
0.0542631577926 0.0139999998386 0
0.0539999999032 0.0179999999677 0
0.054105263129 0.0169999998479 0
0.054 0.019 21
0.0524210525668 0.00799999999539 0
0.0542105261797 0.0149999999585 0
0.0541578945668 0.0159999999032 0
0.0534736841244 0.00899999994007 0
0.0539999999032 0.00999999988475 0
0.0534210525115 0.00799999999539 0
0.0529999999585 0.00699999987553 0
0.053210526235 0.00399999986631 0
0.0529999999585 0.00599999993085 0
0.0532631578479 0.00499999998617 0
0.0549999998479 0.0139999998386 0
0.0549999998479 0.012999999894 0
0.0549999998479 0.0109999998294 0
0.0549999998479 0.0119999999493 0
0.0549999998479 0.00999999988475 0
0.054 0 1
0.0539999999032 0.000999999857089 0
0.0539999999032 0.00299999992163 0
0.0539999999032 0.00199999997695 0
0.0549999998479 0.0149999999585 0
0.0549999998479 0.0179999999677 0
0.0549999998479 0.0169999998479 0
0.055 0.019 21
0.0549999998479 0.0159999999032 0
0.0542368419861 0.00849999996773 0
0.0549999998479 0.00899999994007 0
0.0559999999677 0.0149999999585 0
0.0541184208571 0.00774999983404 0
0.0539999999032 0.00699999987553 0
0.0539999999032 0.00399999986631 0
0.0539999999032 0.00599999993085 0
0.0539999999032 0.00499999998617 0
0.0558421049538 0.012999999894 0
0.0559999999677 0.0139999998386 0
0.0558157891473 0.0119999999493 0
0.0557631577096 0.00999999988475 0
0.0557894735161 0.0109999998294 0
0.055736841728 0.00924999992624 0
0.055 0 1
0.0550526314608 0.000999999857089 0
0.0549999998479 0.00299999992163 0
0.0551052630737 0.00199999997695 0
0.0559999999677 0.0159999999032 0
0.0559999999677 0.0169999998479 0
0.0559999999677 0.0179999999677 0
0.056 0.019 21
0.0549999998479 0.00799999999539 0
0.0557105260967 0.00849999996773 0
0.056736842023 0.0139999998386 0
0.0567894736359 0.0149999999585 0
0.0549999998479 0.00699999987553 0
0.0549999998479 0.00599999993085 0
0.0549999998479 0.00399999986631 0
0.0549999998479 0.00499999998617 0
0.0566315787972 0.0119999999493 0
0.0566842104101 0.012999999894 0
0.0565789473594 0.0109999998294 0
0.0565263157465 0.00999999988475 0
0.0564736841336 0.00899999994007 0
0.0559999999677 0.00399999986631 0
0.056 0 1
0.0559999999677 0.000999999857089 0
0.0559999999677 0.00299999992163 0
0.0559999999677 0.00199999997695 0
0.0568421052488 0.0159999999032 0
0.0568947366866 0.0169999998479 0
0.0569473682995 0.0179999999677 0
0.057 0.019 21
0.0556842102902 0.00749999984787 0
0.0564210525207 0.00799999999539 0
0.0573684208525 0.0134999998663 0
0.0575263156912 0.014499999811 0
0.0573947366589 0.0154999999308 0
0.0563684209078 0.00699999987553 0
0.0559999999677 0.00599999993085 0
0.0559999999677 0.00499999998617 0
0.0569999999124 0.00399999986631 0
0.0579999998571 0.012999999894 0
0.0573684210276 0.0119999999493 0
0.0574210524654 0.0109999998294 0
0.0574736840783 0.00999999988475 0
0.0575789473041 0.00799999999539 0
0.0575263156912 0.00899999994007 0
0.0569999999124 0.00299999992163 0
0.057 0 1
0.0569999999124 0.000999999857089 0
0.0569999999124 0.00199999997695 0
0.0579999998571 0.0159999999032 0
0.0579999998571 0.0169999998479 0
0.058 0.019 21
0.0579999998571 0.0179999999677 0
0.0570263157189 0.00749999984787 0
0.0569999999124 0.00499999998617 0
0.0582631577465 0.0139999998386 0
0.0582105263088 0.0149999999585 0
0.0570263155437 0.00649999990319 0
0.0570131576405 0.00574999994468 0
0.057631578917 0.00699999987553 0
0.0577894735806 0.00399999986631 0
0.0577368419677 0.00499999998617 0
0.0581842103271 0.0119999999493 0
0.0589999999769 0.012999999894 0
0.0582105261336 0.0112499998156 0
0.05823684194 0.0104999996819 0
0.0583157893594 0.00749999984787 0
0.0582631577465 0.00949999991241 0
0.0582894735529 0.00849999996773 0
0.058 0 1
0.0578421051935 0.00299999992163 0
0.0579473684194 0.000999999857089 0
0.0578947368064 0.00199999997695 0
0.0589999999769 0.0159999999032 0
0.0589999999769 0.0169999998479 0
0.0589999999769 0.0179999999677 0
0.059 0.019 21
0.0589999999769 0.0139999998386 0
0.0589999999769 0.0149999999585 0
0.0587894735253 0.00399999986631 0
0.0583421051659 0.00649999990319 0
0.0576842103548 0.00599999993085 0
0.0587368420876 0.00499999998617 0
0.0599999999216 0.0139999998386 0
0.0589999999769 0.0119999999493 0
0.0599999999216 0.012999999894 0
0.0589999999769 0.0109999998294 0
0.0589999999769 0.00999999988475 0
0.0589999999769 0.00699999987553 0
0.0589999999769 0.00799999999539 0
0.0589999999769 0.00899999994007 0
0.0599999999216 0.0159999999032 0
0.059 0 1
0.058947368364 0.000999999857089 0
0.0588421051382 0.00299999992163 0
0.0588947367511 0.00199999997695 0
0.0599999999216 0.0169999998479 0
0.0599999999216 0.0179999999677 0
0.06 0.019 21
0.0599999999216 0.0149999999585 0
0.0593947367235 0.00449999983865 0
0.0594210525299 0.00349999989397 0
0.0589999999769 0.00599999993085 0
0.0599999999216 0.00499999998617 0
0.0609999998663 0.0149999999585 0
0.0609999998663 0.0139999998386 0
0.0609999998663 0.012999999894 0
0.0599999999216 0.00699999987553 0
0.0599999999216 0.0119999999493 0
0.0609999998663 0.0119999999493 0
0.0599999999216 0.0109999998294 0
0.0599999999216 0.00999999988475 0
0.0599999999216 0.00799999999539 0
0.0599999999216 0.00899999994007 0
0.0609999998663 0.0159999999032 0
0.06 0 1
0.0599999999216 0.000999999857089 0
0.0599999999216 0.00199999997695 0
0.0599999999216 0.00299999992163 0
0.0609999998663 0.0169999998479 0
0.0609999998663 0.0179999999677 0
0.061 0.019 21
0.0599999999216 0.00399999986631 0
0.0599999999216 0.00599999993085 0
0.0609999998663 0.00399999986631 0
0.0609999998663 0.00499999998617 0
0.0609999998663 0.00599999993085 0
0.0619999999862 0.0149999999585 0
0.0619999999862 0.0139999998386 0
0.0618421049722 0.012999999894 0
0.0618157889906 0.0122499997603 0
0.0609999998663 0.00699999987553 0
0.0609999998663 0.0109999998294 0
0.0617894733593 0.0114999998018 0
0.0609999998663 0.00999999988475 0
0.0609999998663 0.00899999994007 0
0.0609999998663 0.00799999999539 0
0.0619999999862 0.0159999999032 0
0.061 0 1
0.0609999998663 0.000999999857089 0
0.0609999998663 0.00199999997695 0
0.0609999998663 0.00299999992163 0
0.0619999999862 0.0169999998479 0
0.062 0.019 21
0.0619999999862 0.0179999999677 0
0.0615789470828 0.00349999989397 0
0.0616052627141 0.00449999983865 0
0.0627894736544 0.0149999999585 0
0.0616315786958 0.00549999995851 0
0.061657894327 0.00649999990319 0
0.0627368420415 0.0139999998386 0
0.0626842104285 0.012999999894 0
0.0626315788156 0.0119999999493 0
0.0616842103087 0.00749999984787 0
0.0617631575529 0.0104999996819 0
0.0625789472027 0.0109999998294 0
0.0617368417464 0.00949999991241 0
0.0617105259399 0.00849999996773 0
0.0628421050921 0.0159999999032 0
0.062 0 1
0.0620526314239 0.000999999857089 0
0.0621052630368 0.00199999997695 0
0.0621578946497 0.00299999992163 0
0.062894736705 0.0169999998479 0
0.063 0.019 21
0.0629473683179 0.0179999999677 0
0.0622105262627 0.00399999986631 0
0.0622631578756 0.00499999998617 0
0.0634210524838 0.0154999999308 0
0.0633947366774 0.014499999811 0
0.0623157893133 0.00599999993085 0
0.0623684209262 0.00699999987553 0
0.0633684208709 0.0134999998663 0
0.0633421050644 0.0124999999216 0
0.063315789258 0.0114999998018 0
0.0624210525391 0.00799999999539 0
0.0632894734515 0.0104999996819 0
0.062526315765 0.00999999988475 0
0.0624736841521 0.00899999994007 0
0.0639999998755 0.0159999999032 0
0.063 0 1
0.0629999999308 0.000999999857089 0
0.0629999999308 0.00199999997695 0
0.0629999999308 0.00299999992163 0
0.0639999998755 0.0169999998479 0
0.064 0.019 21
0.0639999998755 0.0179999999677 0
0.0629999999308 0.00399999986631 0
0.0629999999308 0.00499999998617 0
0.0639999998755 0.0149999999585 0
0.0639999998755 0.0139999998386 0
0.0631578944192 0.00599999993085 0
0.0633684210461 0.00699999987553 0
0.0639999998755 0.012999999894 0
0.0639999998755 0.0119999999493 0
0.0639999998755 0.0109999998294 0
0.0639999998755 0.00999999988475 0
0.0634210524838 0.00799999999539 0
0.0634736840967 0.00899999994007 0
0.0649999999954 0.0159999999032 0
0.0649999999954 0.0149999999585 0
0.064 0 1
0.0639999998755 0.000999999857089 0
0.0639999998755 0.00199999997695 0
0.0639999998755 0.00299999992163 0
0.0639999998755 0.00399999986631 0
0.0649999999954 0.0169999998479 0
0.065 0.019 21
0.0649999999954 0.0179999999677 0
0.0639999998755 0.00499999998617 0
0.0639736840691 0.00749999984787 0
0.0647894735437 0.00399999986631 0
0.0657894736636 0.0149999999585 0
0.0649999999954 0.0139999998386 0
0.0648421051566 0.012999999894 0
0.0639999998755 0.00599999993085 0
0.0646315788802 0.00699999987553 0
0.0645789472672 0.00799999999539 0
0.0647894733685 0.0109999998294 0
0.0648157893502 0.0119999999493 0
0.0647631577373 0.00999999988475 0
0.0645263156543 0.00899999994007 0
0.0658421051013 0.0159999999032 0
0.0657368420507 0.0139999998386 0
0.065 0 1
0.0649473683825 0.000999999857089 0
0.0648947367696 0.00199999997695 0
0.0648421051566 0.00299999992163 0
0.0647368419308 0.00499999998617 0
0.0658947367142 0.0169999998479 0
0.066 0.019 21
0.0659473683272 0.0179999999677 0
0.066473684106 0.0174999998202 0
0.0653947367419 0.00449999983865 0
0.0654210523732 0.00349999989397 0
0.0667894736083 0.0149999999585 0
0.0667368419953 0.0139999998386 0
0.0656842104378 0.012999999894 0
0.0656315788248 0.0119999999493 0
0.0653157893225 0.00599999993085 0
0.0653684209354 0.00699999987553 0
0.0654210525484 0.00799999999539 0
0.0655263157742 0.00999999988475 0
0.0655789472119 0.0109999998294 0
0.0654736841613 0.00899999994007 0
0.0668421052212 0.0159999999032 0
0.0666842103824 0.012999999894 0
0.0659999999401 0.000999999857089 0
0.066 0 1
0.0659999999401 0.00199999997695 0
0.0659999999401 0.00299999992163 0
0.0659999999401 0.00499999998617 0
0.0671052631106 0.0169999998479 0
0.0670526314977 0.0179999999677 0
0.067 0.019 21
0.0659999999401 0.00399999986631 0
0.0674210524377 0.0154999999308 0
0.0673947364561 0.014499999811 0
0.0673684208248 0.0134999998663 0
0.0666315789447 0.0119999999493 0
0.0665789473318 0.0109999998294 0
0.0661578946036 0.00599999993085 0
0.0661842102349 0.00674999988936 0
0.0662105260414 0.00749999984787 0
0.0662368418478 0.00849999979255 0
0.0665263157189 0.00999999988475 0
0.067368421 0.0119999999493 0
0.0679999998294 0.0159999999032 0
0.0679999998294 0.012999999894 0
0.0669999998847 0.000999999857089 0
0.067 0 1
0.0669999998847 0.00199999997695 0
0.0669999998847 0.00399999986631 0
0.0669999998847 0.00299999992163 0
0.0669999998847 0.00499999998617 0
0.0679999998294 0.0169999998479 0
0.0679999998294 0.0179999999677 0
0.068 0.019 21
0.0679999998294 0.0149999999585 0
0.0679999998294 0.0139999998386 0
0.0673289472903 0.0112499998156 0
0.0672894735806 0.0104999996819 0
0.0669999998847 0.00599999993085 0
0.0669999998847 0.00699999987553 0
0.0669999998847 0.00799999999539 0
0.0679999998294 0.0109999998294 0
0.0669999998847 0.00899999994007 0
0.0688421051105 0.0159999999032 0
0.0686315788341 0.0119999999493 0
0.0687894736728 0.0149999999585 0
0.0688421049354 0.012999999894 0
0.0687368420599 0.0139999998386 0
0.068 0 1
0.0679999998294 0.000999999857089 0
0.0679999998294 0.00399999986631 0
0.0679999998294 0.00199999997695 0
0.0679999998294 0.00299999992163 0
0.0679999998294 0.00499999998617 0
0.0688947367235 0.0169999998479 0
0.0689473683364 0.0179999999677 0
0.069 0.019 21
0.0679999998294 0.00999999988475 0
0.0679999998294 0.00599999993085 0
0.0689999999493 0.00499999998617 0
0.0697894736175 0.0149999999585 0
0.0679999998294 0.00699999987553 0
0.0679999998294 0.00799999999539 0
0.0687894734976 0.0109999998294 0
0.0687631576912 0.00999999988475 0
0.0679999998294 0.00899999994007 0
0.0698421052304 0.0159999999032 0
0.0696315787787 0.0119999999493 0
0.0696842103917 0.012999999894 0
0.0697368420046 0.0139999998386 0
0.069 0 1
0.0690526315622 0.000999999857089 0
0.0689999999493 0.00199999997695 0
0.0689999999493 0.00399999986631 0
0.0689999999493 0.00299999992163 0
0.0689999999493 0.00599999993085 0
0.0698947366681 0.0169999998479 0
0.0699473682811 0.0179999999677 0
0.07 0.019 21
0.0689999999493 0.00699999987553 0
0.069999999894 0.00499999998617 0
0.069999999894 0.00399999986631 0
0.0703947366405 0.014499999811 0
0.0704210524469 0.0154999999308 0
0.0689999999493 0.00799999999539 0
0.069578947341 0.0109999998294 0
0.0695263157281 0.00999999988475 0
0.0694736841152 0.00899999994007 0
0.0703157892211 0.0114999998018 0
0.0709999998386 0.0159999999032 0
0.0703421050276 0.0124999999216 0
0.070368420834 0.0134999998663 0
0.07 0 1
0.069999999894 0.000999999857089 0
0.069999999894 0.00199999997695 0
0.069999999894 0.00299999992163 0
0.069999999894 0.00599999993085 0
0.0709999998386 0.0169999998479 0
0.071 0.019 21
0.0709999998386 0.0179999999677 0
0.069999999894 0.00699999987553 0
0.0705789472857 0.00349999989397 0
0.0706315787234 0.00549999995851 0
0.0706052630921 0.00449999983865 0
0.0709999998386 0.0139999998386 0
0.0709999998386 0.0149999999585 0
0.069999999894 0.00799999999539 0
0.0702894735898 0.0104999996819 0
0.0702631577834 0.00949999991241 0
0.0709999998386 0.0109999998294 0
0.0709999998386 0.0119999999493 0
0.0709999998386 0.00699999987553 0
0.0718421051198 0.0159999999032 0
0.071789473682 0.0149999999585 0
0.0709999998386 0.012999999894 0
0.071 0 1
0.0709473684009 0.000999999857089 0
0.0711052630645 0.00199999997695 0
0.0711578946774 0.00299999992163 0
0.071315789341 0.00599999993085 0
0.0718947367327 0.0169999998479 0
0.072 0.019 21
0.0719999999585 0.0179999999677 0
0.0712105262903 0.00399999986631 0
0.071263157728 0.00499999998617 0
0.0717368420691 0.0139999998386 0
0.0709999998386 0.00799999999539 0
0.0709999998386 0.00899999994007 0
0.0709999998386 0.00999999988475 0
0.0718157893133 0.0119999999493 0
0.0717631577004 0.0102499998709 0
0.0717894735068 0.0109999998294 0
0.0722631578479 0.00499999998617 0
0.0719999999585 0.00699999987553 0
0.0725263155621 0.0164999998755 0
0.0724736841244 0.0154999999308 0
0.0725263157373 0.014499999811 0
0.0719999999585 0.012999999894 0
0.072 0 1
0.0720526315714 0.000999999857089 0
0.0721052630092 0.00199999997695 0
0.0721578946221 0.00299999992163 0
0.0723157894608 0.00599999993085 0
0.073105263129 0.0169999998479 0
0.0730526315161 0.0179999999677 0
0.073 0.019 21
0.072210526235 0.00399999986631 0
0.072631578788 0.0134999998663 0
0.0719999999585 0.00799999999539 0
0.0717368418939 0.00949999991241 0
0.0729999999032 0.00399999986631 0
0.072631578788 0.0119999999493 0
0.0725263157373 0.00999999988475 0
0.0725789473502 0.0109999998294 0
0.0729999999032 0.00499999998617 0
0.0729999999032 0.00699999987553 0
0.0729999999032 0.00799999999539 0
0.0732105261797 0.0149999999585 0
0.0731578945668 0.0159999999032 0
0.0732631577926 0.0139999998386 0
0.0733157894055 0.012999999894 0
0.073 0 1
0.0729999999032 0.000999999857089 0
0.0729999999032 0.00199999997695 0
0.0729999999032 0.00299999992163 0
0.0736842105207 0.00599999993085 0
0.0739999998479 0.0169999998479 0
0.0739999998479 0.0179999999677 0
0.074 0.019 21
0.0724736841244 0.00899999994007 0
0.0736052631014 0.00449999983865 0
0.0735789472949 0.00349999989397 0
0.0733684210184 0.0119999999493 0
0.073526315682 0.00899999994007 0
0.0734736840691 0.00999999988475 0
0.0734210526313 0.0109999998294 0
0.0742631577373 0.00499999998617 0
0.0739999998479 0.00699999987553 0
0.0739999998479 0.00799999999539 0
0.0739999998479 0.0149999999585 0
0.0739999998479 0.0159999999032 0
0.0739999998479 0.0139999998386 0
0.0741578945114 0.012999999894 0
0.074 0 1
0.0740526314608 0.000999999857089 0
0.0741578946866 0.00299999992163 0
0.0741052630737 0.00199999997695 0
0.0749999999677 0.00599999993085 0
0.074842105129 0.0159999999032 0
0.0748947367419 0.0169999998479 0
0.0749473683548 0.0179999999677 0
0.075 0.019 21
0.0742105262995 0.00399999986631 0
0.0749999999677 0.00499999998617 0
0.0741842104931 0.0119999999493 0
0.0742105262995 0.0109999998294 0
0.0742631577373 0.00949999991241 0
0.0742368419308 0.0102499998709 0
0.0749999999677 0.00399999986631 0
0.0749999999677 0.00699999987553 0
0.0749999999677 0.00799999999539 0
0.0749999999677 0.00899999994007 0
0.0754210525207 0.0154999999308 0
0.0747894735161 0.0149999999585 0
0.0749999999677 0.0139999998386 0
0.0749999999677 0.012999999894 0
0.075 0 1
0.0750526314055 0.000999999857089 0
0.0751578946313 0.00299999992163 0
0.0751052630184 0.00199999997695 0
0.0759999999124 0.00599999993085 0
0.0759999999124 0.00699999987553 0
0.0759999999124 0.0159999999032 0
0.0759999999124 0.0169999998479 0
0.0759999999124 0.0179999999677 0
0.076 0.019 21
0.0759999999124 0.00499999998617 0
0.0749999999677 0.0119999999493 0
0.0749999999677 0.0109999998294 0
0.0749999999677 0.00999999988475 0
0.0759999999124 0.00399999986631 0
0.0759999999124 0.00799999999539 0
0.0759999999124 0.00899999994007 0
0.0759999999124 0.00999999988475 0
0.0759999999124 0.0149999999585 0
0.0759999999124 0.0139999998386 0
0.0759999999124 0.012999999894 0
0.0759999999124 0.00299999992163 0
0.0767368419677 0.00499999998617 0
0.076 0 1
0.0759999999124 0.000999999857089 0
0.0759999999124 0.00199999997695 0
0.0769999998571 0.00699999987553 0
0.0769999998571 0.00599999993085 0
0.0769999998571 0.0149999999585 0
0.0769999998571 0.0159999999032 0
0.0769999998571 0.0179999999677 0
0.0769999998571 0.0169999998479 0
0.077 0.019 21
0.0759999999124 0.0119999999493 0
0.0759999999124 0.0109999998294 0
0.0767894735806 0.00399999986631 0
0.0769999998571 0.00799999999539 0
0.0769999998571 0.00899999994007 0
0.0769999998571 0.00999999988475 0
0.0769999998571 0.0139999998386 0
0.0769999998571 0.012999999894 0
0.0769999998571 0.0119999999493 0
0.0773947367788 0.00449999983865 0
0.0768421051935 0.00299999992163 0
0.0779999999769 0.00499999998617 0
0.0779999999769 0.00799999999539 0
0.077 0 1
0.07705263147 0.000999999857089 0
0.0771052630829 0.00199999997695 0
0.0779999999769 0.00699999987553 0
0.0779999999769 0.00599999993085 0
0.0779999999769 0.0149999999585 0
0.0779999999769 0.0159999999032 0
0.0779999999769 0.0169999998479 0
0.0779999999769 0.0179999999677 0
0.078 0.019 21
0.0769999998571 0.0109999998294 0
0.0774210525852 0.00349999989397 0
0.0779999999769 0.00899999994007 0
0.0789999999216 0.00699999987553 0
0.0779999999769 0.00999999988475 0
0.0779999999769 0.0109999998294 0
0.0779999999769 0.0139999998386 0
0.0779999999769 0.012999999894 0
0.0779999999769 0.0119999999493 0
0.0779999999769 0.00399999986631 0
0.0779999999769 0.00299999992163 0
0.0779999999769 0.00199999997695 0
0.0789999999216 0.00499999998617 0
0.0789999999216 0.00399999986631 0
0.0789999999216 0.00799999999539 0
0.078 0 1
0.0780526314147 0.000999999857089 0
0.0789999999216 0.0139999998386 0
0.0789999999216 0.00599999993085 0
0.0789999999216 0.0149999999585 0
0.0789999999216 0.0159999999032 0
0.079 0.019 21
0.0789999999216 0.0169999998479 0
0.0789999999216 0.0179999999677 0
0.0789999999216 0.00899999994007 0
0.0798157893963 0.00699999987553 0
0.0789999999216 0.00999999988475 0
0.0789999999216 0.0109999998294 0
0.0789999999216 0.012999999894 0
0.0789999999216 0.0119999999493 0
0.0789999999216 0.00299999992163 0
0.0789999999216 0.00199999997695 0
0.0797368419769 0.00499999998617 0
0.0797894735898 0.00399999986631 0
0.0799999998663 0.00799999999539 0
0.0799999998663 0.00899999994007 0
0.0789999999216 0.000999999857089 0
0.079 0 1
0.0799999998663 0.012999999894 0
0.0799999998663 0.0139999998386 0
0.0799999998663 0.00599999993085 0
0.0799999998663 0.0149999999585 0
0.0799999998663 0.0159999999032 0
0.08 0.019 21
0.0799999998663 0.0179999999677 0
0.0799999998663 0.0169999998479 0
0.0806315788709 0.00699999987553 0
0.0799999998663 0.00999999988475 0
0.0799999998663 0.0109999998294 0
0.0799999998663 0.0119999999493 0
0.0798421052027 0.00299999992163 0
0.0798947368157 0.00199999997695 0
0.0806315788709 0.00549999995851 0
0.0805263156451 0.00449999983865 0
0.0805263156451 0.00349999989397 0
0.0809999999862 0.00799999999539 0
0.0809999999862 0.00899999994007 0
0.08 0 1
0.0799473682534 0.000999999857089 0
0.0809999999862 0.0119999999493 0
0.0809999999862 0.012999999894 0
0.0809999999862 0.0139999998386 0
0.0813157893133 0.00599999993085 0
0.0809999999862 0.0149999999585 0
0.0809999999862 0.0159999999032 0
0.081 0.019 21
0.0809999999862 0.0179999999677 0
0.0809999999862 0.0169999998479 0
0.0813684209262 0.00699999987553 0
0.0820263155621 0.00649999990319 0
0.0809999999862 0.00999999988475 0
0.0809999999862 0.0109999998294 0
0.0805263156451 0.00249999994929 0
0.0804736840322 0.00149999982943 0
0.0812631578756 0.00499999998617 0
0.0819999999308 0.00499999998617 0
0.0812105262627 0.00399999986631 0
0.0811578946497 0.00299999992163 0
0.0819999999308 0.00799999999539 0
0.0819999999308 0.00899999994007 0
0.0819999999308 0.00999999988475 0
0.081 0 1
0.0810526314239 0.000999999857089 0
0.0819999999308 0.0119999999493 0
0.0819999999308 0.0149999999585 0
0.0819999999308 0.012999999894 0
0.0819999999308 0.0139999998386 0
0.0826842103732 0.00599999993085 0
0.0819999999308 0.0159999999032 0
0.0819999999308 0.0169999998479 0
0.082 0.019 21
0.0819999999308 0.0179999999677 0
0.0826315789355 0.00699999987553 0
0.0819999999308 0.0109999998294 0
0.0811052630368 0.00199999997695 0
0.0829999998755 0.00499999998617 0
0.0829999998755 0.00399999986631 0
0.0819999999308 0.00399999986631 0
0.0819999999308 0.00299999992163 0
0.0819999999308 0.00199999997695 0
0.0829999998755 0.00799999999539 0
0.0829999998755 0.0109999998294 0
0.0829999998755 0.00899999994007 0
0.0829999998755 0.00999999988475 0
0.082 0 1
0.0819999999308 0.000999999857089 0
0.0829999998755 0.0119999999493 0
0.0829999998755 0.0149999999585 0
0.0829999998755 0.0139999998386 0
0.0829999998755 0.012999999894 0
0.0836315788802 0.00699999987553 0
0.0836842104931 0.00599999993085 0
0.0829999998755 0.0159999999032 0
0.0829999998755 0.0169999998479 0
0.083 0.019 21
0.0829999998755 0.0179999999677 0
0.0837368419308 0.00499999998617 0
0.0837894735437 0.00399999986631 0
0.0829999998755 0.00299999992163 0
0.0829999998755 0.00199999997695 0
0.0836710524147 0.00774999983404 0
0.0837894733685 0.0114999998018 0
0.0837105261244 0.00849999996773 0
0.0837631577373 0.00999999988475 0
0.0837763154653 0.0107499998433 0
0.0837368419308 0.00924999975106 0
0.0843684209354 0.00549999995851 0
0.083 0 1
0.0829999998755 0.000999999857089 0
0.0839999999954 0.0149999999585 0
0.083815789175 0.0124999999216 0
0.0839999999954 0.0139999998386 0
0.0839078944976 0.0132499998801 0
0.0843684209354 0.00699999987553 0
0.0849999999401 0.00599999993085 0
0.0839999999954 0.0179999999677 0
0.0839999999954 0.0159999999032 0
0.0839999999954 0.0169999998479 0
0.084 0.019 21
0.0843947367419 0.00449999983865 0
0.0844210523732 0.00349999971879 0
0.0838421051566 0.00299999992163 0
0.0838947367696 0.00199999997695 0
0.0844210525484 0.00799999999539 0
0.0846315788248 0.0119999999493 0
0.0845789472119 0.0109999998294 0
0.0844736841613 0.00899999994007 0
0.0845263157742 0.00999999988475 0
0.0849999999401 0.00499999998617 0
0.084 0 1
0.0839473683825 0.000999999857089 0
0.085302631364 0.00774999983404 0
0.0849999999401 0.0159999999032 0
0.0849999999401 0.0149999999585 0
0.0849999999401 0.0139999998386 0
0.0846842104378 0.012999999894 0
0.0853684208801 0.00699999987553 0
0.0860263156912 0.00649999990319 0
0.086013157788 0.00574999994468 0
0.0849999999401 0.0179999999677 0
0.0849999999401 0.0169999998479 0
0.085 0.019 21
0.0849999999401 0.00399999986631 0
0.0849999999401 0.00299999992163 0
0.0849999999401 0.00199999997695 0
0.0853421050737 0.0124999999216 0
0.085236842023 0.00849999996773 0
0.0853157892672 0.0114999998018 0
0.0852894732856 0.0104999996819 0
0.0852631578295 0.00949999991241 0
0.0859999998847 0.00499999998617 0
0.085 0 1
0.0849999999401 0.000999999857089 0
0.0859999998847 0.0169999998479 0
0.0859999998847 0.00799999999539 0
0.0859999998847 0.0159999999032 0
0.0859999998847 0.0149999999585 0
0.0859999998847 0.0139999998386 0
0.0859999998847 0.012999999894 0
0.0866315788894 0.00699999987553 0
0.0866842105023 0.00599999993085 0
0.0869999998294 0.00499999998617 0
0.086 0.019 21
0.0859999998847 0.0179999999677 0
0.0859999998847 0.00399999986631 0
0.0859999998847 0.00299999992163 0
0.0859999998847 0.00199999997695 0
0.0859999998847 0.0119999999493 0
0.0859999998847 0.00899999994007 0
0.0859999998847 0.0109999998294 0
0.0859999998847 0.00999999988475 0
0.0869999998294 0.00399999986631 0
0.086 0 1
0.0859999998847 0.000999999857089 0
0.0869999998294 0.0159999999032 0
0.0869999998294 0.0169999998479 0
0.0869999998294 0.00799999999539 0
0.0869999998294 0.0149999999585 0
0.0869999998294 0.0139999998386 0
0.0869999998294 0.012999999894 0
0.0869999998294 0.0119999999493 0
0.0876052630276 0.00449999983865 0
0.0873684209447 0.00699999987553 0
0.0874999999769 0.00599999993085 0
0.0882631578387 0.00499999998617 0
0.087 0.019 21
0.0869999998294 0.0179999999677 0
0.0868421051659 0.00299999992163 0
0.0868947367788 0.00199999997695 0
0.0869999998294 0.0109999998294 0
0.0869999998294 0.00899999994007 0
0.0869999998294 0.00999999988475 0
0.0879999999493 0.00899999994007 0
0.087 0 1
0.0875789472211 0.00349999989397 0
0.0869473683917 0.000999999857089 0
0.0877894736728 0.0149999999585 0
0.0878421051105 0.0159999999032 0
0.0878947367235 0.0169999998479 0
0.0884210525023 0.00799999999539 0
0.0877368420599 0.0139999998386 0
0.0879999999493 0.012999999894 0
0.0879999999493 0.0119999999493 0
0.0882105262258 0.00399999986631 0
0.088999999894 0.00399999986631 0
0.088999999894 0.00499999998617 0
0.0883684208893 0.00699999987553 0
0.0883157894516 0.00599999993085 0
0.088 0.019 21
0.0879473683364 0.0179999999677 0
0.0874736839953 0.00249999994929 0
0.0875263156082 0.00149999982943 0
0.0879999999493 0.0109999998294 0
0.0879999999493 0.00999999988475 0
0.0887368420046 0.00949999991241 0
0.0889736840875 0.00749999984787 0
0.088 0 1
0.0881578946129 0.00299999992163 0
0.0880526315622 0.000999999857089 0
0.0884736841152 0.014499999811 0
0.0884736841152 0.0154999999308 0
0.0884736841152 0.0174999998202 0
0.0884736841152 0.0164999998755 0
0.0886842103917 0.0114999998018 0
0.0895789472857 0.00799999999539 0
0.0895263156728 0.00899999994007 0
0.0886315787787 0.0134999998663 0
0.0886578945852 0.0124999999216 0
0.0896052630921 0.00449999983865 0
0.0895789472857 0.00349999989397 0
0.088999999894 0.00299999992163 0
0.0896578945299 0.00549999995851 0
0.0889736840875 0.00649999990319 0
0.089 0.019 21
0.0890526315069 0.0179999999677 0
0.0881052629999 0.00199999997695 0
0.0887105261981 0.0104999996819 0
0.0894736840599 0.00999999988475 0
0.0896315788986 0.00699999987553 0
0.089 0 1
0.088999999894 0.00199999997695 0
0.088999999894 0.000999999857089 0
0.0893684210092 0.0119999999493 0
0.0892631577834 0.0139999998386 0
0.0892105261705 0.0149999999585 0
0.0891578947327 0.0159999999032 0
0.0891052631198 0.0169999998479 0
0.0894210526221 0.0109999998294 0
0.0904210525668 0.00799999999539 0
0.0905263156174 0.00999999988475 0
0.0904736841797 0.00899999994007 0
0.0893157893963 0.012999999894 0
0.090263157728 0.00499999998617 0
0.0902105262903 0.00399999986631 0
0.0901578946774 0.00299999992163 0
0.0901052630645 0.00199999997695 0
0.090315789341 0.00599999993085 0
0.0912631578479 0.00499999998617 0
0.0899999998386 0.0179999999677 0
0.09 0.019 21
0.0903684209539 0.00699999987553 0
0.09 0 1
0.0900526314516 0.000999999857089 0
0.0899736840322 0.0124999999216 0
0.0899736840322 0.0114999998018 0
0.0913684208986 0.00699999987553 0
0.0899999998386 0.0139999998386 0
0.0899999998386 0.0149999999585 0
0.0899999998386 0.0159999999032 0
0.0899999998386 0.0169999998479 0
0.0905789472304 0.0109999998294 0
0.0914210525115 0.00799999999539 0
0.0915263157373 0.00999999988475 0
0.0914736841244 0.00899999994007 0
0.0906842104562 0.012999999894 0
0.0910526315714 0.000999999857089 0
0.0919999999032 0.00399999986631 0
0.091210526235 0.00399999986631 0
0.0911578946221 0.00299999992163 0
0.0911052630092 0.00199999997695 0
0.0913157894608 0.00599999993085 0
0.0919999999032 0.00499999998617 0
0.091 0.019 21
0.0909999999585 0.0179999999677 0
0.091 0 1
0.0906315788433 0.0119999999493 0
0.0919736840967 0.00649999990319 0
0.0919736840967 0.00749999984787 0
0.0908421051198 0.0159999999032 0
0.0907368420691 0.0139999998386 0
0.090789473682 0.0149999999585 0
0.0909999999585 0.0169999998479 0
0.0915789473502 0.0109999998294 0
0.0925789472949 0.00799999999539 0
0.092526315682 0.00899999994007 0
0.0924736840691 0.00999999988475 0
0.0915263157373 0.0134999998663 0
0.091578947175 0.0127499999078 0
0.092 0 1
0.0919999999032 0.000999999857089 0
0.0926052631014 0.00449999983865 0
0.0925789472949 0.00349999989397 0
0.0919999999032 0.00299999992163 0
0.0919999999032 0.00199999997695 0
0.0926842105207 0.00599999993085 0
0.0932631577373 0.00499999998617 0
0.092 0.019 21
0.0920526315161 0.0179999999677 0
0.091631578788 0.0119999999493 0
0.0926315789078 0.00699999987553 0
0.0933421051566 0.00649999990319 0
0.091578947175 0.0164999998755 0
0.0914736841244 0.0154999999308 0
0.0915263157373 0.014499999811 0
0.092105263129 0.0169999998479 0
0.0922631577926 0.0139999998386 0
0.0923684210184 0.0119999999493 0
0.0924210526313 0.0109999998294 0
0.093421052576 0.00799999999539 0
0.0934736841889 0.00899999994007 0
0.0935263156267 0.00999999988475 0
0.0923157894055 0.012999999894 0
0.093 0 1
0.0930526314608 0.000999999857089 0
0.0932105262995 0.00399999986631 0
0.0931578946866 0.00299999992163 0
0.0931052630737 0.00199999997695 0
0.0939999999677 0.00399999986631 0
0.0939999999677 0.00499999998617 0
0.0939999999677 0.00599999993085 0
0.0929999998479 0.0179999999677 0
0.093 0.019 21
0.0939999999677 0.00699999987553 0
0.0921578945668 0.0159999999032 0
0.0922105261797 0.0149999999585 0
0.0929999998479 0.0169999998479 0
0.0929999998479 0.0139999998386 0
0.0929999998479 0.0149999999585 0
0.0929736840414 0.0124999999216 0
0.0929736840414 0.0114999998018 0
0.0935789472396 0.0109999998294 0
0.0942105262442 0.00799999999539 0
0.0942368418755 0.00874999977872 0
0.0942894734884 0.0104999996819 0
0.0942631576819 0.00949999991241 0
0.0936842104654 0.012999999894 0
0.094 0 1
0.0939999999677 0.000999999857089 0
0.0939999999677 0.00299999992163 0
0.0939999999677 0.00199999997695 0
0.0949999999124 0.00399999986631 0
0.0949999999124 0.00499999998617 0
0.0949999999124 0.00599999993085 0
0.0949999999124 0.00699999987553 0
0.0938947367419 0.0169999998479 0
0.0939473683548 0.0179999999677 0
0.094 0.019 21
0.0929999998479 0.0159999999032 0
0.093842105129 0.0159999999032 0
0.0937894735161 0.0149999999585 0
0.0937368420783 0.0139999998386 0
0.0936315788525 0.0119999999493 0
0.0943157892949 0.0114999998018 0
0.0949999999124 0.00799999999539 0
0.0949999999124 0.00899999994007 0
0.0949999999124 0.0109999998294 0
0.0949999999124 0.00999999988475 0
0.0946842104101 0.012999999894 0
0.095 0 1
0.0949999999124 0.000999999857089 0
0.0949999999124 0.00199999997695 0
0.0949999999124 0.00299999992163 0
0.0955789473041 0.00349999989397 0
0.0956052631106 0.00449999983865 0
0.0956315787419 0.00549999995851 0
0.0956578945483 0.00649999990319 0
0.0956842103548 0.00749999984787 0
0.0948421052488 0.0159999999032 0
0.0948947366866 0.0169999998479 0
0.0949473682995 0.0179999999677 0
0.095 0.019 21
0.0947894736359 0.0149999999585 0
0.094736842023 0.0139999998386 0
0.0954210524654 0.0154999999308 0
0.0949999999124 0.0119999999493 0
0.0957105261612 0.00849999996773 0
0.0957894735806 0.0109999998294 0
0.0957368419677 0.00949999991241 0
0.0957631577741 0.0102499998709 0
0.0956842103548 0.012999999894 0
0.096 0 1
0.09605263147 0.000999999857089 0
0.0961052630829 0.00199999997695 0
0.0961578946958 0.00299999992163 0
0.0962631577465 0.00499999998617 0
0.0962105263088 0.00399999986631 0
0.0963684209723 0.00699999987553 0
0.0963157893594 0.00599999993085 0
0.0964210525852 0.00799999999539 0
0.0959999998571 0.0159999999032 0
0.0959999998571 0.0169999998479 0
0.0959999998571 0.0179999999677 0
0.096 0.019 21
0.0953947366589 0.014499999811 0
0.0959999998571 0.0139999998386 0
0.0959999998571 0.0149999999585 0
0.0958157893871 0.0119999999493 0
0.0967894735253 0.0149999999585 0
0.0964736841982 0.00899999994007 0
0.0965789472488 0.0109999998294 0
0.0965263156359 0.00999999988475 0
0.0966842104746 0.012999999894 0
0.097 0 1
0.0970526314147 0.000999999857089 0
0.0971578946405 0.00299999992163 0
0.0971052630276 0.00199999997695 0
0.0972631578663 0.00499999998617 0
0.0972105262534 0.00399999986631 0
0.097368420917 0.00699999987553 0
0.0973157893041 0.00599999993085 0
0.0974210525299 0.00799999999539 0
0.0980263157281 0.00749999984787 0
0.097 0.019 21
0.0968421051382 0.0159999999032 0
0.0968947367511 0.0169999998479 0
0.096947368364 0.0179999999677 0
0.0967368420876 0.0139999998386 0
0.0966315788617 0.0119999999493 0
0.0979999999216 0.00499999998617 0
0.0974210525299 0.0154999999308 0
0.097368420917 0.0134999998663 0
0.0973947367235 0.014499999811 0
0.0974736841428 0.00899999994007 0
0.0975789471935 0.0109999998294 0
0.0975263157557 0.00999999988475 0
0.0976315788064 0.0119999999493 0
0.0979999999216 0.012999999894 0
0.098 0 1
0.0979999999216 0.000999999857089 0
0.0979999999216 0.00299999992163 0
0.0979999999216 0.00199999997695 0
0.0979999999216 0.00399999986631 0
0.0979736841152 0.00649999990319 0
0.0986578945575 0.00549999995851 0
0.0985789473133 0.00799999999539 0
0.0986315789263 0.00699999987553 0
0.098 0.019 21
0.0979999999216 0.0179999999677 0
0.0979999999216 0.0159999999032 0
0.0979999999216 0.0169999998479 0
0.0986052629446 0.00449999983865 0
0.0979999999216 0.0149999999585 0
0.0979999999216 0.0139999998386 0
0.0985263157004 0.00899999994007 0
0.0984210524746 0.0109999998294 0
0.0984736840875 0.00999999988475 0
0.0983684210369 0.0119999999493 0
0.0988421052027 0.012999999894 0
0.0994736842074 0.00899999994007 0
0.0988947368157 0.00199999997695 0
0.099 0 1
0.0989473682534 0.000999999857089 0
0.0988421052027 0.00299999992163 0
0.0992105261428 0.00399999986631 0
0.0992631577557 0.00499999998617 0
0.0993157893686 0.00599999993085 0
0.0994210525945 0.00799999999539 0
0.0993684209815 0.00699999987553 0
0.099 0.019 21
0.0989999998663 0.0179999999677 0
0.0989999998663 0.0149999999585 0
0.0989999998663 0.0169999998479 0
0.0989999998663 0.0159999999032 0
0.0989999998663 0.0139999998386 0
0.0989736840599 0.0114999998018 0
0.0994210525945 0.00249999994929 0
0.0995263156451 0.00999999988475 0
0.0996842104839 0.012999999894 0
0.099578947258 0.0109999998294 0
0.0996315788709 0.0119999999493 0
0.100210526263 0.00799999999539 0
0.100236842069 0.00899999994007 0
0.1002631577 0.0097499997234 0
0.1 0 1
0.0999999999862 0.00199999997695 0
0.0999999999862 0.000999999857089 0
0.10015789465 0.00299999992163 0
0.100210526263 0.00399999986631 0
0.100263157876 0.00499999998617 0
0.10015789465 0.00599999993085 0
0.100184210456 0.00699999987553 0
0.0997368420968 0.0139999998386 0
0.0999999999862 0.0149999999585 0
0.1 0.019 21
0.0999999999862 0.0179999999677 0
0.0999999999862 0.0159999999032 0
0.0999999999862 0.0169999998479 0
0.100368420926 0.0134999998663 0
0.100289473507 0.0104999996819 0
0.10034210512 0.0124999999216 0
0.100315789313 0.0114999998018 0
0.100999999931 0.00499999998617 0
0.100999999931 0.00699999987553 0
0.100999999931 0.00799999999539 0
0.100999999931 0.00899999994007 0
0.100999999931 0.00999999988475 0
0.101 0 1
0.100999999931 0.00199999997695 0
0.100999999931 0.000999999857089 0
0.100999999931 0.00399999986631 0
0.100999999931 0.00299999992163 0
0.100999999931 0.00599999993085 0
0.100999999931 0.0139999998386 0
0.100999999931 0.0149999999585 0
0.101 0.019 21
0.100999999931 0.0179999999677 0
0.100999999931 0.0169999998479 0
0.100999999931 0.0159999999032 0
0.100999999931 0.012999999894 0
0.100999999931 0.0109999998294 0
0.100999999931 0.0119999999493 0
0.101736841986 0.00499999998617 0
0.10189473665 0.00674999988936 0
0.101789473599 0.00749999984787 0
0.101776315696 0.00824999980638 0
0.101763157793 0.00899999994007 0
0.101736841986 0.0097499997234 0
0.10171052618 0.0104999996819 0
0.101999999876 0.012999999894 0
0.101842105212 0.00299999992163 0
0.102 0 1
0.101947368263 0.000999999857089 0
0.101894736825 0.00199999997695 0
0.101789473599 0.00399999986631 0
0.101999999876 0.00599999993085 0
0.101999999876 0.0139999998386 0
0.101999999876 0.0149999999585 0
0.102 0.019 21
0.101999999876 0.0179999999677 0
0.101999999876 0.0169999998479 0
0.101999999876 0.0159999999032 0
0.101684210373 0.0114999998018 0
0.102368420991 0.0119999999493 0
0.102999999995 0.0149999999585 0
0.102473684041 0.00449999983865 0
0.10263157888 0.00549999995851 0
0.10263157888 0.00699999987553 0
0.102578947267 0.00799999999539 0
0.102526315654 0.00899999994007 0
0.102473684041 0.00999999988475 0
0.102421052604 0.0109999998294 0
0.103026315627 0.0124999999216 0
0.103013157723 0.0132499998801 0
0.103 0 1
0.102842105157 0.00299999992163 0
0.102947368382 0.000999999857089 0
0.10289473677 0.00199999997695 0
0.103210526272 0.00399999986631 0
0.103315789323 0.00599999993085 0
0.102999999995 0.0139999998386 0
0.102999999995 0.0159999999032 0
0.103 0.019 21
0.102999999995 0.0179999999677 0
0.102999999995 0.0169999998479 0
0.102973684014 0.0114999998018 0
0.103578947212 0.0154999999308 0
0.103605263018 0.014499999811 0
0.103263157885 0.00499999998617 0
0.103368420935 0.00699999987553 0
0.103421052548 0.00799999999539 0
0.103473684161 0.00899999994007 0
0.103526315774 0.00999999988475 0
0.103578947212 0.0109999998294 0
0.103631578825 0.0119999999493 0
0.103684210438 0.012999999894 0
0.104 0 1
0.10399999994 0.000999999857089 0
0.10399999994 0.00299999992163 0
0.10399999994 0.00199999997695 0
0.10399999994 0.00399999986631 0
0.104092105087 0.00574999994468 0
0.10418421041 0.00649999990319 0
0.104263157829 0.0139999998386 0
0.104157894604 0.0159999999032 0
0.104105262991 0.0169999998479 0
0.104 0.019 21
0.104052631553 0.0179999999677 0
0.104210526217 0.0149999999585 0
0.10399999994 0.00499999998617 0
0.104210526217 0.00749999984787 0
0.104236842023 0.00849999996773 0
0.104999999885 0.00699999987553 0
0.104473684106 0.00999999988475 0
0.10436842088 0.0119999999493 0
0.104421052493 0.0109999998294 0
0.104499999912 0.012999999894 0
0.104999999885 0.0139999998386 0
0.105 0 1
0.104999999885 0.000999999857089 0
0.104999999885 0.00199999997695 0
0.104999999885 0.00399999986631 0
0.104999999885 0.00299999992163 0
0.104999999885 0.00499999998617 0
0.104999999885 0.00599999993085 0
0.104999999885 0.0149999999585 0
0.104999999885 0.0159999999032 0
0.104999999885 0.0169999998479 0
0.104999999885 0.0179999999677 0
0.105 0.019 21
0.104999999885 0.00799999999539 0
0.104999999885 0.00899999994007 0
0.105473684051 0.00999999988475 0
0.105999999829 0.00699999987553 0
0.105999999829 0.00599999993085 0
0.105421052613 0.0109999998294 0
0.105315789387 0.012999999894 0
0.105368421 0.0119999999493 0
0.105999999829 0.0139999998386 0
0.106 0 1
0.105947368392 0.000999999857089 0
0.105842105166 0.00299999992163 0
0.105894736779 0.00199999997695 0
0.106421052558 0.00349999989397 0
0.105789473553 0.00399999986631 0
0.105999999829 0.00499999998617 0
0.105999999829 0.0149999999585 0
0.105999999829 0.0159999999032 0
0.105999999829 0.0169999998479 0
0.105999999829 0.0179999999677 0
0.106 0.019 21
0.106210526281 0.0109999998294 0
0.105999999829 0.00799999999539 0
0.105999999829 0.00899999994007 0
0.106236841912 0.00999999988475 0
0.106999999949 0.00499999998617 0
0.106789473498 0.00749999984787 0
0.106894736723 0.00674999988936 0
0.106999999949 0.00599999993085 0
0.106184210475 0.0119999999493 0
0.106157894668 0.012999999894 0
0.106999999949 0.0149999999585 0
0.106999999949 0.0139999998386 0
0.107 0 1
0.106999999949 0.000999999857089 0
0.106999999949 0.00199999997695 0
0.106999999949 0.00299999992163 0
0.106999999949 0.00399999986631 0
0.106999999949 0.0159999999032 0
0.106999999949 0.0169999998479 0
0.106999999949 0.0179999999677 0
0.107 0.019 21
0.107999999894 0.00399999986631 0
0.106999999949 0.0119999999493 0
0.106999999949 0.0109999998294 0
0.106763157691 0.00849999996773 0
0.106999999949 0.00999999988475 0
0.107999999894 0.00499999998617 0
0.107578947341 0.00799999999539 0
0.107631578779 0.00699999987553 0
0.107999999894 0.00599999993085 0
0.106999999949 0.012999999894 0
0.107999999894 0.0159999999032 0
0.107999999894 0.0149999999585 0
0.107999999894 0.0139999998386 0
0.108 0 1
0.107999999894 0.000999999857089 0
0.107999999894 0.00199999997695 0
0.107999999894 0.00299999992163 0
0.107999999894 0.0169999998479 0
0.107999999894 0.0179999999677 0
0.108 0.019 21
0.108605263092 0.00449999983865 0
0.108578947286 0.00349999989397 0
0.107657894585 0.0124999999216 0
0.107684210392 0.0114999998018 0
0.107710526198 0.0104999996819 0
0.107526315728 0.00899999994007 0
0.108999999839 0.0159999999032 0
0.109263157728 0.00499999998617 0
0.108999999839 0.00599999993085 0
0.108526315673 0.00899999994007 0
0.108578947286 0.00799999999539 0
0.108631578899 0.00699999987553 0
0.108315789396 0.012999999894 0
0.108999999839 0.0149999999585 0
0.108999999839 0.0139999998386 0
0.109 0 1
0.109052631452 0.000999999857089 0
0.109157894677 0.00299999992163 0
0.109105263064 0.00199999997695 0
0.108999999839 0.0169999998479 0
0.108999999839 0.0179999999677 0
0.109 0.019 21
0.10921052629 0.00399999986631 0
0.108368421009 0.0119999999493 0
0.108421052622 0.0109999998294 0
0.10847368406 0.00999999988475 0
0.109999999959 0.0159999999032 0
0.109999999959 0.0169999998479 0
0.109236841922 0.00999999988475 0
0.109999999959 0.00599999993085 0
0.109999999959 0.00499999998617 0
0.109999999959 0.00399999986631 0
0.109368420954 0.00699999987553 0
0.10947368418 0.00899999994007 0
0.109421052567 0.00799999999539 0
0.109157894677 0.012999999894 0
0.109184210484 0.0122499997603 0
0.109999999959 0.0149999999585 0
0.109999999959 0.0139999998386 0
0.11 0 1
0.110157894622 0.00299999992163 0
0.110052631571 0.000999999857089 0
0.110105263009 0.00199999997695 0
0.109999999959 0.0179999999677 0
0.11 0.019 21
0.10921052629 0.0114999998018 0
0.109223684018 0.0107499998433 0
0.110789473627 0.0149999999585 0
0.11084210524 0.0159999999032 0
0.110894736677 0.0169999998479 0
0.109999999959 0.00999999988475 0
0.110999999903 0.00399999986631 0
0.110105263009 0.00674999988936 0
0.11084210524 0.00599999993085 0
0.110999999903 0.00499999998617 0
0.110210526235 0.00749999984787 0
0.110236842041 0.00849999996773 0
0.109999999959 0.012999999894 0
0.109999999959 0.0119999999493 0
0.110736842014 0.0139999998386 0
0.111 0 1
0.110999999903 0.00299999992163 0
0.110999999903 0.00199999997695 0
0.110999999903 0.000999999857089 0
0.11094736829 0.0179999999677 0
0.111 0.019 21
0.109999999959 0.0109999998294 0
0.11139473665 0.014499999811 0
0.111421052456 0.0154999999308 0
0.110999999903 0.00899999994007 0
0.110999999903 0.00999999988475 0
0.111999999848 0.0159999999032 0
0.111999999848 0.0169999998479 0
0.110999999903 0.0109999998294 0
0.110999999903 0.0119999999493 0
0.111789473571 0.00399999986631 0
0.111736841958 0.00499999998617 0
0.110999999903 0.00699999987553 0
0.111684210521 0.00599999993085 0
0.110999999903 0.00799999999539 0
0.110999999903 0.012999999894 0
0.111999999848 0.0139999998386 0
0.112 0 1
0.11194736841 0.000999999857089 0
0.111842105184 0.00299999992163 0
0.111894736797 0.00199999997695 0
0.112 0.019 21
0.111999999848 0.0179999999677 0
0.111999999848 0.0149999999585 0
0.111684210346 0.00749999984787 0
0.112421052576 0.00349999989397 0
0.111999999848 0.00899999994007 0
0.111999999848 0.00999999988475 0
0.112789473516 0.0149999999585 0
0.112842105129 0.0159999999032 0
0.112894736742 0.0169999998479 0
0.111999999848 0.0119999999493 0
0.111999999848 0.0109999998294 0
0.112368420963 0.00449999983865 0
0.112434210479 0.00524999979716 0
0.112499999995 0.00599999993085 0
0.112368420963 0.00699999987553 0
0.112421052576 0.00799999999539 0
0.111999999848 0.012999999894 0
0.112736842078 0.0139999998386 0
0.113 0 1
0.112999999968 0.000999999857089 0
0.112999999968 0.00199999997695 0
0.112999999968 0.00299999992163 0
0.113 0.019 21
0.112947368355 0.0179999999677 0
0.112999999968 0.00399999986631 0
0.112736841903 0.00949999991241 0
0.11276315771 0.0104999996819 0
0.113473684134 0.014499999811 0
0.113473683958 0.0154999999308 0
0.113526315571 0.0164999998755 0
0.113473684134 0.0174999998202 0
0.112815789323 0.0119999999493 0
0.112789473516 0.0112499998156 0
0.113263157857 0.00499999998617 0
0.11331578947 0.00599999993085 0
0.113368420908 0.00699999987553 0
0.113421052521 0.00799999999539 0
0.113473684134 0.00899999994007 0
0.112999999968 0.012999999894 0
0.113631578797 0.0134999998663 0
0.114 0 1
0.113999999912 0.000999999857089 0
0.113999999912 0.00199999997695 0
0.113999999912 0.00299999992163 0
0.113999999912 0.00399999986631 0
0.114 0.019 21
0.114052631525 0.0179999999677 0
0.113526315747 0.00999999988475 0
0.113578947359 0.0109999998294 0
0.114263157802 0.0139999998386 0
0.114210526189 0.0149999999585 0
0.114157894576 0.0159999999032 0
0.114105263138 0.0169999998479 0
0.113631578797 0.0119999999493 0
0.113999999912 0.00499999998617 0
0.114157894576 0.00599999993085 0
0.114184210382 0.00699999987553 0
0.114210526189 0.00799999999539 0
0.114236841995 0.00899999994007 0
0.114263157802 0.0097499997234 0
0.114315789415 0.012999999894 0
0.115 0 1
0.114999999857 0.000999999857089 0
0.114999999857 0.00199999997695 0
0.114999999857 0.00299999992163 0
0.114999999857 0.00399999986631 0
0.115 0.019 21
0.114999999857 0.0179999999677 0
0.11431578924 0.0114999998018 0
0.114289473608 0.0104999996819 0
0.114999999857 0.0139999998386 0
0.114999999857 0.0149999999585 0
0.114999999857 0.0159999999032 0
0.114999999857 0.0169999998479 0
0.114999999857 0.0119999999493 0
0.114999999857 0.00499999998617 0
0.115894736751 0.0169999998479 0
0.114999999857 0.00599999993085 0
0.114999999857 0.00699999987553 0
0.114999999857 0.00799999999539 0
0.114999999857 0.00899999994007 0
0.114999999857 0.00999999988475 0
0.115684210475 0.012999999894 0
0.116 0 1
0.115999999977 0.000999999857089 0
0.115999999977 0.00199999997695 0
0.115999999977 0.00299999992163 0
0.115999999977 0.00399999986631 0
0.115999999977 0.00499999998617 0
0.116 0.019 21
0.115947368364 0.0179999999677 0
0.114999999857 0.0109999998294 0
0.115736842088 0.0139999998386 0
0.115789473525 0.0149999999585 0
0.115842105138 0.0159999999032 0
0.116526315756 0.0174999998202 0
0.115789473525 0.0109999998294 0
0.115815789332 0.0119999999493 0
0.115999999977 0.00599999993085 0
0.116526315581 0.0164999998755 0
0.115999999977 0.00699999987553 0
0.115999999977 0.00799999999539 0
0.115999999977 0.00899999994007 0
0.115999999977 0.00999999988475 0
0.116486842046 0.0137499998525 0
0.116499999949 0.012999999894 0
0.117 0 1
0.116999999922 0.000999999857089 0
0.116999999922 0.00199999997695 0
0.116999999922 0.00299999992163 0
0.116999999922 0.00399999986631 0
0.116999999922 0.00499999998617 0
0.117 0.019 21
0.117052631535 0.0179999999677 0
0.116473684143 0.014499999811 0
0.116526315581 0.0154999999308 0
0.117105263147 0.0169999998479 0
0.116578947193 0.0109999998294 0
0.116631578806 0.0119999999493 0
0.116999999922 0.00599999993085 0
0.117157894585 0.0159999999032 0
0.116999999922 0.00699999987553 0
0.116999999922 0.00799999999539 0
0.117263157811 0.0139999998386 0
0.116999999922 0.00899999994007 0
0.116999999922 0.00999999988475 0
0.117315789424 0.012999999894 0
0.118 0 1
0.117999999866 0.000999999857089 0
0.117999999866 0.00199999997695 0
0.117999999866 0.00299999992163 0
0.117999999866 0.00399999986631 0
0.117999999866 0.00499999998617 0
0.118 0.019 21
0.117999999866 0.0179999999677 0
0.117210526198 0.0149999999585 0
0.117999999866 0.0169999998479 0
0.117368421037 0.0119999999493 0
0.117421052475 0.0109999998294 0
0.117999999866 0.00599999993085 0
0.117999999866 0.0159999999032 0
0.117999999866 0.00699999987553 0
0.117999999866 0.00799999999539 0
0.117999999866 0.0149999999585 0
0.117999999866 0.0139999998386 0
0.11815789453 0.012999999894 0
0.117999999866 0.00899999994007 0
0.117999999866 0.00999999988475 0
0.118184210336 0.0122499997603 0
0.119 0 1
0.118999999986 0.000999999857089 0
0.118999999986 0.00199999997695 0
0.118999999986 0.00299999992163 0
0.118999999986 0.00499999998617 0
0.118999999986 0.00399999986631 0
0.119 0.019 21
0.118999999986 0.0179999999677 0
0.118999999986 0.0169999998479 0
0.118999999986 0.0159999999032 0
0.118210526143 0.0114999998018 0
0.118105262917 0.0107499998433 0
0.118999999986 0.00599999993085 0
0.118999999986 0.0149999999585 0
0.118999999986 0.00699999987553 0
0.118999999986 0.00799999999539 0
0.118999999986 0.0139999998386 0
0.118999999986 0.012999999894 0
0.118999999986 0.00899999994007 0
0.118999999986 0.00999999988475 0
0.118999999986 0.0119999999493 0
0.119999999931 0.000999999857089 0
0.12 0 1
0.119999999931 0.00199999997695 0
0.119999999931 0.00299999992163 0
0.119999999931 0.00599999993085 0
0.119999999931 0.00399999986631 0
0.119999999931 0.00499999998617 0
0.12 0.019 21
0.120052631544 0.0179999999677 0
0.120105263157 0.0169999998479 0
0.119999999931 0.0159999999032 0
0.118999999986 0.0109999998294 0
0.119999999931 0.00699999987553 0
0.119999999931 0.0149999999585 0
0.119999999931 0.00799999999539 0
0.119999999931 0.00899999994007 0
0.119999999931 0.0139999998386 0
0.119999999931 0.012999999894 0
0.119999999931 0.00999999988475 0
0.119999999931 0.0109999998294 0
0.119999999931 0.0119999999493 0
0.121 0 1
0.120999999876 0.000999999857089 0
0.120999999876 0.00199999997695 0
0.120999999876 0.00599999993085 0
0.120999999876 0.00299999992163 0
0.120999999876 0.00499999998617 0
0.120999999876 0.00399999986631 0
0.120999999876 0.0179999999677 0
0.121 0.019 21
0.120999999876 0.0149999999585 0
0.120999999876 0.0169999998479 0
0.120999999876 0.0159999999032 0
0.120999999876 0.00699999987553 0
0.120999999876 0.0139999998386 0
0.120999999876 0.00799999999539 0
0.120999999876 0.00899999994007 0
0.120999999876 0.012999999894 0
0.120999999876 0.0119999999493 0
0.120999999876 0.00999999988475 0
0.120999999876 0.0109999998294 0
0.122 0 1
0.121999999995 0.000999999857089 0
0.121999999995 0.00199999997695 0
0.121999999995 0.00299999992163 0
0.121999999995 0.00699999987553 0
0.121999999995 0.00599999993085 0
0.121999999995 0.00399999986631 0
0.121999999995 0.00499999998617 0
0.121999999995 0.0149999999585 0
0.122 0.019 21
0.121999999995 0.0179999999677 0
0.121999999995 0.0159999999032 0
0.121999999995 0.0169999998479 0
0.121999999995 0.00799999999539 0
0.121999999995 0.0139999998386 0
0.121999999995 0.00899999994007 0
0.121999999995 0.00999999988475 0
0.121999999995 0.012999999894 0
0.121999999995 0.0119999999493 0
0.121999999995 0.0109999998294 0
0.123 0 1
0.12299999994 0.000999999857089 0
0.12299999994 0.00199999997695 0
0.12299999994 0.00299999992163 0
0.12299999994 0.00699999987553 0
0.12299999994 0.00599999993085 0
0.12299999994 0.00499999998617 0
0.12299999994 0.00399999986631 0
0.12299999994 0.0149999999585 0
0.12299999994 0.0139999998386 0
0.123157894604 0.0159999999032 0
0.123 0.019 21
0.123052631553 0.0179999999677 0
0.123105262991 0.0169999998479 0
0.123789473608 0.00399999986631 0
0.12299999994 0.00799999999539 0
0.12299999994 0.012999999894 0
0.12299999994 0.00899999994007 0
0.12299999994 0.00999999988475 0
0.12299999994 0.0119999999493 0
0.12299999994 0.0109999998294 0
0.124 0 1
0.123947368272 0.000999999857089 0
0.123894736834 0.00199999997695 0
0.123842105221 0.00299999992163 0
0.123999999885 0.00699999987553 0
0.123999999885 0.00599999993085 0
0.123736841995 0.00499999998617 0
0.123999999885 0.0149999999585 0
0.123999999885 0.0139999998386 0
0.123999999885 0.012999999894 0
0.123999999885 0.0159999999032 0
0.123999999885 0.0169999998479 0
0.124 0.019 21
0.123999999885 0.0179999999677 0
0.124421052438 0.00349999989397 0
0.124394736631 0.00449999983865 0
0.123999999885 0.00799999999539 0
0.123999999885 0.0119999999493 0
0.123999999885 0.00899999994007 0
0.123999999885 0.00999999988475 0
0.123999999885 0.0109999998294 0
0.125 0 1
0.124999999829 0.000999999857089 0
0.124999999829 0.00199999997695 0
0.124999999829 0.00699999987553 0
0.124999999829 0.00299999992163 0
0.124999999829 0.00599999993085 0
0.124999999829 0.00499999998617 0
0.124999999829 0.0139999998386 0
0.124999999829 0.0149999999585 0
0.124999999829 0.0119999999493 0
0.124999999829 0.012999999894 0
0.124999999829 0.0159999999032 0
0.124999999829 0.0169999998479 0
0.124999999829 0.0179999999677 0
0.125 0.019 21
0.124999999829 0.00399999986631 0
0.124999999829 0.00799999999539 0
0.125789473673 0.0149999999585 0
0.124999999829 0.0109999998294 0
0.124999999829 0.00899999994007 0
0.124999999829 0.00999999988475 0
0.126 0 1
0.125999999949 0.000999999857089 0
0.125999999949 0.00199999997695 0
0.125999999949 0.00299999992163 0
0.125999999949 0.00799999999539 0
0.125999999949 0.00699999987553 0
0.125999999949 0.00399999986631 0
0.125999999949 0.00599999993085 0
0.125999999949 0.00499999998617 0
0.125999999949 0.0119999999493 0
0.12573684206 0.0139999998386 0
0.125999999949 0.012999999894 0
0.125842105111 0.0159999999032 0
0.125894736723 0.0169999998479 0
0.125947368336 0.0179999999677 0
0.126 0.019 21
0.125999999949 0.00899999994007 0
0.126394736696 0.014499999811 0
0.126421052502 0.0154999999308 0
0.125999999949 0.0109999998294 0
0.125999999949 0.00999999988475 0
0.127 0 1
0.126999999894 0.000999999857089 0
0.126999999894 0.00199999997695 0
0.126999999894 0.0109999998294 0
0.126999999894 0.00899999994007 0
0.126999999894 0.00299999992163 0
0.126999999894 0.00799999999539 0
0.126999999894 0.00699999987553 0
0.126999999894 0.00599999993085 0
0.126999999894 0.00399999986631 0
0.126999999894 0.00499999998617 0
0.126999999894 0.0119999999493 0
0.126999999894 0.0139999998386 0
0.126999999894 0.012999999894 0
0.127 0.019 21
0.126999999894 0.0159999999032 0
0.126999999894 0.0169999998479 0
0.126999999894 0.0179999999677 0
0.126999999894 0.0149999999585 0
0.126999999894 0.00999999988475 0
0.127999999839 0.0139999998386 0
0.127999999839 0.0149999999585 0
0.127578947286 0.00349999989397 0
0.127789473562 0.0109999998294 0
0.128 0 1
0.128052631452 0.000999999857089 0
0.128105263064 0.00199999997695 0
0.127763157756 0.0102499998709 0
0.127736841949 0.00949999991241 0
0.127710526143 0.00849999996773 0
0.128157894677 0.00299999992163 0
0.127684210336 0.00749999984787 0
0.12765789453 0.00649999990319 0
0.127631578723 0.00549999995851 0
0.127605263092 0.00449999983865 0
0.127815789369 0.0119999999493 0
0.127999999839 0.012999999894 0
0.128 0.019 21
0.127999999839 0.0159999999032 0
0.127999999839 0.0169999998479 0
0.127999999839 0.0179999999677 0
0.128578947055 0.0154999997557 0
0.128631578668 0.0134999996911 0
0.128605262862 0.014499999811 0
0.12821052629 0.00399999986631 0
0.12857894723 0.0109999998294 0
0.129 0 1
0.128999999959 0.000999999857089 0
0.128999999959 0.00199999997695 0
0.128526315617 0.00999999988475 0
0.12847368418 0.00899999994007 0
0.128421052567 0.00799999999539 0
0.128999999959 0.00299999992163 0
0.128368420954 0.00699999987553 0
0.128315789341 0.00599999993085 0
0.128263157728 0.00499999998617 0
0.128631578843 0.0119999999493 0
0.129315789461 0.012999999894 0
0.129157894622 0.0159999999032 0
0.129 0.019 21
0.129105263009 0.0169999998479 0
0.129052631571 0.0179999999677 0
0.129210526235 0.0149999999585 0
0.129263157848 0.0139999998386 0
0.128999999959 0.00399999986631 0
0.129315789286 0.0114999998018 0
0.129999999903 0.0139999998386 0
0.129289473479 0.0104999996819 0
0.13 0 1
0.129999999903 0.000999999857089 0
0.129999999903 0.00199999997695 0
0.129263157673 0.00949999991241 0
0.129236841866 0.00849999996773 0
0.12921052606 0.00749999984787 0
0.129999999903 0.00299999992163 0
0.129184210253 0.00649999990319 0
0.128999999959 0.00499999998617 0
0.129092105106 0.00574999994468 0
0.130157894567 0.012999999894 0
0.129999999903 0.0119999999493 0
0.129999999903 0.0159999999032 0
0.129999999903 0.0169999998479 0
0.13 0.019 21
0.129999999903 0.0179999999677 0
0.129999999903 0.0149999999585 0
0.129999999903 0.00399999986631 0
0.129999999903 0.0109999998294 0
0.130999999848 0.0139999998386 0
0.130999999848 0.0149999999585 0
0.129999999903 0.00999999988475 0
0.131 0 1
0.131052631461 0.000999999857089 0
0.131105263074 0.00199999997695 0
0.129999999903 0.00899999994007 0
0.129999999903 0.00699999987553 0
0.129999999903 0.00799999999539 0
0.131157894687 0.00299999992163 0
0.130789473571 0.00399999986631 0
0.129999999903 0.00599999993085 0
0.129999999903 0.00499999998617 0
0.130999999848 0.012999999894 0
0.130999999848 0.0119999999493 0
0.130999999848 0.0109999998294 0
0.130999999848 0.0159999999032 0
0.130999999848 0.0169999998479 0
0.130999999848 0.0179999999677 0
0.131 0.019 21
0.130999999848 0.00999999988475 0
0.131736842078 0.0139999998386 0
0.131789473516 0.0149999999585 0
0.130999999848 0.00899999994007 0
0.132 0 1
0.132052631405 0.000999999857089 0
0.132105263018 0.00199999997695 0
0.132157894631 0.00299999992163 0
0.130999999848 0.00799999999539 0
0.130999999848 0.00599999993085 0
0.130999999848 0.00699999987553 0
0.131605263046 0.00449999983865 0
0.132210526244 0.00399999986631 0
0.130999999848 0.00499999998617 0
0.131842105129 0.012999999894 0
0.131815789147 0.0119999999493 0
0.131789473516 0.0109999998294 0
0.13176315771 0.0102499998709 0
0.131842105129 0.0159999999032 0
0.131894736742 0.0169999998479 0
0.131947368355 0.0179999999677 0
0.132 0.019 21
0.131736841903 0.00949999991241 0
0.132736842023 0.0139999998386 0
0.132789473636 0.0149999999585 0
0.131999999968 0.00799999999539 0
0.133 0 1
0.132999999912 0.000999999857089 0
0.132999999912 0.00199999997695 0
0.132999999912 0.00299999992163 0
0.132999999912 0.00399999986631 0
0.131999999968 0.00699999987553 0
0.131999999968 0.00599999993085 0
0.132263157857 0.00499999998617 0
0.13268421041 0.012999999894 0
0.132631578797 0.0119999999493 0
0.132578947359 0.0109999998294 0
0.132526315747 0.00999999988475 0
0.132842105249 0.0159999999032 0
0.132894736687 0.0169999998479 0
0.132947368299 0.0179999999677 0
0.133 0.019 21
0.132473684134 0.00899999994007 0
0.133368420852 0.0134999998663 0
0.133394736659 0.014499999811 0
0.133421052465 0.0154999999308 0
0.132999999912 0.00499999998617 0
0.133999999857 0.00399999986631 0
0.133999999857 0.012999999894 0
0.132999999912 0.00799999999539 0
0.134 0 1
0.133999999857 0.000999999857089 0
0.133999999857 0.00199999997695 0
0.133999999857 0.00299999992163 0
0.132999999912 0.00699999987553 0
0.132999999912 0.00599999993085 0
0.133368421028 0.0119999999493 0
0.133421052465 0.0109999998294 0
0.133473684078 0.00999999988475 0
0.133999999857 0.0159999999032 0
0.133999999857 0.0169999998479 0
0.134 0.019 21
0.133999999857 0.0179999999677 0
0.133526315691 0.00899999994007 0
0.133999999857 0.0139999998386 0
0.133999999857 0.0149999999585 0
0.133999999857 0.00499999998617 0
0.134184210327 0.0119999999493 0
0.134578947074 0.00349999989397 0
0.13460526288 0.00449999983865 0
0.134999999977 0.012999999894 0
0.134999999977 0.0139999998386 0
0.133999999857 0.00699999987553 0
0.134263157746 0.00949999991241 0
0.133999999857 0.00799999999539 0
0.135 0 1
0.135052631415 0.000999999857089 0
0.135105263028 0.00199999997695 0
0.135157894641 0.00299999992163 0
0.133999999857 0.00599999993085 0
0.134210525958 0.0112499998156 0
0.134236841765 0.0104999996819 0
0.134999999977 0.0159999999032 0
0.134894736751 0.0169999998479 0
0.135 0.019 21
0.134947368364 0.0179999999677 0
0.134999999977 0.0149999999585 0
0.134631578687 0.00549999995851 0
0.134999999977 0.0119999999493 0
0.135210526253 0.00399999986631 0
0.135263157866 0.00499999998617 0
0.135657894613 0.0124999999216 0
0.135631578806 0.0134999998663 0
0.136263157811 0.0139999998386 0
0.135789473645 0.0149999999585 0
0.134999999977 0.00699999987553 0
0.134999999977 0.00999999988475 0
0.134999999977 0.00799999999539 0
0.134999999977 0.00899999994007 0
0.136 0 1
0.135999999922 0.00199999997695 0
0.135999999922 0.000999999857089 0
0.135999999922 0.00299999992163 0
0.135315789304 0.00599999993085 0
0.134999999977 0.0109999998294 0
0.135842105258 0.0159999999032 0
0.135894736696 0.0169999998479 0
0.136 0.019 21
0.135947368309 0.0179999999677 0
0.135684210419 0.0114999998018 0
0.136421052475 0.0154999999308 0
0.135999999922 0.00499999998617 0
0.135999999922 0.00399999986631 0
0.136368421037 0.0119999999493 0
0.136315789424 0.012999999894 0
0.136999999866 0.0139999998386 0
0.136999999866 0.0149999999585 0
0.135999999922 0.00699999987553 0
0.135999999922 0.00799999999539 0
0.135999999922 0.00999999988475 0
0.135999999922 0.00899999994007 0
0.137 0 1
0.136842105203 0.00299999992163 0
0.136947368253 0.000999999857089 0
0.136894736816 0.00199999997695 0
0.13678947359 0.00399999986631 0
0.136684210364 0.00599999993085 0
0.136421052475 0.0109999998294 0
0.136999999866 0.0159999999032 0
0.136999999866 0.0169999998479 0
0.137 0.019 21
0.136999999866 0.0179999999677 0
0.136736841977 0.00499999998617 0
0.137026315673 0.0124999999216 0
0.13697368406 0.0114999998018 0
0.137789473535 0.0149999999585 0
0.137684210484 0.012999999894 0
0.137736842097 0.0139999998386 0
0.137394736788 0.00349999989397 0
0.136999999866 0.00699999987553 0
0.136999999866 0.00999999988475 0
0.136999999866 0.00799999999539 0
0.136999999866 0.00899999994007 0
0.138 0 1
0.137999999986 0.000999999857089 0
0.137999999986 0.00299999992163 0
0.137999999986 0.00199999997695 0
0.137368420982 0.00549999995851 0
0.137473684032 0.00449999983865 0
0.137999999986 0.00599999993085 0
0.137578947258 0.0109999998294 0
0.138 0.019 21
0.137842105147 0.0159999999032 0
0.13789473676 0.0169999998479 0
0.137947368373 0.0179999999677 0
0.137631578871 0.0119999999493 0
0.137999999986 0.00699999987553 0
0.138421052364 0.0154999999308 0
0.138315789313 0.0114999998018 0
0.138394736557 0.014499999811 0
0.13834210512 0.0124999999216 0
0.138368420926 0.0134999998663 0
0.138210526263 0.00399999986631 0
0.137999999986 0.00799999999539 0
0.137999999986 0.00999999988475 0
0.137999999986 0.00899999994007 0
0.139 0.019 21
0.139 0 1
0.139399840423 0.000884578715949 0
0.138999999931 0.00199999997695 0
0.138999999931 0.00299999992163 0
0.138263157876 0.00499999998617 0
0.138999999931 0.00599999993085 0
0.138999999931 0.0109999998294 0
0.138999999931 0.0179999999677 0
0.138999999931 0.0159999999032 0
0.138999999931 0.0169999998479 0
0.138999999931 0.00699999987553 0
0.138999999931 0.0149999999585 0
0.138999999931 0.0119999999493 0
0.138999999931 0.0139999998386 0
0.138999999931 0.012999999894 0
0.139799680916 0.00176915734431 0
0.138999999931 0.00399999986631 0
0.139948674768 0.0181296267743 0
0.138999999931 0.00799999999539 0
0.138999999931 0.00999999988475 0
0.138999999931 0.00899999994007 0
0.139876398096 0.0107046095443 0
0.14 0.019 21
0.14 0 1
0.140148595014 0.000812662392354 0
0.139799680916 0.00326915726133 0
0.140199521583 0.00265373614785 0
0.138999999931 0.00499999998617 0
0.139794802278 0.0057583639986 0
0.140054566196 0.00699971380369 0
0.140033480967 0.0118420642932 0
0.140264899597 0.0175061690216 0
0.139797138152 0.015428629824 0
0.13971640528 0.016539006901 0
0.139899637535 0.00796485012231 0
0.139991245692 0.0146395091471 0
0.139926976929 0.0128409090892 0
0.139926976929 0.0136709191198 0
0.140548435507 0.00169724102071 0
0.139997380382 0.00420653357492 0
0.140897349606 0.0182592537561 0
0.139997751067 0.00892551895527 0
0.139997751067 0.00967198164335 0
0.140909647892 0.0107498840481 0
0.141066962003 0.0116841288123 0
0.141 0.019 21
0.141 0 1
0.140897349606 0.00074074606876 0
0.140798714382 0.00792972214695 0
0.140599362076 0.0035383147762 0
0.141048214049 0.00225659835991 0
0.141109132461 0.00699942808221 0
0.140192203364 0.00513754606013 0
0.140849368543 0.00609141135844 0
0.140853954102 0.0126818182845 0
0.140432810629 0.0165780139264 0
0.141149216154 0.0173670209103 0
0.140809363332 0.0146199218975 0
0.140594276373 0.0158572596896 0
0.140982491453 0.0136194785678 0
0.141310254805 0.00144722649445 0
0.140994761009 0.00441306728354 0
0.141865621678 0.0181560280695 0
0.142016240342 0.0174294413306 0
0.140994736133 0.00885109507972 0
0.141189980077 0.00976942002477 0
0.141847441489 0.0106270565718 0
0.141778846261 0.0125230853761 0
0.142412581403 0.0118058875045 0
0.142 0.019 21
0.142 0 1
0.141865621678 0.00084397175535 0
0.141676029624 0.00789544450393 0
0.141657769727 0.00376334032278 0
0.14230788962 0.0022000090403 0
0.141870180083 0.00293769512138 0
0.142163698901 0.00699914218555 0
0.141774052937 0.00613711715982 0
0.141384406973 0.00527509230927 0
0.141971184465 0.0134297080033 0
0.141390584759 0.0162854433671 0
0.142166859006 0.0167028545917 0
0.141714044945 0.0144298829546 0
0.141552314852 0.0153576631608 0
0.141950004112 0.00440985917967 0
0.142871134944 0.000740729952036 0
0.142943133252 0.017120265641 0
0.142825442631 0.0180183938791 0
0.141965030504 0.00877866372171 0
0.142252378019 0.0096575617306 0
0.142770834442 0.0105061154529 0
0.143243129942 0.011515266368 0
0.142667180962 0.0125265685154 0
0.142921781046 0.0132472497014 0
0.143 0.019 21
0.143 0 1
0.142745599332 0.00146232295922 0
0.142553344866 0.0078611670361 0
0.143003878059 0.00669666264425 0
0.142515601426 0.00354462605006 0
0.14308119874 0.00267939292046 0
0.14269468853 0.00582919401999 0
0.142385720956 0.0051423278219 0
0.142601802597 0.0142433991507 0
0.143267738077 0.016460055978 0
0.142311840144 0.0158830361113 0
0.142456821283 0.015063217631 0
0.142951318271 0.0042770946923 0
0.143400572111 0.0057329887431 0
0.143615421699 0.000957511794574 0
0.144087613316 0.0165780699846 0
0.143719407674 0.0175376768656 0
0.143857867672 0.0182592696976 0
0.142935324875 0.00870623271405 0
0.143314776136 0.00954570361161 0
0.143694227396 0.0103851745092 0
0.144073678657 0.0112246454067 0
0.143561702032 0.012380576928 0
0.143477187336 0.0140595143436 0
0.143872377453 0.0130647913995 0
0.144 0.019 21
0.144 0 1
0.143646796054 0.00181415996604 0
0.143787208628 0.00834597629588 0
0.143503276457 0.00748985559674 0
0.143844057216 0.00639418310294 0
0.143295801322 0.00339499208317 0
0.143920916294 0.00278011175583 0
0.143387035115 0.00500956350971 0
0.143680662546 0.0148990328906 0
0.143592343077 0.0157998463149 0
0.143765960129 0.00441965551979 0
0.144106455868 0.0056367834662 0
0.144359708629 0.00117429381229 0
0.144741906915 0.0162262329777 0
0.144591799082 0.0170685607397 0
0.144597795028 0.0182592537561 0
0.144815785625 0.0107975413745 0
0.144562818235 0.00994233827749 0
0.144069528075 0.00919788527475 0
0.144453129917 0.0120641164795 0
0.144822974034 0.0128823330976 0
0.144336592343 0.0138789863697 0
0.144824024599 0.0146588563977 0
0.145 0.019 21
0.145 0 1
0.145091238648 0.000740729952036 0
0.144546031616 0.0021652314285 0
0.144638560178 0.00843478557336 0
0.144119842909 0.00773240299978 0
0.14445247719 0.00711883005404 0
0.144670534882 0.0060966363301 0
0.144144885494 0.00382974770505 0
0.144818129908 0.00299648314747 0
0.144368854695 0.00487938382945 0
0.144892014749 0.0153839052158 0
0.144927060914 0.00534135096221 0
0.145180120275 0.00146232295922 0
0.145435029205 0.0165412961764 0
0.145180120275 0.0175376768656 0
0.14558469523 0.0182592696976 0
0.145469280045 0.00830239264653 0
0.145376564915 0.0114470581171 0
0.145557892769 0.0103704373422 0
0.145304925203 0.00921967876364 0
0.145561486798 0.0122994996486 0
0.145746115077 0.0131512914308 0
0.145192230416 0.0136992496918 0
0.145561486973 0.0145161664612 0
0.146 0.019 21
0.146 0 1
0.146103326836 0.000981605945743 0
0.145423015764 0.00250761562666 0
0.145376238551 0.00742580160645 0
0.145485267309 0.00651533689254 0
0.145485267309 0.00580331809498 0
0.145042099108 0.00404611927187 0
0.145715343697 0.00321285471428 0
0.145334427216 0.00475135853468 0
0.145930743355 0.0153330832306 0
0.146203309382 0.0019314390851 0
0.1463 0.01615 15
0.14636274547 0.0181900375092 0
0.145881007322 0.0170685607397 0
0.146299999912 0.0117166665499 0
0.146299999912 0.00816999989489 0
0.146299999912 0.00905666651484 0
0.146299999912 0.0108299999299 0
0.146299999912 0.00994333330998 0
0.146299999912 0.0126033331698 0
0.146299999912 0.0143766665849 0
0.146299999912 0.013489999965 0
0.147 0.019 21
0.147 0 1
0.147032538803 0.00121403957928 0
0.1463 0.00285 7
0.146299999912 0.00728333327494 0
0.146299999912 0.00639666665499 0
0.146299999912 0.00550999985985 0
0.146299999912 0.00373666661995 0
0.146299999912 0.0046233332399 0
0.147063655198 0.015675 15
0.147063655115 0.0147928571429 0
0.147063655198 0.002375 7
0.146832628367 0.00768561912974 0
0.147063655198 0.016625 16
0.147032542657 0.0177858188738 0
0.148 0.019 21
0.147063655115 0.01214642844 0
0.147063655115 0.0112642855391 0
0.146871310605 0.00862669633355 0
0.147063655115 0.00949999991241 0
0.147063655115 0.0103821428133 0
0.148 0 1
0.147063655115 0.013028571341 0
0.147063655115 0.0139107142419 0
0.148032415419 0.0179336048482 0
0.148032415419 0.00106639497663 0
0.148065738272 0.00216263777293 6
0.147063655198 0.003325 8
0.147382390825 0.00718565699666 0
0.147300795883 0.00619734570565 0
0.14722174896 0.00523989706411 0
0.147142702038 0.00428244859775 0
0.148065738272 0.0154626377729 14
0.147977489801 0.0143937383994 0
0.147464505005 0.0081802567879 0
0.148065738272 0.0168373622271 16
0.149 0.019 21
0.147801487648 0.0122619277123 0
0.147880511447 0.0111560268801 0
0.148065738146 0.00895794194882 0
0.147832744632 0.0101823681432 0
0.149 0 1
0.147889241631 0.0133248391117 0
0.148561266429 0.0138225131956 0
0.148291713353 0.00804798438614 0
0.14915 0.0169727241336 17
0.149074154349 0.0179977896993 0
0.149074154349 0.00100221012556 0
0.14915 0.0020272758664 6
0.148065738272 0.00353736222707 8
0.148065738146 0.00678971009444 0
0.148065738146 0.00570559399208 0
0.148065738146 0.00462147806489 0
0.14915 0.0153272758664 14
0.149233291227 0.0143201874546 0
0.15 0.019 21
0.150107819596 0.0170461287851 17
0.148600539205 0.0122856797334 0
0.14875572293 0.0110400344712 0
0.148867005227 0.0091698370957 0
0.148657153751 0.00996822418786 0
0.14939958428 0.00865302475309 0
0.150107819596 0.00195387121487 5
0.15 0 1
0.149316582453 0.0133130991297 0
0.14915 0.0068512381387 0
0.14915 0.00791074277811 0
0.150054807218 0.0180067991228 0
0.150054807218 0.000993200701981 0
0.14915 0.0036727241336 9
0.14915 0.00579173349928 0
0.14915 0.00473222868469 0
0.150107819596 0.0152538712149 13
0.150107819501 0.0142948926076 0
0.149399590937 0.0123094319298 0
0.151 0.019 21
0.151038407864 0.0170863784291 17
0.149480620216 0.0113296929838 0
0.149561649671 0.0103499540378 0
0.149642294602 0.00937486248922 0
0.150107819501 0.00854102140841 0
0.151038407864 0.00191362157086 5
0.151 0 1
0.150107819501 0.00662306422524 0
0.150107819501 0.0133359141036 0
0.150107819501 0.0123769355996 0
0.150107819501 0.00758204290441 0
0.15101920392 0.0180431891077 0
0.151519203892 0.000956810717105 0
0.150107819596 0.00374612878513 9
0.150185368445 0.00470175301177 0
0.150262917563 0.00565737748547 0
0.151038407864 0.0152136215709 13
0.151118540396 0.0142624864315 0
0.150646975053 0.0128387716964 0
0.152 0.019 21
0.152 0.0171 18
0.15041977918 0.011369386897 0
0.15065066263 0.0104354995036 0
0.150573113686 0.00947987502993 0
0.150843626408 0.0085482504596 0
0.152 0.0019 5
0.152 0 2
0.151038407696 0.00664318910771 0
0.151198673095 0.013311351166 0
0.151278805794 0.0123602160757 0
0.151038407696 0.00759545937595 0
0.152494727614 0.0180500003504 0
0.152494727614 0.000949999474455 0
0.151038407696 0.00569091883948 0
0.151038407864 0.00378637842914 9
0.151038407696 0.00473864857125 0
0.152 0.0152 13
0.151999999912 0.0141636362601 0
0.152991833031 0.019 20
0.152989455501 0.0171000007979 18
0.151358938493 0.0114090809853 0
0.151439071193 0.010457945895 0
0.151519203892 0.00950681062951 0
0.151599336591 0.00855567553919 0
0.152989455501 0.00189999920205 4
0.152991833031 0 2
0.151999999912 0.00587272721699 0
0.151999999912 0.00690909086928 0
0.151999999912 0.0131272726078 0
0.151999999912 0.0120909089555 0
0.151999999912 0.00794545452157 0
0.153982530675 0.0180499998248 0
0.153486614015 0.00095 0
0.152997133064 0.0151999999406 12
0.151999999912 0.0048363635647 0
0.152 0.0038 10
0.152997133007 0.0141636362601 0
0.152997133007 0.0131272726078 0
0.153983666062 0.019 20
0.153981395346 0.0171 18
0.151999999912 0.0110545453033 0
0.151999999912 0.010018181651 0
0.15225816845 0.00924431440168 0
0.154973361949 0.0171 18
0.153981395346 0.0019 4
0.153983666062 0 2
0.154975499093 0.019 20
0.152997133007 0.00690909086928 0
0.152997133007 0.00587272721699 0
0.152997133007 0.00794545452157 0
0.152997133007 0.0120909089555 0
0.152997133007 0.0110545453033 0
0.152997133007 0.00898181817386 0
0.155470413794 0.0180499998248 0
0.154478513904 0.00095 0
0.153996789435 0.0152 12
0.152997133007 0.0048363635647 0
0.152997133064 0.00380000005944 10
0.153996789421 0.0141636362601 0
0.153996789421 0.0131272726078 0
0.152997133007 0.010018181651 0
0.155965328551 0.0171 18
0.153815033598 0.00587272721699 0
0.154973361949 0.0019 4
0.154975499093 0 2
0.155967332123 0.019 20
0.153996789421 0.00794545452157 0
0.153724155774 0.00690909086928 0
0.153996789421 0.00898181817386 0
0.153996789421 0.0120909089555 0
0.153996789421 0.0110545453033 0
0.153996789421 0.010018181651 0
0.156958229994 0.0180499998248 0
0.155470413794 0.00095 0
0.154996453082 0.0152 12
0.154905574492 0.0141636362601 0
0.153905911421 0.0048363635647 0
0.153996789435 0.0038 10
0.154814695967 0.0131272726078 0
0.155450845464 0.0136454543464 0
0.156957295153 0.0171 18
0.154405743219 0.00639090895554 0
0.154451182044 0.00535454530325 0
0.155965328551 0.0019 4
0.155967332123 0 2
0.156959165154 0.019 20
0.154996453016 0.00794545452157 0
0.154996453016 0.00690909086928 0
0.154996453016 0.00898181817386 0
0.154996453016 0.0120909089555 0
0.154996453016 0.0110545453033 0
0.154996453016 0.010018181651 0
0.157949261756 0.0171 18
0.157950129883 0.0180499998248 0
0.156462313509 0.00095 0
0.155996116728 0.0152 12
0.156086995136 0.0141636362601 0
0.154996453016 0.0048363635647 0
0.154996453082 0.0038 10
0.155996116612 0.0120909089555 0
0.156177873661 0.0131272726078 0
0.154996453016 0.00587272721699 0
0.156957295153 0.0019 4
0.156959165154 0 2
0.157950998185 0.019 20
0.155996116612 0.00587272721699 0
0.155996116612 0.00794545452157 0
0.155996116612 0.00690909086928 0
0.155996116612 0.00898181817386 0
0.155996116612 0.0110545453033 0
0.155996116612 0.010018181651 0
0.158941228358 0.0171 18
0.158942029773 0.0180499998248 0
0.157454213398 0.00095 0
0.156995780375 0.0152 12
0.156995780208 0.0141636362601 0
0.155996116728 0.0038 10
0.155996116612 0.0048363635647 0
0.157177537257 0.0131272726078 0
0.156995780208 0.0110545453033 0
0.157268415781 0.0120909089555 0
0.156814023333 0.00587272721699 0
0.157949261756 0.0019 4
0.157950998185 0 2
0.158942831216 0.019 20
0.156995780208 0.00794545452157 0
0.156723144809 0.00690909086928 0
0.156995780208 0.00898181817386 0
0.156995780208 0.010018181651 0
0.15993319496 0.0171 18
0.159933929488 0.0180499998248 0
0.158446113113 0.00095 0
0.157995443978 0.0141636362601 0
0.157995444022 0.0152 12
0.156995780375 0.0038 10
0.156904901858 0.0048363635647 0
0.157995443978 0.0131272726078 0
0.157995443978 0.0120909089555 0
0.157995443978 0.0110545453033 0
0.157404733656 0.00639090895554 0
0.157450172831 0.00535454530325 0
0.158813350525 0.0131272726078 0
0.158941228358 0.0019 4
0.158942831216 0 2
0.159934664247 0.019 20
0.157995443978 0.00898181817386 0
0.157995443978 0.00794545452157 0
0.157995443978 0.00690909086928 0
0.158677032825 0.0105363633895 0
0.157995443978 0.010018181651 0
0.160925161563 0.0171 18
0.160925829377 0.0180499998248 0
0.159438013003 0.00095 0
0.158904229049 0.0141636362601 0
0.158995107668 0.0152 12
0.157995444022 0.0038 10
0.158086322503 0.0048363635647 0
0.158722472 0.0120909089555 0
0.159358621673 0.0110545453033 0
0.157995443978 0.00587272721699 0
0.159449500022 0.0136454543464 0
0.159404060672 0.0126090906941 0
0.15993319496 0.0019 4
0.159934664247 0 2
0.158995107574 0.00690909086928 0
0.158995107574 0.00587272721699 0
0.160926497278 0.019 20
0.15876791135 0.00898181817386 0
0.158813350525 0.0079454541712 0
0.159449500197 0.010018181651 0
0.161917128165 0.0171 18
0.161917729092 0.0180499998248 0
0.160429912892 0.00095 0
0.15999477117 0.0141636362601 0
0.159994771315 0.0152 12
0.158995107574 0.0048363635647 0
0.158995107668 0.0038 10
0.15999477117 0.0120909089555 0
0.160176528219 0.0110545453033 0
0.15999477117 0.0131272726078 0
0.160925161563 0.0019 4
0.160926497278 0 2
0.159631257246 0.00794545452157 0
0.159722135771 0.00690909086928 0
0.15981301412 0.00587272721699 0
0.161918330309 0.019 20
0.159540378722 0.00898181817386 0
0.160221967394 0.010018181651 0
0.162909094767 0.0171 18
0.162909628982 0.0180499998248 0
0.161917729092 0.00095 0
0.160994434941 0.0141636362601 0
0.160994434962 0.0152 12
0.159994771315 0.0038 10
0.159903892645 0.0048363635647 0
0.160994434941 0.0131272726078 0
0.160994434941 0.0120909089555 0
0.160994434941 0.0110545453033 0
0.161917128165 0.0019 4
0.161918330309 0 2
0.162909094767 0.0019 4
0.160312846093 0.00846363626012 0
0.162910163339 0 2
0.160358285268 0.00742727243265 0
0.160403724443 0.00639090895554 0
0.160540042142 0.00535454530325 0
0.162910163339 0.019 20
0.160994434941 0.010018181651 0
0.160994434941 0.00898181817386 0
0.16390106137 0.0171 18
0.163901528696 0.0180499998248 0
0.163405612211 0.00095 0
0.161903220012 0.0141636362601 0
0.161994098608 0.0152 12
0.160994434962 0.0038 10
0.161085313465 0.0048363635647 0
0.161994098536 0.0131272726078 0
0.161994098536 0.0120909089555 0
0.161994098536 0.0110545453033 0
0.162812005083 0.0131272726078 0
0.16390106137 0.0019 4
0.160994434941 0.00794545452157 0
0.16390199637 0 2
0.160994434941 0.00690909086928 0
0.161176191815 0.00587272721699 0
0.16390199637 0.019 20
0.161994098536 0.010018181651 0
0.161994098536 0.00898181817386 0
0.164893027972 0.0171 18
0.164893428586 0.0180499998248 0
0.164397512101 0.00095 0
0.162902883607 0.0141636362601 0
0.162993762255 0.0152 12
0.162084977061 0.0048363635647 0
0.161994098608 0.0038 10
0.162721126558 0.0120909089555 0
0.162993762132 0.0110545453033 0
0.16344815458 0.0136454543464 0
0.16340271523 0.0126090906941 0
0.164893027972 0.0019 4
0.161994098536 0.00794545452157 0
0.164893829401 0 2
0.161994098536 0.00690909086928 0
0.162175855585 0.00587272721699 0
0.164893829401 0.019 20
0.162993762132 0.010018181651 0
0.162993762132 0.00898181817386 0
0.165884994574 0.0171 18
0.165885328476 0.01805 0
0.165885328476 0.00095 0
0.163993425728 0.0141636362601 0
0.163993425902 0.0152 12
0.162993762132 0.0048363635647 0
0.162993762255 0.0038 10
0.163857107853 0.0102772725202 0
0.163993425728 0.0110545453033 0
0.163993425728 0.0120909089555 0
0.163993425728 0.0131272726078 0
0.162993762132 0.00587272721699 0
0.165884994574 0.0019 4
0.162993762132 0.00794545452157 0
0.165885662432 0 2
0.162993762132 0.00690909086928 0
0.165885662432 0.019 20
0.163720790154 0.00949999991241 0
0.163675350979 0.00846363626012 0
0.166876961177 0.0171 18
0.16687722819 0.0180499998248 0
0.166876961177 0.0019 4
0.16687722819 0.00095 0
0.164993089498 0.0141636362601 0
0.164993089498 0.0131272726078 0
0.164993089548 0.0152 12
0.163811668854 0.00587272721699 0
0.163902547378 0.0048363635647 0
0.163993425902 0.0038 10
0.164538696875 0.010018181651 0
0.164993089498 0.0110545453033 0
0.164993089498 0.0120909089555 0
0.163629911629 0.00742727243265 0
0.164447818351 0.00535454530325 0
0.166877495463 0 2
0.164266061301 0.00690909086928 0
0.166877495463 0.019 20
0.164447818351 0.00898181817386 0
0.164356939826 0.00794545452157 0
0.167868927779 0.0171 18
0.167869328494 0 2
0.16786912808 0.0180499998248 0
0.167868927779 0.0019 4
0.168365111309 0.00095 0
0.165851139474 0.0121743007366 0
0.165743953103 0.0129978321947 0
0.165743953103 0.014034195847 0
0.165992753195 0.0152 12
0.164993089548 0.0038 10
0.164993089498 0.00587272721699 0
0.164993089498 0.0048363635647 0
0.165530611831 0.00970739866864 0
0.165894125754 0.0105364896956 0
0.165958326196 0.0113507692785 0
0.164993089498 0.00690909086928 0
0.167869328494 0.019 20
0.16530773629 0.0085930764981 0
0.165743953103 0.00652034919352 0
0.165580371689 0.00755671284581 0
0.168860894381 0.0171 18
0.168861161525 0 2
0.168861027794 0.0180499998248 0
0.168860894381 0.0019 4
0.169357011199 0.00095 0
0.166923563069 0.0116469932537 0
0.166548131004 0.0127480771126 0
0.166494817058 0.013904755609 0
0.166992416842 0.0152 12
0.165743953278 0.00457737780449 0
0.165992753195 0.0038 10
0.166119384993 0.00580779661709 0
0.16679516236 0.0100184340879 0
0.166481408295 0.00911138454272 0
0.167267006241 0.0106699165452 0
0.168861161525 0.019 20
0.166614373891 0.00642305866552 0
0.166167654405 0.00820433499753 0
0.166344867238 0.00729751669229 0
0.169852860984 0.0171 18
0.169852994555 0 2
0.169852994555 0.019 20
0.170373568099 0.0181376763769 0
0.169852860984 0.0019 4
0.170373568099 0.000862323447887 0
0.167738850473 0.0113213991778 0
0.167352309255 0.0124983222058 0
0.167423395042 0.0137197207335 0
0.167660347314 0.0145095114807 0
0.167992080489 0.0152 12
0.166494817058 0.00509524421584 0
0.166992416842 0.0038 10
0.167245680838 0.00574286619238 0
0.167478090647 0.00867128762847 0
0.167696198966 0.00950037848023 0
0.168175151373 0.0104553644164 0
0.167109362963 0.00703832071395 0
0.167027572344 0.00781559332178 0
0.171 0.0171 19
0.171 0 3
0.171 0.019 20
0.171 0.0019 4
0.168654104131 0.0114103505277 0
0.168744060324 0.0144237787456 0
0.16885403699 0.0122394415546 0
0.168138716016 0.0129795812317 0
0.168328277764 0.0138190228739 0
0.168991744135 0.0152 12
0.167660347314 0.0044904883441 0
0.167992080489 0.0038 10
0.168078361865 0.00518097677578 0
0.167887490458 0.0074268518212 0
0.167996544618 0.0063904883441 0
0.168488181412 0.00856777744667 0
0.16860908294 0.00948816182868 0
0.169545662702 0.0104876237901 0
0.16952196744 0.00947594535232 0
0.170284678938 0.0107591625509 0
0.169569357964 0.0114993020528 0
0.169664138838 0.0124380460105 0
0.169496040187 0.0141665805402 0
0.168996208389 0.0131285344422 0
0.169991407782 0.0152 12
0.168991744135 0.0038 10
0.168617794905 0.00780294379606 0
0.168744060324 0.00457622107922 0
0.168496376591 0.00587146538265 0
0.168747408573 0.00703811049581 0
0.169498272353 0.00846426726488 0
0.170249136133 0.00924164498178 0
0.171 0.0100190230224 11
0.171 0.0152 12
0.171 0.0110570690673 11
0.170332069463 0.0117475574036 0
0.171 0.0141711402033 11
0.170248020049 0.0128713362368 0
0.170248020049 0.0136498708542 0
0.169991407782 0.0038 10
0.169661162675 0.00448894621892 0
0.169498272353 0.00768573264753 0
0.169496040187 0.00535244242121 0
0.169330917698 0.00656195381434 0
0.171 0.00898097697757 11
0.170249136133 0.00833335479925 0
0.171 0.0120951151122 11
0.171 0.013133161157 11
0.171 0.0038 11
0.171 0.00482885979668 11
0.170330581294 0.00517789252543 0
0.170165458805 0.00725244242121 0
0.170248020049 0.00612866358802 0
0.171 0.0079429309327 11
0.171 0.00586683884298 11
0.171 0.00690488488784 11

Edges
474
6 27 22
27 9 22
9 8 22
8 7 22
7 1 22
1 10 22
10 11 22
11 12 22
12 2 22
2 4 22
4 3 22
3 16 22
16 5 22
5 21 22
21 20 22
20 25 22
25 26 22
26 24 22
24 19 22
3403 3383 21
3383 3363 21
3363 3344 21
3344 3323 21
3323 3308 21
3308 3285 21
3285 3260 21
3260 3236 21
3236 3210 21
3210 3185 21
3185 3161 21
3161 3138 21
3138 3115 21
3115 3100 21
3100 3079 21
3079 3056 21
3056 3033 21
3033 3010 21
3010 2990 21
2990 2970 21
2970 2948 21
2948 2924 21
2924 2901 21
2901 2879 21
2879 2856 21
2856 2836 21
2836 2814 21
2814 2791 21
2791 2769 21
2769 2747 21
2747 2726 21
2726 2704 21
2704 2682 21
2682 2660 21
2660 2639 21
2639 2616 21
2616 2593 21
2593 2572 21
2572 2549 21
2549 2526 21
2526 2505 21
2505 2484 21
2484 2461 21
2461 2439 21
2439 2419 21
2419 2398 21
2398 2377 21
2377 2354 21
2354 2330 21
2330 2306 21
2306 2283 21
2283 2262 21
2262 2237 21
2237 2215 21
2215 2191 21
2191 2171 21
2171 2149 21
2149 2125 21
2125 2100 21
2100 2075 21
2075 2051 21
2051 2028 21
2028 2002 21
2002 1977 21
1977 1954 21
1954 1931 21
1931 1910 21
1910 1887 21
1887 1863 21
1863 1839 21
1839 1814 21
1814 1792 21
1792 1770 21
1770 1748 21
1748 1725 21
1725 1702 21
1702 1678 21
1678 1655 21
1655 1632 21
1632 1608 21
1608 1585 21
1585 1565 21
1565 1543 21
1543 1520 21
1520 1497 21
1497 1473 21
1473 1450 21
1450 1428 21
1428 1407 21
1407 1386 21
1386 1364 21
1364 1341 21
1341 1319 21
1319 1294 21
1294 1272 21
1272 1250 21
1250 1227 21
1227 1204 21
1204 1183 21
1183 1160 21
1160 1135 21
1135 1108 21
1108 1082 21
1082 1061 21
1061 1039 21
1039 1018 21
1018 996 21
996 974 21
974 952 21
952 931 21
931 910 21
910 890 21
890 867 21
867 848 21
848 827 21
827 807 21
807 784 21
784 763 21
763 743 21
743 721 21
721 701 21
701 679 21
679 659 21
659 637 21
637 615 21
615 593 21
593 571 21
571 550 21
550 527 21
527 506 21
506 484 21
484 462 21
462 440 21
440 419 21
419 398 21
398 376 21
376 355 21
355 331 21
331 308 21
308 285 21
285 261 21
261 238 21
238 215 21
215 191 21
191 165 21
165 141 21
141 117 21
117 93 21
93 72 21
72 50 21
50 28 21
28 6 21
3750 3731 20
3731 3725 20
3725 3706 20
3706 3687 20
3687 3667 20
3667 3648 20
3648 3629 20
3629 3610 20
3610 3589 20
3589 3570 20
3570 3548 20
3548 3528 20
3528 3508 20
3508 3489 20
3489 3469 20
3469 3450 20
3450 3442 20
3442 3422 20
3422 3403 20
3748 3750 19
3404 3423 18
3423 3443 18
3443 3447 18
3447 3465 18
3465 3484 18
3484 3496 18
3496 3515 18
3515 3533 18
3533 3554 18
3554 3574 18
3574 3592 18
3592 3613 18
3613 3632 18
3632 3651 18
3651 3670 18
3670 3690 18
3690 3710 18
3710 3729 18
3729 3748 18
3353 3364 17
3364 3384 17
3384 3404 17
3321 3343 16
3343 3353 16
3317 3297 15
3297 3321 15
3361 3340 14
3340 3317 14
3420 3400 13
3400 3380 13
3380 3361 13
3781 3772 12
3772 3757 12
3757 3739 12
3739 3718 12
3718 3698 12
3698 3676 12
3676 3655 12
3655 3636 12
3636 3617 12
3617 3596 12
3596 3578 12
3578 3558 12
3558 3537 12
3537 3518 12
3518 3499 12
3499 3478 12
3478 3459 12
3459 3437 12
3437 3420 12
3796 3797 11
3797 3802 11
3802 3803 11
3803 3801 11
3801 3792 11
3792 3780 11
3780 3782 11
3782 3794 11
3794 3795 11
3795 3784 11
3784 3781 11
3439 3461 10
3461 3481 10
3481 3502 10
3502 3520 10
3520 3538 10
3538 3559 10
3559 3580 10
3580 3597 10
3597 3618 10
3618 3638 10
3638 3657 10
3657 3679 10
3679 3699 10
3699 3720 10
3720 3741 10
3741 3759 10
3759 3773 10
3773 3787 10
3787 3796 10
3377 3397 9
3397 3418 9
3418 3439 9
3335 3357 8
3357 3377 8
3319 3311 7
3311 3335 7
3356 3334 6
3334 3319 6
3409 3389 5
3389 3370 5
3370 3356 5
3751 3733 4
3733 3713 4
3713 3693 4
3693 3672 4
3672 3663 4
3663 3643 4
3643 3624 4
3624 3604 4
3604 3602 4
3602 3584 4
3584 3566 4
3566 3546 4
3546 3526 4
3526 3506 4
3506 3487 4
3487 3467 4
3467 3448 4
3448 3428 4
3428 3409 4
3749 3751 3
3410 3429 2
3429 3449 2
3449 3468 2
3468 3488 2
3488 3507 2
3507 3527 2
3527 3547 2
3547 3567 2
3567 3585 2
3585 3603 2
3603 3606 2
3606 3626 2
3626 3645 2
3645 3665 2
3665 3685 2
3685 3691 2
3691 3711 2
3711 3730 2
3730 3749 2
19 40 1
40 61 1
61 83 1
83 108 1
108 132 1
132 156 1
156 181 1
181 206 1
206 230 1
230 251 1
251 275 1
275 298 1
298 321 1
321 341 1
341 363 1
363 386 1
386 409 1
409 430 1
430 453 1
453 476 1
476 497 1
497 517 1
517 538 1
538 560 1
560 583 1
583 607 1
607 627 1
627 649 1
649 669 1
669 689 1
689 712 1
712 734 1
734 755 1
755 777 1
777 798 1
798 820 1
820 841 1
841 861 1
861 881 1
881 902 1
902 923 1
923 946 1
946 967 1
967 989 1
989 1010 1
1010 1030 1
1030 1053 1
1053 1075 1
1075 1100 1
1100 1127 1
1127 1154 1
1154 1176 1
1176 1197 1
1197 1220 1
1220 1243 1
1243 1265 1
1265 1289 1
1289 1312 1
1312 1335 1
1335 1358 1
1358 1381 1
1381 1402 1
1402 1423 1
1423 1444 1
1444 1467 1
1467 1491 1
1491 1513 1
1513 1535 1
1535 1557 1
1557 1579 1
1579 1602 1
1602 1625 1
1625 1648 1
1648 1670 1
1670 1693 1
1693 1716 1
1716 1739 1
1739 1764 1
1764 1786 1
1786 1806 1
1806 1830 1
1830 1853 1
1853 1876 1
1876 1898 1
1898 1920 1
1920 1941 1
1941 1962 1
1962 1985 1
1985 2008 1
2008 2030 1
2030 2053 1
2053 2067 1
2067 2091 1
2091 2115 1
2115 2137 1
2137 2159 1
2159 2181 1
2181 2206 1
2206 2229 1
2229 2252 1
2252 2275 1
2275 2299 1
2299 2322 1
2322 2344 1
2344 2366 1
2366 2387 1
2387 2411 1
2411 2433 1
2433 2455 1
2455 2479 1
2479 2500 1
2500 2522 1
2522 2545 1
2545 2567 1
2567 2588 1
2588 2610 1
2610 2633 1
2633 2654 1
2654 2676 1
2676 2698 1
2698 2718 1
2718 2738 1
2738 2758 1
2758 2779 1
2779 2800 1
2800 2821 1
2821 2842 1
2842 2866 1
2866 2888 1
2888 2910 1
2910 2932 1
2932 2953 1
2953 2975 1
2975 2999 1
2999 3024 1
3024 3048 1
3048 3070 1
3070 3092 1
3092 3116 1
3116 3139 1
3139 3162 1
3162 3186 1
3186 3211 1
3211 3237 1
3237 3261 1
3261 3286 1
3286 3309 1
3309 3329 1
3329 3349 1
3349 3371 1
3371 3390 1
3390 3410 1

Triangles
7130
6 27 28 0
30 31 9 0
31 53 49 0
9 31 27 0
30 53 31 0
27 31 49 0
14 29 7 0
29 30 8 0
51 29 35 0
51 52 29 0
50 28 49 0
49 28 27 0
71 49 53 0
71 50 49 0
9 8 30 0
14 7 1 0
15 14 1 0
10 15 1 0
36 35 15 0
35 29 14 0
52 51 74 0
54 77 58 0
193 216 217 0
168 193 194 0
144 168 169 0
167 193 168 0
192 216 193 0
167 192 193 0
119 143 144 0
166 190 192 0
190 214 192 0
73 51 70 0
8 7 29 0
36 15 32 0
96 98 120 0
50 71 72 0
52 30 29 0
75 52 74 0
53 30 52 0
52 75 53 0
32 10 11 0
13 33 12 0
93 99 117 0
99 120 122 0
117 99 122 0
93 96 99 0
98 74 97 0
146 165 141 0
10 32 15 0
2 17 13 0
36 57 35 0
13 17 34 0
33 13 34 0
12 2 13 0
57 51 35 0
33 11 12 0
55 33 34 0
54 32 33 0
190 164 189 0
140 118 127 0
151 140 127 0
142 166 143 0
121 119 144 0
121 97 119 0
105 127 118 0
94 105 118 0
95 94 118 0
119 95 118 0
97 73 95 0
73 70 94 0
196 189 177 0
62 69 84 0
171 191 165 0
18 4 3 0
18 17 4 0
16 18 3 0
65 44 64 0
112 101 88 0
39 18 38 0
59 39 60 0
37 17 39 0
59 37 39 0
59 56 37 0
123 124 149 0
107 100 123 0
44 65 60 0
88 101 100 0
65 88 76 0
87 112 88 0
112 124 101 0
56 34 37 0
18 39 17 0
16 38 18 0
63 85 86 0
56 55 34 0
17 37 34 0
106 81 102 0
153 150 129 0
125 103 126 0
128 125 150 0
128 106 125 0
78 56 79 0
111 112 87 0
135 124 112 0
192 214 216 0
142 140 164 0
166 142 164 0
190 166 164 0
167 143 166 0
143 119 142 0
168 143 167 0
119 118 142 0
189 213 190 0
80 70 57 0
105 80 81 0
105 94 80 0
81 80 58 0
58 57 36 0
54 58 36 0
77 81 58 0
54 36 32 0
11 33 32 0
55 77 54 0
2 4 17 0
385 384 362 0
360 383 361 0
408 384 385 0
403 404 426 0
403 380 404 0
405 403 426 0
357 334 336 0
381 380 358 0
382 378 359 0
402 378 382 0
15 35 14 0
70 51 57 0
73 74 51 0
121 120 98 0
145 122 120 0
165 146 171 0
141 122 146 0
141 117 122 0
96 93 72 0
96 120 99 0
71 96 72 0
71 75 96 0
75 98 96 0
53 75 71 0
74 98 75 0
33 55 54 0
388 365 386 0
387 388 410 0
387 366 388 0
323 301 302 0
360 361 339 0
278 300 280 0
300 277 299 0
280 300 302 0
278 277 300 0
256 279 274 0
255 256 245 0
255 279 256 0
63 43 42 0
44 38 23 0
109 110 85 0
157 135 158 0
153 179 178 0
125 126 150 0
130 123 149 0
174 180 154 0
107 104 82 0
100 107 82 0
123 129 107 0
131 129 130 0
154 131 130 0
155 153 131 0
126 104 107 0
150 126 129 0
175 150 153 0
152 128 150 0
103 78 79 0
229 204 205 0
229 228 204 0
102 103 125 0
102 78 103 0
106 102 125 0
77 78 102 0
55 78 77 0
79 59 82 0
152 151 128 0
55 56 78 0
175 176 152 0
23 16 5 0
253 276 277 0
218 240 238 0
195 194 218 0
235 254 255 0
275 276 252 0
299 298 321 0
254 253 277 0
275 298 276 0
299 277 276 0
298 299 276 0
322 302 300 0
73 97 74 0
57 58 80 0
97 121 98 0
70 80 94 0
144 143 168 0
218 238 215 0
191 195 215 0
240 261 238 0
217 240 218 0
217 216 239 0
237 216 214 0
260 284 262 0
236 258 237 0
305 284 282 0
306 305 283 0
304 306 283 0
328 329 306 0
309 332 308 0
307 309 286 0
307 330 309 0
240 217 239 0
194 171 170 0
215 195 218 0
191 171 195 0
144 145 121 0
217 194 193 0
170 145 169 0
194 170 169 0
171 146 170 0
219 213 196 0
219 236 213 0
220 219 196 0
228 250 243 0
203 228 221 0
176 151 152 0
176 163 151 0
202 176 175 0
177 163 176 0
178 202 175 0
203 196 177 0
189 164 163 0
213 189 196 0
213 214 190 0
102 81 77 0
104 126 103 0
60 76 82 0
100 76 88 0
123 100 101 0
82 76 100 0
79 82 104 0
103 79 104 0
56 59 79 0
59 60 82 0
127 105 106 0
128 127 106 0
151 164 140 0
177 189 163 0
105 81 106 0
107 129 126 0
124 123 101 0
130 129 123 0
264 265 287 0
241 264 257 0
242 265 264 0
264 281 257 0
310 287 288 0
311 310 288 0
333 326 310 0
304 328 306 0
237 214 236 0
121 145 120 0
73 94 95 0
145 146 122 0
144 169 145 0
97 95 119 0
164 151 163 0
192 167 166 0
142 118 140 0
170 146 145 0
244 220 221 0
243 244 221 0
264 287 281 0
244 265 242 0
288 287 265 0
311 288 289 0
313 311 289 0
334 333 311 0
303 327 304 0
194 217 218 0
171 194 195 0
169 168 194 0
358 335 340 0
358 336 335 0
381 358 362 0
384 381 362 0
361 385 362 0
407 404 384 0
404 380 381 0
403 382 379 0
402 382 405 0
356 333 334 0
380 379 357 0
358 380 357 0
403 379 380 0
348 333 356 0
379 359 356 0
357 379 356 0
382 359 379 0
378 393 370 0
358 357 336 0
401 378 402 0
393 394 372 0
326 333 348 0
395 374 373 0
304 281 303 0
328 304 327 0
283 281 304 0
330 307 329 0
241 236 219 0
282 259 283 0
260 237 258 0
282 260 258 0
282 284 260 0
216 237 239 0
214 213 236 0
266 244 267 0
289 266 267 0
265 244 266 0
241 242 264 0
220 244 242 0
221 220 196 0
203 221 196 0
265 266 288 0
228 243 221 0
243 250 267 0
272 273 249 0
249 273 250 0
290 267 273 0
266 289 288 0
243 267 244 0
267 250 273 0
313 289 290 0
295 314 290 0
336 334 313 0
310 326 303 0
317 293 296 0
340 317 319 0
294 293 317 0
334 311 313 0
274 292 268 0
268 245 256 0
274 268 256 0
270 246 268 0
272 249 248 0
295 272 294 0
295 273 272 0
186 161 159 0
246 222 223 0
229 205 227 0
159 161 138 0
246 247 224 0
60 38 44 0
60 39 38 0
85 63 62 0
84 85 62 0
92 84 69 0
109 85 84 0
92 109 84 0
91 92 69 0
91 115 92 0
322 299 321 0
240 239 262 0
343 341 363 0
300 299 322 0
321 341 343 0
365 343 363 0
281 283 259 0
367 368 346 0
366 387 364 0
391 368 367 0
305 306 329 0
257 281 259 0
241 257 259 0
258 241 259 0
282 258 259 0
236 241 258 0
219 242 241 0
219 220 242 0
303 326 327 0
287 303 281 0
287 310 303 0
286 285 261 0
305 307 284 0
309 330 332 0
284 307 286 0
262 284 286 0
263 262 286 0
261 263 286 0
240 262 263 0
239 260 262 0
239 237 260 0
305 329 307 0
283 305 282 0
326 348 349 0
406 408 385 0
368 392 369 0
347 368 369 0
346 364 367 0
472 494 473 0
340 339 362 0
479 500 495 0
337 319 316 0
362 339 361 0
340 319 339 0
479 495 474 0
316 319 296 0
338 337 316 0
325 338 315 0
325 347 338 0
296 293 292 0
316 296 292 0
319 317 296 0
337 339 319 0
318 312 295 0
340 318 317 0
340 335 318 0
433 455 456 0
456 478 479 0
432 454 455 0
431 432 411 0
431 454 432 0
454 477 455 0
476 477 454 0
476 497 477 0
477 498 478 0
368 391 392 0
432 455 433 0
476 454 453 0
477 478 455 0
367 390 391 0
431 430 454 0
410 431 411 0
410 409 431 0
325 320 342 0
347 325 346 0
347 360 338 0
338 316 315 0
360 337 338 0
360 339 337 0
297 274 279 0
316 291 315 0
292 274 291 0
386 410 388 0
346 342 364 0
325 315 320 0
301 279 280 0
315 297 320 0
291 274 297 0
365 363 386 0
410 390 387 0
409 410 386 0
409 430 431 0
324 302 322 0
345 324 343 0
344 364 342 0
324 344 323 0
324 345 344 0
364 344 366 0
342 320 323 0
344 342 323 0
346 325 342 0
320 297 301 0
343 322 321 0
345 343 365 0
366 345 365 0
366 344 345 0
324 322 343 0
383 385 361 0
369 383 360 0
406 385 383 0
408 407 384 0
347 369 360 0
473 494 493 0
448 450 471 0
470 448 471 0
425 407 428 0
426 425 448 0
426 407 425 0
406 389 412 0
426 404 407 0
332 355 331 0
351 329 328 0
332 330 353 0
308 332 331 0
309 285 286 0
309 308 285 0
373 377 395 0
353 352 374 0
375 353 374 0
330 352 353 0
328 327 350 0
473 493 471 0
397 398 376 0
355 375 376 0
416 395 400 0
424 405 426 0
445 423 447 0
402 405 424 0
400 395 377 0
505 504 525 0
506 505 526 0
483 504 505 0
481 482 460 0
481 503 482 0
466 481 459 0
466 487 481 0
439 440 419 0
417 438 418 0
461 440 439 0
482 461 460 0
462 440 461 0
401 393 378 0
374 395 396 0
240 263 261 0
370 349 348 0
372 370 393 0
372 349 370 0
351 350 371 0
373 351 371 0
328 350 351 0
327 349 350 0
393 415 394 0
466 463 465 0
460 438 459 0
421 420 442 0
394 399 377 0
436 443 458 0
415 436 420 0
415 401 422 0
394 415 399 0
372 350 349 0
371 372 394 0
371 350 372 0
373 371 377 0
352 329 351 0
373 352 351 0
373 374 352 0
393 401 415 0
359 348 356 0
370 359 378 0
370 348 359 0
377 371 394 0
327 326 349 0
356 334 357 0
422 443 436 0
415 422 436 0
401 402 423 0
423 422 401 0
424 423 402 0
445 422 423 0
439 460 461 0
437 417 416 0
439 438 460 0
439 418 438 0
397 418 419 0
397 417 418 0
437 459 438 0
417 437 438 0
416 400 421 0
395 416 396 0
441 444 459 0
421 441 437 0
421 444 441 0
416 421 437 0
400 399 420 0
437 441 459 0
399 400 377 0
421 442 444 0
400 420 421 0
399 415 420 0
444 466 459 0
354 375 355 0
353 354 332 0
353 375 354 0
329 352 330 0
396 375 374 0
375 396 397 0
376 375 397 0
355 332 354 0
358 340 362 0
250 229 249 0
270 269 246 0
245 268 246 0
292 293 270 0
295 290 273 0
317 318 294 0
62 63 42 0
64 44 43 0
86 64 63 0
116 133 109 0
134 133 158 0
135 134 158 0
111 110 134 0
111 135 112 0
86 111 87 0
86 110 111 0
43 44 23 0
22 43 23 0
63 64 43 0
247 271 248 0
246 269 247 0
293 271 269 0
229 250 228 0
271 272 248 0
247 269 271 0
294 272 271 0
290 289 267 0
312 314 295 0
294 318 295 0
335 336 314 0
311 333 310 0
315 291 297 0
316 292 291 0
314 313 290 0
335 314 312 0
336 313 314 0
136 137 159 0
211 187 210 0
160 186 159 0
185 208 210 0
230 231 207 0
253 234 232 0
245 235 255 0
223 222 212 0
227 226 248 0
136 138 115 0
428 407 408 0
397 419 398 0
479 478 499 0
396 417 397 0
498 499 478 0
396 416 417 0
477 497 498 0
498 497 517 0
518 539 519 0
538 539 518 0
538 562 539 0
369 389 383 0
383 389 406 0
346 368 347 0
392 389 369 0
387 390 367 0
364 387 367 0
366 365 388 0
453 454 430 0
500 479 499 0
434 457 451 0
452 475 472 0
434 412 414 0
449 429 451 0
449 427 429 0
473 449 472 0
427 412 429 0
413 391 390 0
435 414 413 0
433 435 413 0
456 457 435 0
479 457 456 0
474 452 451 0
414 391 413 0
472 475 494 0
450 449 473 0
471 450 473 0
448 425 428 0
414 392 391 0
451 429 434 0
474 451 457 0
452 472 451 0
412 392 414 0
472 449 451 0
389 392 412 0
452 474 475 0
584 562 583 0
607 584 583 0
606 585 582 0
555 556 532 0
518 499 498 0
537 540 561 0
520 500 519 0
540 520 519 0
537 531 516 0
411 413 390 0
410 411 390 0
457 479 474 0
433 456 435 0
411 433 413 0
411 432 433 0
455 478 456 0
475 474 495 0
434 429 412 0
435 434 414 0
435 457 434 0
540 539 562 0
519 539 540 0
517 518 498 0
517 538 518 0
538 560 562 0
471 493 492 0
446 448 470 0
469 447 470 0
426 448 446 0
427 406 412 0
450 427 449 0
408 406 427 0
419 418 439 0
483 461 482 0
605 626 624 0
581 559 579 0
581 558 559 0
580 581 605 0
580 558 581 0
534 535 558 0
604 625 626 0
581 604 605 0
564 555 541 0
578 564 587 0
578 555 564 0
532 556 536 0
603 608 625 0
579 603 604 0
578 587 603 0
462 461 484 0
537 561 541 0
404 381 384 0
405 382 403 0
279 278 280 0
302 324 323 0
294 271 293 0
301 323 320 0
279 301 297 0
280 302 301 0
318 335 312 0
562 561 540 0
583 562 560 0
610 608 587 0
484 505 506 0
541 555 531 0
515 536 514 0
500 520 516 0
605 604 626 0
531 555 532 0
515 516 531 0
537 541 531 0
516 520 537 0
532 515 531 0
495 500 516 0
519 499 518 0
537 520 540 0
500 499 519 0
587 608 603 0
541 563 564 0
586 609 610 0
564 586 587 0
582 561 584 0
586 582 585 0
563 561 582 0
564 563 586 0
541 561 563 0
582 586 563 0
562 584 561 0
609 586 585 0
603 625 604 0
535 513 536 0
584 606 582 0
607 606 584 0
607 628 606 0
526 527 506 0
483 482 504 0
484 483 505 0
484 461 483 0
549 524 547 0
551 572 573 0
543 528 521 0
568 551 573 0
547 524 546 0
568 547 546 0
568 569 547 0
460 459 481 0
467 458 464 0
485 467 464 0
488 480 467 0
551 543 565 0
508 486 501 0
528 508 521 0
487 486 508 0
524 503 507 0
466 486 487 0
466 465 486 0
503 481 487 0
507 503 487 0
508 507 487 0
528 524 507 0
524 525 503 0
444 463 466 0
463 458 465 0
488 467 485 0
534 533 511 0
535 534 512 0
515 532 536 0
496 515 514 0
475 496 494 0
475 495 496 0
496 516 515 0
578 556 555 0
579 578 603 0
579 556 578 0
581 579 604 0
559 556 579 0
602 580 605 0
535 536 559 0
602 624 618 0
577 602 597 0
576 574 597 0
534 558 557 0
559 536 556 0
490 489 469 0
521 522 542 0
486 465 480 0
501 486 480 0
502 501 480 0
522 521 501 0
508 528 507 0
447 469 468 0
446 447 424 0
446 470 447 0
428 427 450 0
448 428 450 0
408 427 428 0
491 469 470 0
445 468 464 0
424 447 423 0
447 468 445 0
426 446 424 0
509 510 529 0
491 490 469 0
491 511 490 0
559 558 535 0
599 597 618 0
554 530 533 0
577 554 557 0
580 577 557 0
558 580 557 0
602 577 580 0
597 574 577 0
576 575 553 0
510 511 530 0
514 494 496 0
513 514 536 0
513 494 514 0
589 575 600 0
443 422 445 0
464 443 445 0
464 458 443 0
463 442 458 0
491 470 492 0
516 496 495 0
654 664 674 0
589 598 611 0
644 666 643 0
620 621 643 0
642 620 643 0
598 621 620 0
600 601 623 0
687 665 666 0
687 686 665 0
568 573 590 0
543 521 542 0
566 565 543 0
546 528 543 0
551 546 543 0
551 568 546 0
504 482 503 0
525 504 503 0
525 526 505 0
480 458 467 0
442 436 458 0
444 442 463 0
420 436 442 0
492 470 471 0
650 649 669 0
688 687 666 0
527 526 548 0
650 631 628 0
669 693 670 0
631 609 628 0
628 609 606 0
586 610 587 0
606 609 585 0
628 627 650 0
627 628 607 0
627 649 650 0
624 602 605 0
631 630 610 0
618 597 602 0
735 736 756 0
599 576 597 0
702 703 723 0
666 661 681 0
663 660 680 0
683 663 684 0
641 660 663 0
608 630 629 0
771 791 793 0
557 533 534 0
601 576 599 0
552 529 530 0
577 574 554 0
575 589 567 0
510 490 511 0
529 510 530 0
489 490 510 0
513 493 494 0
512 513 535 0
512 493 513 0
661 640 662 0
681 661 682 0
645 640 661 0
625 629 647 0
725 747 746 0
575 576 601 0
639 660 641 0
646 639 624 0
646 660 639 0
626 646 624 0
692 668 671 0
692 691 668 0
695 692 671 0
695 715 692 0
714 713 691 0
726 713 735 0
690 668 691 0
713 690 691 0
735 713 714 0
705 690 713 0
725 705 726 0
684 690 705 0
684 663 680 0
646 667 660 0
647 629 648 0
554 552 530 0
598 589 600 0
545 523 544 0
553 567 544 0
552 553 544 0
575 567 553 0
542 522 545 0
567 566 545 0
565 572 551 0
542 566 543 0
588 572 565 0
502 488 509 0
522 502 523 0
480 488 502 0
521 508 501 0
465 458 480 0
557 554 533 0
600 575 601 0
544 523 529 0
574 553 552 0
554 574 552 0
576 553 574 0
566 588 565 0
545 566 542 0
567 588 566 0
544 567 545 0
589 588 567 0
502 509 523 0
509 489 510 0
523 509 529 0
488 489 509 0
522 501 502 0
485 468 489 0
488 485 489 0
464 468 485 0
468 469 489 0
512 492 493 0
511 512 534 0
511 492 512 0
530 511 533 0
491 492 511 0
619 599 618 0
623 645 644 0
622 623 601 0
622 645 623 0
624 639 618 0
702 723 708 0
682 702 681 0
682 703 702 0
666 644 645 0
523 545 522 0
621 644 643 0
623 621 600 0
623 644 621 0
666 665 643 0
549 526 525 0
592 612 593 0
614 591 613 0
571 592 593 0
571 550 570 0
658 657 678 0
549 548 526 0
592 570 591 0
592 571 570 0
596 573 572 0
594 596 572 0
616 617 596 0
638 654 655 0
632 638 616 0
632 654 638 0
635 657 658 0
634 635 613 0
634 657 635 0
548 570 550 0
527 548 550 0
549 570 548 0
549 569 570 0
524 549 525 0
547 569 549 0
528 546 524 0
590 569 568 0
591 570 569 0
611 588 589 0
590 591 569 0
622 601 599 0
664 642 665 0
552 544 529 0
716 712 734 0
717 716 738 0
717 694 716 0
592 591 614 0
651 671 668 0
652 672 671 0
738 739 717 0
734 738 716 0
734 755 738 0
759 737 739 0
759 757 737 0
681 702 688 0
626 647 646 0
768 767 747 0
788 768 769 0
788 767 768 0
794 773 772 0
724 725 746 0
670 650 669 0
689 693 669 0
653 650 670 0
757 736 737 0
610 609 631 0
664 665 686 0
685 664 686 0
594 572 588 0
611 594 588 0
611 616 594 0
620 611 598 0
632 642 654 0
620 632 611 0
620 642 632 0
600 621 598 0
665 642 643 0
664 654 642 0
636 635 658 0
595 617 613 0
573 595 590 0
573 596 595 0
616 638 617 0
634 655 657 0
638 634 617 0
638 655 634 0
611 632 616 0
674 655 654 0
674 675 655 0
633 656 637 0
615 633 637 0
612 614 633 0
595 596 617 0
678 677 658 0
861 882 862 0
781 759 758 0
678 675 698 0
700 678 698 0
590 595 613 0
675 674 697 0
698 675 697 0
719 698 697 0
637 656 659 0
700 677 678 0
700 699 677 0
720 700 698 0
720 722 700 0
658 677 656 0
792 815 812 0
774 796 792 0
752 732 754 0
752 730 732 0
770 752 774 0
749 730 752 0
707 709 730 0
710 711 733 0
797 819 796 0
697 706 719 0
686 687 709 0
633 636 656 0
592 614 612 0
613 635 614 0
590 613 591 0
617 634 613 0
596 594 616 0
675 678 657 0
797 818 819 0
776 795 797 0
754 776 775 0
753 733 731 0
754 753 776 0
754 733 753 0
752 754 775 0
732 733 754 0
774 752 775 0
710 733 732 0
711 731 733 0
729 723 745 0
794 817 795 0
655 675 657 0
685 674 664 0
612 633 615 0
593 612 615 0
636 658 656 0
614 636 633 0
614 635 636 0
676 656 677 0
676 659 656 0
685 697 674 0
804 824 825 0
803 804 782 0
803 824 804 0
698 719 720 0
685 686 707 0
791 808 813 0
793 791 814 0
817 794 816 0
681 688 666 0
772 793 794 0
751 772 773 0
771 793 772 0
750 771 772 0
767 746 747 0
766 767 787 0
766 746 767 0
711 688 708 0
773 795 776 0
816 794 793 0
817 818 795 0
710 688 711 0
746 745 724 0
738 759 739 0
738 755 758 0
699 700 722 0
679 699 701 0
676 677 699 0
679 676 699 0
679 659 676 0
722 721 701 0
742 762 743 0
743 721 722 0
821 799 798 0
742 722 741 0
761 762 742 0
740 760 741 0
783 762 761 0
743 722 742 0
755 777 758 0
760 782 761 0
741 760 761 0
740 728 744 0
719 740 720 0
744 764 765 0
740 744 760 0
728 727 749 0
761 782 783 0
709 732 730 0
790 812 811 0
770 790 786 0
770 792 790 0
790 792 812 0
765 764 786 0
749 727 730 0
764 749 770 0
786 764 770 0
744 749 764 0
744 728 749 0
765 760 744 0
782 765 786 0
782 760 765 0
706 727 728 0
707 730 727 0
709 710 732 0
796 815 792 0
786 803 782 0
821 820 841 0
802 781 780 0
801 802 823 0
801 781 802 0
780 758 777 0
798 780 777 0
781 758 780 0
823 802 821 0
842 844 823 0
841 842 821 0
841 861 842 0
843 830 822 0
779 759 781 0
756 778 769 0
756 757 778 0
748 735 756 0
747 748 769 0
769 768 747 0
788 787 767 0
789 788 769 0
778 789 769 0
809 788 789 0
808 787 788 0
791 771 787 0
725 726 747 0
726 735 748 0
652 651 630 0
653 652 631 0
650 653 631 0
693 712 716 0
670 693 673 0
689 712 693 0
715 737 736 0
653 672 652 0
717 739 718 0
696 717 718 0
694 693 716 0
696 694 717 0
673 693 694 0
756 736 757 0
668 667 648 0
651 668 648 0
713 726 705 0
769 748 756 0
647 626 625 0
648 667 647 0
630 651 629 0
715 736 714 0
691 692 714 0
695 672 696 0
714 692 715 0
671 672 695 0
703 704 724 0
661 662 682 0
680 667 690 0
684 680 690 0
660 667 680 0
667 646 647 0
704 683 684 0
705 704 684 0
725 724 704 0
619 618 639 0
641 619 639 0
641 640 619 0
703 682 683 0
704 703 683 0
724 723 703 0
622 599 619 0
640 622 619 0
640 645 622 0
673 672 653 0
670 673 653 0
739 737 718 0
652 630 631 0
671 651 652 0
718 715 695 0
696 718 695 0
673 696 672 0
673 694 696 0
737 715 718 0
736 735 714 0
648 629 651 0
663 683 662 0
668 690 667 0
705 725 704 0
625 608 629 0
608 610 630 0
759 779 757 0
747 726 748 0
738 758 759 0
779 778 757 0
799 821 802 0
780 799 802 0
780 798 799 0
798 820 821 0
810 830 829 0
801 822 800 0
779 801 800 0
779 781 801 0
823 843 822 0
862 882 883 0
844 862 864 0
842 861 862 0
836 838 816 0
880 859 878 0
838 817 816 0
857 838 836 0
839 817 838 0
860 839 859 0
860 840 839 0
839 818 817 0
785 784 763 0
706 728 719 0
783 806 785 0
832 811 812 0
806 804 825 0
826 806 825 0
783 804 806 0
783 782 804 0
762 783 785 0
761 742 741 0
763 762 785 0
763 743 762 0
720 740 741 0
706 707 727 0
834 815 837 0
832 834 853 0
812 815 834 0
803 790 811 0
824 803 811 0
786 790 803 0
775 796 774 0
836 816 814 0
859 838 857 0
859 839 838 0
840 858 837 0
839 840 818 0
860 858 840 0
919 921 900 0
927 906 917 0
928 927 951 0
928 906 927 0
929 928 950 0
907 906 928 0
930 908 929 0
887 865 886 0
710 687 688 0
710 709 687 0
745 723 724 0
787 771 766 0
729 708 723 0
750 729 745 0
766 750 745 0
746 766 745 0
771 750 766 0
772 751 750 0
773 776 753 0
795 773 794 0
731 711 708 0
750 751 729 0
751 753 731 0
729 751 731 0
773 753 751 0
796 819 815 0
775 797 796 0
770 749 752 0
731 708 729 0
795 818 797 0
707 686 709 0
685 707 706 0
776 797 775 0
836 835 857 0
787 808 791 0
833 854 855 0
835 833 855 0
813 828 833 0
816 793 814 0
833 849 854 0
884 905 893 0
970 968 969 0
991 970 969 0
991 990 970 0
1012 1011 990 0
1068 1064 1086 0
1020 1042 1022 0
1000 1020 1022 0
999 992 1013 0
1045 1056 1067 0
1033 1045 1042 0
1033 1056 1045 0
1064 1042 1045 0
1086 1064 1067 0
1046 1042 1064 0
1093 1069 1068 0
1020 1000 999 0
1047 1023 1046 0
1001 1000 1022 0
905 925 926 0
706 697 685 0
722 720 741 0
722 701 699 0
881 882 861 0
740 719 728 0
662 640 641 0
663 662 641 0
683 682 662 0
708 688 702 0
666 645 661 0
801 823 822 0
791 813 814 0
809 808 788 0
809 828 808 0
957 979 980 0
934 957 935 0
934 956 957 0
926 934 913 0
956 979 957 0
948 956 934 0
971 979 956 0
981 1000 1001 0
913 934 935 0
971 992 979 0
1031 1033 1013 0
1065 1066 1087 0
1002 1024 1004 0
1069 1093 1088 0
1047 1069 1048 0
1047 1068 1069 0
894 872 891 0
911 894 891 0
915 895 894 0
942 921 919 0
944 942 965 0
944 921 942 0
951 927 949 0
880 860 859 0
901 880 900 0
879 858 860 0
901 879 880 0
901 899 879 0
837 858 856 0
901 900 922 0
920 901 922 0
879 860 880 0
947 924 946 0
968 947 969 0
945 924 947 0
945 925 924 0
948 945 968 0
948 925 945 0
885 884 883 0
904 885 883 0
905 884 885 0
863 843 844 0
864 863 844 0
842 862 844 0
883 884 864 0
884 871 863 0
863 851 843 0
833 835 813 0
876 855 875 0
835 836 814 0
813 835 814 0
855 857 835 0
876 857 855 0
876 878 857 0
810 822 830 0
809 810 829 0
828 809 829 0
789 810 809 0
800 778 779 0
789 800 810 0
789 778 800 0
810 800 822 0
903 882 902 0
923 903 902 0
904 883 882 0
905 885 904 0
851 870 850 0
926 913 905 0
849 869 854 0
829 849 828 0
850 869 849 0
830 850 829 0
870 869 850 0
893 912 892 0
891 869 870 0
912 913 932 0
911 912 932 0
893 913 912 0
828 813 808 0
851 871 870 0
830 851 850 0
830 843 851 0
857 878 859 0
871 851 863 0
842 823 821 0
884 863 864 0
843 823 844 0
862 883 864 0
902 882 881 0
903 904 882 0
925 904 924 0
925 905 904 0
770 774 792 0
924 903 923 0
895 872 894 0
916 895 915 0
916 897 895 0
904 903 924 0
840 819 818 0
837 815 819 0
840 837 819 0
856 834 837 0
831 824 811 0
832 831 811 0
845 824 831 0
846 825 824 0
827 826 847 0
827 807 826 0
805 807 785 0
805 826 807 0
806 805 785 0
806 826 805 0
785 807 784 0
856 853 834 0
899 920 917 0
858 879 877 0
901 920 899 0
928 951 950 0
877 879 899 0
896 877 899 0
856 858 877 0
943 963 940 0
922 943 920 0
943 966 963 0
922 944 943 0
922 921 944 0
924 923 946 0
825 846 847 0
946 969 947 0
991 969 989 0
1010 991 989 0
1033 1055 1056 0
1011 1031 1013 0
992 1011 1013 0
990 991 1012 0
1032 1055 1031 0
877 874 856 0
917 896 899 0
917 906 896 0
877 896 874 0
943 940 920 0
909 930 910 0
888 889 909 0
890 888 909 0
868 889 888 0
907 929 908 0
928 929 907 0
950 933 929 0
832 812 834 0
852 832 853 0
852 831 832 0
969 967 989 0
945 947 968 0
946 967 969 0
930 931 910 0
909 908 930 0
890 909 910 0
890 868 888 0
953 975 952 0
931 953 952 0
933 954 953 0
847 868 848 0
847 846 868 0
827 847 848 0
826 825 847 0
889 866 887 0
909 889 908 0
868 866 889 0
824 845 846 0
887 886 907 0
908 887 907 0
873 852 853 0
865 873 886 0
865 852 873 0
985 1007 993 0
987 985 963 0
987 1005 985 0
1041 1036 1035 0
1017 1038 1018 0
997 1017 995 0
1019 1038 1017 0
940 917 920 0
927 940 949 0
927 917 940 0
865 866 845 0
852 865 845 0
887 866 865 0
886 873 896 0
831 852 845 0
886 896 906 0
907 886 906 0
874 853 856 0
873 874 896 0
873 853 874 0
988 964 986 0
964 941 962 0
986 964 962 0
965 942 964 0
919 918 941 0
1025 1044 1021 0
1024 1025 1004 0
1024 1048 1025 0
1073 1070 1050 0
1057 1035 1034 0
1049 1057 1034 0
1063 1084 1062 0
1019 1037 1038 0
998 1019 997 0
1016 1037 1019 0
866 846 845 0
908 889 887 0
868 846 866 0
867 868 890 0
867 848 868 0
1072 1074 1095 0
1071 1079 1057 0
986 1003 1008 0
961 983 984 0
938 961 939 0
938 960 961 0
916 938 939 0
916 915 938 0
982 1002 983 0
973 950 951 0
1016 1019 998 0
975 996 974 0
930 929 953 0
953 929 933 0
931 930 953 0
1131 1104 1126 0
916 918 897 0
1054 1053 1075 0
1013 1020 999 0
990 1011 992 0
1033 1020 1013 0
1055 1033 1031 0
1045 1067 1064 0
1032 1012 1030 0
1055 1032 1054 0
1075 1101 1077 0
1121 1142 1137 0
1087 1097 1074 0
1087 1111 1097 0
990 968 970 0
1012 991 1010 0
1030 1012 1010 0
1032 1031 1012 0
1058 1062 1081 0
1057 1041 1035 0
1063 1079 1084 0
1057 1063 1041 0
1057 1079 1063 0
1053 1032 1030 0
1054 1032 1053 0
975 954 976 0
952 975 974 0
953 954 975 0
975 995 996 0
950 955 933 0
997 1019 1017 0
1100 1101 1075 0
1059 1081 1080 0
1041 1058 1036 0
1062 1084 1081 0
1041 1062 1058 0
1041 1063 1062 0
1251 1232 1255 0
1189 1210 1208 0
1211 1213 1233 0
1189 1205 1210 0
1190 1192 1211 0
1077 1103 1078 0
1128 1101 1100 0
1128 1129 1101 0
914 915 894 0
971 948 968 0
854 872 875 0
828 849 833 0
869 872 854 0
829 850 849 0
891 872 869 0
892 891 870 0
871 892 870 0
932 914 911 0
911 914 894 0
892 911 891 0
892 912 911 0
971 990 992 0
999 979 992 0
1124 1130 1150 0
1092 1076 1098 0
1103 1130 1102 0
940 963 949 0
900 921 922 0
878 900 880 0
878 898 900 0
984 983 1004 0
1009 988 1008 0
939 918 916 0
962 939 961 0
986 962 984 0
941 939 962 0
941 918 939 0
898 919 900 0
876 898 878 0
876 897 898 0
983 961 960 0
898 918 919 0
937 915 914 0
982 960 959 0
960 938 937 0
959 960 937 0
982 983 960 0
897 875 895 0
898 897 918 0
876 875 897 0
981 959 958 0
875 872 895 0
980 958 957 0
1125 1150 1148 0
1139 1125 1148 0
1098 1124 1125 0
1092 1098 1117 0
1086 1092 1110 0
1067 1056 1076 0
1124 1150 1125 0
1102 1124 1098 0
1102 1130 1124 0
1066 1048 1069 0
1087 1066 1088 0
1044 1048 1066 0
1074 1052 1065 0
1021 1003 1025 0
980 979 999 0
1002 982 1001 0
935 932 913 0
958 935 957 0
981 958 980 0
936 935 958 0
936 932 935 0
1020 1033 1042 0
1098 1125 1117 0
1065 1044 1066 0
1074 1065 1087 0
1043 1044 1065 0
1072 1052 1074 0
1025 1003 1004 0
1029 1021 1043 0
1029 1008 1021 0
981 980 1000 0
1004 983 1002 0
936 914 932 0
959 936 958 0
982 959 981 0
937 936 959 0
937 914 936 0
1022 1042 1046 0
1140 1161 1147 0
1110 1118 1093 0
1117 1139 1118 0
1052 1051 1028 0
982 981 1001 0
1003 984 1004 0
938 915 937 0
1023 1022 1046 0
1048 1024 1047 0
1001 1022 1023 0
1123 1147 1142 0
1121 1123 1142 0
1119 1140 1123 0
1112 1119 1111 0
1093 1112 1088 0
1093 1118 1112 0
1140 1147 1123 0
1118 1140 1119 0
1118 1139 1140 0
1051 1072 1073 0
984 962 961 0
1024 1023 1047 0
1044 1025 1048 0
1002 1023 1024 0
1119 1123 1097 0
1085 1094 1070 0
893 892 871 0
884 893 871 0
905 913 893 0
1031 1011 1012 0
1023 1002 1001 0
1068 1047 1046 0
1064 1068 1046 0
1086 1093 1068 0
1069 1088 1066 0
948 934 926 0
925 948 926 0
971 956 948 0
990 971 968 0
999 1000 980 0
875 855 854 0
1078 1102 1076 0
1129 1103 1101 0
1129 1130 1103 0
1129 1155 1156 0
1127 1128 1100 0
1127 1154 1128 0
1120 1096 1122 0
1089 1084 1104 0
1113 1089 1104 0
1136 1132 1114 0
1015 1014 1035 0
1036 1015 1035 0
994 1014 1015 0
1050 1070 1049 0
1027 1050 1049 0
1026 1028 1040 0
1027 1026 1050 0
1034 1027 1049 0
1007 1026 1027 0
1026 1009 1028 0
1071 1091 1079 0
1049 1071 1057 0
1049 1070 1071 0
1071 1070 1094 0
1007 1005 1026 0
954 955 977 0
973 955 950 0
978 994 998 0
1006 1014 993 0
1016 1036 1037 0
994 1016 998 0
1015 1036 1016 0
972 963 985 0
1043 1021 1044 0
1021 1008 1003 0
1052 1029 1043 0
1065 1052 1043 0
1072 1051 1052 0
1028 1009 1029 0
1029 1009 1008 0
1029 1052 1028 0
1050 1051 1073 0
1040 1028 1051 0
1050 1040 1051 0
1050 1026 1040 0
1026 1005 1009 0
1014 994 993 0
1034 1014 1027 0
1034 1035 1014 0
987 988 1009 0
1007 985 1005 0
966 943 944 0
964 942 941 0
988 965 964 0
988 987 966 0
941 942 919 0
1003 986 984 0
966 987 963 0
965 966 944 0
965 988 966 0
1008 988 986 0
1009 1005 987 0
1085 1096 1094 0
1073 1085 1070 0
1073 1096 1085 0
1090 1073 1072 0
1094 1091 1071 0
1037 1036 1058 0
1018 995 1017 0
972 949 963 0
993 972 985 0
993 994 973 0
1153 1128 1154 0
1148 1172 1169 0
1078 1056 1055 0
1098 1076 1102 0
1092 1067 1076 0
1130 1149 1150 0
1150 1149 1172 0
1077 1055 1054 0
1102 1078 1103 0
1076 1056 1078 0
1129 1156 1130 0
1130 1156 1149 0
1077 1054 1075 0
1103 1077 1101 0
1078 1055 1077 0
1128 1155 1129 0
1153 1155 1128 0
1176 1177 1154 0
1177 1198 1178 0
1177 1197 1198 0
1198 1197 1220 0
1200 1198 1221 0
1200 1178 1198 0
1177 1178 1155 0
1154 1177 1153 0
1176 1197 1177 0
1199 1200 1223 0
1199 1179 1200 0
1110 1093 1086 0
1067 1092 1086 0
1117 1118 1110 0
1092 1117 1110 0
1139 1161 1140 0
1125 1139 1117 0
1148 1161 1139 0
1172 1148 1150 0
1169 1170 1161 0
1079 1091 1099 0
1107 1134 1109 0
972 951 949 0
1006 993 1007 0
1027 1006 1007 0
1027 1014 1006 0
973 951 972 0
993 973 972 0
978 998 977 0
973 978 955 0
973 994 978 0
1015 1016 994 0
954 933 955 0
977 997 976 0
978 977 955 0
998 997 977 0
976 995 975 0
977 976 954 0
997 995 976 0
1091 1094 1116 0
1105 1081 1089 0
1114 1105 1089 0
1113 1114 1089 0
1132 1105 1114 0
1132 1133 1105 0
1081 1059 1058 0
1207 1206 1228 0
1226 1207 1228 0
1187 1165 1185 0
1186 1187 1207 0
1164 1165 1187 0
1138 1116 1120 0
1126 1138 1152 0
1126 1116 1138 0
1131 1126 1151 0
1099 1116 1126 0
1104 1099 1126 0
1113 1104 1131 0
1136 1113 1131 0
1136 1114 1113 0
1079 1099 1104 0
1091 1116 1099 0
1209 1196 1188 0
1208 1209 1188 0
1219 1196 1209 0
1242 1240 1219 0
1252 1242 1230 0
1252 1263 1242 0
1237 1259 1260 0
1241 1239 1218 0
1241 1261 1239 0
1212 1214 1193 0
1179 1199 1191 0
1171 1168 1191 0
1156 1155 1178 0
1234 1214 1212 0
1291 1313 1288 0
1236 1214 1234 0
1161 1148 1169 0
1147 1161 1170 0
1163 1147 1170 0
1167 1189 1188 0
1142 1163 1145 0
1184 1205 1189 0
1190 1205 1184 0
1211 1210 1205 0
1095 1074 1097 0
1121 1095 1097 0
1123 1121 1097 0
1137 1115 1121 0
1137 1122 1115 0
1111 1088 1112 0
1097 1111 1119 0
1087 1088 1111 0
1119 1112 1118 0
1191 1212 1193 0
1168 1179 1191 0
1156 1168 1149 0
1156 1179 1168 0
1199 1212 1191 0
1178 1200 1179 0
1156 1178 1179 0
1155 1153 1177 0
1222 1212 1199 0
1222 1234 1212 0
1223 1222 1199 0
1220 1221 1198 0
1221 1244 1223 0
1200 1221 1223 0
1220 1243 1221 0
1223 1245 1222 0
1084 1079 1104 0
1081 1084 1089 0
1107 1109 1106 0
1133 1107 1106 0
1133 1134 1107 0
1038 1060 1039 0
1018 1038 1039 0
1059 1037 1058 0
1083 1060 1080 0
1038 1037 1059 0
1060 1038 1059 0
1080 1060 1059 0
1083 1061 1060 0
1018 996 995 0
1131 1151 1157 0
1134 1160 1135 0
1135 1109 1134 0
1133 1159 1158 0
1143 1132 1136 0
1083 1082 1061 0
1039 1060 1061 0
1108 1109 1135 0
1080 1106 1083 0
1106 1105 1133 0
1083 1106 1109 0
1080 1081 1106 0
1105 1106 1081 0
1109 1082 1083 0
1109 1108 1082 0
1136 1131 1144 0
1245 1234 1222 0
1291 1288 1267 0
1266 1290 1268 0
1246 1266 1268 0
1244 1265 1266 0
1315 1313 1291 0
1281 1304 1297 0
1213 1214 1235 0
1171 1193 1172 0
1235 1214 1236 0
1171 1172 1149 0
1168 1171 1149 0
1191 1193 1171 0
1213 1193 1214 0
1192 1169 1172 0
1213 1192 1193 0
1213 1211 1192 0
1158 1160 1134 0
1133 1158 1134 0
1159 1182 1158 0
1244 1246 1223 0
1158 1181 1160 0
1132 1159 1133 0
1249 1248 1270 0
1158 1182 1181 0
1143 1144 1165 0
1132 1143 1159 0
1165 1144 1157 0
1180 1165 1157 0
1215 1238 1231 0
1180 1195 1201 0
1218 1239 1216 0
1231 1254 1247 0
1164 1143 1165 0
1243 1244 1221 0
1290 1314 1315 0
1268 1290 1291 0
1289 1314 1290 0
1174 1180 1157 0
1269 1248 1247 0
1182 1159 1164 0
1131 1157 1144 0
1173 1152 1175 0
1181 1202 1183 0
1160 1181 1183 0
1159 1143 1164 0
1136 1144 1143 0
1174 1151 1173 0
1312 1314 1289 0
1323 1345 1331 0
1300 1301 1324 0
1255 1279 1278 0
1256 1258 1279 0
1304 1325 1324 0
1267 1264 1245 0
1304 1281 1303 0
1297 1280 1281 0
1280 1258 1257 0
1301 1280 1297 0
1279 1258 1280 0
1255 1256 1279 0
1274 1252 1273 0
1233 1256 1255 0
1235 1258 1256 0
1235 1236 1258 0
1303 1325 1304 0
1257 1234 1245 0
1410 1409 1430 0
1303 1322 1325 0
1313 1315 1337 0
1257 1236 1234 0
1288 1281 1264 0
1267 1288 1264 0
1246 1267 1245 0
1268 1291 1267 0
1246 1268 1267 0
1246 1244 1266 0
1313 1303 1288 0
1300 1324 1302 0
1279 1300 1278 0
1301 1297 1304 0
1279 1301 1300 0
1279 1280 1301 0
1264 1281 1280 0
1257 1264 1280 0
1257 1245 1264 0
1304 1324 1301 0
1391 1410 1413 0
1368 1391 1369 0
1368 1389 1391 0
1384 1404 1405 0
1365 1384 1367 0
1359 1336 1335 0
1426 1430 1409 0
1290 1315 1291 0
1359 1335 1358 0
1314 1336 1338 0
1314 1312 1336 0
1266 1265 1290 0
1312 1335 1336 0
1122 1145 1146 0
1271 1293 1295 0
1182 1186 1203 0
1277 1292 1269 0
1254 1277 1269 0
1254 1276 1277 0
1403 1404 1383 0
1315 1338 1337 0
1382 1358 1381 0
1382 1383 1360 0
1402 1382 1381 0
1403 1383 1382 0
1384 1361 1383 0
1426 1409 1405 0
1203 1207 1226 0
1225 1203 1226 0
1202 1182 1203 0
1498 1515 1494 0
1476 1498 1494 0
1471 1476 1494 0
1454 1477 1476 0
1477 1470 1493 0
1476 1477 1498 0
1454 1470 1477 0
1487 1464 1484 0
1399 1421 1420 0
1378 1399 1377 0
1378 1400 1399 0
1400 1418 1421 0
1379 1400 1378 0
1379 1396 1400 0
1447 1426 1425 0
1454 1447 1470 0
1448 1426 1447 0
1431 1410 1430 0
1452 1431 1430 0
1458 1452 1471 0
1458 1434 1452 0
1482 1458 1471 0
1434 1414 1413 0
1459 1435 1458 0
1453 1460 1440 0
1459 1453 1435 0
1459 1460 1453 0
1413 1410 1431 0
1368 1369 1366 0
1361 1384 1365 0
1344 1361 1365 0
1337 1338 1361 0
1389 1410 1391 0
1396 1374 1392 0
1418 1396 1414 0
1379 1374 1396 0
1367 1368 1346 0
1360 1383 1361 0
1338 1360 1361 0
1338 1336 1360 0
1388 1409 1389 0
1448 1452 1430 0
1426 1448 1430 0
1454 1471 1448 0
1392 1374 1369 0
1391 1392 1369 0
1413 1414 1392 0
1324 1325 1345 0
1303 1313 1322 0
1434 1458 1435 0
1414 1434 1435 0
1413 1431 1434 0
1435 1453 1440 0
1483 1460 1459 0
1545 1548 1526 0
1484 1464 1460 0
1507 1529 1508 0
1506 1526 1527 0
1483 1506 1484 0
1505 1504 1525 0
1483 1505 1506 0
1483 1482 1505 0
1549 1529 1527 0
1508 1485 1487 0
1419 1438 1417 0
1421 1441 1420 0
1464 1487 1463 0
1303 1281 1288 0
1404 1403 1424 0
1295 1294 1272 0
1270 1269 1292 0
1271 1270 1293 0
1250 1271 1272 0
1250 1227 1249 0
1202 1203 1225 0
1271 1249 1270 0
1271 1250 1249 0
1334 1316 1321 0
1339 1334 1357 0
1339 1316 1334 0
1318 1317 1340 0
1319 1318 1340 0
1295 1317 1318 0
1293 1316 1317 0
1272 1271 1295 0
1321 1299 1298 0
1326 1342 1320 0
1306 1326 1320 0
1348 1342 1326 0
1357 1362 1339 0
1295 1319 1294 0
1389 1409 1410 0
1367 1389 1368 0
1367 1388 1389 0
1359 1358 1382 0
1360 1359 1382 0
1360 1336 1359 0
1425 1426 1405 0
1423 1444 1424 0
1482 1459 1458 0
1404 1424 1425 0
1340 1363 1341 0
1295 1318 1319 0
1362 1363 1340 0
1299 1321 1316 0
1380 1385 1362 0
1232 1229 1210 0
1233 1232 1210 0
1233 1255 1232 0
1273 1251 1255 0
1278 1273 1255 0
1278 1274 1273 0
1242 1263 1262 0
1232 1251 1229 0
1323 1331 1309 0
1324 1323 1302 0
1324 1345 1323 0
1241 1262 1261 0
1230 1242 1219 0
1242 1262 1240 0
1311 1332 1333 0
1296 1286 1274 0
1302 1309 1286 0
1217 1219 1240 0
1237 1216 1239 0
1259 1237 1239 0
1260 1238 1237 0
1196 1175 1188 0
1194 1196 1217 0
1194 1175 1196 0
1162 1141 1146 0
1152 1162 1175 0
1152 1141 1162 0
1209 1230 1219 0
1310 1333 1330 0
1286 1287 1263 0
1311 1333 1310 0
1286 1311 1287 0
1286 1309 1311 0
1218 1217 1241 0
1253 1238 1260 0
1194 1173 1175 0
1195 1194 1218 0
1195 1173 1194 0
1167 1166 1189 0
1138 1141 1152 0
1141 1120 1122 0
1167 1162 1146 0
1166 1167 1146 0
1188 1175 1167 0
1138 1120 1141 0
1209 1208 1229 0
1310 1330 1308 0
1287 1310 1285 0
1287 1311 1310 0
1238 1215 1237 0
1231 1238 1253 0
1215 1201 1216 0
1237 1215 1216 0
1231 1247 1224 0
1152 1173 1151 0
1196 1219 1217 0
1305 1307 1327 0
1261 1262 1284 0
1285 1308 1284 0
1195 1216 1201 0
1173 1195 1174 0
1218 1216 1195 0
1254 1231 1253 0
1206 1207 1187 0
1231 1224 1215 0
1247 1248 1228 0
1151 1174 1157 0
1194 1217 1218 0
1282 1305 1306 0
1259 1261 1283 0
1307 1308 1329 0
1283 1307 1305 0
1284 1308 1307 0
1299 1292 1277 0
1090 1115 1096 0
1190 1211 1205 0
1170 1190 1184 0
1170 1192 1190 0
1090 1096 1073 0
1095 1090 1072 0
1115 1122 1096 0
1095 1115 1090 0
1095 1121 1115 0
1162 1167 1175 0
1166 1184 1189 0
1163 1184 1166 0
1145 1163 1166 0
1146 1145 1166 0
1137 1142 1145 0
1142 1147 1163 0
1163 1170 1184 0
1208 1188 1189 0
1120 1094 1096 0
1137 1145 1122 0
1116 1094 1120 0
1122 1146 1141 0
1152 1151 1126 0
1317 1295 1293 0
1444 1468 1445 0
1363 1362 1385 0
1408 1407 1386 0
1434 1431 1452 0
1343 1346 1325 0
1344 1343 1322 0
1365 1346 1343 0
1344 1365 1343 0
1337 1344 1322 0
1337 1361 1344 0
1367 1346 1365 0
1446 1469 1470 0
1425 1446 1447 0
1425 1424 1446 0
1445 1469 1446 0
1467 1468 1444 0
1467 1491 1490 0
1539 1515 1516 0
1445 1424 1444 0
1469 1445 1468 0
1446 1424 1445 0
1471 1452 1448 0
1337 1322 1313 0
1314 1338 1315 0
1403 1382 1402 0
1423 1403 1402 0
1404 1384 1383 0
1405 1404 1425 0
1388 1367 1384 0
1405 1388 1384 0
1405 1409 1388 0
1512 1492 1490 0
1447 1446 1470 0
1454 1448 1447 0
1403 1423 1424 0
1512 1491 1513 0
1536 1512 1513 0
1514 1492 1512 0
1516 1514 1538 0
1516 1493 1514 0
1492 1493 1469 0
1468 1492 1469 0
1514 1493 1492 0
1537 1515 1539 0
1517 1494 1515 0
1416 1436 1415 0
1417 1438 1437 0
1398 1417 1395 0
1398 1419 1417 0
1457 1481 1480 0
1461 1462 1437 0
1461 1486 1462 0
1309 1331 1332 0
1311 1309 1332 0
1302 1323 1309 0
1296 1302 1286 0
1278 1296 1274 0
1278 1300 1296 0
1296 1300 1302 0
1459 1482 1483 0
1440 1421 1418 0
1418 1414 1435 0
1548 1549 1527 0
1613 1614 1593 0
1620 1613 1598 0
1593 1595 1574 0
1635 1656 1636 0
1688 1683 1665 0
1634 1647 1646 0
1640 1618 1617 0
1661 1640 1639 0
1662 1659 1640 0
1617 1618 1596 0
1636 1617 1615 0
1636 1639 1617 0
1618 1616 1597 0
1615 1617 1596 0
1640 1616 1618 0
1616 1624 1601 0
1624 1612 1601 0
1597 1616 1601 0
1638 1647 1624 0
1612 1600 1592 0
1601 1612 1591 0
1623 1644 1622 0
1630 1607 1621 0
1586 1584 1607 0
1585 1586 1609 0
1585 1565 1586 0
1563 1576 1584 0
1563 1553 1576 0
1570 1547 1569 0
1576 1570 1592 0
1553 1547 1570 0
1569 1556 1578 0
1592 1569 1591 0
1547 1556 1569 0
1578 1555 1577 0
1591 1578 1601 0
1556 1555 1578 0
1577 1554 1575 0
1601 1577 1597 0
1555 1554 1577 0
1575 1572 1594 0
1597 1575 1596 0
1554 1572 1575 0
1594 1615 1596 0
1573 1594 1572 0
1573 1595 1594 0
1688 1706 1683 0
1730 1709 1729 0
1751 1730 1729 0
1738 1751 1729 0
1719 1738 1729 0
1763 1751 1738 0
1773 1753 1751 0
1731 1710 1730 0
1753 1731 1730 0
1753 1754 1731 0
1742 1719 1720 0
1738 1742 1752 0
1738 1719 1742 0
1687 1708 1709 0
1686 1674 1698 0
1784 1775 1773 0
1684 1705 1682 0
1754 1776 1757 0
1749 1754 1757 0
1734 1749 1757 0
1756 1734 1757 0
1726 1749 1734 0
1727 1731 1749 0
1727 1710 1731 0
1753 1730 1751 0
1775 1753 1773 0
1754 1749 1731 0
1688 1709 1710 0
1687 1686 1708 0
1784 1796 1775 0
1713 1726 1734 0
1787 1777 1798 0
1681 1692 1669 0
1726 1713 1704 0
1706 1727 1705 0
1776 1778 1757 0
1699 1700 1676 0
1689 1699 1675 0
1690 1689 1675 0
1711 1699 1689 0
1712 1711 1691 0
1704 1713 1692 0
1777 1766 1755 0
1766 1768 1744 0
1745 1768 1769 0
1724 1722 1746 0
1744 1768 1745 0
1722 1721 1745 0
1746 1722 1745 0
1699 1721 1722 0
1711 1712 1732 0
1529 1544 1524 0
1593 1614 1595 0
1523 1528 1509 0
1595 1615 1594 0
1574 1595 1573 0
1614 1615 1595 0
1564 1584 1586 0
1576 1553 1570 0
1564 1563 1584 0
1543 1564 1565 0
1519 1520 1496 0
1541 1542 1519 0
1510 1530 1518 0
1563 1542 1541 0
1542 1520 1519 0
1542 1543 1520 0
1570 1569 1592 0
1518 1495 1510 0
1530 1541 1518 0
1521 1532 1510 0
1553 1541 1530 0
1542 1564 1543 0
1518 1541 1519 0
1563 1564 1542 0
1569 1578 1591 0
1518 1519 1495 0
1578 1577 1601 0
1501 1511 1522 0
1489 1501 1479 0
1489 1511 1501 0
1577 1575 1597 0
1211 1233 1210 0
1213 1235 1233 0
1169 1192 1170 0
1192 1172 1193 0
1236 1257 1258 0
1223 1246 1245 0
1265 1244 1243 0
1265 1289 1290 0
1256 1233 1235 0
1377 1375 1353 0
1355 1379 1356 0
1332 1355 1356 0
1332 1331 1355 0
1399 1420 1397 0
1417 1437 1416 0
1419 1439 1438 0
1420 1419 1398 0
1420 1441 1419 0
1461 1485 1486 0
1439 1463 1438 0
1439 1464 1463 0
1372 1371 1348 0
1352 1373 1349 0
1394 1371 1372 0
1375 1352 1351 0
1356 1378 1354 0
1333 1356 1354 0
1333 1332 1356 0
1397 1398 1376 0
1437 1462 1436 0
1348 1370 1347 0
1321 1298 1320 0
1275 1298 1276 0
1305 1282 1283 0
1284 1307 1283 0
1327 1306 1305 0
1306 1298 1282 0
1283 1282 1260 0
1349 1348 1326 0
1353 1375 1351 0
1329 1353 1351 0
1329 1330 1353 0
1373 1394 1372 0
1320 1298 1306 0
1348 1347 1342 0
1351 1352 1328 0
1327 1351 1328 0
1327 1329 1351 0
1371 1393 1370 0
1349 1372 1348 0
1394 1393 1371 0
1339 1362 1340 0
1317 1339 1340 0
1317 1316 1339 0
1292 1316 1293 0
1342 1347 1334 0
1321 1342 1334 0
1321 1320 1342 0
1347 1357 1334 0
1328 1349 1326 0
1306 1328 1326 0
1306 1327 1328 0
1370 1357 1347 0
1370 1380 1357 0
1299 1277 1276 0
1380 1362 1357 0
1247 1254 1269 0
1228 1224 1247 0
1249 1226 1248 0
1186 1164 1187 0
1203 1186 1207 0
1182 1164 1186 0
1195 1180 1174 0
1224 1201 1215 0
1185 1165 1180 0
1224 1206 1201 0
1224 1228 1206 0
1275 1253 1260 0
1282 1275 1260 0
1282 1298 1275 0
1248 1269 1270 0
1226 1228 1248 0
1225 1226 1249 0
1227 1225 1249 0
1227 1204 1225 0
1202 1204 1183 0
1182 1202 1181 0
1225 1204 1202 0
1185 1206 1187 0
1201 1185 1180 0
1201 1206 1185 0
1276 1254 1253 0
1275 1276 1253 0
1298 1299 1276 0
1292 1293 1270 0
1284 1283 1261 0
1263 1287 1262 0
1439 1419 1441 0
1376 1375 1397 0
1395 1376 1398 0
1352 1375 1376 0
1366 1350 1345 0
1325 1346 1345 0
1369 1350 1366 0
1418 1400 1396 0
1378 1356 1379 0
1274 1286 1263 0
1440 1418 1435 0
1464 1440 1460 0
1441 1421 1440 0
1464 1441 1440 0
1464 1439 1441 0
1397 1377 1399 0
1398 1397 1420 0
1375 1377 1397 0
1346 1366 1345 0
1322 1343 1325 0
1368 1366 1346 0
1413 1392 1391 0
1374 1350 1369 0
1414 1396 1392 0
1379 1355 1374 0
1460 1483 1484 0
1508 1503 1486 0
1260 1259 1283 0
1308 1330 1329 0
1327 1307 1329 0
1285 1310 1308 0
1284 1262 1285 0
1262 1287 1285 0
1461 1438 1463 0
1485 1461 1463 0
1486 1481 1462 0
1373 1352 1376 0
1395 1373 1376 0
1372 1349 1373 0
1350 1355 1331 0
1345 1350 1331 0
1374 1355 1350 0
1421 1399 1400 0
1377 1354 1378 0
1340 1341 1319 0
1292 1299 1316 0
1385 1387 1363 0
1516 1538 1539 0
1498 1516 1515 0
1490 1468 1467 0
1512 1490 1491 0
1492 1468 1490 0
1512 1536 1514 0
1485 1463 1487 0
1502 1481 1503 0
1456 1433 1457 0
1508 1486 1485 0
1502 1489 1480 0
1465 1478 1488 0
1432 1443 1422 0
1443 1456 1466 0
1465 1442 1455 0
1432 1456 1443 0
1455 1466 1479 0
1401 1411 1422 0
1412 1393 1415 0
1432 1412 1433 0
1390 1393 1412 0
1480 1489 1466 0
1401 1406 1385 0
1390 1401 1380 0
1393 1390 1370 0
1455 1479 1478 0
1457 1433 1436 0
1455 1443 1466 0
1432 1433 1456 0
1481 1502 1480 0
1422 1442 1427 0
1401 1385 1380 0
1407 1408 1429 0
1387 1385 1406 0
1386 1387 1408 0
1386 1364 1387 0
1387 1364 1363 0
1363 1364 1341 0
1241 1240 1262 0
1259 1239 1261 0
1217 1240 1241 0
1229 1230 1209 0
1210 1229 1208 0
1251 1230 1229 0
1252 1274 1263 0
1251 1252 1230 0
1251 1273 1252 0
1428 1407 1429 0
1540 1545 1525 0
1610 1633 1611 0
1589 1590 1611 0
1588 1582 1605 0
1610 1588 1605 0
1568 1582 1588 0
1505 1526 1506 0
1504 1517 1525 0
1471 1494 1482 0
1471 1454 1476 0
1545 1526 1525 0
1583 1587 1566 0
1560 1568 1546 0
1537 1560 1546 0
1537 1539 1560 0
1606 1629 1620 0
1589 1611 1606 0
1567 1589 1583 0
1567 1590 1589 0
1619 1629 1606 0
1506 1527 1507 0
1482 1504 1505 0
1548 1527 1526 0
1562 1566 1545 0
1562 1583 1566 0
1540 1562 1545 0
1546 1567 1562 0
1540 1546 1562 0
1540 1537 1546 0
1598 1593 1587 0
1549 1552 1529 0
1571 1549 1548 0
1566 1571 1548 0
1545 1566 1548 0
1587 1571 1566 0
1593 1574 1571 0
1507 1508 1487 0
1507 1527 1529 0
1484 1507 1487 0
1484 1506 1507 0
1552 1544 1529 0
1571 1552 1549 0
1574 1573 1551 0
1422 1427 1406 0
1456 1480 1466 0
1411 1412 1432 0
1415 1394 1416 0
1433 1415 1436 0
1393 1394 1415 0
1472 1488 1495 0
1449 1465 1472 0
1443 1442 1422 0
1443 1455 1442 0
1455 1478 1465 0
1536 1513 1535 0
1536 1535 1557 0
1605 1627 1628 0
1610 1605 1628 0
1582 1581 1604 0
1538 1514 1536 0
1461 1437 1438 0
1481 1486 1503 0
1479 1466 1489 0
1352 1349 1328 0
1354 1377 1353 0
1330 1354 1353 0
1330 1333 1354 0
1373 1395 1394 0
1415 1433 1412 0
1416 1437 1436 0
1395 1416 1394 0
1395 1417 1416 0
1457 1480 1456 0
1462 1457 1436 0
1462 1481 1457 0
1371 1370 1348 0
1550 1573 1572 0
1524 1544 1528 0
1508 1524 1503 0
1508 1529 1524 0
1552 1574 1551 0
1427 1408 1406 0
1406 1408 1387 0
1370 1390 1380 0
1472 1465 1488 0
1497 1473 1474 0
1451 1450 1429 0
1475 1474 1472 0
1473 1450 1474 0
1406 1401 1422 0
1534 1522 1511 0
1532 1534 1556 0
1532 1521 1534 0
1553 1530 1547 0
1499 1478 1500 0
1510 1499 1521 0
1488 1478 1499 0
1551 1528 1544 0
1554 1550 1572 0
1531 1528 1550 0
1555 1533 1554 0
1511 1509 1531 0
1554 1533 1531 0
1502 1503 1523 0
1531 1550 1554 0
1523 1524 1528 0
1502 1523 1509 0
1503 1524 1523 0
1551 1573 1550 0
1528 1551 1550 0
1544 1552 1551 0
1427 1429 1408 0
1411 1432 1422 0
1390 1411 1401 0
1390 1412 1411 0
1475 1495 1496 0
1474 1475 1496 0
1472 1495 1475 0
1427 1449 1429 0
1450 1428 1429 0
1534 1533 1556 0
1509 1511 1489 0
1509 1528 1531 0
1451 1472 1474 0
1442 1449 1427 0
1442 1465 1449 0
1532 1556 1547 0
1500 1522 1521 0
1479 1500 1478 0
1479 1501 1500 0
1533 1555 1556 0
1511 1533 1534 0
1511 1531 1533 0
1474 1496 1497 0
1499 1500 1521 0
1520 1497 1496 0
1580 1558 1579 0
1603 1580 1579 0
1581 1559 1558 0
1496 1495 1519 0
1581 1580 1603 0
1603 1602 1625 0
1558 1536 1557 0
1579 1558 1557 0
1580 1581 1558 0
1558 1559 1536 0
1604 1605 1582 0
1626 1604 1603 0
1627 1605 1604 0
1582 1561 1581 0
1603 1604 1581 0
1568 1560 1582 0
1590 1588 1610 0
1593 1571 1587 0
1613 1593 1598 0
1574 1552 1571 0
1505 1525 1526 0
1494 1504 1482 0
1494 1517 1504 0
1493 1516 1498 0
1477 1493 1498 0
1470 1469 1493 0
1537 1540 1517 0
1517 1540 1525 0
1515 1537 1517 0
1579 1602 1603 0
1596 1575 1594 0
1510 1488 1499 0
1451 1474 1450 0
1449 1451 1429 0
1449 1472 1451 0
1534 1521 1522 0
1530 1532 1547 0
1530 1510 1532 0
1563 1541 1553 0
1495 1488 1510 0
1489 1502 1509 0
1565 1564 1586 0
1500 1501 1522 0
1649 1626 1648 0
1670 1649 1648 0
1649 1627 1626 0
1673 1672 1651 0
1670 1671 1649 0
1694 1693 1716 0
1650 1671 1673 0
1670 1693 1671 0
1627 1604 1626 0
1651 1628 1650 0
1651 1637 1633 0
1657 1663 1641 0
1609 1608 1585 0
1656 1643 1660 0
1661 1656 1660 0
1614 1613 1635 0
1632 1608 1609 0
1673 1651 1650 0
1663 1679 1685 0
1658 1651 1672 0
1658 1679 1657 0
1651 1658 1637 0
1672 1679 1658 0
1649 1671 1650 0
1695 1685 1672 0
1630 1631 1609 0
1678 1701 1702 0
1635 1643 1656 0
1620 1635 1613 0
1620 1643 1635 0
1620 1642 1643 0
1606 1620 1598 0
1629 1642 1620 0
1583 1606 1598 0
1619 1641 1629 0
1664 1674 1686 0
1629 1652 1642 0
1561 1560 1539 0
1619 1611 1633 0
1583 1562 1567 0
1696 1718 1695 0
1672 1696 1695 0
1673 1671 1694 0
1633 1628 1651 0
1619 1633 1637 0
1652 1629 1641 0
1598 1587 1583 0
1589 1606 1583 0
1590 1610 1611 0
1568 1590 1567 0
1568 1588 1590 0
1619 1606 1611 0
1694 1717 1696 0
1673 1694 1696 0
1671 1693 1694 0
1628 1627 1650 0
1641 1619 1637 0
1561 1539 1538 0
1559 1561 1538 0
1536 1559 1538 0
1581 1561 1559 0
1582 1560 1561 0
1633 1610 1628 0
1567 1546 1568 0
1626 1625 1648 0
1650 1627 1649 0
1603 1625 1626 0
1765 1760 1741 0
1764 1765 1740 0
1785 1780 1765 0
1799 1779 1780 0
1843 1826 1821 0
1803 1825 1802 0
1799 1803 1782 0
1799 1821 1803 0
1762 1758 1779 0
1782 1762 1779 0
1826 1825 1803 0
1782 1802 1781 0
1707 1715 1703 0
1759 1758 1750 0
1761 1767 1743 0
1782 1781 1762 0
1697 1698 1674 0
1680 1697 1674 0
1742 1767 1752 0
1715 1720 1697 0
1737 1761 1743 0
1720 1737 1743 0
1715 1728 1735 0
1735 1737 1715 0
1750 1735 1728 0
1758 1737 1735 0
1750 1758 1735 0
1736 1750 1728 0
1736 1759 1750 0
1762 1737 1758 0
1720 1698 1697 0
1781 1767 1761 0
1719 1708 1698 0
1805 1784 1804 0
1736 1728 1714 0
1759 1736 1741 0
1760 1759 1741 0
1740 1765 1741 0
1780 1759 1760 0
1779 1758 1759 0
1762 1761 1737 0
1714 1728 1707 0
1789 1795 1774 0
1781 1789 1767 0
1781 1802 1801 0
1729 1709 1708 0
1719 1729 1708 0
1763 1773 1751 0
1707 1728 1715 0
1685 1707 1703 0
1685 1695 1707 0
1795 1804 1783 0
1767 1789 1774 0
1817 1804 1795 0
1709 1730 1710 0
1796 1776 1775 0
1643 1642 1664 0
1664 1642 1652 0
1674 1664 1652 0
1686 1687 1664 0
1652 1641 1663 0
1774 1795 1783 0
1763 1774 1783 0
1752 1767 1774 0
1740 1741 1718 0
1677 1701 1678 0
1654 1630 1653 0
1632 1631 1655 0
1632 1609 1631 0
1623 1646 1644 0
1612 1623 1600 0
1612 1634 1623 0
1681 1704 1692 0
1659 1681 1669 0
1659 1662 1681 0
1622 1644 1645 0
1576 1600 1599 0
1592 1591 1612 0
1739 1740 1717 0
1740 1739 1764 0
1765 1780 1760 0
1786 1785 1765 0
1786 1806 1807 0
1741 1736 1718 0
1769 1790 1791 0
1657 1641 1637 0
1658 1657 1637 0
1679 1663 1657 0
1680 1663 1685 0
1680 1674 1663 0
1636 1656 1639 0
1614 1636 1615 0
1614 1635 1636 0
1684 1662 1661 0
1684 1682 1662 0
1683 1684 1661 0
1683 1706 1684 0
1705 1704 1682 0
1634 1646 1623 0
1624 1634 1612 0
1624 1647 1634 0
1662 1682 1681 0
1653 1667 1675 0
1677 1654 1676 0
1630 1645 1653 0
1622 1600 1623 0
1621 1622 1645 0
1599 1600 1622 0
1666 1668 1690 0
1675 1667 1690 0
1644 1646 1666 0
1631 1654 1655 0
1690 1691 1711 0
1667 1666 1690 0
1676 1653 1675 0
1645 1644 1667 0
1666 1646 1668 0
1668 1669 1691 0
1755 1756 1777 0
1692 1713 1712 0
1704 1705 1726 0
1700 1677 1676 0
1786 1765 1764 0
1702 1701 1725 0
1795 1789 1811 0
1802 1782 1803 0
1823 1802 1825 0
1823 1801 1802 0
1801 1789 1781 0
1811 1801 1823 0
1811 1789 1801 0
1761 1762 1781 0
1779 1799 1782 0
1780 1800 1799 0
1830 1831 1806 0
1830 1853 1831 0
1868 1891 1890 0
1847 1868 1867 0
1877 1899 1891 0
1854 1877 1868 0
1854 1876 1877 0
1848 1854 1868 0
1867 1890 1866 0
1846 1867 1845 0
1848 1843 1854 0
1847 1848 1868 0
1847 1826 1848 0
1821 1800 1822 0
1803 1821 1826 0
1799 1800 1821 0
1785 1800 1780 0
1822 1831 1843 0
1807 1822 1800 0
1807 1831 1822 0
1841 1859 1849 0
1717 1694 1716 0
1739 1717 1716 0
1718 1696 1717 0
1740 1718 1717 0
1696 1672 1673 0
1714 1695 1718 0
1714 1707 1695 0
1736 1714 1718 0
1685 1679 1672 0
1772 1770 1748 0
1725 1747 1748 0
1947 1948 1969 0
1966 1943 1965 0
1926 1948 1947 0
1874 1895 1896 0
1852 1874 1872 0
1871 1895 1874 0
1783 1784 1763 0
1752 1774 1763 0
1804 1784 1783 0
1849 1851 1828 0
1841 1849 1827 0
1818 1841 1817 0
1836 1859 1841 0
1869 1892 1871 0
1852 1872 1873 0
1790 1769 1768 0
1840 1862 1864 0
1791 1813 1794 0
1833 1856 1837 0
1812 1833 1837 0
1812 1810 1833 0
1838 1861 1862 0
1787 1808 1809 0
1925 1947 1946 0
1922 1901 1924 0
1926 1947 1925 0
1903 1926 1925 0
1927 1948 1926 0
1903 1927 1926 0
1914 1893 1916 0
1927 1914 1936 0
1904 1893 1914 0
1924 1925 1946 0
1815 1814 1793 0
1816 1815 1793 0
1838 1862 1840 0
1816 1838 1840 0
1816 1813 1838 0
1794 1816 1793 0
1837 1861 1838 0
1813 1837 1838 0
1813 1812 1837 0
1665 1660 1643 0
1737 1720 1715 0
1742 1743 1767 0
1742 1720 1743 0
1763 1738 1752 0
1698 1720 1719 0
1686 1698 1708 0
1703 1680 1685 0
1697 1703 1715 0
1697 1680 1703 0
1776 1797 1778 0
1722 1700 1699 0
1747 1746 1771 0
1724 1700 1722 0
1747 1724 1746 0
1723 1701 1724 0
1747 1723 1724 0
1747 1725 1723 0
1683 1661 1660 0
1665 1683 1660 0
1706 1705 1684 0
1745 1769 1746 0
1618 1597 1596 0
1638 1616 1640 0
1638 1624 1616 0
1659 1638 1640 0
1659 1647 1638 0
1639 1656 1661 0
1662 1640 1661 0
1640 1617 1639 0
1665 1664 1687 0
1688 1665 1687 0
1643 1664 1665 0
1766 1787 1788 0
1819 1820 1797 0
1904 1880 1881 0
1809 1788 1787 0
1832 1834 1808 0
1820 1832 1808 0
1855 1834 1832 0
1857 1856 1833 0
1808 1787 1798 0
1881 1857 1858 0
1903 1880 1904 0
1903 1925 1902 0
1810 1790 1788 0
1834 1835 1809 0
1808 1834 1809 0
1858 1835 1834 0
1812 1790 1810 0
1835 1833 1810 0
1809 1835 1810 0
1857 1833 1835 0
1856 1861 1837 0
1812 1791 1790 0
1885 1878 1901 0
1922 1909 1901 0
1861 1878 1885 0
1863 1839 1864 0
1768 1766 1788 0
1766 1777 1787 0
1654 1653 1676 0
1655 1654 1677 0
1631 1630 1654 0
1586 1607 1609 0
1645 1667 1653 0
1600 1576 1592 0
1621 1599 1622 0
1630 1621 1645 0
1607 1599 1621 0
1607 1584 1599 0
1609 1607 1630 0
1584 1576 1599 0
1644 1666 1667 0
1690 1711 1689 0
1668 1691 1690 0
1647 1668 1646 0
1669 1692 1691 0
1647 1669 1668 0
1647 1659 1669 0
1692 1712 1691 0
1699 1676 1675 0
1711 1721 1699 0
1701 1677 1700 0
1769 1771 1746 0
1678 1655 1677 0
1710 1727 1706 0
1687 1709 1688 0
1753 1775 1754 0
1797 1776 1796 0
1733 1755 1732 0
1733 1756 1755 0
1734 1733 1713 0
1734 1756 1733 0
1727 1749 1726 0
1778 1756 1757 0
1778 1777 1756 0
1798 1778 1797 0
1682 1704 1681 0
1727 1726 1705 0
1688 1710 1706 0
1775 1776 1754 0
1755 1766 1744 0
1732 1755 1744 0
1721 1732 1744 0
1745 1721 1744 0
1711 1732 1721 0
1712 1733 1732 0
1712 1713 1733 0
1879 1870 1893 0
1857 1835 1858 0
1819 1796 1805 0
1832 1850 1855 0
1796 1819 1797 0
1828 1851 1829 0
1805 1828 1829 0
1805 1804 1828 0
1784 1805 1796 0
1869 1849 1859 0
1882 1869 1859 0
1871 1849 1869 0
1895 1871 1892 0
1851 1849 1871 0
1829 1851 1852 0
1827 1817 1841 0
1788 1790 1768 0
1700 1724 1701 0
1747 1771 1772 0
1748 1747 1772 0
1725 1701 1723 0
1778 1798 1777 0
1674 1652 1663 0
1917 1938 1916 0
1895 1915 1918 0
1960 1938 1939 0
1881 1858 1879 0
1904 1881 1879 0
1880 1857 1881 0
1918 1939 1917 0
1895 1918 1896 0
1937 1939 1918 0
1915 1923 1937 0
1892 1915 1895 0
1900 1905 1923 0
1892 1900 1915 0
1892 1882 1900 0
1959 1939 1937 0
1879 1855 1870 0
1904 1879 1893 0
1858 1855 1879 0
1951 1952 1975 0
1959 1960 1939 0
1983 2006 2005 0
1961 1983 1982 0
1961 1968 1983 0
1983 1994 2006 0
1952 1929 1930 0
1975 1952 1976 0
1951 1929 1952 0
1993 2007 2017 0
2017 2019 1994 0
1946 1969 1965 0
1949 1948 1927 0
1995 2020 2012 0
1949 1970 1948 0
1996 2011 2020 0
1949 1971 1970 0
1949 1958 1971 0
1936 1949 1927 0
1904 1914 1927 0
1916 1894 1917 0
1936 1916 1938 0
1893 1894 1916 0
1992 2016 2011 0
1996 1992 2011 0
1981 2005 1992 0
1958 1981 1971 0
1958 1960 1981 0
1938 1958 1936 0
1914 1916 1936 0
1917 1896 1918 0
1938 1917 1939 0
1894 1896 1917 0
1960 1982 1981 0
1882 1859 1860 0
1905 1882 1883 0
1897 1907 1883 0
1923 1915 1900 0
1892 1869 1882 0
1945 1937 1923 0
1871 1874 1851 0
1959 1937 1945 0
1834 1855 1858 0
1820 1808 1798 0
1842 1850 1832 0
1820 1842 1832 0
1820 1819 1842 0
1797 1820 1798 0
1829 1852 1842 0
1819 1829 1842 0
1819 1805 1829 0
1852 1850 1842 0
1827 1849 1828 0
1804 1827 1828 0
1804 1817 1827 0
1873 1896 1894 0
1851 1874 1852 0
1874 1896 1872 0
1873 1894 1870 0
1873 1850 1852 0
1896 1873 1872 0
1870 1850 1873 0
1893 1870 1894 0
1855 1850 1870 0
1905 1900 1882 0
1945 1923 1928 0
1937 1918 1915 0
1843 1831 1854 0
1772 1792 1770 0
1816 1794 1813 0
1772 1793 1792 0
1772 1794 1793 0
1846 1823 1825 0
1836 1824 1844 0
1836 1811 1824 0
1784 1773 1763 0
1847 1846 1825 0
1843 1848 1826 0
1867 1846 1847 0
1865 1845 1866 0
1844 1824 1845 0
1817 1795 1811 0
1831 1807 1806 0
1807 1800 1785 0
1786 1807 1785 0
1822 1843 1821 0
1779 1759 1780 0
1853 1854 1831 0
1853 1876 1854 0
1899 1876 1898 0
1920 1921 1898 0
1891 1868 1877 0
1794 1772 1771 0
1933 1956 1940 0
1897 1911 1919 0
1907 1906 1883 0
1930 1907 1919 0
1929 1906 1907 0
1865 1866 1888 0
1912 1913 1934 0
1933 1912 1934 0
1890 1891 1912 0
1793 1814 1792 0
1791 1794 1771 0
1791 1812 1813 0
1769 1791 1771 0
1861 1885 1862 0
1902 1925 1924 0
1880 1902 1878 0
1880 1903 1902 0
1857 1880 1856 0
1904 1927 1903 0
1946 1943 1924 0
1969 1946 1947 0
1955 1967 1978 0
1922 1944 1932 0
1922 1943 1944 0
1840 1815 1816 0
1839 1840 1864 0
1839 1815 1840 0
1810 1788 1809 0
1940 1930 1919 0
1814 1815 1839 0
1887 1863 1864 0
1913 1912 1891 0
2065 2090 2084 0
2043 2065 2058 0
2066 2077 2085 0
2043 2066 2065 0
2043 2054 2066 0
2054 2077 2066 0
2107 2114 2090 0
2150 2128 2151 0
2126 2104 2102 0
2038 2014 2037 0
2128 2129 2151 0
2037 2013 2036 0
1948 1970 1969 0
1981 1992 1971 0
2005 2006 2016 0
1992 2005 2016 0
1982 1983 2005 0
1959 1982 1960 0
1983 1968 1994 0
1959 1961 1982 0
1959 1945 1961 0
2018 2039 2016 0
2033 2054 2032 0
1972 1950 1963 0
1950 1930 1940 0
1963 1950 1940 0
1972 1953 1950 0
2000 2021 2025 0
1972 1973 1953 0
1997 2021 2000 0
2009 2024 1999 0
1986 2009 1999 0
2004 1987 2010 0
2047 2046 2022 0
1953 1930 1950 0
1973 1974 1953 0
1968 1993 1994 0
1951 1968 1945 0
1975 1984 1968 0
2025 2007 2001 0
2025 2029 2007 0
2157 2135 2156 0
2025 2026 2049 0
2165 2187 2167 0
2019 2018 1994 0
2167 2187 2189 0
2018 2016 2006 0
1875 1883 1860 0
1888 1875 1865 0
1897 1883 1875 0
1923 1905 1928 0
1888 1897 1875 0
1889 1888 1866 0
1911 1897 1888 0
1929 1907 1930 0
1883 1882 1860 0
1919 1907 1897 0
1906 1928 1905 0
1883 1906 1905 0
1929 1928 1906 0
1818 1811 1836 0
1841 1818 1836 0
1817 1811 1818 0
1889 1911 1888 0
1912 1889 1890 0
1912 1911 1889 0
1836 1844 1860 0
1859 1836 1860 0
1811 1823 1824 0
1921 1899 1898 0
1941 1921 1920 0
1935 1956 1934 0
1941 1964 1942 0
1890 1867 1868 0
1899 1921 1913 0
1866 1845 1867 0
1844 1845 1865 0
1860 1844 1865 0
1847 1825 1826 0
1824 1846 1845 0
1824 1823 1846 0
1877 1876 1899 0
2042 2041 2018 0
1964 1962 1985 0
2008 1987 1985 0
1957 1935 1942 0
1985 1987 1964 0
1913 1891 1899 0
1942 1935 1921 0
1941 1942 1921 0
1964 1957 1942 0
1911 1933 1919 0
1890 1889 1866 0
1912 1933 1911 0
1935 1934 1913 0
1921 1935 1913 0
1957 1956 1935 0
1956 1933 1934 0
1919 1933 1940 0
1941 1962 1964 0
2116 2118 2095 0
2186 2164 2183 0
2143 2166 2144 0
2185 2163 2186 0
2026 2025 2021 0
2069 2093 2074 0
2045 2069 2050 0
2045 2070 2069 0
2071 2045 2046 0
2071 2094 2070 0
2156 2135 2133 0
2154 2156 2133 0
2177 2179 2156 0
2096 2097 2074 0
2096 2119 2120 0
2188 2166 2185 0
2049 2029 2025 0
2050 2073 2049 0
2046 2045 2026 0
2074 2073 2050 0
2026 2045 2050 0
2097 2098 2074 0
2079 2098 2101 0
2187 2165 2188 0
2086 2089 2109 0
2018 2041 2039 0
2063 2088 2089 0
2042 2063 2064 0
2063 2040 2062 0
2063 2087 2088 0
2017 2040 2019 0
2040 2034 2056 0
2029 2034 2017 0
2073 2074 2098 0
2055 2073 2078 0
2049 2026 2050 0
2110 2101 2122 0
2133 2111 2132 0
2087 2101 2110 0
2132 2110 2122 0
2154 2132 2145 0
2177 2154 2167 0
2133 2132 2154 0
2133 2113 2111 0
2056 2062 2040 0
2055 2056 2034 0
2078 2062 2056 0
2063 2062 2087 0
2063 2042 2040 0
2089 2064 2063 0
2018 2019 2042 0
2062 2078 2087 0
2144 2166 2165 0
2121 2144 2122 0
2121 2143 2144 0
2098 2121 2122 0
2098 2097 2121 0
2120 2121 2097 0
2096 2120 2097 0
2143 2121 2120 0
2142 2143 2120 0
2163 2166 2143 0
2145 2167 2154 0
1994 1993 2017 0
2069 2074 2050 0
2070 2093 2069 0
2071 2070 2045 0
2094 2093 2070 0
2072 2095 2071 0
2117 2093 2094 0
2096 2074 2093 0
2140 2119 2117 0
2118 2140 2117 0
2141 2119 2140 0
2162 2141 2140 0
2162 2164 2141 0
2145 2165 2167 0
2122 2145 2132 0
2122 2144 2145 0
2098 2122 2101 0
2144 2165 2145 0
2029 2017 2007 0
2096 2093 2117 0
2021 2046 2026 0
2021 2022 2046 0
2000 1974 1997 0
2001 2000 2025 0
2001 1976 2000 0
2009 1986 2004 0
1998 1999 2023 0
2022 1998 2023 0
1973 1999 1998 0
1973 1972 1999 0
1963 1986 1972 0
1956 1963 1940 0
1956 1979 1963 0
2047 2048 2072 0
1997 1998 2022 0
1997 1973 1998 0
2021 1997 2022 0
1974 1973 1997 0
1972 1986 1999 0
2044 2031 2053 0
1999 2024 2023 0
2009 2004 2010 0
1979 1957 1980 0
1986 1979 2004 0
1956 1957 1979 0
2010 2008 2030 0
2009 2010 2031 0
1987 2008 2010 0
1980 1987 2004 0
1979 1980 2004 0
1964 1987 1980 0
2010 2030 2031 0
1957 1964 1980 0
1865 1875 1860 0
1949 1936 1958 0
1909 1886 1885 0
1953 1976 1952 0
1996 1971 1992 0
1995 1996 2020 0
1970 1971 1996 0
1938 1960 1958 0
2006 1994 2018 0
1981 1982 2005 0
1961 1945 1968 0
2043 2020 2032 0
1995 1969 1970 0
1996 1995 1970 0
2012 1988 1995 0
2035 2012 2020 0
2043 2035 2020 0
2058 2059 2036 0
1988 1965 1969 0
1989 1965 1988 0
1991 1989 2014 0
1966 1965 1989 0
1990 1967 1991 0
2003 1990 2015 0
2003 1978 1990 0
1932 1931 1910 0
1908 1909 1932 0
1887 1908 1910 0
1887 1884 1908 0
1944 1966 1967 0
1944 1943 1966 0
1910 1908 1932 0
1878 1856 1880 0
1901 1878 1902 0
1924 1901 1902 0
1884 1887 1864 0
1886 1884 1864 0
1886 1908 1884 0
1901 1909 1885 0
1922 1932 1909 0
1861 1856 1878 0
1946 1965 1943 0
1955 1944 1967 0
1954 1955 1978 0
1932 1944 1955 0
1979 1986 1963 0
2031 2024 2009 0
2053 2031 2030 0
2044 2024 2031 0
2067 2044 2053 0
2068 2072 2048 0
2150 2127 2128 0
1886 1864 1862 0
1885 1886 1862 0
1909 1908 1886 0
1976 1953 1974 0
2000 1976 1974 0
1984 2001 2007 0
1975 1976 2001 0
1984 1975 2001 0
1993 1984 2007 0
1993 1968 1984 0
1951 1928 1929 0
1968 1951 1975 0
1945 1928 1951 0
1952 1930 1953 0
2177 2189 2201 0
2033 2011 2016 0
2039 2033 2016 0
2039 2054 2033 0
2179 2177 2201 0
2136 2114 2130 0
2078 2101 2087 0
2055 2078 2056 0
2049 2055 2034 0
2049 2073 2055 0
2079 2101 2078 0
2073 2079 2078 0
2073 2098 2079 0
2113 2135 2112 0
2087 2110 2111 0
2154 2177 2156 0
2061 2054 2039 0
2064 2086 2061 0
2042 2064 2041 0
2089 2086 2064 0
2108 2130 2107 0
2032 2020 2011 0
2033 2032 2011 0
2054 2043 2032 0
2034 2040 2017 0
2112 2134 2131 0
2113 2133 2135 0
2088 2113 2089 0
2111 2110 2132 0
2088 2111 2113 0
2088 2087 2111 0
2157 2179 2178 0
2134 2157 2155 0
2156 2179 2157 0
2066 2090 2065 0
2086 2085 2061 0
2041 2064 2061 0
2108 2085 2086 0
2109 2108 2086 0
2109 2130 2108 0
2107 2090 2085 0
2108 2107 2085 0
2130 2114 2107 0
2043 2058 2035 0
2066 2085 2090 0
2061 2077 2054 0
2061 2085 2077 0
2151 2129 2136 0
2106 2126 2103 0
2037 2059 2057 0
2012 2036 2013 0
2035 2058 2036 0
1988 2013 1989 0
1995 1988 1969 0
2012 2013 1988 0
2035 2036 2012 0
2014 1989 2013 0
2037 2014 2013 0
2059 2037 2036 0
2057 2060 2038 0
1991 1967 1966 0
2057 2038 2037 0
1978 1977 1954 0
1931 1932 1954 0
1967 1990 1978 0
1991 2015 1990 0
1989 1991 1966 0
2014 2015 1991 0
1978 2002 1977 0
1922 1924 1943 0
1978 2003 2002 0
1955 1954 1932 0
2015 2038 2027 0
2068 2048 2044 0
2002 2003 2028 0
2044 2067 2068 0
2092 2095 2072 0
2091 2092 2068 0
2116 2095 2092 0
2137 2116 2115 0
2095 2094 2071 0
2068 2092 2072 0
2118 2094 2095 0
2137 2138 2116 0
2142 2164 2163 0
2119 2142 2120 0
2119 2141 2142 0
2117 2119 2096 0
2141 2164 2142 0
2027 2028 2003 0
2116 2092 2115 0
2047 2023 2048 0
2046 2047 2071 0
2022 2023 2047 0
2092 2091 2115 0
2048 2024 2044 0
2071 2047 2072 0
2023 2024 2048 0
2067 2091 2068 0
2052 2076 2075 0
2028 2052 2051 0
2060 2083 2076 0
2038 2060 2052 0
2027 2038 2052 0
2028 2027 2052 0
2003 2015 2027 0
2015 2014 2038 0
2080 2102 2083 0
2057 2080 2060 0
2057 2081 2080 0
3772 3784 3781 0
3757 3770 3772 0
3786 3784 3772 0
3786 3795 3784 0
3770 3786 3772 0
3739 3738 3753 0
3771 3770 3756 0
3717 3718 3698 0
3737 3755 3756 0
3676 3674 3697 0
3716 3736 3737 0
3695 3716 3696 0
3715 3736 3716 0
3738 3717 3737 0
3676 3655 3674 0
3754 3771 3755 0
3736 3735 3754 0
3768 3769 3754 0
3785 3795 3786 0
3771 3785 3786 0
3769 3783 3785 0
3752 3765 3768 0
3771 3786 3770 0
3771 3754 3769 0
3756 3755 3771 0
3753 3756 3770 0
3757 3753 3770 0
3757 3739 3753 0
3738 3718 3717 0
3756 3738 3737 0
3739 3718 3738 0
3756 3753 3738 0
3768 3783 3769 0
3782 3783 3767 0
3794 3795 3785 0
3704 3703 3724 0
3771 3769 3785 0
3661 3660 3675 0
3674 3661 3675 0
3641 3642 3661 0
3622 3639 3621 0
3659 3680 3681 0
3682 3659 3681 0
3640 3649 3658 0
3622 3640 3639 0
3622 3630 3640 0
3796 3797 3787 0
3788 3787 3797 0
3798 3797 3802 0
3798 3788 3797 0
3803 3799 3800 0
3800 3799 3791 0
3773 3787 3788 0
3790 3775 3788 0
3793 3799 3801 0
3723 3743 3744 0
3709 3727 3707 0
3689 3709 3707 0
3705 3708 3709 0
3747 3743 3727 0
3709 3728 3727 0
3774 3777 3789 0
3761 3774 3763 0
3761 3777 3774 0
3746 3761 3747 0
3746 3762 3761 0
3740 3741 3758 0
3800 3791 3790 0
3793 3801 3792 0
3778 3793 3779 0
3789 3799 3793 0
3745 3752 3735 0
3724 3745 3735 0
3744 3764 3745 0
3767 3765 3779 0
3767 3768 3765 0
3799 3803 3801 0
3777 3791 3789 0
3800 3798 3802 0
3803 3800 3802 0
3791 3776 3790 0
3789 3791 3799 0
3777 3762 3776 0
3778 3763 3774 0
3790 3788 3798 0
3800 3790 3798 0
3776 3775 3790 0
3777 3776 3791 0
3762 3742 3760 0
3761 3743 3747 0
3789 3778 3774 0
3766 3779 3765 0
3776 3760 3775 0
3760 3776 3762 0
3758 3760 3742 0
3758 3775 3760 0
3773 3775 3759 0
3773 3788 3775 0
3779 3793 3792 0
3679 3701 3678 0
3668 3688 3680 0
3650 3668 3649 0
3650 3669 3668 0
3631 3650 3649 0
3631 3644 3650 0
3669 3689 3688 0
3664 3669 3650 0
3664 3683 3669 0
3644 3664 3650 0
3644 3646 3664 0
3700 3705 3686 0
3678 3684 3677 0
3726 3742 3746 0
3701 3721 3700 0
3740 3742 3721 0
3726 3721 3742 0
3728 3726 3746 0
3747 3728 3746 0
3709 3708 3728 0
3708 3721 3726 0
3747 3727 3728 0
3705 3700 3708 0
3746 3742 3762 0
3686 3705 3689 0
3686 3677 3700 0
3758 3742 3740 0
3759 3758 3741 0
3759 3775 3758 0
3761 3762 3777 0
3709 3689 3705 0
3708 3726 3728 0
3702 3688 3707 0
3708 3700 3721 0
3582 3562 3573 0
3600 3582 3601 0
3581 3562 3582 0
3599 3581 3600 0
3561 3562 3581 0
3583 3564 3565 0
3599 3583 3581 0
3599 3595 3583 0
3541 3542 3561 0
3630 3622 3611 0
3625 3631 3612 0
3658 3680 3659 0
3660 3659 3682 0
3675 3660 3682 0
3639 3640 3660 0
3766 3764 3778 0
3779 3766 3778 0
3765 3752 3745 0
3723 3727 3743 0
3702 3723 3722 0
3702 3707 3723 0
3743 3761 3763 0
3780 3779 3792 0
3780 3782 3767 0
3618 3598 3597 0
3649 3640 3630 0
3631 3649 3630 0
3658 3659 3640 0
3668 3658 3649 0
3668 3680 3658 0
3654 3661 3674 0
3636 3654 3655 0
3635 3641 3654 0
3655 3654 3674 0
3639 3623 3620 0
3642 3660 3661 0
3639 3642 3623 0
3639 3660 3642 0
3640 3659 3660 0
3727 3723 3707 0
3736 3755 3737 0
3717 3716 3737 0
3715 3735 3736 0
3695 3715 3716 0
3681 3704 3682 0
3681 3703 3704 0
3752 3768 3754 0
3735 3752 3754 0
3724 3735 3715 0
3704 3724 3715 0
3722 3744 3724 0
3764 3763 3778 0
3765 3764 3766 0
3744 3763 3764 0
3765 3745 3764 0
3722 3723 3744 0
3745 3724 3744 0
3695 3704 3715 0
3682 3695 3696 0
3682 3704 3695 0
3696 3697 3675 0
3578 3577 3595 0
3561 3545 3540 0
3565 3581 3583 0
3561 3565 3545 0
3561 3581 3565 0
3504 3524 3522 0
3785 3783 3794 0
3755 3736 3754 0
3744 3743 3763 0
3703 3722 3724 0
3680 3702 3681 0
3680 3688 3702 0
3707 3688 3689 0
3703 3702 3722 0
3703 3681 3702 0
3789 3793 3778 0
3767 3783 3768 0
3780 3767 3779 0
3782 3794 3783 0
3697 3717 3698 0
3675 3697 3674 0
3696 3717 3697 0
3682 3696 3675 0
3716 3717 3696 0
3720 3741 3740 0
3639 3620 3621 0
3698 3676 3697 0
3654 3636 3635 0
3616 3617 3596 0
3641 3635 3623 0
3642 3641 3623 0
3661 3654 3641 0
3636 3617 3635 0
3719 3699 3720 0
3721 3701 3719 0
3684 3678 3701 0
3700 3684 3701 0
3700 3677 3684 0
3569 3579 3588 0
3638 3619 3618 0
3637 3647 3628 0
3657 3637 3638 0
3628 3646 3627 0
3656 3662 3647 0
3657 3656 3637 0
3678 3677 3656 0
3662 3666 3647 0
3637 3656 3647 0
3677 3666 3662 0
3656 3677 3662 0
3699 3701 3679 0
3719 3720 3740 0
3721 3719 3740 0
3701 3699 3719 0
3644 3631 3625 0
3646 3644 3627 0
3628 3647 3646 0
3588 3598 3609 0
3587 3588 3608 0
3607 3587 3608 0
3625 3607 3627 0
3625 3605 3607 0
3569 3563 3560 0
3587 3569 3588 0
3568 3563 3569 0
3579 3560 3580 0
3588 3579 3598 0
3569 3560 3579 0
3619 3637 3628 0
3677 3686 3666 0
3683 3689 3669 0
3679 3678 3657 0
3635 3616 3623 0
3616 3596 3595 0
3656 3657 3678 0
3616 3599 3620 0
3578 3595 3596 0
3577 3558 3557 0
3557 3558 3537 0
3545 3557 3536 0
3564 3583 3577 0
3545 3564 3557 0
3545 3565 3564 0
3638 3637 3619 0
3519 3536 3537 0
3568 3569 3587 0
3473 3493 3482 0
3454 3473 3463 0
3454 3455 3473 0
3601 3611 3622 0
3620 3600 3621 0
3552 3542 3553 0
3523 3513 3532 0
3524 3523 3542 0
3524 3503 3523 0
3668 3669 3688 0
3612 3631 3630 0
3625 3627 3644 0
3683 3686 3689 0
3666 3683 3664 0
3666 3686 3683 0
3646 3666 3664 0
3646 3647 3666 0
3522 3536 3519 0
3611 3612 3630 0
3621 3601 3622 0
3531 3514 3512 0
3552 3562 3542 0
3573 3552 3553 0
3573 3562 3552 0
3612 3591 3590 0
3562 3561 3542 0
3591 3582 3573 0
3590 3591 3573 0
3611 3601 3591 0
3582 3600 3581 0
3541 3524 3542 0
3522 3524 3540 0
3571 3553 3549 0
3616 3620 3623 0
3617 3616 3635 0
3595 3599 3616 0
3577 3557 3564 0
3595 3577 3583 0
3578 3558 3577 0
3600 3620 3599 0
3541 3561 3540 0
3601 3621 3600 0
3503 3482 3493 0
3524 3504 3503 0
3522 3519 3504 0
3536 3540 3545 0
3537 3536 3557 0
3523 3503 3513 0
3514 3532 3513 0
3541 3540 3524 0
3536 3522 3540 0
3483 3500 3479 0
3504 3483 3482 0
3504 3500 3483 0
3519 3500 3504 0
3519 3518 3500 0
3518 3519 3537 0
3511 3510 3490 0
3499 3500 3518 0
3608 3627 3607 0
3609 3608 3588 0
3628 3627 3608 0
3499 3479 3500 0
3529 3550 3549 0
3530 3529 3510 0
3530 3551 3529 0
3482 3503 3504 0
3463 3473 3482 0
3474 3455 3464 0
3473 3474 3494 0
3473 3455 3474 0
3560 3559 3580 0
3597 3598 3580 0
3544 3525 3539 0
3609 3619 3628 0
3608 3609 3628 0
3598 3619 3609 0
3580 3598 3579 0
3598 3618 3619 0
3543 3525 3544 0
3551 3543 3563 0
3551 3530 3543 0
3560 3539 3559 0
3551 3568 3572 0
3509 3511 3491 0
3530 3510 3511 0
3551 3550 3529 0
3544 3560 3563 0
3543 3544 3563 0
3539 3560 3544 0
3572 3586 3590 0
3551 3572 3550 0
3568 3586 3572 0
3563 3568 3551 0
3587 3586 3568 0
3571 3550 3572 0
3492 3495 3475 0
3470 3490 3472 0
3453 3470 3472 0
3453 3471 3470 0
3434 3453 3456 0
3431 3430 3451 0
3512 3495 3492 0
3444 3464 3455 0
3406 3426 3425 0
3427 3434 3446 0
3431 3453 3434 0
3472 3475 3456 0
3453 3472 3456 0
3492 3475 3472 0
3494 3495 3514 0
3494 3474 3495 0
3466 3485 3471 0
3538 3559 3539 0
3529 3512 3510 0
3543 3530 3525 0
3605 3612 3590 0
3607 3605 3586 0
3625 3612 3605 0
3531 3512 3529 0
3549 3531 3529 0
3549 3553 3531 0
3572 3590 3571 0
3607 3586 3587 0
3612 3611 3591 0
3532 3514 3531 0
3553 3532 3531 0
3553 3542 3532 0
3571 3573 3553 0
3550 3571 3549 0
3590 3573 3571 0
3605 3590 3586 0
3591 3601 3582 0
3542 3523 3532 0
3478 3479 3499 0
3440 3459 3437 0
3482 3483 3479 0
3478 3459 3479 0
3521 3525 3509 0
3538 3539 3520 0
3513 3503 3493 0
3459 3440 3462 0
3420 3440 3437 0
3521 3539 3525 0
3511 3509 3530 0
3451 3453 3431 0
3452 3451 3430 0
3438 3452 3430 0
3481 3502 3501 0
3471 3453 3451 0
3492 3490 3510 0
3492 3472 3490 0
3501 3502 3521 0
3505 3501 3521 0
3486 3466 3480 0
3501 3486 3480 0
3505 3485 3486 0
3462 3482 3479 0
3459 3462 3479 0
3440 3441 3462 0
3401 3381 3392 0
3463 3482 3462 0
3441 3463 3462 0
3441 3454 3463 0
3412 3401 3392 0
3432 3412 3413 0
3433 3432 3413 0
3441 3421 3432 0
3401 3400 3381 0
3421 3401 3412 0
3432 3421 3412 0
3440 3420 3421 0
3420 3400 3401 0
3407 3406 3386 0
3388 3407 3387 0
3426 3406 3407 0
3392 3372 3393 0
3405 3413 3393 0
3400 3380 3381 0
3509 3525 3530 0
3471 3451 3452 0
3466 3471 3452 0
3460 3466 3452 0
3485 3491 3471 0
3486 3485 3466 0
3505 3491 3485 0
3491 3490 3470 0
3490 3491 3511 0
3491 3470 3471 0
3521 3520 3539 0
3505 3521 3509 0
3491 3505 3509 0
3466 3460 3480 0
3502 3520 3521 0
3414 3431 3434 0
3427 3414 3434 0
3394 3391 3411 0
3460 3438 3461 0
3481 3480 3461 0
3452 3438 3460 0
3411 3430 3431 0
3414 3411 3431 0
3391 3399 3411 0
3480 3460 3461 0
3501 3480 3481 0
3501 3505 3486 0
3381 3362 3372 0
3402 3412 3392 0
3393 3402 3392 0
3393 3413 3402 0
3380 3362 3381 0
3399 3419 3417 0
3419 3418 3439 0
3417 3419 3438 0
3398 3418 3419 0
3362 3380 3361 0
3340 3341 3361 0
3372 3392 3381 0
3372 3382 3393 0
3350 3331 3330 0
3361 3341 3362 0
3340 3318 3341 0
3295 3317 3297 0
3295 3318 3317 0
3295 3284 3306 0
3274 3295 3297 0
3299 3274 3297 0
3271 3259 3284 0
3250 3271 3274 0
3251 3250 3274 0
3221 3220 3197 0
3251 3226 3250 0
3251 3227 3226 0
3220 3226 3227 0
3219 3245 3222 0
3245 3259 3271 0
3222 3245 3246 0
3234 3258 3245 0
3274 3271 3295 0
3307 3330 3331 0
3284 3307 3306 0
3282 3257 3281 0
3281 3257 3256 0
3232 3253 3256 0
3300 3305 3281 0
3330 3305 3324 0
3282 3283 3257 0
3305 3282 3281 0
3307 3283 3282 0
3295 3271 3284 0
3220 3227 3202 0
3300 3325 3324 0
3307 3282 3305 0
3254 3253 3231 0
3300 3278 3303 0
3281 3256 3278 0
3331 3341 3318 0
3350 3341 3331 0
3324 3345 3330 0
3351 3362 3341 0
3372 3351 3350 0
3372 3362 3351 0
3340 3317 3318 0
3405 3386 3406 0
3388 3408 3407 0
3253 3279 3278 0
3231 3253 3232 0
3254 3279 3253 0
3230 3255 3231 0
3280 3304 3279 0
3325 3303 3328 0
3300 3281 3278 0
3271 3246 3245 0
3203 3178 3179 0
3209 3208 3233 0
3198 3195 3219 0
3222 3199 3198 0
3234 3245 3219 0
3220 3202 3197 0
3246 3220 3221 0
3246 3226 3220 0
3173 3175 3198 0
3175 3170 3195 0
3259 3283 3284 0
3199 3196 3174 0
3219 3222 3198 0
3221 3196 3199 0
3258 3257 3283 0
3259 3258 3283 0
3234 3209 3235 0
3246 3250 3226 0
3219 3195 3209 0
3255 3254 3231 0
3229 3255 3230 0
3239 3264 3255 0
3328 3304 3327 0
3279 3303 3278 0
3280 3279 3254 0
3304 3303 3279 0
3307 3284 3283 0
3318 3306 3331 0
3318 3295 3306 0
3258 3235 3257 0
3199 3174 3173 0
3149 3124 3148 0
3127 3129 3151 0
3153 3130 3152 0
3345 3365 3350 0
3330 3345 3350 0
3324 3325 3345 0
3233 3232 3256 0
3122 3137 3146 0
3184 3206 3207 0
3325 3346 3345 0
3346 3325 3328 0
3348 3346 3328 0
3366 3365 3346 0
3350 3351 3341 0
3365 3372 3350 0
3426 3407 3408 0
3365 3345 3346 0
3385 3365 3366 0
3382 3372 3365 0
3352 3336 3358 0
3373 3374 3352 0
3366 3386 3385 0
3382 3365 3385 0
3348 3327 3347 0
3366 3348 3368 0
3328 3327 3348 0
3417 3430 3411 0
3398 3419 3399 0
3438 3430 3417 0
3439 3438 3419 0
3439 3461 3438 0
3411 3399 3417 0
3414 3394 3411 0
3408 3388 3394 0
3427 3408 3414 0
3427 3426 3408 0
3414 3408 3394 0
3456 3446 3434 0
3446 3464 3445 0
3369 3367 3352 0
3388 3369 3374 0
3387 3368 3367 0
3352 3347 3342 0
3394 3374 3373 0
3388 3387 3369 0
3352 3374 3369 0
3336 3352 3342 0
3358 3373 3352 0
3374 3394 3388 0
3378 3373 3358 0
3391 3394 3373 0
3137 3135 3158 0
3278 3256 3253 0
3280 3264 3277 0
3213 3239 3229 0
3217 3192 3193 0
3265 3240 3266 0
3289 3265 3266 0
3239 3240 3265 0
3213 3192 3214 0
3326 3327 3302 0
3206 3184 3182 0
3232 3207 3231 0
3232 3233 3207 0
3257 3235 3256 0
3152 3130 3128 0
3122 3146 3128 0
3175 3173 3153 0
3280 3255 3264 0
3307 3331 3306 0
3207 3233 3208 0
3348 3347 3368 0
3398 3379 3397 0
3418 3398 3397 0
3378 3391 3373 0
3379 3378 3359 0
3399 3391 3378 0
3475 3474 3464 0
3456 3475 3464 0
3495 3474 3475 0
3493 3494 3513 0
3493 3473 3494 0
3433 3424 3444 0
3432 3433 3454 0
3413 3424 3433 0
3440 3421 3441 0
3412 3402 3413 0
3421 3420 3401 0
3382 3385 3393 0
3494 3514 3513 0
3444 3425 3445 0
3433 3444 3455 0
3424 3425 3444 0
3441 3432 3454 0
3393 3385 3405 0
3495 3512 3514 0
3446 3426 3427 0
3464 3446 3456 0
3445 3426 3446 0
3444 3445 3464 0
3425 3426 3445 0
3454 3433 3455 0
3407 3386 3387 0
3424 3406 3425 0
3405 3385 3386 0
3424 3405 3406 0
3424 3413 3405 0
3492 3510 3512 0
3275 3274 3299 0
3275 3251 3274 0
3298 3276 3299 0
3252 3236 3228 0
3276 3252 3275 0
3260 3236 3252 0
3259 3245 3258 0
3275 3252 3251 0
3202 3227 3203 0
3171 3196 3172 0
3250 3246 3271 0
3102 3080 3078 0
3100 3103 3123 0
3100 3079 3103 0
3083 3062 3076 0
3099 3083 3076 0
3099 3104 3083 0
3109 3104 3107 0
3130 3109 3128 0
3085 3104 3109 0
3085 3082 3104 0
3110 3085 3109 0
3129 3110 3130 0
3086 3085 3110 0
3082 3062 3083 0
3063 3082 3085 0
3063 3062 3082 0
3359 3358 3337 0
3734 3749 3751 0
3733 3734 3751 0
3714 3730 3734 0
3714 3734 3733 0
3734 3730 3749 0
3714 3711 3730 0
3713 3714 3733 0
3713 3693 3694 0
3694 3711 3714 0
3673 3693 3672 0
3711 3694 3691 0
3714 3713 3694 0
3673 3691 3694 0
3673 3685 3691 0
3693 3673 3694 0
3672 3653 3673 0
3653 3665 3673 0
3673 3665 3685 0
3663 3653 3672 0
3663 3643 3653 0
3645 3665 3653 0
3653 3643 3634 0
3634 3645 3653 0
3624 3634 3643 0
3615 3626 3634 0
3634 3624 3615 0
3645 3634 3626 0
3615 3606 3626 0
3604 3615 3624 0
3604 3594 3615 0
3594 3606 3615 0
3594 3603 3606 0
3602 3594 3604 0
3602 3584 3594 0
3585 3603 3594 0
3584 3576 3594 0
3576 3556 3567 0
3594 3576 3585 0
3584 3566 3576 0
3556 3576 3566 0
3576 3567 3585 0
3535 3546 3526 0
3527 3535 3517 0
3556 3546 3535 0
3567 3556 3547 0
3566 3546 3556 0
3535 3527 3547 0
3526 3517 3535 0
3547 3556 3535 0
3517 3507 3527 0
3506 3517 3526 0
3498 3487 3477 0
3498 3507 3517 0
3498 3506 3487 0
3488 3498 3477 0
3517 3506 3498 0
3498 3488 3507 0
3467 3477 3487 0
3458 3468 3477 0
3477 3467 3458 0
3458 3436 3449 0
3488 3477 3468 0
3467 3448 3458 0
3448 3436 3458 0
3458 3449 3468 0
3436 3429 3449 0
3428 3436 3448 0
3428 3409 3416 0
3436 3416 3429 0
3416 3410 3429 0
3428 3416 3436 0
3409 3389 3396 0
3396 3390 3410 0
3409 3396 3416 0
3389 3376 3396 0
3396 3410 3416 0
3389 3370 3376 0
3396 3376 3390 0
3356 3355 3376 0
3376 3371 3390 0
3356 3376 3370 0
3355 3371 3376 0
3355 3349 3371 0
3334 3333 3356 0
3333 3349 3355 0
3310 3334 3319 0
3349 3333 3329 0
3355 3356 3333 0
3333 3309 3329 0
3310 3287 3309 0
3334 3310 3333 0
3319 3296 3310 0
3296 3287 3310 0
3311 3288 3296 0
3296 3319 3311 0
3263 3273 3288 0
3310 3309 3333 0
3287 3286 3309 0
3288 3273 3296 0
3262 3286 3287 0
3273 3287 3296 0
3249 3273 3263 0
3262 3261 3286 0
3249 3262 3273 0
3249 3237 3262 0
3262 3237 3261 0
3287 3273 3262 0
3263 3238 3249 0
3118 3142 3119 0
3225 3212 3201 0
3167 3145 3169 0
3188 3164 3167 0
3213 3188 3192 0
3213 3204 3188 0
3164 3150 3145 0
3192 3188 3167 0
3180 3157 3164 0
3360 3359 3338 0
3339 3360 3338 0
3357 3377 3360 0
3358 3336 3337 0
3378 3379 3399 0
3338 3359 3337 0
3336 3313 3337 0
3339 3357 3360 0
3379 3398 3399 0
3360 3379 3359 0
3360 3377 3379 0
3359 3378 3358 0
3117 3131 3118 0
3186 3187 3162 0
3118 3119 3095 0
3093 3118 3095 0
3131 3142 3118 0
3216 3212 3238 0
3166 3176 3190 0
3187 3212 3190 0
3223 3244 3218 0
3242 3223 3215 0
3242 3268 3247 0
3165 3189 3177 0
3242 3215 3216 0
3243 3242 3216 0
3238 3243 3216 0
3263 3288 3269 0
3247 3244 3223 0
3242 3247 3223 0
3268 3270 3247 0
3201 3212 3187 0
3186 3201 3187 0
3211 3237 3225 0
3136 3135 3113 0
3097 3120 3096 0
3326 3302 3301 0
3320 3326 3301 0
3342 3347 3326 0
3166 3165 3142 0
3320 3301 3312 0
3336 3320 3312 0
3336 3342 3320 0
3120 3098 3096 0
3167 3193 3192 0
3143 3168 3144 0
3194 3193 3169 0
3134 3112 3126 0
3114 3134 3136 0
3096 3075 3081 0
3097 3096 3081 0
3098 3075 3096 0
3121 3098 3120 0
3105 3088 3098 0
3166 3154 3176 0
3165 3166 3191 0
3142 3154 3166 0
3154 3142 3131 0
3140 3154 3131 0
3163 3187 3176 0
3269 3268 3243 0
3263 3269 3243 0
3288 3293 3269 0
3186 3211 3201 0
3302 3327 3304 0
3238 3212 3225 0
3314 3316 3338 0
3291 3294 3314 0
3313 3291 3314 0
3290 3266 3267 0
3312 3290 3313 0
3272 3270 3294 0
3267 3272 3291 0
3267 3248 3272 0
3290 3267 3291 0
3266 3240 3241 0
3312 3301 3289 0
3239 3213 3240 0
3293 3311 3315 0
3225 3201 3211 0
3249 3225 3237 0
3249 3238 3225 0
3204 3213 3229 0
3205 3204 3229 0
3180 3164 3188 0
3182 3181 3205 0
3150 3134 3126 0
3167 3164 3145 0
3157 3134 3150 0
3277 3289 3301 0
3302 3277 3301 0
3264 3265 3289 0
3218 3200 3223 0
3224 3217 3244 0
3248 3224 3244 0
3248 3241 3224 0
3194 3200 3218 0
3314 3337 3313 0
3303 3325 3300 0
3314 3338 3337 0
3315 3339 3316 0
3335 3357 3339 0
3397 3379 3377 0
3386 3368 3387 0
3290 3291 3313 0
3315 3316 3294 0
3335 3315 3311 0
3335 3339 3315 0
3339 3338 3316 0
3146 3159 3160 0
3135 3137 3122 0
3158 3159 3137 0
3136 3158 3135 0
3157 3180 3158 0
3230 3205 3229 0
3230 3231 3206 0
3292 3315 3294 0
3270 3292 3294 0
3288 3311 3293 0
3156 3161 3138 0
3147 3171 3172 0
3138 3133 3156 0
3123 3125 3147 0
3203 3185 3178 0
2955 2938 2934 0
2954 2955 2934 0
2977 2978 2956 0
3141 3132 3119 0
3051 3038 3027 0
3081 3061 3074 0
3060 3039 3061 0
3075 3060 3081 0
3039 3038 3061 0
3052 3039 3060 0
3088 3066 3075 0
3028 3003 3004 0
3075 3066 3052 0
3046 3023 3021 0
3004 2995 3015 0
3111 3094 3119 0
3143 3120 3132 0
3087 3094 3111 0
3097 3087 3111 0
3074 3071 3087 0
3060 3061 3081 0
3071 3094 3087 0
3061 3051 3074 0
3050 3026 3025 0
3071 3049 3073 0
3051 3027 3049 0
3002 3001 3026 0
3038 3018 3017 0
2978 3001 3002 0
3050 3048 3072 0
3001 3000 3025 0
3027 3002 3026 0
2977 3000 3001 0
3024 3048 3025 0
2979 2982 2961 0
2978 2977 3001 0
2982 2962 2960 0
3004 2982 2995 0
2980 3003 2998 0
2981 2980 2959 0
2981 3003 2980 0
3028 3036 3052 0
2996 3015 2995 0
3018 3038 3039 0
2996 3018 3015 0
2996 3017 3018 0
2985 2966 2986 0
2937 2957 2935 0
2913 2914 2935 0
2915 2895 2917 0
2937 2915 2936 0
2893 2895 2915 0
2959 2980 2957 0
2914 2915 2937 0
2958 2981 2959 0
3021 3044 3046 0
3028 3021 3003 0
3028 3044 3021 0
3066 3067 3044 0
3052 3066 3044 0
3088 3067 3066 0
3047 3022 3023 0
2849 2825 2826 0
2940 2962 2958 0
2936 2940 2958 0
2919 2897 2918 0
2873 2874 2895 0
2876 2851 2864 0
2897 2876 2886 0
2852 2851 2876 0
2884 2899 2905 0
2885 2884 2905 0
2878 2899 2884 0
2862 2878 2884 0
2904 2885 2905 0
2854 2878 2862 0
2855 2853 2877 0
2870 2892 2891 0
2846 2870 2861 0
2846 2871 2870 0
2913 2891 2892 0
2914 2913 2892 0
2935 2931 2913 0
2949 2931 2952 0
2949 2928 2931 0
2877 2865 2887 0
2878 2877 2898 0
2853 2865 2877 0
2871 2848 2873 0
2892 2871 2893 0
2846 2848 2871 0
3732 3731 3712 0
3750 3732 3748 0
3750 3731 3732 0
3748 3732 3729 0
3731 3725 3712 0
3732 3712 3729 0
3712 3706 3692 0
3692 3690 3710 0
3712 3692 3710 0
3729 3712 3710 0
3725 3706 3712 0
3706 3687 3692 0
3671 3687 3667 0
3690 3671 3670 0
3692 3687 3671 0
3692 3671 3690 0
3671 3667 3652 0
3652 3651 3670 0
3671 3652 3670 0
3667 3648 3652 0
3652 3648 3633 0
3633 3632 3651 0
3652 3633 3651 0
3648 3629 3633 0
3633 3629 3614 0
3632 3633 3614 0
3614 3610 3593 0
3614 3613 3632 0
3610 3614 3629 0
3593 3613 3614 0
3589 3593 3610 0
3592 3613 3593 0
3593 3589 3575 0
3575 3592 3593 0
3570 3575 3589 0
3574 3592 3575 0
3575 3570 3555 0
3555 3570 3548 0
3574 3555 3554 0
3574 3575 3555 0
3534 3555 3548 0
3554 3555 3534 0
3534 3528 3516 0
3516 3528 3508 0
3533 3516 3515 0
3534 3548 3528 0
3533 3534 3516 0
3533 3554 3534 0
3516 3508 3497 0
3497 3508 3489 0
3515 3497 3496 0
3515 3516 3497 0
3476 3497 3489 0
3496 3497 3476 0
3457 3476 3469 0
3476 3484 3496 0
3469 3476 3489 0
3457 3465 3476 0
3457 3450 3435 0
3484 3476 3465 0
3469 3450 3457 0
3465 3457 3447 0
3435 3450 3442 0
3435 3442 3422 0
3447 3435 3443 0
3447 3457 3435 0
3415 3435 3422 0
3423 3443 3435 0
3422 3403 3415 0
3415 3403 3395 0
3423 3415 3404 0
3423 3435 3415 0
3404 3415 3395 0
3395 3384 3404 0
3383 3395 3403 0
3383 3363 3375 0
3384 3395 3375 0
3375 3395 3383 0
3354 3363 3344 0
3364 3375 3353 0
3364 3384 3375 0
3375 3363 3354 0
3332 3344 3323 0
3332 3354 3344 0
3308 3332 3323 0
3322 3343 3332 0
3353 3375 3354 0
3353 3354 3332 0
3332 3308 3322 0
3322 3321 3343 0
3353 3332 3343 0
3308 3285 3298 0
3252 3276 3260 0
3322 3298 3299 0
3322 3308 3298 0
3321 3322 3299 0
3227 3251 3252 0
3321 3299 3297 0
3276 3285 3260 0
3299 3276 3275 0
3298 3285 3276 0
3228 3210 3203 0
3203 3210 3185 0
3178 3185 3161 0
3153 3151 3129 0
3130 3153 3129 0
3152 3175 3153 0
3156 3147 3172 0
3148 3127 3151 0
3228 3236 3210 0
3227 3228 3203 0
3227 3252 3228 0
3148 3124 3127 0
3173 3148 3151 0
3174 3149 3148 0
3147 3149 3171 0
3125 3124 3149 0
3156 3178 3161 0
3133 3147 3156 0
3115 3133 3138 0
3123 3147 3133 0
3147 3125 3149 0
3054 3077 3055 0
3084 3101 3077 0
3064 3086 3065 0
3106 3101 3084 0
3108 3106 3084 0
3127 3124 3106 0
3057 3080 3056 0
3103 3079 3080 0
3117 3118 3093 0
3163 3140 3139 0
3140 3131 3117 0
3139 3140 3117 0
3163 3154 3140 0
3162 3163 3139 0
3216 3190 3212 0
3263 3243 3238 0
3215 3191 3216 0
3165 3191 3189 0
3176 3187 3190 0
3191 3166 3190 0
3154 3163 3176 0
3080 3079 3056 0
3057 3055 3078 0
3033 3057 3056 0
3034 3055 3057 0
3102 3125 3103 0
3080 3102 3103 0
3078 3077 3101 0
3101 3102 3078 0
3065 3084 3077 0
3124 3102 3101 0
3125 3123 3103 0
3139 3117 3116 0
3116 3117 3093 0
3094 3071 3073 0
3163 3162 3187 0
3028 3052 3044 0
3015 3028 3004 0
3036 3039 3052 0
3015 3036 3028 0
3015 3018 3036 0
3067 3088 3090 0
3017 3002 3027 0
3038 3017 3027 0
2996 3002 3017 0
3039 3036 3018 0
2979 3002 2996 0
3168 3194 3169 0
3034 3057 3033 0
3055 3032 3031 0
3080 3057 3078 0
3034 3032 3055 0
2945 2922 2930 0
2951 2967 2945 0
2929 2950 2930 0
2973 2967 2951 0
2987 2988 2968 0
3123 3133 3115 0
3100 3123 3115 0
3086 3064 3085 0
3065 3042 3064 0
3011 2989 3009 0
2921 2899 2898 0
2907 2921 2898 0
2966 2965 2944 0
2971 2966 2949 0
2971 2986 2966 0
2963 2984 2983 0
2965 2964 2943 0
2965 2985 2964 0
2950 2963 2972 0
2899 2920 2908 0
2943 2964 2942 0
3040 3037 3058 0
3041 3040 3063 0
3019 3037 3040 0
3053 3068 3076 0
3107 3122 3128 0
3099 3107 3104 0
3099 3122 3107 0
3082 3083 3104 0
3113 3135 3122 0
3089 3113 3099 0
3089 3091 3113 0
3109 3130 3110 0
3114 3136 3113 0
3090 3114 3091 0
3112 3134 3114 0
3090 3112 3114 0
3090 3088 3112 0
3326 3347 3327 0
3089 3099 3076 0
3179 3197 3202 0
3172 3179 3178 0
3172 3197 3179 0
3156 3172 3178 0
3221 3199 3222 0
3246 3221 3222 0
3197 3196 3221 0
3203 3179 3202 0
3173 3174 3148 0
3195 3198 3175 0
3198 3199 3173 0
3172 3196 3197 0
3173 3151 3153 0
3171 3174 3196 0
3171 3149 3174 0
3055 3077 3078 0
3043 3054 3031 0
3059 3065 3077 0
3043 3059 3054 0
3043 3065 3059 0
3105 3112 3088 0
3075 3098 3088 0
3126 3112 3105 0
3188 3204 3180 0
3128 3109 3107 0
3170 3175 3152 0
3146 3170 3152 0
3128 3146 3152 0
3137 3159 3146 0
3183 3195 3170 0
3160 3183 3170 0
3146 3160 3170 0
3159 3182 3160 0
3208 3209 3195 0
3184 3208 3183 0
3184 3207 3208 0
3182 3184 3160 0
3181 3182 3159 0
3158 3181 3159 0
3180 3204 3181 0
3206 3231 3207 0
3205 3206 3182 0
3205 3230 3206 0
3209 3234 3219 0
3183 3208 3195 0
3235 3258 3234 0
3233 3235 3209 0
3233 3256 3235 0
3045 3068 3053 0
3102 3124 3125 0
3035 3043 3031 0
3108 3129 3127 0
3086 3108 3084 0
3086 3110 3108 0
3065 3086 3084 0
3064 3063 3085 0
3101 3106 3124 0
3063 3064 3042 0
3108 3127 3106 0
3110 3129 3108 0
3091 3114 3113 0
3367 3347 3352 0
3387 3367 3369 0
3368 3347 3367 0
3366 3368 3386 0
3366 3346 3348 0
3145 3150 3126 0
3181 3158 3180 0
3136 3134 3157 0
3289 3266 3290 0
3312 3289 3290 0
3277 3264 3289 0
3254 3255 3280 0
3239 3265 3264 0
3248 3244 3270 0
3272 3248 3270 0
3241 3214 3224 0
3266 3241 3267 0
3214 3192 3217 0
3240 3214 3241 0
3240 3213 3214 0
3313 3336 3312 0
3300 3324 3305 0
3205 3181 3204 0
3158 3136 3157 0
3280 3302 3304 0
3229 3239 3255 0
3277 3302 3280 0
3217 3193 3218 0
3244 3217 3218 0
3224 3214 3217 0
3320 3342 3326 0
3305 3330 3307 0
3160 3184 3183 0
3041 3042 3020 0
3019 3041 3020 0
3019 3040 3041 0
3043 3035 3020 0
3065 3043 3042 0
3059 3077 3054 0
3068 3047 3069 0
3303 3304 3328 0
3145 3126 3121 0
3193 3167 3169 0
3164 3157 3150 0
3247 3270 3244 0
3243 3268 3242 0
3292 3270 3268 0
3269 3292 3268 0
3293 3315 3292 0
3314 3294 3316 0
3215 3223 3200 0
3190 3216 3191 0
3293 3292 3269 0
3291 3272 3294 0
3215 3189 3191 0
3215 3200 3189 0
3267 3241 3248 0
3193 3194 3218 0
3194 3177 3200 0
3145 3121 3144 0
3177 3189 3200 0
3099 3113 3122 0
3168 3143 3155 0
3177 3168 3155 0
3144 3121 3143 0
3169 3144 3168 0
3169 3145 3144 0
3105 3121 3126 0
3155 3132 3141 0
3194 3168 3177 0
3143 3132 3155 0
3105 3098 3121 0
3155 3165 3177 0
3120 3111 3132 0
3121 3120 3143 0
3097 3074 3087 0
3120 3097 3111 0
3081 3074 3097 0
3141 3142 3165 0
3155 3141 3165 0
3119 3142 3141 0
3111 3119 3132 0
3094 3095 3119 0
3054 3055 3031 0
3010 3034 3033 0
3011 3032 3034 0
3093 3070 3092 0
3116 3093 3092 0
3095 3094 3073 0
3093 3095 3072 0
3011 3034 3010 0
2990 3011 3010 0
3067 3046 3044 0
3069 3067 3090 0
3069 3046 3067 0
3050 3073 3049 0
3070 3072 3048 0
3070 3093 3072 0
2948 2969 2970 0
3008 2988 2987 0
2947 2969 2948 0
3009 2989 2988 0
2990 2970 2989 0
2947 2925 2946 0
2968 2969 2947 0
2945 2967 2946 0
2988 2969 2968 0
2948 2925 2947 0
3052 3060 3075 0
2979 2996 2995 0
3051 3071 3074 0
3038 3051 3061 0
3027 3026 3049 0
2978 3002 2979 0
3073 3072 3095 0
3051 3049 3071 0
3050 3025 3048 0
3073 3050 3072 0
3049 3026 3050 0
2976 2975 2999 0
3024 3000 2999 0
2976 2955 2954 0
2956 2955 2977 0
2979 2961 2978 0
2938 2955 2956 0
2934 2933 2954 0
2925 2923 2946 0
2982 2979 2995 0
2938 2961 2939 0
2956 2978 2961 0
3000 3024 3025 0
3000 2976 2999 0
3026 3001 3025 0
2977 2976 3000 0
2925 2924 2903 0
2954 2933 2953 0
2975 2954 2953 0
2976 2977 2955 0
2903 2924 2901 0
2879 2882 2901 0
2925 2948 2924 0
2902 2925 2903 0
2902 2900 2923 0
2811 2833 2812 0
2933 2932 2953 0
2975 2976 2954 0
2934 2916 2912 0
2916 2927 2906 0
2890 2912 2894 0
2872 2890 2894 0
2868 2867 2889 0
2934 2938 2916 0
2911 2932 2933 0
2796 2788 2774 0
2911 2910 2932 0
2912 2911 2933 0
2912 2890 2911 0
2844 2824 2823 0
2868 2872 2847 0
2866 2867 2843 0
2911 2888 2910 0
2844 2867 2868 0
2866 2888 2867 0
2847 2827 2824 0
2864 2886 2876 0
2843 2867 2844 0
2916 2938 2939 0
2851 2829 2827 0
2876 2897 2875 0
2844 2868 2847 0
2919 2941 2940 0
2886 2906 2897 0
2927 2941 2918 0
2894 2916 2906 0
2886 2894 2906 0
2872 2868 2890 0
2939 2941 2927 0
2852 2828 2829 0
2875 2896 2874 0
2864 2872 2886 0
2847 2864 2851 0
2847 2872 2864 0
2941 2962 2940 0
2981 2982 3004 0
3003 2981 3004 0
2958 2962 2981 0
2981 2962 2982 0
2998 2974 2980 0
2875 2850 2852 0
2876 2875 2852 0
2897 2896 2875 0
2917 2895 2896 0
2897 2919 2896 0
2940 2936 2917 0
2959 2936 2958 0
2959 2937 2936 0
2893 2871 2873 0
2870 2871 2892 0
2874 2850 2875 0
2895 2874 2896 0
2849 2850 2874 0
2960 2961 2982 0
2939 2960 2962 0
2939 2961 2960 0
2831 2807 2810 0
2854 2831 2832 0
2838 2860 2839 0
2835 2834 2858 0
2836 2835 2859 0
2813 2834 2835 0
2863 2857 2860 0
2882 2903 2901 0
2789 2786 2808 0
2767 2787 2766 0
2788 2809 2810 0
2786 2766 2787 0
2810 2807 2787 0
2771 2790 2792 0
2749 2771 2750 0
2768 2790 2771 0
2807 2808 2786 0
2770 2791 2769 0
2748 2770 2769 0
2790 2812 2792 0
2808 2811 2789 0
2814 2791 2792 0
2927 2916 2939 0
2785 2765 2772 0
2677 2676 2698 0
2697 2677 2698 0
2699 2697 2719 0
2699 2677 2697 0
2722 2700 2720 0
2656 2677 2678 0
2656 2655 2677 0
2718 2738 2719 0
2822 2843 2823 0
2821 2822 2801 0
2821 2843 2822 0
2763 2764 2785 0
2724 2702 2722 0
2739 2738 2759 0
2824 2827 2804 0
2801 2822 2823 0
2888 2911 2889 0
2823 2843 2844 0
2802 2823 2824 0
2802 2801 2823 0
2842 2866 2843 0
2762 2783 2773 0
2751 2732 2730 0
2753 2751 2773 0
2753 2732 2751 0
2784 2785 2806 0
2783 2784 2805 0
2763 2785 2784 0
2742 2763 2762 0
2744 2724 2722 0
2745 2744 2765 0
2745 2724 2744 0
2700 2679 2678 0
2702 2700 2722 0
2702 2679 2700 0
2703 2702 2724 0
2658 2657 2679 0
2782 2781 2804 0
2815 2793 2804 0
2761 2760 2782 0
2744 2761 2765 0
2739 2719 2738 0
2740 2739 2759 0
2740 2719 2739 0
2827 2815 2804 0
2763 2783 2762 0
2829 2806 2815 0
2829 2828 2806 0
2848 2825 2849 0
2937 2959 2957 0
2846 2861 2841 0
2935 2957 2952 0
2931 2935 2952 0
2914 2893 2915 0
2935 2914 2937 0
2892 2893 2914 0
2869 2870 2891 0
2887 2869 2891 0
2865 2845 2869 0
2917 2936 2915 0
2841 2840 2820 0
2819 2841 2820 0
2861 2840 2841 0
2952 2957 2974 0
2985 2965 2966 0
2931 2909 2913 0
2865 2869 2887 0
2898 2877 2887 0
2845 2861 2869 0
2873 2849 2874 0
2893 2873 2895 0
2848 2849 2873 0
2840 2830 2818 0
2820 2840 2818 0
2845 2830 2840 0
2870 2869 2861 0
2830 2832 2809 0
2818 2830 2809 0
2853 2832 2830 0
2865 2853 2845 0
2898 2899 2878 0
3014 3013 3035 0
3031 3014 3035 0
2994 2993 3014 0
2942 2920 2943 0
3016 3029 3037 0
2985 3006 3005 0
2985 2986 3006 0
3013 2997 3020 0
2907 2887 2909 0
2921 2907 2928 0
2898 2887 2907 0
3030 3045 3053 0
3037 3029 3053 0
3007 3022 3030 0
2986 3007 3006 0
2986 2991 3007 0
3029 3005 3006 0
3019 3016 3037 0
2997 3005 3016 0
3020 2997 3019 0
2983 3005 2997 0
2971 2952 2974 0
2986 2971 2991 0
2949 2952 2971 0
2943 2921 2944 0
2965 2943 2944 0
2949 2966 2944 0
2985 2984 2964 0
2964 2984 2963 0
2928 2907 2909 0
2991 2998 3012 0
3007 3030 3006 0
3022 3045 3030 0
3012 3022 3007 0
3012 3023 3022 0
3003 3021 2998 0
3069 3091 3068 0
3046 3069 3047 0
3090 3091 3069 0
3068 3089 3076 0
3047 3068 3045 0
3091 3089 3068 0
3058 3062 3040 0
3076 3058 3053 0
3076 3062 3058 0
3053 3058 3037 0
3040 3062 3063 0
2813 2814 2792 0
2812 2813 2792 0
2812 2834 2813 0
3013 2993 2992 0
3035 3013 3020 0
2993 2972 2992 0
3014 2993 3013 0
2973 2972 2993 0
2994 2973 2993 0
3008 2994 3014 0
2987 2973 2994 0
2990 2989 3011 0
2946 2923 2945 0
2967 2968 2946 0
2930 2951 2945 0
2987 2968 2967 0
2969 2989 2970 0
2946 2968 2947 0
2988 2989 2969 0
2930 2926 2929 0
2987 2967 2973 0
2922 2926 2930 0
3008 3014 3031 0
3032 3008 3031 0
2987 2994 3008 0
2926 2908 2929 0
2997 3016 3019 0
2984 3005 2983 0
2984 2985 3005 0
3029 3006 3030 0
3053 3029 3030 0
3016 3005 3029 0
2909 2887 2891 0
2913 2909 2891 0
2931 2928 2909 0
2944 2928 2949 0
2944 2921 2928 0
3022 3047 3045 0
2991 3012 3007 0
3023 3046 3047 0
2998 3023 3012 0
2998 3021 3023 0
3041 3063 3042 0
3020 3042 3043 0
2835 2858 2859 0
2833 2834 2812 0
2833 2857 2834 0
2963 2942 2964 0
2972 2963 2983 0
2950 2942 2963 0
2973 2951 2972 0
2908 2920 2929 0
2905 2908 2926 0
2920 2921 2943 0
2929 2920 2942 0
2899 2921 2920 0
2811 2790 2789 0
2839 2860 2857 0
2833 2839 2857 0
2833 2817 2839 0
2831 2817 2808 0
2838 2854 2860 0
2831 2838 2817 0
2831 2854 2838 0
2812 2790 2811 0
2834 2857 2858 0
2817 2833 2811 0
2817 2838 2839 0
2835 2814 2813 0
2922 2923 2900 0
2905 2926 2904 0
3009 3008 3032 0
3011 3009 3032 0
2988 3008 3009 0
2950 2929 2942 0
2951 2950 2972 0
2951 2930 2950 0
2904 2926 2922 0
2905 2899 2908 0
2992 2997 3013 0
2983 2992 2972 0
2983 2997 2992 0
2882 2881 2903 0
2859 2882 2879 0
2859 2881 2882 0
2923 2925 2902 0
2904 2922 2900 0
2922 2945 2923 0
2859 2879 2856 0
2836 2859 2856 0
2858 2881 2859 0
2836 2814 2835 0
2857 2880 2858 0
2795 2783 2803 0
2855 2832 2853 0
2817 2811 2808 0
2862 2860 2854 0
2881 2902 2903 0
2880 2881 2858 0
2880 2902 2881 0
2786 2787 2807 0
2774 2788 2767 0
2796 2818 2809 0
2685 2689 2707 0
2729 2706 2707 0
2667 2689 2685 0
2650 2670 2662 0
2671 2692 2670 0
2653 2671 2650 0
2689 2710 2707 0
2692 2689 2670 0
2692 2710 2689 0
2686 2708 2696 0
2693 2675 2696 0
2687 2674 2695 0
2665 2687 2686 0
2665 2674 2687 0
2727 2746 2749 0
2731 2727 2710 0
2731 2746 2727 0
2734 2731 2713 0
2752 2746 2731 0
2752 2767 2746 0
2714 2734 2713 0
2774 2767 2752 0
2714 2717 2735 0
2692 2693 2713 0
2710 2692 2713 0
2671 2672 2692 0
2778 2776 2798 0
2777 2799 2796 0
2820 2798 2819 0
2818 2799 2820 0
2810 2787 2788 0
2845 2853 2830 0
2880 2863 2883 0
2902 2880 2900 0
2857 2863 2880 0
2807 2831 2808 0
2855 2878 2854 0
2774 2777 2796 0
2777 2778 2799 0
2752 2755 2774 0
2673 2674 2652 0
2737 2717 2716 0
2755 2756 2777 0
2734 2714 2735 0
2755 2734 2735 0
2755 2752 2734 0
2774 2755 2777 0
2752 2731 2734 0
2686 2664 2665 0
2714 2696 2717 0
2672 2671 2653 0
2664 2675 2653 0
2693 2692 2672 0
2714 2693 2696 0
2714 2713 2693 0
2797 2816 2819 0
2816 2797 2795 0
2803 2816 2795 0
2819 2798 2797 0
2825 2819 2816 0
2825 2848 2846 0
2878 2855 2877 0
2863 2860 2862 0
2885 2863 2862 0
2884 2885 2862 0
2904 2883 2885 0
2883 2900 2880 0
2885 2883 2863 0
2904 2900 2883 0
2832 2810 2809 0
2854 2832 2855 0
2831 2810 2832 0
2796 2809 2788 0
2840 2861 2845 0
2799 2818 2796 0
2837 2819 2825 0
2798 2820 2799 0
2837 2825 2846 0
2841 2837 2846 0
2841 2819 2837 0
2766 2746 2767 0
2768 2771 2749 0
2666 2668 2648 0
2731 2710 2713 0
2749 2746 2766 0
2729 2707 2727 0
2749 2729 2727 0
2749 2750 2729 0
2768 2749 2766 0
2786 2768 2766 0
2789 2790 2768 0
2682 2683 2704 0
2750 2728 2729 0
2750 2748 2728 0
2661 2682 2660 0
2647 2663 2643 0
2667 2685 2663 0
2847 2851 2827 0
2912 2933 2934 0
2894 2912 2916 0
2889 2867 2888 0
2890 2889 2911 0
2890 2868 2889 0
2770 2748 2750 0
2792 2770 2771 0
2792 2791 2770 0
2787 2767 2788 0
2801 2800 2821 0
2842 2843 2821 0
2781 2782 2760 0
2803 2825 2816 0
2805 2803 2783 0
2826 2825 2803 0
2805 2826 2803 0
2805 2828 2826 0
2763 2784 2783 0
2806 2828 2805 0
2827 2829 2815 0
2802 2824 2804 0
2824 2844 2847 0
2851 2852 2829 0
2852 2850 2828 0
2974 2957 2980 0
2991 2974 2998 0
2991 2971 2974 0
2828 2850 2826 0
2906 2918 2897 0
2872 2894 2886 0
2927 2918 2906 0
2962 2941 2939 0
2919 2917 2896 0
2941 2919 2918 0
2940 2917 2919 0
2956 2961 2938 0
2850 2849 2826 0
2776 2797 2798 0
2757 2776 2778 0
2694 2712 2715 0
2691 2694 2673 0
2691 2712 2694 0
2701 2723 2721 0
2690 2688 2709 0
2711 2690 2709 0
2668 2688 2690 0
2703 2723 2701 0
2688 2680 2701 0
2709 2688 2701 0
2666 2680 2688 0
2659 2658 2681 0
2709 2730 2711 0
2745 2723 2724 0
2743 2745 2764 0
2743 2723 2745 0
2742 2743 2763 0
2721 2723 2743 0
2742 2721 2743 0
2773 2751 2762 0
2709 2721 2730 0
2709 2701 2721 0
2691 2690 2711 0
2712 2691 2711 0
2669 2690 2691 0
2666 2659 2680 0
2785 2772 2794 0
2805 2784 2806 0
2764 2765 2785 0
2743 2764 2763 0
2744 2722 2741 0
2795 2773 2783 0
2775 2754 2753 0
2733 2715 2712 0
2695 2708 2687 0
2748 2769 2747 0
2801 2779 2800 0
2780 2781 2759 0
2758 2780 2759 0
2801 2802 2780 0
2748 2747 2726 0
2725 2748 2726 0
2704 2705 2726 0
2728 2748 2725 0
2710 2727 2707 0
2768 2786 2789 0
2750 2771 2770 0
2781 2802 2804 0
2759 2781 2760 0
2780 2802 2781 0
2651 2669 2673 0
2728 2706 2729 0
2683 2705 2704 0
2706 2728 2725 0
2705 2706 2725 0
2726 2705 2725 0
2683 2684 2705 0
2684 2707 2706 0
2761 2782 2772 0
2759 2738 2758 0
2779 2780 2758 0
2760 2740 2759 0
2779 2801 2780 0
2761 2741 2760 0
2661 2663 2684 0
2640 2661 2660 0
2640 2643 2661 0
2718 2719 2698 0
2640 2660 2639 0
2639 2617 2640 0
2643 2663 2661 0
2594 2593 2573 0
2579 2594 2573 0
2617 2622 2640 0
2594 2603 2617 0
2600 2599 2621 0
2647 2667 2663 0
2600 2594 2579 0
2550 2573 2572 0
2662 2670 2667 0
2573 2593 2572 0
2528 2533 2511 0
2593 2594 2617 0
2650 2671 2670 0
2550 2535 2557 0
2526 2550 2549 0
2527 2535 2550 0
2508 2528 2511 0
2487 2508 2488 0
2487 2507 2508 0
2599 2577 2598 0
2556 2534 2555 0
2579 2556 2578 0
2535 2534 2556 0
2557 2535 2556 0
2573 2557 2579 0
2573 2550 2557 0
2512 2534 2535 0
2558 2543 2536 0
2587 2565 2580 0
2544 2543 2565 0
2554 2544 2566 0
2577 2554 2576 0
2577 2555 2554 0
2521 2543 2544 0
2675 2664 2686 0
2696 2675 2686 0
2672 2653 2675 0
2655 2654 2676 0
2698 2719 2697 0
2637 2657 2658 0
2569 2590 2570 0
2547 2569 2570 0
2547 2546 2569 0
2612 2611 2634 0
2651 2652 2630 0
2638 2646 2625 0
2708 2695 2716 0
2717 2708 2716 0
2686 2687 2708 0
2652 2674 2665 0
2673 2694 2674 0
2651 2673 2652 0
2669 2691 2673 0
2666 2688 2668 0
2736 2757 2737 0
2711 2732 2712 0
2775 2776 2754 0
2797 2775 2795 0
2776 2757 2754 0
2678 2657 2656 0
2666 2648 2646 0
2680 2681 2703 0
2701 2680 2703 0
2659 2681 2680 0
2668 2649 2648 0
2753 2773 2775 0
2736 2733 2754 0
2757 2736 2754 0
2715 2733 2736 0
2742 2730 2721 0
2751 2742 2762 0
2751 2730 2742 0
2733 2732 2753 0
2754 2733 2753 0
2712 2732 2733 0
2711 2730 2732 0
2703 2724 2723 0
2793 2782 2804 0
2794 2793 2815 0
2772 2782 2793 0
2794 2772 2793 0
2806 2794 2815 0
2806 2785 2794 0
2765 2761 2772 0
2745 2765 2764 0
2740 2720 2719 0
2741 2740 2760 0
2741 2720 2740 0
2744 2741 2761 0
2722 2720 2741 0
2669 2651 2649 0
2606 2628 2629 0
2541 2540 2562 0
2604 2627 2605 0
2615 2637 2638 0
2648 2628 2627 0
2646 2648 2627 0
2625 2646 2627 0
2604 2602 2625 0
2628 2605 2627 0
2571 2551 2548 0
2581 2571 2592 0
2581 2560 2571 0
2582 2562 2561 0
2605 2583 2604 0
2605 2584 2583 0
2539 2516 2538 0
2613 2614 2591 0
2657 2636 2656 0
2637 2614 2636 0
2635 2656 2636 0
2612 2635 2613 0
2590 2612 2613 0
2590 2589 2612 0
2634 2633 2655 0
2612 2634 2635 0
2610 2633 2634 0
2638 2637 2658 0
2613 2591 2590 0
2611 2610 2634 0
2589 2611 2612 0
2589 2610 2611 0
2636 2614 2613 0
2625 2602 2615 0
2571 2591 2592 0
2570 2548 2547 0
2571 2570 2591 0
2571 2548 2570 0
2659 2666 2646 0
2699 2678 2677 0
2700 2699 2720 0
2700 2678 2699 0
2681 2679 2702 0
2703 2681 2702 0
2658 2679 2681 0
2657 2678 2679 0
2773 2795 2775 0
2649 2628 2648 0
2629 2649 2651 0
2582 2604 2583 0
2581 2582 2561 0
2581 2602 2582 0
2629 2628 2649 0
2519 2542 2531 0
2540 2541 2518 0
2562 2563 2542 0
2582 2583 2562 0
2586 2607 2608 0
2563 2584 2564 0
2606 2607 2585 0
2628 2606 2605 0
2629 2630 2607 0
2720 2699 2719 0
2676 2677 2655 0
2776 2775 2797 0
2604 2625 2627 0
2592 2602 2581 0
2592 2615 2602 0
2614 2615 2592 0
2591 2614 2592 0
2637 2615 2614 0
2638 2625 2615 0
2659 2638 2658 0
2659 2646 2638 0
2665 2644 2652 0
2645 2664 2653 0
2624 2645 2632 0
2623 2624 2601 0
2623 2644 2624 0
2644 2665 2645 0
2778 2798 2799 0
2756 2778 2777 0
2695 2694 2715 0
2716 2695 2715 0
2674 2694 2695 0
2668 2669 2649 0
2668 2690 2669 0
2736 2716 2715 0
2756 2757 2778 0
2737 2716 2736 0
2756 2737 2757 0
2735 2717 2737 0
2756 2735 2737 0
2756 2755 2735 0
2717 2696 2708 0
2693 2672 2675 0
2667 2647 2662 0
2689 2667 2670 0
2683 2682 2661 0
2684 2683 2661 0
2684 2706 2705 0
2685 2684 2663 0
2685 2707 2684 0
2558 2565 2543 0
2537 2559 2536 0
2580 2565 2558 0
2597 2598 2576 0
2534 2511 2533 0
2577 2578 2555 0
2556 2579 2557 0
2616 2617 2639 0
2593 2617 2616 0
2594 2600 2603 0
2578 2600 2579 0
2626 2647 2643 0
2621 2626 2603 0
2621 2642 2626 0
2600 2621 2603 0
2599 2598 2620 0
2528 2508 2507 0
2507 2487 2499 0
2521 2507 2499 0
2521 2528 2507 0
2589 2590 2569 0
2633 2654 2655 0
2497 2499 2478 0
2476 2485 2498 0
2452 2476 2475 0
2463 2485 2476 0
2520 2543 2521 0
2498 2520 2497 0
2514 2536 2520 0
2498 2514 2520 0
2498 2506 2514 0
2475 2476 2497 0
2513 2537 2514 0
2506 2513 2514 0
2506 2490 2513 0
2580 2595 2601 0
2553 2574 2575 0
2532 2553 2537 0
2532 2552 2553 0
2564 2585 2586 0
2619 2598 2597 0
2642 2620 2641 0
2647 2642 2662 0
2621 2620 2642 0
2621 2599 2620 0
2643 2622 2626 0
2578 2577 2599 0
2655 2635 2634 0
2559 2575 2580 0
2566 2576 2554 0
2565 2566 2544 0
2565 2587 2566 0
2580 2601 2587 0
2559 2553 2575 0
2536 2559 2558 0
2537 2553 2559 0
2596 2608 2618 0
2574 2596 2575 0
2574 2564 2586 0
2631 2641 2619 0
2653 2631 2632 0
2650 2641 2631 0
2595 2575 2596 0
2601 2595 2618 0
2580 2575 2595 0
2576 2566 2587 0
2558 2559 2580 0
2624 2644 2645 0
2618 2623 2601 0
2618 2608 2623 0
2630 2623 2608 0
2632 2645 2653 0
2650 2631 2653 0
2609 2624 2632 0
2597 2609 2619 0
2601 2624 2609 0
2533 2528 2544 0
2554 2533 2544 0
2555 2578 2556 0
2533 2555 2534 0
2533 2554 2555 0
2622 2603 2626 0
2640 2622 2643 0
2617 2603 2622 0
2521 2499 2520 0
2544 2528 2521 0
2599 2600 2578 0
2550 2572 2549 0
2512 2511 2534 0
2527 2512 2535 0
2526 2527 2550 0
2526 2505 2527 0
2527 2504 2512 0
2489 2488 2511 0
2655 2656 2635 0
2613 2635 2636 0
2504 2489 2512 0
2588 2589 2567 0
2637 2636 2657 0
2546 2568 2569 0
2588 2610 2589 0
2538 2516 2515 0
2530 2538 2515 0
2551 2560 2538 0
2486 2465 2468 0
2595 2596 2618 0
2552 2564 2574 0
2531 2552 2532 0
2531 2542 2552 0
2584 2606 2585 0
2564 2584 2585 0
2563 2562 2583 0
2620 2619 2641 0
2609 2597 2587 0
2631 2619 2609 0
2662 2641 2650 0
2662 2642 2641 0
2620 2598 2619 0
2647 2626 2642 0
2577 2576 2598 0
2576 2587 2597 0
2497 2520 2499 0
2505 2504 2527 0
2483 2504 2484 0
2508 2511 2488 0
2483 2484 2461 0
2460 2483 2461 0
2467 2489 2483 0
2511 2512 2489 0
2505 2484 2504 0
2438 2418 2417 0
2460 2438 2459 0
2460 2439 2438 0
2437 2459 2438 0
2417 2437 2438 0
2417 2416 2437 0
2546 2522 2545 0
2525 2547 2548 0
2567 2546 2545 0
2568 2589 2569 0
2567 2568 2546 0
2567 2589 2568 0
2530 2551 2538 0
2548 2530 2524 0
2548 2551 2530 0
2587 2601 2609 0
2523 2522 2546 0
2547 2523 2546 0
2525 2502 2503 0
2547 2525 2523 0
2480 2471 2457 0
2480 2502 2501 0
2458 2482 2457 0
2458 2481 2482 0
2524 2515 2501 0
2523 2500 2522 0
2548 2524 2525 0
2515 2491 2501 0
2459 2467 2483 0
2430 2446 2437 0
2416 2430 2437 0
2416 2409 2430 0
2453 2466 2446 0
2446 2466 2467 0
2609 2632 2631 0
2485 2463 2464 0
2584 2563 2583 0
2586 2596 2574 0
2607 2586 2585 0
2608 2596 2586 0
2542 2541 2562 0
2564 2542 2563 0
2531 2509 2519 0
2469 2448 2447 0
2450 2474 2449 0
2448 2472 2451 0
2517 2518 2541 0
2496 2495 2519 0
2492 2493 2517 0
2494 2493 2470 0
2529 2541 2542 0
2517 2529 2519 0
2517 2541 2529 0
2473 2468 2449 0
2532 2510 2531 0
2442 2452 2429 0
2421 2442 2429 0
2421 2443 2442 0
2532 2537 2513 0
2408 2410 2386 0
2407 2421 2429 0
2383 2407 2385 0
2383 2399 2407 0
2452 2432 2429 0
2478 2454 2475 0
2487 2477 2499 0
2487 2488 2466 0
2422 2443 2421 0
2486 2506 2485 0
2509 2510 2490 0
2474 2495 2496 0
2531 2510 2509 0
2537 2536 2514 0
2408 2429 2410 0
2385 2408 2384 0
2407 2429 2408 0
2399 2422 2421 0
2380 2399 2383 0
2380 2402 2399 0
2463 2452 2442 0
2376 2397 2377 0
2353 2376 2355 0
2375 2396 2376 0
2353 2375 2376 0
2353 2352 2375 0
2218 2216 2194 0
2176 2200 2198 0
2217 2220 2239 0
2584 2605 2606 0
2540 2561 2562 0
2516 2539 2518 0
2539 2561 2540 0
2582 2602 2604 0
2560 2581 2561 0
2560 2551 2571 0
2630 2629 2651 0
2542 2564 2552 0
2629 2607 2606 0
2552 2574 2553 0
2630 2608 2607 0
2645 2665 2664 0
2630 2644 2623 0
2630 2652 2644 0
2481 2503 2482 0
2523 2503 2500 0
2523 2525 2503 0
2419 2418 2439 0
2376 2377 2355 0
2418 2397 2396 0
2398 2377 2397 0
2441 2462 2440 0
2436 2441 2420 0
2457 2462 2441 0
2343 2364 2351 0
2406 2405 2382 0
2451 2427 2428 0
2451 2450 2427 0
2444 2422 2424 0
2339 2318 2317 0
2363 2340 2361 0
2364 2343 2362 0
2385 2364 2362 0
2384 2365 2364 0
2319 2340 2341 0
2338 2339 2317 0
2363 2361 2383 0
2385 2363 2383 0
2341 2340 2363 0
2316 2338 2317 0
2378 2400 2379 0
2361 2359 2379 0
2358 2337 2350 0
2378 2358 2360 0
2338 2337 2358 0
2426 2445 2423 0
2402 2422 2399 0
2423 2424 2401 0
2445 2465 2444 0
2340 2318 2339 0
2359 2361 2339 0
2364 2385 2384 0
2363 2362 2342 0
2363 2385 2362 0
2468 2473 2490 0
2506 2486 2490 0
2465 2449 2468 0
2402 2380 2401 0
2424 2402 2401 0
2424 2422 2402 0
2443 2422 2444 0
2463 2443 2464 0
2463 2442 2443 0
2421 2407 2399 0
2449 2474 2473 0
2445 2449 2465 0
2444 2424 2445 0
2464 2444 2465 0
2464 2443 2444 0
2423 2400 2404 0
2424 2423 2445 0
2401 2400 2423 0
2405 2381 2382 0
2426 2404 2427 0
2426 2423 2404 0
2319 2318 2340 0
2406 2428 2427 0
2405 2406 2427 0
2404 2405 2427 0
2404 2381 2405 0
2382 2393 2406 0
2407 2408 2385 0
2408 2386 2384 0
2454 2432 2452 0
2409 2386 2410 0
2478 2477 2454 0
2373 2374 2356 0
2351 2373 2356 0
2394 2374 2373 0
2416 2395 2394 0
2416 2417 2395 0
2365 2373 2351 0
2364 2365 2351 0
2386 2373 2365 0
2409 2394 2386 0
2409 2416 2394 0
2453 2477 2466 0
2454 2453 2431 0
2454 2477 2453 0
2432 2454 2431 0
2410 2432 2431 0
2410 2429 2432 0
2475 2497 2478 0
2452 2475 2454 0
2452 2463 2476 0
2374 2375 2352 0
2356 2374 2352 0
2395 2375 2374 0
2417 2396 2395 0
2417 2418 2396 0
2333 2311 2319 0
2341 2333 2319 0
2341 2342 2333 0
2363 2342 2341 0
2343 2320 2342 0
2362 2343 2342 0
2281 2304 2282 0
2394 2395 2374 0
2483 2489 2504 0
2459 2446 2467 0
2460 2459 2483 0
2439 2460 2461 0
2439 2418 2438 0
2437 2446 2459 0
2466 2488 2467 0
2430 2453 2446 0
2477 2487 2466 0
2419 2398 2418 0
2331 2354 2330 0
2396 2397 2376 0
2377 2354 2355 0
2435 2458 2436 0
2440 2447 2425 0
2436 2457 2441 0
2471 2447 2462 0
2334 2312 2335 0
2329 2334 2352 0
2329 2312 2334 0
2355 2332 2353 0
2285 2286 2309 0
2434 2411 2433 0
2388 2387 2412 0
2455 2434 2433 0
2458 2457 2436 0
2455 2456 2434 0
2503 2481 2500 0
2435 2456 2458 0
2455 2479 2456 0
2436 2420 2415 0
2415 2420 2403 0
2393 2415 2403 0
2392 2389 2391 0
2500 2481 2479 0
2481 2458 2456 0
2479 2481 2456 0
2503 2502 2482 0
2524 2502 2525 0
2480 2457 2482 0
2502 2480 2482 0
2501 2491 2480 0
2425 2403 2420 0
2425 2428 2406 0
2414 2389 2390 0
2415 2414 2436 0
2391 2389 2414 0
2415 2391 2414 0
2415 2392 2391 0
2471 2470 2447 0
2457 2471 2462 0
2434 2456 2435 0
2502 2524 2501 0
2530 2515 2524 0
2516 2494 2491 0
2539 2540 2518 0
2560 2539 2538 0
2560 2561 2539 0
2493 2469 2470 0
2518 2493 2494 0
2518 2517 2493 0
2591 2570 2590 0
2496 2509 2490 0
2474 2496 2473 0
2519 2509 2496 0
2495 2517 2519 0
2472 2495 2474 0
2492 2469 2493 0
2472 2492 2495 0
2472 2469 2492 0
2529 2542 2519 0
2289 2311 2297 0
2266 2268 2287 0
2269 2247 2267 0
2289 2269 2288 0
2248 2247 2269 0
2349 2336 2357 0
2400 2378 2381 0
2226 2248 2246 0
2223 2225 2204 0
2243 2247 2248 0
2223 2243 2225 0
2223 2247 2243 0
2201 2222 2203 0
2274 2296 2288 0
2267 2247 2245 0
2251 2267 2245 0
2227 2251 2245 0
2250 2273 2251 0
2274 2288 2267 0
2310 2288 2296 0
2311 2310 2319 0
2311 2289 2310 0
2289 2268 2269 0
2225 2243 2248 0
2203 2223 2202 0
2224 2245 2247 0
2259 2249 2235 0
2258 2259 2236 0
2271 2249 2259 0
2293 2273 2272 0
2293 2294 2273 0
2292 2293 2272 0
2292 2316 2293 0
2317 2318 2295 0
2274 2267 2251 0
2224 2222 2245 0
2247 2223 2224 0
2203 2222 2224 0
2234 2214 2211 0
2251 2273 2274 0
2235 2249 2227 0
2272 2273 2250 0
2259 2280 2271 0
2234 2258 2236 0
2234 2233 2258 0
2271 2292 2272 0
2222 2201 2213 0
2235 2227 2213 0
2227 2245 2222 0
2295 2273 2294 0
2269 2267 2288 0
2250 2227 2249 0
2295 2274 2273 0
2317 2295 2294 0
2296 2274 2295 0
2319 2296 2318 0
2319 2310 2296 0
2213 2189 2190 0
2227 2222 2213 0
2201 2189 2213 0
2361 2379 2380 0
2383 2361 2380 0
2340 2339 2361 0
2315 2337 2316 0
2360 2381 2378 0
2359 2358 2378 0
2349 2327 2336 0
2371 2349 2357 0
2350 2327 2349 0
2349 2372 2350 0
2379 2401 2380 0
2359 2378 2379 0
2338 2359 2339 0
2338 2358 2359 0
2400 2401 2379 0
2227 2250 2251 0
2360 2382 2381 0
2224 2223 2203 0
2310 2289 2288 0
2226 2205 2225 0
2248 2226 2225 0
2246 2242 2226 0
2348 2369 2371 0
2336 2348 2357 0
2326 2323 2346 0
2278 2279 2302 0
2276 2277 2301 0
2345 2322 2344 0
2300 2324 2325 0
2299 2322 2324 0
2372 2382 2360 0
2350 2372 2360 0
2358 2350 2360 0
2337 2327 2350 0
2371 2393 2372 0
2349 2371 2372 0
2357 2348 2371 0
2347 2346 2325 0
2322 2345 2324 0
2368 2389 2370 0
2320 2333 2342 0
2403 2406 2393 0
2392 2415 2393 0
2425 2406 2403 0
2474 2450 2451 0
2426 2450 2449 0
2445 2426 2449 0
2400 2381 2404 0
2474 2451 2472 0
2426 2427 2450 0
2448 2469 2472 0
2428 2448 2451 0
2428 2425 2448 0
2447 2448 2425 0
2440 2462 2447 0
2420 2440 2425 0
2420 2441 2440 0
2470 2469 2447 0
2494 2470 2471 0
2491 2494 2471 0
2480 2491 2471 0
2515 2516 2491 0
2516 2518 2494 0
2495 2492 2517 0
2476 2498 2497 0
2486 2485 2464 0
2465 2486 2464 0
2468 2490 2486 0
2506 2498 2485 0
2510 2513 2490 0
2473 2496 2490 0
2532 2513 2510 0
2536 2543 2520 0
2351 2328 2343 0
2413 2434 2435 0
2412 2387 2411 0
2412 2413 2388 0
2434 2412 2411 0
2434 2413 2412 0
2368 2347 2345 0
2367 2368 2345 0
2366 2367 2345 0
2388 2390 2367 0
2390 2389 2368 0
2436 2414 2435 0
2370 2346 2347 0
2368 2370 2347 0
2389 2392 2370 0
2413 2414 2390 0
2388 2413 2390 0
2435 2414 2413 0
2369 2348 2346 0
2370 2369 2346 0
2392 2371 2369 0
2266 2260 2246 0
2268 2266 2246 0
2287 2281 2266 0
2334 2356 2352 0
2287 2297 2281 0
2335 2356 2334 0
2351 2335 2328 0
2351 2356 2335 0
2286 2264 2282 0
2305 2312 2329 0
2304 2305 2282 0
2304 2312 2305 0
2285 2265 2286 0
2309 2329 2332 0
2305 2309 2286 0
2305 2329 2309 0
2284 2263 2285 0
2331 2355 2354 0
2306 2331 2330 0
2332 2355 2331 0
2283 2262 2284 0
2305 2286 2282 0
2335 2312 2328 0
2352 2353 2329 0
2280 2303 2291 0
2180 2196 2204 0
2337 2338 2316 0
2196 2178 2202 0
2214 2236 2235 0
2190 2214 2213 0
2187 2190 2189 0
2187 2211 2190 0
2212 2188 2197 0
2190 2211 2214 0
2187 2188 2211 0
2337 2315 2327 0
2296 2295 2318 0
2178 2179 2203 0
2202 2178 2203 0
2153 2136 2130 0
2131 2134 2153 0
2109 2131 2130 0
2109 2112 2131 0
2178 2196 2175 0
2294 2293 2317 0
2105 2114 2129 0
2019 2040 2042 0
2155 2157 2178 0
2130 2131 2153 0
2112 2089 2113 0
2134 2112 2135 0
2109 2089 2112 0
2138 2139 2116 0
2159 2138 2137 0
2160 2139 2138 0
2160 2161 2139 0
2181 2160 2159 0
2182 2161 2160 0
2162 2140 2161 0
2183 2162 2184 0
2117 2094 2118 0
2139 2140 2118 0
2116 2139 2118 0
2161 2140 2139 0
2142 2163 2143 0
2386 2365 2384 0
2386 2394 2373 0
2467 2488 2489 0
2431 2453 2430 0
2409 2431 2430 0
2409 2410 2431 0
2478 2499 2477 0
2418 2398 2397 0
2396 2375 2395 0
2307 2331 2306 0
2308 2307 2284 0
2308 2331 2307 0
2285 2308 2284 0
2284 2306 2283 0
2308 2285 2309 0
2332 2308 2309 0
2332 2331 2308 0
2353 2332 2329 0
2307 2306 2284 0
2323 2325 2346 0
2263 2284 2262 0
2237 2263 2262 0
2265 2285 2263 0
2240 2265 2263 0
2238 2240 2263 0
2237 2238 2263 0
2216 2240 2238 0
2218 2241 2240 0
2218 2217 2241 0
2388 2366 2387 0
2371 2392 2393 0
2382 2372 2393 0
2336 2326 2348 0
2347 2325 2324 0
2392 2369 2370 0
2348 2326 2346 0
2237 2216 2238 0
2216 2218 2240 0
2215 2216 2237 0
2193 2192 2217 0
2171 2149 2170 0
2200 2176 2195 0
2199 2200 2195 0
2221 2220 2200 0
2239 2220 2242 0
2260 2239 2242 0
2261 2264 2239 0
2198 2192 2176 0
2217 2198 2220 0
2217 2192 2198 0
2241 2265 2240 0
2241 2264 2265 0
2239 2241 2217 0
2239 2264 2241 0
2281 2261 2260 0
2282 2264 2261 0
2286 2265 2264 0
2218 2193 2217 0
2152 2150 2172 0
2168 2152 2174 0
2146 2150 2152 0
2170 2148 2169 0
2193 2170 2169 0
2194 2171 2170 0
2124 2148 2125 0
2075 2076 2100 0
2147 2148 2124 0
2168 2147 2146 0
2124 2125 2100 0
2169 2148 2147 0
2149 2125 2148 0
2199 2195 2180 0
2205 2199 2180 0
2205 2221 2199 0
2260 2242 2246 0
2220 2198 2200 0
2168 2174 2176 0
2193 2169 2192 0
2146 2152 2168 0
2173 2151 2158 0
2368 2367 2390 0
2367 2366 2388 0
2324 2345 2347 0
2344 2366 2345 0
2277 2276 2254 0
2275 2277 2254 0
2300 2301 2277 0
2323 2301 2325 0
2257 2278 2270 0
2255 2256 2232 0
2255 2279 2256 0
2276 2279 2255 0
2254 2276 2253 0
2301 2298 2276 0
2298 2302 2279 0
2323 2298 2301 0
2323 2326 2302 0
2218 2194 2193 0
2216 2215 2191 0
2297 2287 2289 0
2320 2297 2311 0
2333 2320 2311 0
2343 2328 2321 0
2304 2281 2297 0
2321 2304 2297 0
2328 2312 2304 0
2261 2281 2282 0
2321 2297 2320 0
2343 2321 2320 0
2328 2304 2321 0
2260 2266 2281 0
2268 2248 2269 0
2287 2268 2289 0
2246 2248 2268 0
2226 2221 2205 0
2261 2239 2260 0
2220 2221 2242 0
2204 2202 2223 0
2041 2061 2039 0
2129 2114 2136 0
2126 2128 2127 0
2084 2106 2103 0
2105 2129 2106 0
2258 2280 2259 0
2233 2257 2258 0
2291 2315 2292 0
2290 2303 2280 0
2290 2313 2314 0
2313 2336 2314 0
2327 2315 2303 0
2300 2299 2324 0
2300 2275 2299 0
2301 2300 2325 0
2277 2275 2300 0
2229 2254 2230 0
2194 2191 2171 0
2254 2252 2275 0
2230 2254 2253 0
2229 2252 2254 0
2216 2191 2194 0
2298 2279 2276 0
2212 2219 2233 0
2255 2253 2276 0
2278 2256 2279 0
2231 2244 2255 0
2244 2228 2253 0
2255 2244 2253 0
2231 2228 2244 0
2210 2231 2232 0
2219 2210 2232 0
2233 2219 2232 0
2197 2210 2219 0
2186 2183 2208 0
2208 2209 2231 0
2230 2253 2228 0
2229 2230 2206 0
2212 2234 2211 0
2188 2212 2211 0
2197 2219 2212 0
2208 2231 2210 0
2186 2208 2210 0
2183 2184 2209 0
2313 2290 2302 0
2326 2313 2302 0
2326 2336 2313 0
2148 2170 2149 0
2169 2168 2192 0
2194 2170 2193 0
2147 2168 2169 0
2147 2124 2123 0
2172 2173 2174 0
2151 2172 2150 0
2151 2173 2172 0
2146 2123 2127 0
2205 2204 2225 0
2242 2221 2226 0
2221 2200 2199 0
2174 2173 2195 0
2192 2168 2176 0
2152 2172 2174 0
2180 2204 2205 0
2173 2180 2195 0
2176 2174 2195 0
2151 2136 2158 0
2196 2202 2204 0
2158 2153 2175 0
2155 2153 2134 0
2180 2175 2196 0
2158 2136 2153 0
2180 2158 2175 0
2180 2173 2158 0
2290 2270 2278 0
2184 2161 2182 0
2082 2084 2103 0
2058 2082 2059 0
2058 2065 2082 0
2082 2065 2084 0
2106 2129 2128 0
2090 2105 2084 0
2090 2114 2105 0
2146 2127 2150 0
2104 2099 2083 0
2159 2160 2138 0
2099 2104 2123 0
2100 2099 2124 0
2076 2083 2099 0
2051 2052 2075 0
2104 2126 2127 0
2124 2099 2123 0
2083 2102 2104 0
2052 2060 2076 0
2126 2106 2128 0
2123 2104 2127 0
2102 2103 2126 0
2060 2080 2083 0
2057 2059 2081 0
2197 2188 2185 0
2186 2210 2185 0
2233 2234 2212 0
2249 2272 2250 0
2236 2259 2235 0
2271 2272 2249 0
2270 2290 2280 0
2258 2257 2280 0
2233 2232 2256 0
2293 2316 2317 0
2291 2292 2271 0
2280 2291 2271 0
2303 2315 2291 0
2315 2316 2292 0
2235 2213 2214 0
2201 2203 2179 0
2207 2209 2184 0
2206 2207 2182 0
2230 2228 2207 0
2210 2197 2185 0
2314 2336 2327 0
2303 2314 2327 0
2303 2290 2314 0
2278 2302 2290 0
2257 2256 2278 0
2280 2257 2270 0
2233 2256 2257 0
2232 2231 2255 0
2298 2323 2302 0
2236 2214 2234 0
2188 2165 2166 0
2049 2034 2029 0
2189 2177 2167 0
2155 2178 2175 0
2153 2155 2175 0
2134 2135 2157 0
2228 2209 2207 0
2166 2163 2185 0
2207 2184 2182 0
2231 2209 2228 0
2208 2183 2209 0
2163 2164 2186 0
2230 2207 2206 0
2164 2162 2183 0
2182 2181 2206 0
2162 2161 2184 0
2160 2181 2182 0
2081 2102 2080 0
2082 2081 2059 0
2103 2102 2081 0
2081 2082 2103 0
2084 2105 2106 0
2147 2123 2146 0
2099 2100 2076 0
24 19 40 0
40 61 46 0
46 45 40 0
67 61 83 0
68 66 89 0
69 68 91 0
69 48 68 0
46 61 67 0
66 45 46 0
89 66 67 0
90 89 67 0
91 68 89 0
48 62 41 0
68 48 47 0
69 62 48 0
45 24 40 0
90 83 108 0
89 90 113 0
67 83 90 0
45 66 47 0
114 90 108 0
137 136 114 0
181 160 156 0
210 232 234 0
182 185 160 0
181 182 160 0
181 206 182 0
207 231 208 0
251 231 230 0
252 232 231 0
66 46 67 0
47 26 45 0
26 24 45 0
137 132 156 0
137 114 132 0
113 90 114 0
89 113 91 0
108 132 114 0
41 20 25 0
47 41 25 0
62 42 41 0
42 21 20 0
41 42 20 0
47 48 41 0
26 47 25 0
66 68 47 0
254 277 278 0
212 233 235 0
252 251 275 0
253 252 276 0
253 232 252 0
233 234 254 0
231 251 252 0
160 159 137 0
279 255 278 0
270 293 269 0
113 114 136 0
138 116 115 0
159 138 136 0
22 21 42 0
183 184 209 0
198 197 172 0
212 198 209 0
222 197 198 0
172 147 157 0
183 172 157 0
198 172 183 0
200 197 222 0
200 199 197 0
200 226 199 0
124 135 147 0
116 139 133 0
211 210 234 0
209 211 233 0
209 184 188 0
188 187 211 0
161 186 187 0
116 138 139 0
211 234 233 0
186 210 187 0
186 185 210 0
209 233 212 0
208 231 232 0
210 208 232 0
185 207 208 0
182 206 207 0
206 230 207 0
253 254 234 0
254 235 233 0
246 223 245 0
226 225 248 0
292 270 268 0
248 249 227 0
109 92 116 0
212 235 223 0
133 134 110 0
139 162 158 0
201 199 226 0
179 180 205 0
174 199 201 0
204 179 205 0
174 148 173 0
186 160 185 0
160 137 156 0
182 207 185 0
235 245 223 0
23 38 16 0
22 23 5 0
22 42 43 0
21 22 5 0
115 113 136 0
92 115 116 0
91 113 115 0
110 86 85 0
138 161 139 0
148 174 149 0
197 173 172 0
197 199 173 0
173 199 174 0
226 227 201 0
109 133 110 0
198 212 222 0
198 183 209 0
188 162 187 0
209 188 211 0
184 162 188 0
157 184 183 0
135 157 147 0
158 184 157 0
111 134 135 0
133 139 158 0
162 161 187 0
158 162 184 0
139 161 162 0
224 247 225 0
222 224 200 0
222 246 224 0
180 174 201 0
205 180 201 0
155 154 180 0
153 155 179 0
154 149 174 0
131 154 155 0
130 149 154 0
65 87 88 0
60 65 76 0
64 87 65 0
64 86 87 0
225 247 248 0
200 225 226 0
200 224 225 0
128 151 127 0
177 202 203 0
152 150 175 0
179 204 178 0
179 155 180 0
175 153 178 0
153 129 131 0
147 148 124 0
148 172 173 0
124 148 149 0
147 172 148 0
201 227 205 0
202 228 203 0
249 229 227 0
202 204 228 0
176 202 177 0
178 204 202 0
278 255 254 0

SubDomainFromMesh
1
3 1 1 0

SubDomainFromGeom
1
2 171 1 0

VertexOnGeometricVertex
474
 1 1
 2 2
 3 3
 4 4
 5 5
 6 6
 7 7
 8 8
 9 9
 10 10
 11 11
 12 12
 16 13
 19 14
 20 15
 21 16
 24 17
 25 18
 26 19
 27 20
 28 21
 40 22
 50 23
 61 24
 72 25
 83 26
 93 27
 108 28
 117 29
 132 30
 141 31
 156 32
 165 33
 181 34
 191 35
 206 36
 215 37
 230 38
 238 39
 251 40
 261 41
 275 42
 285 43
 298 44
 308 45
 321 46
 331 47
 341 48
 355 49
 363 50
 376 51
 386 52
 398 53
 409 54
 419 55
 430 56
 440 57
 453 58
 462 59
 476 60
 484 61
 497 62
 506 63
 517 64
 527 65
 538 66
 550 67
 560 68
 571 69
 583 70
 593 71
 607 72
 615 73
 627 74
 637 75
 649 76
 659 77
 669 78
 679 79
 689 80
 701 81
 712 82
 721 83
 734 84
 743 85
 755 86
 763 87
 777 88
 784 89
 798 90
 807 91
 820 92
 827 93
 841 94
 848 95
 861 96
 867 97
 881 98
 890 99
 902 100
 910 101
 923 102
 931 103
 946 104
 952 105
 967 106
 974 107
 989 108
 996 109
 1010 110
 1018 111
 1030 112
 1039 113
 1053 114
 1061 115
 1075 116
 1082 117
 1100 118
 1108 119
 1127 120
 1135 121
 1154 122
 1160 123
 1176 124
 1183 125
 1197 126
 1204 127
 1220 128
 1227 129
 1243 130
 1250 131
 1265 132
 1272 133
 1289 134
 1294 135
 1312 136
 1319 137
 1335 138
 1341 139
 1358 140
 1364 141
 1381 142
 1386 143
 1402 144
 1407 145
 1423 146
 1428 147
 1444 148
 1450 149
 1467 150
 1473 151
 1491 152
 1497 153
 1513 154
 1520 155
 1535 156
 1543 157
 1557 158
 1565 159
 1579 160
 1585 161
 1602 162
 1608 163
 1625 164
 1632 165
 1648 166
 1655 167
 1670 168
 1678 169
 1693 170
 1702 171
 1716 172
 1725 173
 1739 174
 1748 175
 1764 176
 1770 177
 1786 178
 1792 179
 1806 180
 1814 181
 1830 182
 1839 183
 1853 184
 1863 185
 1876 186
 1887 187
 1898 188
 1910 189
 1920 190
 1931 191
 1941 192
 1954 193
 1962 194
 1977 195
 1985 196
 2002 197
 2008 198
 2028 199
 2030 200
 2051 201
 2053 202
 2067 203
 2075 204
 2091 205
 2100 206
 2115 207
 2125 208
 2137 209
 2149 210
 2159 211
 2171 212
 2181 213
 2191 214
 2206 215
 2215 216
 2229 217
 2237 218
 2252 219
 2262 220
 2275 221
 2283 222
 2299 223
 2306 224
 2322 225
 2330 226
 2344 227
 2354 228
 2366 229
 2377 230
 2387 231
 2398 232
 2411 233
 2419 234
 2433 235
 2439 236
 2455 237
 2461 238
 2479 239
 2484 240
 2500 241
 2505 242
 2522 243
 2526 244
 2545 245
 2549 246
 2567 247
 2572 248
 2588 249
 2593 250
 2610 251
 2616 252
 2633 253
 2639 254
 2654 255
 2660 256
 2676 257
 2682 258
 2698 259
 2704 260
 2718 261
 2726 262
 2738 263
 2747 264
 2758 265
 2769 266
 2779 267
 2791 268
 2800 269
 2814 270
 2821 271
 2836 272
 2842 273
 2856 274
 2866 275
 2879 276
 2888 277
 2901 278
 2910 279
 2924 280
 2932 281
 2948 282
 2953 283
 2970 284
 2975 285
 2990 286
 2999 287
 3010 288
 3024 289
 3033 290
 3048 291
 3056 292
 3070 293
 3079 294
 3092 295
 3100 296
 3115 297
 3116 298
 3138 299
 3139 300
 3161 301
 3162 302
 3185 303
 3186 304
 3210 305
 3211 306
 3236 307
 3237 308
 3260 309
 3261 310
 3285 311
 3286 312
 3297 313
 3308 314
 3309 315
 3311 316
 3317 317
 3319 318
 3321 319
 3323 320
 3329 321
 3334 322
 3335 323
 3340 324
 3343 325
 3344 326
 3349 327
 3353 328
 3356 329
 3357 330
 3361 331
 3363 332
 3364 333
 3370 334
 3371 335
 3377 336
 3380 337
 3383 338
 3384 339
 3389 340
 3390 341
 3397 342
 3400 343
 3403 344
 3404 345
 3409 346
 3410 347
 3418 348
 3420 349
 3422 350
 3423 351
 3428 352
 3429 353
 3437 354
 3439 355
 3442 356
 3443 357
 3447 358
 3448 359
 3449 360
 3450 361
 3459 362
 3461 363
 3465 364
 3467 365
 3468 366
 3469 367
 3478 368
 3481 369
 3484 370
 3487 371
 3488 372
 3489 373
 3496 374
 3499 375
 3502 376
 3506 377
 3507 378
 3508 379
 3515 380
 3518 381
 3520 382
 3526 383
 3527 384
 3528 385
 3533 386
 3537 387
 3538 388
 3546 389
 3547 390
 3548 391
 3554 392
 3558 393
 3559 394
 3566 395
 3567 396
 3570 397
 3574 398
 3578 399
 3580 400
 3584 401
 3585 402
 3589 403
 3592 404
 3596 405
 3597 406
 3602 407
 3603 408
 3604 409
 3606 410
 3610 411
 3613 412
 3617 413
 3618 414
 3624 415
 3626 416
 3629 417
 3632 418
 3636 419
 3638 420
 3643 421
 3645 422
 3648 423
 3651 424
 3655 425
 3657 426
 3663 427
 3665 428
 3667 429
 3670 430
 3672 431
 3676 432
 3679 433
 3685 434
 3687 435
 3690 436
 3691 437
 3693 438
 3698 439
 3699 440
 3706 441
 3710 442
 3711 443
 3713 444
 3718 445
 3720 446
 3725 447
 3729 448
 3730 449
 3731 450
 3733 451
 3739 452
 3741 453
 3748 454
 3749 455
 3750 456
 3751 457
 3757 458
 3759 459
 3772 460
 3773 461
 3780 462
 3781 463
 3782 464
 3784 465
 3787 466
 3792 467
 3794 468
 3795 469
 3796 470
 3797 471
 3801 472
 3802 473
 3803 474

VertexOnGeometricEdge
0

EdgeOnGeometricEdge
474
1 1
2 2
3 3
4 4
5 5
6 6
7 7
8 8
9 9
10 10
11 11
12 12
13 13
14 14
15 15
16 16
17 17
18 18
19 19
20 20
21 21
22 22
23 23
24 24
25 25
26 26
27 27
28 28
29 29
30 30
31 31
32 32
33 33
34 34
35 35
36 36
37 37
38 38
39 39
40 40
41 41
42 42
43 43
44 44
45 45
46 46
47 47
48 48
49 49
50 50
51 51
52 52
53 53
54 54
55 55
56 56
57 57
58 58
59 59
60 60
61 61
62 62
63 63
64 64
65 65
66 66
67 67
68 68
69 69
70 70
71 71
72 72
73 73
74 74
75 75
76 76
77 77
78 78
79 79
80 80
81 81
82 82
83 83
84 84
85 85
86 86
87 87
88 88
89 89
90 90
91 91
92 92
93 93
94 94
95 95
96 96
97 97
98 98
99 99
100 100
101 101
102 102
103 103
104 104
105 105
106 106
107 107
108 108
109 109
110 110
111 111
112 112
113 113
114 114
115 115
116 116
117 117
118 118
119 119
120 120
121 121
122 122
123 123
124 124
125 125
126 126
127 127
128 128
129 129
130 130
131 131
132 132
133 133
134 134
135 135
136 136
137 137
138 138
139 139
140 140
141 141
142 142
143 143
144 144
145 145
146 146
147 147
148 148
149 149
150 150
151 151
152 152
153 153
154 154
155 155
156 156
157 157
158 158
159 159
160 160
161 161
162 162
163 163
164 164
165 165
166 166
167 167
168 168
169 169
170 170
171 171
172 172
173 173
174 174
175 175
176 176
177 177
178 178
179 179
180 180
181 181
182 182
183 183
184 184
185 185
186 186
187 187
188 188
189 189
190 190
191 191
192 192
193 193
194 194
195 195
196 196
197 197
198 198
199 199
200 200
201 201
202 202
203 203
204 204
205 205
206 206
207 207
208 208
209 209
210 210
211 211
212 212
213 213
214 214
215 215
216 216
217 217
218 218
219 219
220 220
221 221
222 222
223 223
224 224
225 225
226 226
227 227
228 228
229 229
230 230
231 231
232 232
233 233
234 234
235 235
236 236
237 237
238 238
239 239
240 240
241 241
242 242
243 243
244 244
245 245
246 246
247 247
248 248
249 249
250 250
251 251
252 252
253 253
254 254
255 255
256 256
257 257
258 258
259 259
260 260
261 261
262 262
263 263
264 264
265 265
266 266
267 267
268 268
269 269
270 270
271 271
272 272
273 273
274 274
275 275
276 276
277 277
278 278
279 279
280 280
281 281
282 282
283 283
284 284
285 285
286 286
287 287
288 288
289 289
290 290
291 291
292 292
293 293
294 294
295 295
296 296
297 297
298 298
299 299
300 300
301 301
302 302
303 303
304 304
305 305
306 306
307 307
308 308
309 309
310 310
311 311
312 312
313 313
314 314
315 315
316 316
317 317
318 318
319 319
320 320
321 321
322 322
323 323
324 324
325 325
326 326
327 327
328 328
329 329
330 330
331 331
332 332
333 333
334 334
335 335
336 336
337 337
338 338
339 339
340 340
341 341
342 342
343 343
344 344
345 345
346 346
347 347
348 348
349 349
350 350
351 351
352 352
353 353
354 354
355 355
356 356
357 357
358 358
359 359
360 360
361 361
362 362
363 363
364 364
365 365
366 366
367 367
368 368
369 369
370 370
371 371
372 372
373 373
374 374
375 375
376 376
377 377
378 378
379 379
380 380
381 381
382 382
383 383
384 384
385 385
386 386
387 387
388 388
389 389
390 390
391 391
392 392
393 393
394 394
395 395
396 396
397 397
398 398
399 399
400 400
401 401
402 402
403 403
404 404
405 405
406 406
407 407
408 408
409 409
410 410
411 411
412 412
413 413
414 414
415 415
416 416
417 417
418 418
419 419
420 420
421 421
422 422
423 423
424 424
425 425
426 426
427 427
428 428
429 429
430 430
431 431
432 432
433 433
434 434
435 435
436 436
437 437
438 438
439 439
440 440
441 441
442 442
443 443
444 444
445 445
446 446
447 447
448 448
449 449
450 450
451 451
452 452
453 453
454 454
455 455
456 456
457 457
458 458
459 459
460 460
461 461
462 462
463 463
464 464
465 465
466 466
467 467
468 468
469 469
470 470
471 471
472 472
473 473
474 474

End
