MeshVersionFormatted 1

Dimension
2

Identifier
";2, Date: 26/03/14 10:44 13s"

Geometry
"Maillage_L0.152.mesh.gmsh"

Vertices
3138
0 0.009 22
0 0.01 22
0 0.015 22
0 0.013 22
0 0.014 22
0 0 22
0 0.002 22
0 0.003 22
0 0.008 22
0 0.007 22
0 0.017 22
0 0.016 22
0 0.019 22
0.000666666551928 0.00824999986477 0
0.000692307558183 0.00976923073113 0
0 0.012 22
0.000692307558183 0.0106923075792 0
0 0.011 22
0.000666666551928 0.0156666665299 0
0.000699999984633 0.012699999895 0
0.000749999977974 0.0146249998722 0
0.000777777734751 0.0136666666405 0
0 0.001 22
0.001 0 1
0 0.006 22
0 0.004 22
0 0.005 22
0.000749999977974 0.00149999998515 0
0.000833333248304 0.00333333317813 0
0.000799999971315 0.00239999986528 0
0.000727272595025 0.00727272722518 0
0.000727272595025 0.00636363626729 0
0.00138461534994 0.0076153844928 0
0 0.018 22
0.000999999944679 0.0174999998786 0
0.000749999977974 0.0167499999785 0
0.001 0.019 21
0.00133333318171 0.0163333333154 0
0.00155769214216 0.00853846134086 0
0.0017307690901 0.00946153834463 0
0.00145454542363 0.0124545453114 0
0.00138461534994 0.0105384613859 0
0.00133333318171 0.0114999998991 0
0.00149999987809 0.0152499998668 0
0.00190909090257 0.01318181814 0
0.00155555554736 0.0143333332703 0
0.00133333318171 0.000666666658983 0
0.002 0 1
0.000749999977974 0.00524999995288 0
0.00149999987809 0.00374999999693 0
0.00071428563028 0.00428571427803 0
0.00145454542363 0.00572727265905 0
0.00149999987809 0.00149999998515 0
0.00199999996722 0.00199999991856 0
0.00166666657447 0.00266666654834 0
0.00199999996722 0.00674999990882 0
0.00219413905907 0.00786080559717 0
0.00133333318171 0.0183333332048 0
0.0017499998448 0.0172499997562 0
0.002 0.019 21
0.00214285704656 0.016142857002 0
0.00247692293271 0.00927692291273 0
0.00227692295935 0.0102923074767 0
0.00207692298598 0.012076923007 0
0.00207692298598 0.0113076921965 0
0.00233333320425 0.0149999999001 0
0.002666666597 0.012999999855 0
0.00254545451081 0.0139090908129 0
0.003 0.019 21
0.00224999993392 0.000749999929313 0
0.003 0 1
0.00224999993392 0.00374999999693 0
0.00155555554736 0.00466666659342 0
0.00218181809651 0.00509090905082 0
0.00218181809651 0.0058181817237 0
0.002666666597 0.00133333328877 0
0.00311111101686 0.00333333317813 0
0.00299999998976 0.00249999985197 0
0.00307692300852 0.00623076922072 0
0.00287692287944 0.00724615378473 0
0.00300366292391 0.00810622701296 0
0.00363667565513 0.00877609876853 0
0.00249999990063 0.0169999999452 0
0.00299999998976 0.0164999998561 0
0.00239999991395 0.0177999999944 0
0.00333333322679 0.0183333332048 0
0.00311111101686 0.0156666665299 0
0.00293040283931 0.0099816848052 0
0.00289377271914 0.0109194137013 0
0.0028571427547 0.0118571427532 0
0.00318181811905 0.0146363634858 0
0.00346153841378 0.0128461538175 0
0.00333333322679 0.0137499999109 0
0.004 0.019 21
0.00333333322679 0.000666666658983 0
0.004 0 1
0.00279999986067 0.004199999937 0
0.00290909076939 0.00509090905082 0
0.00363636359799 0.00381818167862 0
0.00374999988987 0.00187499985734 0
0.00388888882947 0.00266666654834 0
0.00384615381905 0.00553846142896 0
0.00406593391715 0.00662637358417 0
0.00426968854207 0.0094459705241 0
0.00402930379699 0.00756410232458 0
0.00440590630994 0.00836950529117 0
0.00388888882947 0.0163333333154 0
0.00428571417098 0.0182857142821 0
0.00357142846284 0.0175714284183 0
0.00436363627088 0.0153636363144 0
0.00387755090918 0.0115918365707 0
0.00391418087363 0.0106541075189 0
0.00490270127328 0.0101158422797 0
0.00408163254008 0.0124387753701 0
0.00415384604982 0.0141538460708 0
0.00428571417098 0.0132857141694 0
0.00484615384158 0.0148461537069 0
0.005 0.019 21
0.0044999999457 0.00149999998515 0
0.005 0 1
0.00428571417098 0.000714285581619 0
0.00374125870852 0.00467832139808 0
0.00436363627088 0.00363636354933 0
0.00461538447385 0.00484615379292 0
0.00489999989243 0.00209999990524 0
0.00533333327187 0.00299999994109 0
0.00472527467862 0.00603296688328 0
0.00505494482578 0.00702197794763 0
0.00529532941514 0.00890384583571 0
0.00517513712046 0.00796291181381 0
0.00544444429897 0.017666666575 0
0.00509090894376 0.0160909089873 0
0.00466666664208 0.0169999999452 0
0.00553846147762 0.0155384614986 0
0.0050680269337 0.0121989793915 0
0.00489795890795 0.0113265303883 0
0.00553571416022 0.010785714191 0
0.00570512801828 0.00966300346052 0
0.00523809511516 0.0130714283947 0
0.00499999987911 0.0139999998776 0
0.00571428558725 0.0147142855857 0
0.006 0.019 21
0.006 0 1
0.0062999998617 0.000699999935972 0
0.00544444429897 0.00133333328877 0
0.00484615384158 0.00415384600116 0
0.00551282031565 0.00520512803621 0
0.00581818177236 0.00218181804785 0
0.0061538460949 0.00346153836512 0
0.00560439538248 0.00652747233759 0
0.00636363631595 0.0182727271617 0
0.00604395589013 0.00741758231108 0
0.00663003625556 0.00955677634562 0
0.00617216092141 0.00842124526777 0
0.00654545444524 0.0175454544888 0
0.00599999990165 0.0167499999785 0
0.00642857129539 0.0154285712939 0
0.00591836721815 0.0123469385427 0
0.00673469358602 0.0118775508851 0
0.00613520379526 0.0113316324602 0
0.00642857113968 0.0104285713369 0
0.00657142837473 0.0141714284039 0
0.00599999974594 0.0135999997751 0
0.007 0.019 21
0.007 0 1
0.00727272711813 0.00072727270208 0
0.00654545444524 0.00145454537496 0
0.00621794845482 0.00468717921156 0
0.00641025615745 0.00556410243522 0
0.00692307690542 0.00276923072908 0
0.00692307674971 0.00416923054263 0
0.00769230740451 0.00402692283334 0
0.00692307674971 0.00626923057439 0
0.00733333331694 0.0182499999344 0
0.00703296679876 0.00781318667453 0
0.00732142827485 0.0100714284828 0
0.00717719745895 0.00894230750081 0
0.00692307690542 0.0169230767707 0
0.00761538454147 0.0174615383692 0
0.00714285700353 0.016142857002 0
0.00732142843057 0.0150714284398 0
0.00714285700353 0.012642857001 0
0.00755102010961 0.0114081630718 0
0.00785714255595 0.0143571427316 0
0.00742857116221 0.0136285712221 0
0.008 0.019 21
0.008 0 1
0.00830769217751 0.000692307665238 0
0.00846153837076 0.00138461530128 0
0.00769230756023 0.00207692293732 0
0.00730769215497 0.00557307672512 0
0.0079487177785 0.0031794871406 0
0.00769230756023 0.00487692287585 0
0.00846153837076 0.00388461527977 0
0.00761904731991 0.00704761879816 0
0.00820512799677 0.00628205107751 0
0.00830769217751 0.0182307691797 0
0.00824175796122 0.00801098885626 0
0.0079591833714 0.0105306121523 0
0.00821428556574 0.00971428562874 0
0.0082280215299 0.00886263716464 0
0.00857142841981 0.0175714284183 0
0.00789039875296 0.0166117212943 0
0.00816541327589 0.0157619045309 0
0.00852255612996 0.0148690473957 0
0.008095237792 0.012428571382 0
0.00863945547439 0.0114489794914 0
0.0084999995687 0.0134499997951 0
0.009 0.019 21
0.009 0 1
0.00923076902556 0.00169230753206 0
0.00923076918128 0.000692307665238 0
0.0088461536203 0.00253846136135 0
0.00846153821504 0.00558461520908 0
0.00923076902556 0.00335897418438 0
0.00903846132293 0.00461538442519 0
0.00923076902556 0.0062923075423 0
0.00929308811286 0.00770219741822 0
0.00873626341553 0.00715164812142 0
0.00928571428367 0.0182857142821 0
0.00912087882079 0.00850549431057 0
0.00918367315678 0.0104693876008 0
0.0091071425452 0.00935714277467 0
0.00928571412795 0.0175357140706 0
0.00928571412795 0.0167857141705 0
0.00872556362406 0.0162738093507 0
0.00918796970396 0.0153809520598 0
0.00959183641858 0.0112346937166 0
0.00928571397223 0.0145357141587 0
0.00957142813091 0.0132714283681 0
0.00914285689289 0.0125428570143 0
0.01 0.019 21
0.0099999999918 0.00199999991856 0
0.01 0 1
0.0099999999918 0.000999999896018 0
0.0099999999918 0.00299999994109 0
0.00961538443083 0.00564615368638 0
0.0099999999918 0.00499999998617 0
0.0099999999918 0.00399999996363 0
0.0098499129659 0.00825274702646 0
0.0099999999918 0.00699999987553 0
0.0099999999918 0.0179999999677 0
0.0099999999918 0.0089999999206 0
0.0099999999918 0.00999999994314 0
0.0102105262878 0.0149999999001 0
0.0101052630619 0.0169999999452 0
0.0099999999918 0.0159999999227 0
0.0099999999918 0.0119999999882 0
0.0104210525837 0.0109999999657 0
0.0099999999918 0.0139999998776 0
0.0103157893579 0.012999999855 0
0.011 0.019 21
0.0108421051756 0.00299999994109 0
0.011 0 1
0.0108947367885 0.00199999991856 0
0.0109473684014 0.000999999896018 0
0.0107894735627 0.00399999996363 0
0.0106842104926 0.00599999985299 0
0.0107368419498 0.00499999998617 0
0.0105789472667 0.00799999989807 0
0.0108157892913 0.00699999987553 0
0.0110526314715 0.0179999999677 0
0.0111052630845 0.0169999999452 0
0.0109999998586 0.0089999999206 0
0.0109999998586 0.00999999994314 0
0.0109999998586 0.0149999999001 0
0.0111578946974 0.0159999999227 0
0.0112105261546 0.0109999999657 0
0.0113684209933 0.0119999999882 0
0.0111578943859 0.012999999855 0
0.0112631577675 0.0139999998776 0
0.012 0.019 21
0.0119999998812 0.00399999996363 0
0.0118421051981 0.00299999994109 0
0.0119473682682 0.000999999896018 0
0.012 0 1
0.0119999998812 0.00199999991856 0
0.0117368419723 0.00499999998617 0
0.0116842105151 0.00599999985299 0
0.0116315789022 0.00699999987553 0
0.0115789472893 0.00799999989807 0
0.0120526314941 0.0179999999677 0
0.012105263107 0.0169999999452 0
0.0119999998812 0.00999999994314 0
0.0119999998812 0.0089999999206 0
0.0119999998812 0.0149999999001 0
0.0121578947199 0.0159999999227 0
0.0119999998812 0.0109999999657 0
0.0121842104485 0.0119999999882 0
0.0119999998812 0.012999999855 0
0.01226315779 0.0139999998776 0
0.013 0.019 21
0.0127368419948 0.00499999998617 0
0.0129999999037 0.00299999994109 0
0.0127894736078 0.00399999996363 0
0.0129999999037 0.00199999991856 0
0.013 0 1
0.0129999999037 0.000999999896018 0
0.0126315789247 0.00699999987553 0
0.0126842103819 0.00599999985299 0
0.0129999999037 0.0089999999206 0
0.0125789473118 0.00799999989807 0
0.0130526315166 0.0179999999677 0
0.0131052631295 0.0169999999452 0
0.0129999999037 0.00999999994314 0
0.0132105261996 0.0149999999001 0
0.0131578945867 0.0159999999227 0
0.0129999999037 0.0119999999882 0
0.0129999999037 0.0109999999657 0
0.0129999999037 0.012999999855 0
0.0132631578126 0.0139999998776 0
0.014 0.019 21
0.0137368420174 0.00499999998617 0
0.0138421052432 0.00299999994109 0
0.0139999999262 0.00399999996363 0
0.0138947367004 0.00199999991856 0
0.014 0 1
0.0139473683133 0.000999999896018 0
0.013763157746 0.0089999999206 0
0.0136315789473 0.00699999987553 0
0.0139999999262 0.00599999985299 0
0.0139999999262 0.00799999989807 0
0.0139999999262 0.0169999999452 0
0.0140526315392 0.0179999999677 0
0.0139999999262 0.00999999994314 0
0.0141578946093 0.0159999999227 0
0.0139999999262 0.0149999999001 0
0.0139999999262 0.0119999999882 0
0.0144210525181 0.0109999999657 0
0.0142631578351 0.0139999998776 0
0.014315789448 0.012999999855 0
0.015 0.019 21
0.0147368420399 0.00499999998617 0
0.015 0 1
0.01484210511 0.00299999994109 0
0.0149999999488 0.00399999996363 0
0.0149999999488 0.00199999991856 0
0.0149999999488 0.000999999896018 0
0.0157894736754 0.00399999996363 0
0.014526315744 0.0089999999206 0
0.0146315788141 0.00699999987553 0
0.0149999999488 0.00599999985299 0
0.0149999999488 0.00799999989807 0
0.0149999999488 0.0169999999452 0
0.0150526315617 0.0179999999677 0
0.0149999999488 0.00999999994314 0
0.0151578946318 0.0159999999227 0
0.0152105262447 0.0149999999001 0
0.0152105262447 0.0109999999657 0
0.0149999999488 0.0119999999882 0
0.0152631578576 0.0139999998776 0
0.0153157894706 0.012999999855 0
0.016 0.019 21
0.0157368420625 0.00499999998617 0
0.016 0 1
0.0159999999713 0.000999999896018 0
0.0158421051326 0.00299999994109 0
0.0158947367455 0.00199999991856 0
0.0164210525632 0.0034999998745 0
0.0163947368346 0.00449999989704 0
0.0155263157665 0.0089999999206 0
0.0156315788366 0.00699999987553 0
0.0159999999713 0.00599999985299 0
0.0159999999713 0.00799999989807 0
0.0159999999713 0.0169999999452 0
0.0159999999713 0.0179999999677 0
0.0159999999713 0.0109999999657 0
0.0159999999713 0.00999999994314 0
0.0159999999713 0.0159999999227 0
0.0159999999713 0.0149999999001 0
0.0161578946543 0.012999999855 0
0.0159999999713 0.0119999999882 0
0.0159999999713 0.0139999998776 0
0.017 0.019 21
0.0170526314511 0.0179999999677 0
0.0169999999939 0.00499999998617 0
0.017 0 1
0.0169999999939 0.000999999896018 0
0.0169999999939 0.00199999991856 0
0.0169999999939 0.00299999994109 0
0.0169999999939 0.00399999996363 0
0.0164736841761 0.0089999999206 0
0.0163684209503 0.00699999987553 0
0.0169999999939 0.00599999985299 0
0.0167894735422 0.00799999989807 0
0.0169999999939 0.0169999999452 0
0.0169999999939 0.0109999999657 0
0.0174736841987 0.00999999994314 0
0.0171578946769 0.0159999999227 0
0.0169999999939 0.0149999999001 0
0.0173684209728 0.0119999999882 0
0.0169999999939 0.012999999855 0
0.017263157747 0.0139999998776 0
0.018 0.019 21
0.0180526314736 0.0179999999677 0
0.0177368419518 0.00499999998617 0
0.018 0 1
0.0179473684035 0.000999999896018 0
0.0179999998607 0.00199999991856 0
0.0179999998607 0.00399999996363 0
0.0178421051776 0.00299999994109 0
0.0175263156559 0.0089999999206 0
0.0179999998607 0.00599999985299 0
0.0176315788817 0.00699999987553 0
0.0175789472688 0.00799999989807 0
0.0181578946994 0.0159999999227 0
0.0181052630865 0.0169999999452 0
0.0179999998607 0.0109999999657 0
0.0182368420409 0.00999999994314 0
0.018184210428 0.0119999999882 0
0.0179999998607 0.0139999998776 0
0.0179999998607 0.0149999999001 0
0.0179999998607 0.012999999855 0
0.019 0.019 21
0.0190526314961 0.0179999999677 0
0.0187368419743 0.00499999998617 0
0.019 0 1
0.0189999998832 0.000999999896018 0
0.0188947368131 0.00199999991856 0
0.0189999998832 0.00299999994109 0
0.0187894735873 0.00399999996363 0
0.0185263156784 0.0089999999206 0
0.0189999998832 0.00599999985299 0
0.0186315789042 0.00699999987553 0
0.0189999998832 0.00799999989807 0
0.0189999998832 0.0159999999227 0
0.019105263109 0.0169999999452 0
0.0189999998832 0.0109999999657 0
0.0189999998832 0.00999999994314 0
0.0189999998832 0.0119999999882 0
0.0189999998832 0.0139999998776 0
0.0192105261792 0.0149999999001 0
0.019315789405 0.012999999855 0
0.02 0.019 21
0.0199999999058 0.0169999999452 0
0.0199999999058 0.0179999999677 0
0.0197368419969 0.00499999998617 0
0.0199473682928 0.000999999896018 0
0.02 0 1
0.0199999999058 0.00199999991856 0
0.0198421052227 0.00299999994109 0
0.0197894736098 0.00399999996363 0
0.0199999999058 0.00599999985299 0
0.0199999999058 0.0089999999206 0
0.0199999999058 0.00799999989807 0
0.0199999999058 0.00699999987553 0
0.0199999999058 0.0159999999227 0
0.0202105262017 0.0149999999001 0
0.0199999999058 0.00999999994314 0
0.0199999999058 0.0109999999657 0
0.0203684210404 0.0119999999882 0
0.0202631578146 0.0139999998776 0
0.0203157894275 0.012999999855 0
0.021 0.019 21
0.0209999999283 0.0169999999452 0
0.0209999999283 0.0179999999677 0
0.021 0 1
0.0207368420194 0.00499999998617 0
0.0209473683154 0.000999999896018 0
0.0208947367025 0.00199999991856 0
0.0208421052453 0.00299999994109 0
0.0207894736323 0.00399999996363 0
0.0209999999283 0.00599999985299 0
0.020763157748 0.0089999999206 0
0.0209999999283 0.00699999987553 0
0.0209999999283 0.00799999989807 0
0.0209999999283 0.0159999999227 0
0.0209999999283 0.0149999999001 0
0.0211842104956 0.0119999999882 0
0.0209999999283 0.00999999994314 0
0.0214210525202 0.0109999999657 0
0.0212631578372 0.0139999998776 0
0.0213157894501 0.012999999855 0
0.022 0.019 21
0.0220526315637 0.0179999999677 0
0.0221578946339 0.0159999999227 0
0.0219999999508 0.0169999999452 0
0.022 0 1
0.0219999999508 0.000999999896018 0
0.021736842042 0.00499999998617 0
0.021894736725 0.00199999991856 0
0.0218421051121 0.00299999994109 0
0.0217894736549 0.00399999996363 0
0.0219999999508 0.00599999985299 0
0.0219999999508 0.00699999987553 0
0.021526315746 0.0089999999206 0
0.0219999999508 0.00799999989807 0
0.0219999999508 0.0149999999001 0
0.0219999999508 0.0119999999882 0
0.0219999999508 0.00999999994314 0
0.0224210525427 0.0109999999657 0
0.0222631578597 0.0139999998776 0
0.0223157894726 0.012999999855 0
0.023 0.019 21
0.0229999999734 0.0179999999677 0
0.0229999999734 0.0159999999227 0
0.0231052630435 0.0169999999452 0
0.023 0 1
0.0228947367475 0.00199999991856 0
0.0229473683604 0.000999999896018 0
0.0227368420645 0.00499999998617 0
0.0228421051346 0.00299999994109 0
0.0227894736774 0.00399999996363 0
0.0229999999734 0.00599999985299 0
0.0229999999734 0.00799999989807 0
0.0229999999734 0.00699999987553 0
0.0229999999734 0.0089999999206 0
0.0232105262693 0.0149999999001 0
0.0229999999734 0.0119999999882 0
0.0234210525653 0.0109999999657 0
0.0234736841782 0.00999999994314 0
0.0229999999734 0.0139999998776 0
0.0233157893394 0.012999999855 0
0.024 0.019 21
0.0239999999959 0.0179999999677 0
0.0239999999959 0.0169999999452 0
0.0239999999959 0.0159999999227 0
0.024 0 1
0.023947368383 0.000999999896018 0
0.0238421051572 0.00299999994109 0
0.0238947367701 0.00199999991856 0
0.023736842087 0.00499999998617 0
0.0237894735442 0.00399999996363 0
0.0239999999959 0.00599999985299 0
0.0239999999959 0.00799999989807 0
0.0239999999959 0.00699999987553 0
0.0239999999959 0.0089999999206 0
0.0239999999959 0.0149999999001 0
0.0245789472708 0.0154999998335 0
0.0239999999959 0.0119999999882 0
0.0244210525878 0.0109999999657 0
0.0244736842007 0.00999999994314 0
0.024263157749 0.0139999998776 0
0.024315789362 0.012999999855 0
0.025 0.019 21
0.0250526314756 0.0179999999677 0
0.0251578947015 0.0159999999227 0
0.0251052630886 0.0169999999452 0
0.025 0 1
0.026 0 1
0.0248947367926 0.00199999991856 0
0.0249999998627 0.000999999896018 0
0.0247894735668 0.00399999996363 0
0.0248421051797 0.00299999994109 0
0.0247368419539 0.00499999998617 0
0.0248421051797 0.00599999985299 0
0.0247894735668 0.00799999989807 0
0.0249999998627 0.00699999987553 0
0.0249999998627 0.0089999999206 0
0.0252105263144 0.0149999999001 0
0.0249999998627 0.0119999999882 0
0.0252105261587 0.0109999999657 0
0.0254736840675 0.00999999994314 0
0.0252631577716 0.0139999998776 0
0.0253157893845 0.012999999855 0
0.026 0.019 21
0.0259999998853 0.0179999999677 0
0.0261052631111 0.0169999999452 0
0.0259999998853 0.0159999999227 0
0.027 0 1
0.0259473682723 0.000999999896018 0
0.0269999999078 0.000999999896018 0
0.0258947368151 0.00199999991856 0
0.0257894735893 0.00399999996363 0
0.0259999998853 0.00299999994109 0
0.0259999998853 0.00499999998617 0
0.0256842105192 0.00599999985299 0
0.0255789472934 0.00799999989807 0
0.0259999998853 0.00699999987553 0
0.0259999998853 0.0089999999206 0
0.0262105261812 0.0149999999001 0
0.0264736840901 0.00999999994314 0
0.0259999998853 0.0119999999882 0
0.0259999998853 0.0109999999657 0
0.0262631577941 0.0139999998776 0
0.026315789407 0.012999999855 0
0.027 0.019 21
0.0269999999078 0.0179999999677 0
0.0271052631336 0.0169999999452 0
0.0271578945908 0.0159999999227 0
0.028 0 1
0.0279473683174 0.000999999896018 0
0.0269999999078 0.00199999991856 0
0.0268421052248 0.00299999994109 0
0.0267894736119 0.00399999996363 0
0.0269999999078 0.00499999998617 0
0.026684210386 0.00599999985299 0
0.0265789473159 0.00799999989807 0
0.0269999999078 0.00699999987553 0
0.0269999999078 0.0089999999206 0
0.029 0 1
0.0272105262037 0.0149999999001 0
0.0269999999078 0.0109999999657 0
0.0274736841126 0.00999999994314 0
0.0269999999078 0.0119999999882 0
0.0272631578167 0.0139999998776 0
0.0271578945908 0.012999999855 0
0.028 0.019 21
0.0279999999303 0.0179999999677 0
0.0281052631562 0.0169999999452 0
0.0281578946134 0.0159999999227 0
0.0289999999529 0.000999999896018 0
0.0279999999303 0.00199999991856 0
0.028894736727 0.00199999991856 0
0.0277368420215 0.00499999998617 0
0.0278421052473 0.00299999994109 0
0.0279999999303 0.00399999996363 0
0.0279999999303 0.00599999985299 0
0.0275789473384 0.00799999989807 0
0.027815789363 0.00699999987553 0
0.0279999999303 0.0089999999206 0
0.03 0 1
0.0299473683625 0.000999999896018 0
0.0282105262263 0.0149999999001 0
0.0282631578392 0.0139999998776 0
0.0282368419549 0.00999999994314 0
0.0279999999303 0.0109999999657 0
0.0279999999303 0.0119999999882 0
0.0279999999303 0.012999999855 0
0.029 0.019 21
0.0289999999529 0.0169999999452 0
0.0290526315658 0.0179999999677 0
0.0291578946359 0.0159999999227 0
0.0287631577726 0.0089999999206 0
0.0299999999754 0.00199999991856 0
0.0289999999529 0.00299999994109 0
0.0298421051367 0.00299999994109 0
0.0289999999529 0.00499999998617 0
0.0287894736569 0.00399999996363 0
0.0286315788182 0.00699999987553 0
0.0289999999529 0.00599999985299 0
0.028578947361 0.00799999989807 0
0.031 0 1
0.030999999998 0.000999999896018 0
0.0308947367721 0.00199999991856 0
0.0292105262488 0.0149999999001 0
0.0289999999529 0.012999999855 0
0.0292631578617 0.0139999998776 0
0.0289999999529 0.00999999994314 0
0.0289999999529 0.0109999999657 0
0.0289999999529 0.0119999999882 0
0.03 0.019 21
0.0300526314326 0.0179999999677 0
0.0299999999754 0.0169999999452 0
0.0301578946584 0.0159999999227 0
0.0295263157706 0.0089999999206 0
0.0299999999754 0.00999999994314 0
0.030999999998 0.00299999994109 0
0.0318421051817 0.00299999994109 0
0.0299999999754 0.00399999996363 0
0.0307894735463 0.00399999996363 0
0.0297368420665 0.00499999998617 0
0.0299999999754 0.00799999989807 0
0.0298421051367 0.00599999985299 0
0.0296315788407 0.00699999987553 0
0.032 0 1
0.0319473684076 0.000999999896018 0
0.0319999998648 0.00199999991856 0
0.0302105262714 0.0149999999001 0
0.0302631578843 0.0139999998776 0
0.0299999999754 0.012999999855 0
0.0299999999754 0.0109999999657 0
0.0299999999754 0.0119999999882 0
0.031 0.019 21
0.0310526314552 0.0179999999677 0
0.030999999998 0.0169999999452 0
0.031157894681 0.0159999999227 0
0.0305263156374 0.0089999999206 0
0.030999999998 0.00999999994314 0
0.0329999998873 0.00299999994109 0
0.0319999998648 0.00399999996363 0
0.030999999998 0.00499999998617 0
0.0319999998648 0.00499999998617 0
0.0306842104762 0.00599999985299 0
0.030999999998 0.00799999989807 0
0.0306315788633 0.00699999987553 0
0.0313421050926 0.0064999997864 0
0.033 0 1
0.0329999998873 0.000999999896018 0
0.0331052631131 0.00199999991856 0
0.0339999999098 0.00299999994109 0
0.0312105262939 0.0149999999001 0
0.0314210525898 0.0109999999657 0
0.0312631577511 0.0139999998776 0
0.030999999998 0.012999999855 0
0.030999999998 0.0119999999882 0
0.032 0.019 21
0.0319999998648 0.0179999999677 0
0.0321052630906 0.0169999999452 0
0.0319999998648 0.0159999999227 0
0.0317894735688 0.00799999989807 0
0.03152631566 0.0089999999206 0
0.0324736840696 0.00999999994314 0
0.0332105261833 0.00399999996363 0
0.0329999998873 0.00499999998617 0
0.0319999998648 0.00599999985299 0
0.0319999998648 0.00699999987553 0
0.034 0 1
0.0339999999098 0.000999999896018 0
0.0339999999098 0.00199999991856 0
0.0339999999098 0.00399999996363 0
0.0348421052494 0.00299999994109 0
0.0332368419119 0.00999999994314 0
0.0322105261607 0.0149999999001 0
0.0324210526124 0.0109999999657 0
0.0322631577736 0.0139999998776 0
0.0319999998648 0.0119999999882 0
0.0319999998648 0.012999999855 0
0.033 0.019 21
0.0329999998873 0.0179999999677 0
0.0329999998873 0.0169999999452 0
0.0329999998873 0.0159999999227 0
0.0335789471622 0.0154999996778 0
0.0325789472954 0.00799999989807 0
0.0334736840921 0.0089999999206 0
0.0325263156825 0.0089999999206 0
0.0339999999098 0.00499999998617 0
0.0333157894091 0.00599999985299 0
0.0329999998873 0.00699999987553 0
0.035 0 1
0.0349999999324 0.00199999991856 0
0.0349473683195 0.000999999896018 0
0.0347368420235 0.00499999998617 0
0.0349999999324 0.00399999996363 0
0.0358421051162 0.00299999994109 0
0.034 0.019 21
0.0339999999098 0.00999999994314 0
0.033578947318 0.0109999999657 0
0.0329999998873 0.0149999999001 0
0.0329999998873 0.0139999998776 0
0.0329999998873 0.0119999999882 0
0.0328421050486 0.012999999855 0
0.0339473682969 0.0179999999677 0
0.0338947368397 0.0169999999452 0
0.0341578945929 0.0159999999227 0
0.0342105262058 0.0149999999001 0
0.0349999999324 0.00999999994314 0
0.0342368419344 0.0089999999206 0
0.0334210524792 0.00799999989807 0
0.0341578945929 0.00599999985299 0
0.0339999999098 0.00699999987553 0
0.0349999999324 0.00599999985299 0
0.036 0 1
0.0358947367291 0.00199999991856 0
0.035947368342 0.000999999896018 0
0.0359999999549 0.00599999985299 0
0.0357368420461 0.00499999998617 0
0.0368421051387 0.00299999994109 0
0.035789473659 0.00399999996363 0
0.0364736841597 0.00449999989704 0
0.035 0.019 21
0.0349999999324 0.0109999999657 0
0.0339999999098 0.0119999999882 0
0.0339999999098 0.0139999998776 0
0.0336842103881 0.012999999855 0
0.0350526315453 0.0179999999677 0
0.0349999999324 0.0169999999452 0
0.0351578946154 0.0159999999227 0
0.0349999999324 0.0149999999001 0
0.0359999999549 0.00999999994314 0
0.0349999999324 0.0089999999206 0
0.0345789473405 0.00799999989807 0
0.0349999999324 0.00699999987553 0
0.0359999999549 0.00699999987553 0
0.0359999999549 0.0089999999206 0
0.0359999999549 0.0109999999657 0
0.037 0 1
0.0369473683645 0.000999999896018 0
0.0368947367516 0.00199999991856 0
0.0366578945714 0.0064999997864 0
0.0366315788428 0.00549999991958 0
0.038 0.00299999994109 0
0.0372105262734 0.00399999996363 0
0.0372631578863 0.00499999998617 0
0.036 0.019 21
0.0359999999549 0.0179999999677 0
0.0353684209114 0.0119999999882 0
0.0352631578412 0.0139999998776 0
0.0349999999324 0.012999999855 0
0.0363684209339 0.0119999999882 0
0.0362631578638 0.0139999998776 0
0.0359999999549 0.0169999999452 0
0.0362105262509 0.0149999999001 0
0.0359999999549 0.0159999999227 0
0.0367631577972 0.00999999994314 0
0.0359999999549 0.00799999989807 0
0.0366842104557 0.00749999980894 0
0.0373684209564 0.00699999987553 0
0.0369999999775 0.0089999999206 0
0.0369999999775 0.0109999999657 0
0.038 0 1
0.038 0.000999999896018 0
0.0381052630701 0.00199999991856 0
0.0373157893435 0.00599999985299 0
0.0389999998668 0.00299999994109 0
0.0382105262959 0.00399999996363 0
0.0389999998668 0.00399999996363 0
0.038 0.00499999998617 0
0.037 0.019 21
0.0369999999775 0.0179999999677 0
0.036315789321 0.012999999855 0
0.0371842103891 0.0119999999882 0
0.0369999999775 0.0169999999452 0
0.0369999999775 0.0149999999001 0
0.0369999999775 0.0139999998776 0
0.0369999999775 0.0159999999227 0
0.0375263156395 0.00999999994314 0
0.0374210525694 0.00799999989807 0
0.0381842104116 0.00699999987553 0
0.0384736842048 0.0089999999206 0
0.0377894735483 0.0109999999657 0
0.0389999998668 0.000999999896018 0
0.039 0 1
0.0389999998668 0.00199999991856 0
0.0383157893661 0.00599999985299 0
0.0399999998894 0.00299999994109 0
0.0397894735934 0.00399999996363 0
0.0389999998668 0.00499999998617 0
0.0379473683871 0.0179999999677 0
0.038 0.019 21
0.0378947367742 0.0169999999452 0
0.0376842104782 0.012999999855 0
0.0379999998443 0.0119999999882 0
0.0379999998443 0.0139999998776 0
0.0378421051613 0.0159999999227 0
0.038736841958 0.0139999998776 0
0.0377894735483 0.0149999999001 0
0.038526315662 0.00999999994314 0
0.0384210525919 0.00799999989807 0
0.0389999998668 0.00699999987553 0
0.0392368420471 0.0089999999206 0
0.0385789472749 0.0109999999657 0
0.039 0.019 21
0.04 0 1
0.0399473682764 0.000999999896018 0
0.0399999998894 0.00199999991856 0
0.0408421052289 0.00299999994109 0
0.0396842105233 0.00599999985299 0
0.0407894736159 0.00399999996363 0
0.0399999998894 0.00499999998617 0
0.0389999998668 0.0179999999677 0
0.0389999998668 0.0159999999227 0
0.0391052630927 0.0169999999452 0
0.0386842105008 0.012999999855 0
0.0389999998668 0.0119999999882 0
0.0393684208458 0.0134999997885 0
0.0393947367301 0.014499999811 0
0.0387894735709 0.0149999999001 0
0.0394736840716 0.00999999994314 0
0.0399999998894 0.00699999987553 0
0.0395789472975 0.00799999989807 0
0.0399999998894 0.0089999999206 0
0.0399999998894 0.0109999999657 0
0.04 0.019 21
0.041473683961 0.0034999998745 0
0.041 0 1
0.040947368299 0.000999999896018 0
0.0408947368418 0.00199999991856 0
0.0414736841167 0.00249999985197 0
0.0416052630711 0.00449999989704 0
0.0408157893445 0.00699999987553 0
0.0406842103901 0.00599999985299 0
0.0409999999119 0.00499999998617 0
0.0401052631152 0.0169999999452 0
0.0399999998894 0.0179999999677 0
0.0399999998894 0.0159999999227 0
0.0399999998894 0.012999999855 0
0.0403684210241 0.0119999999882 0
0.0399999998894 0.0139999998776 0
0.0402105261853 0.0149999999001 0
0.0404736840942 0.00999999994314 0
0.0407631577316 0.0089999999206 0
0.0409999999119 0.00799999989807 0
0.0416315787997 0.00699999987553 0
0.0409999999119 0.0109999999657 0
0.041 0.019 21
0.0422105262304 0.00399999996363 0
0.0421578946175 0.00299999994109 0
0.042 0 1
0.0419999999344 0.000999999896018 0
0.0421052630046 0.00199999991856 0
0.0422631578433 0.00499999998617 0
0.0416842104127 0.00599999985299 0
0.0409999999119 0.0169999999452 0
0.0410526315248 0.0179999999677 0
0.0412105262078 0.0149999999001 0
0.0411578945949 0.0159999999227 0
0.0419999999344 0.0149999999001 0
0.0409999999119 0.012999999855 0
0.0411842104792 0.0119999999882 0
0.0412631578208 0.0139999998776 0
0.0419999999344 0.0139999998776 0
0.0423684209134 0.00699999987553 0
0.0412368419364 0.00999999994314 0
0.0415263157296 0.0089999999206 0
0.0419999999344 0.00799999989807 0
0.0417894736385 0.0109999999657 0
0.042 0.019 21
0.042999999957 0.00499999998617 0
0.042999999957 0.00399999996363 0
0.042999999957 0.00299999994109 0
0.042999999957 0.00199999991856 0
0.043 0 1
0.042999999957 0.000999999896018 0
0.042999999957 0.00599999985299 0
0.0431842103686 0.00699999987553 0
0.0419999999344 0.0169999999452 0
0.0419999999344 0.0179999999677 0
0.0419999999344 0.0159999999227 0
0.0425789472094 0.0154999998335 0
0.0426052630937 0.014499999811 0
0.0419999999344 0.0119999999882 0
0.0426315788223 0.0134999997885 0
0.0419999999344 0.012999999855 0
0.042999999957 0.00799999989807 0
0.0419999999344 0.00999999994314 0
0.0424736841392 0.0089999999206 0
0.0425789473651 0.0109999999657 0
0.043 0.019 21
0.0437368420706 0.00499999998617 0
0.0437894736836 0.00399999996363 0
0.0443947366871 0.00449999989704 0
0.0439999999795 0.00299999994109 0
0.0438947367537 0.00199999991856 0
0.044 0 1
0.0439999999795 0.000999999896018 0
0.0439999999795 0.00799999989807 0
0.0439999999795 0.00599999985299 0
0.0439999999795 0.00699999987553 0
0.042999999957 0.0169999999452 0
0.0430526315699 0.0179999999677 0
0.04315789464 0.0159999999227 0
0.0432105262529 0.0149999999001 0
0.0432631578658 0.0139999998776 0
0.042999999957 0.0119999999882 0
0.043315789323 0.012999999855 0
0.0434210525489 0.0109999999657 0
0.0435263157747 0.0089999999206 0
0.042999999957 0.00999999994314 0
0.044 0.019 21
0.0449999998463 0.00499999998617 0
0.045 0 1
0.0449999998463 0.00299999994109 0
0.0449999998463 0.00399999996363 0
0.0448947367762 0.00199999991856 0
0.0449473683891 0.000999999896018 0
0.0445263156415 0.0089999999206 0
0.0447894735504 0.00799999989807 0
0.0449999998463 0.00699999987553 0
0.0449999998463 0.00599999985299 0
0.0439999999795 0.0179999999677 0
0.0439999999795 0.0169999999452 0
0.0439999999795 0.0159999999227 0
0.0439999999795 0.0149999999001 0
0.0439999999795 0.0139999998776 0
0.0443157893456 0.012999999855 0
0.0443684209585 0.0119999999882 0
0.0444210525714 0.0109999999657 0
0.0444736841843 0.00999999994314 0
0.045 0.019 21
0.04573684196 0.00499999998617 0
0.046 0 1
0.0459473684117 0.000999999896018 0
0.0458421051858 0.00299999994109 0
0.0459999998689 0.00399999996363 0
0.0459999998689 0.00199999991856 0
0.0450526314592 0.0179999999677 0
0.0454736842069 0.00999999994314 0
0.0455263156641 0.0089999999206 0
0.0459999998689 0.00599999985299 0
0.045578947277 0.00799999989807 0
0.0459999998689 0.00699999987553 0
0.0449999998463 0.0139999998776 0
0.0449999998463 0.0159999999227 0
0.0449999998463 0.0169999999452 0
0.0449999998463 0.0149999999001 0
0.0451578945294 0.012999999855 0
0.045368420981 0.0119999999882 0
0.0454210525939 0.0109999999657 0
0.046 0.019 21
0.047 0 1
0.0467894735955 0.00399999996363 0
0.0467368419825 0.00499999998617 0
0.0469999998914 0.000999999896018 0
0.0468947368213 0.00199999991856 0
0.0468421052084 0.00299999994109 0
0.0459999998689 0.0179999999677 0
0.0462368420491 0.00999999994314 0
0.0465263156866 0.0089999999206 0
0.0468157893241 0.00699999987553 0
0.0469999998914 0.00599999985299 0
0.0469999998914 0.00799999989807 0
0.0459999998689 0.0139999998776 0
0.0461052630947 0.0169999999452 0
0.0462105261648 0.0149999999001 0
0.0459999998689 0.0159999999227 0
0.0461842104362 0.0119999999882 0
0.0459999998689 0.012999999855 0
0.0466315787567 0.0134999997885 0
0.0464210526165 0.0109999999657 0
0.047 0.019 21
0.048 0 1
0.047789473618 0.00399999996363 0
0.0479999999139 0.00499999998617 0
0.0479999999139 0.000999999896018 0
0.0478947366881 0.00199999991856 0
0.0479999999139 0.00299999994109 0
0.0469999998914 0.0169999999452 0
0.0470526315043 0.0179999999677 0
0.0469999998914 0.00999999994314 0
0.0475263157091 0.0089999999206 0
0.0479999999139 0.00599999985299 0
0.047631578935 0.00699999987553 0
0.0479999999139 0.00799999989807 0
0.0469999998914 0.0149999999001 0
0.0472631578003 0.0139999998776 0
0.0469999998914 0.0159999999227 0
0.0475789471663 0.0154999998335 0
0.0469999998914 0.0119999999882 0
0.0473157894132 0.012999999855 0
0.0474210524833 0.0109999999657 0
0.048 0.019 21
0.049 0 1
0.0489473683236 0.000999999896018 0
0.0487368420276 0.00499999998617 0
0.0489999999365 0.00599999985299 0
0.0487894736405 0.00399999996363 0
0.0488947367107 0.00199999991856 0
0.0488421052535 0.00299999994109 0
0.0480526315269 0.0179999999677 0
0.0481052631398 0.0169999999452 0
0.0479999999139 0.00999999994314 0
0.0485263157317 0.0089999999206 0
0.0489999999365 0.00799999989807 0
0.0489999999365 0.00699999987553 0
0.0479999999139 0.0139999998776 0
0.0482105262099 0.0149999999001 0
0.048157894597 0.0159999999227 0
0.0479999999139 0.0119999999882 0
0.0483157894357 0.012999999855 0
0.0484210525058 0.0109999999657 0
0.049 0.019 21
0.05 0 1
0.0498421051203 0.00599999985299 0
0.0498947367332 0.00199999991856 0
0.049999999959 0.000999999896018 0
0.0497368420502 0.00499999998617 0
0.0497894736631 0.00399999996363 0
0.0498421051203 0.00299999994109 0
0.0490526315494 0.0179999999677 0
0.0489999999365 0.0169999999452 0
0.0491578946195 0.0159999999227 0
0.0489999999365 0.00999999994314 0
0.0495263157542 0.0089999999206 0
0.0497894735074 0.00799999989807 0
0.049999999959 0.00699999987553 0
0.0492631578453 0.0139999998776 0
0.0489999999365 0.0149999999001 0
0.0493684209155 0.0119999999882 0
0.0493157894583 0.012999999855 0
0.0494210525284 0.0109999999657 0
0.05 0.019 21
0.051 0 1
0.0509999999816 0.000999999896018 0
0.0508157894142 0.00699999987553 0
0.0506842104598 0.00599999985299 0
0.0508947367557 0.00199999991856 0
0.0509999999816 0.00499999998617 0
0.0509999999816 0.00299999994109 0
0.0507894735299 0.00399999996363 0
0.049999999959 0.0179999999677 0
0.049999999959 0.0159999999227 0
0.0501052630291 0.0169999999452 0
0.049999999959 0.00999999994314 0
0.0505263157767 0.0089999999206 0
0.0505789472339 0.00799999989807 0
0.049999999959 0.0139999998776 0
0.050210526255 0.0149999999001 0
0.0501842103707 0.0119999999882 0
0.0503157893251 0.012999999855 0
0.0504210525509 0.0109999999657 0
0.051 0.019 21
0.052 0 1
0.0519473683912 0.000999999896018 0
0.0519999998484 0.00199999991856 0
0.0516315788694 0.00699999987553 0
0.0516842104823 0.00599999985299 0
0.0518421051653 0.00299999994109 0
0.0517368420952 0.00499999998617 0
0.0519999998484 0.00399999996363 0
0.0510526314388 0.0179999999677 0
0.0511052630517 0.0169999999452 0
0.0511578946646 0.0159999999227 0
0.0512105262775 0.0149999999001 0
0.0509999999816 0.00999999994314 0
0.0515263156436 0.0089999999206 0
0.0519999998484 0.00799999989807 0
0.0512631578904 0.0139999998776 0
0.0511578945089 0.012999999855 0
0.0509999999816 0.0119999999882 0
0.0512105261218 0.0109999999657 0
0.052 0.019 21
0.0529999998709 0.00199999991856 0
0.0529999998709 0.00299999994109 0
0.053 0 1
0.0529999998709 0.000999999896018 0
0.0526842105049 0.00599999985299 0
0.0526315788919 0.00699999987553 0
0.052789473575 0.00399999996363 0
0.0527368419621 0.00499999998617 0
0.0537894735975 0.00399999996363 0
0.0520526314613 0.0179999999677 0
0.0521052630742 0.0169999999452 0
0.0521578946871 0.0159999999227 0
0.0522105263 0.0149999999001 0
0.0529999998709 0.00799999989807 0
0.0522631577572 0.0139999998776 0
0.0519999998484 0.00999999994314 0
0.0525263156661 0.0089999999206 0
0.0519999998484 0.012999999855 0
0.0519999998484 0.0109999999657 0
0.0519999998484 0.0119999999882 0
0.053 0.019 21
0.0538947368233 0.00199999991856 0
0.0538421052104 0.00299999994109 0
0.054 0 1
0.0539999998935 0.000999999896018 0
0.0536842103717 0.00599999985299 0
0.0539999998935 0.00699999987553 0
0.0537368419846 0.00499999998617 0
0.05478947362 0.00399999996363 0
0.0529999998709 0.0169999999452 0
0.0530526314838 0.0179999999677 0
0.0532105261669 0.0149999999001 0
0.0531578947097 0.0159999999227 0
0.0539999998935 0.0089999999206 0
0.0539999998935 0.00799999989807 0
0.0529999998709 0.012999999855 0
0.0532631577798 0.0139999998776 0
0.0529999998709 0.0109999999657 0
0.0529999998709 0.00999999994314 0
0.0529999998709 0.0119999999882 0
0.054 0.019 21
0.055 0 1
0.054999999916 0.00299999994109 0
0.0548947366902 0.00199999991856 0
0.054999999916 0.000999999896018 0
0.0557894736426 0.00399999996363 0
0.0548157891929 0.00699999987553 0
0.0546842103942 0.00599999985299 0
0.054999999916 0.00499999998617 0
0.0541052631193 0.0169999999452 0
0.0539999998935 0.0179999999677 0
0.0542105261894 0.0149999999001 0
0.0541578947322 0.0159999999227 0
0.054999999916 0.00799999989807 0
0.0539999998935 0.00999999994314 0
0.0547631577357 0.0089999999206 0
0.0542631578023 0.0139999998776 0
0.0539999998935 0.012999999855 0
0.0539999998935 0.0109999999657 0
0.0539999998935 0.0119999999882 0
0.055 0.019 21
0.056 0 1
0.0558421052555 0.00299999994109 0
0.0559999999385 0.00199999991856 0
0.0559999999385 0.000999999896018 0
0.0564210525304 0.0034999998745 0
0.0563947366461 0.00449999989704 0
0.0556315788038 0.00699999987553 0
0.0557368420297 0.00499999998617 0
0.0556842104168 0.00599999985299 0
0.054999999916 0.0169999999452 0
0.0550526315289 0.0179999999677 0
0.0552105262119 0.0149999999001 0
0.055157894599 0.0159999999227 0
0.0559999999385 0.00799999989807 0
0.0555263157337 0.0089999999206 0
0.054999999916 0.00999999994314 0
0.0552631578249 0.0139999998776 0
0.054999999916 0.012999999855 0
0.054999999916 0.0109999999657 0
0.054999999916 0.0119999999882 0
0.056 0.019 21
0.057 0 1
0.0569999999611 0.000999999896018 0
0.0569999999611 0.00299999994109 0
0.0569999999611 0.00199999991856 0
0.0569999999611 0.00399999996363 0
0.0569999999611 0.00499999998617 0
0.0566315788264 0.00699999987553 0
0.0566842104393 0.00599999985299 0
0.0559999999385 0.0169999999452 0
0.0560526315514 0.0179999999677 0
0.0562105262345 0.0149999999001 0
0.0561578946216 0.0159999999227 0
0.0569999999611 0.0149999999001 0
0.0567894735094 0.00799999989807 0
0.0565263157563 0.0089999999206 0
0.0559999999385 0.0109999999657 0
0.0559999999385 0.00999999994314 0
0.0559999999385 0.012999999855 0
0.0562631578474 0.0139999998776 0
0.0559999999385 0.0119999999882 0
0.057 0.019 21
0.057052631574 0.0179999999677 0
0.058 0 1
0.0579999999836 0.000999999896018 0
0.0579999999836 0.00299999994109 0
0.0579999999836 0.00199999991856 0
0.0579999999836 0.00399999996363 0
0.057578947236 0.00799999989807 0
0.0576842104618 0.00599999985299 0
0.0579999999836 0.00499999998617 0
0.0576315788489 0.00699999987553 0
0.0571052630312 0.0169999999452 0
0.0569999999611 0.0159999999227 0
0.057578947236 0.0154999998335 0
0.0576052629646 0.014499999811 0
0.0569999999611 0.0139999998776 0
0.0575263157788 0.0089999999206 0
0.0569999999611 0.00999999994314 0
0.0569999999611 0.0109999999657 0
0.0569999999611 0.012999999855 0
0.0569999999611 0.0119999999882 0
0.058 0.019 21
0.0579999999836 0.0179999999677 0
0.059 0 1
0.0589473683932 0.000999999896018 0
0.0589999998504 0.00199999991856 0
0.0588421051674 0.00299999994109 0
0.0592105263021 0.00399999996363 0
0.0587368420973 0.00499999998617 0
0.0585789472585 0.00799999989807 0
0.0586842104844 0.00599999985299 0
0.0589999998504 0.00699999987553 0
0.0581052630537 0.0169999999452 0
0.0581578946666 0.0159999999227 0
0.0582105262796 0.0149999999001 0
0.0579999999836 0.012999999855 0
0.0582631578925 0.0139999998776 0
0.0579999999836 0.0109999999657 0
0.0589999998504 0.0089999999206 0
0.0579999999836 0.00999999994314 0
0.0579999999836 0.0119999999882 0
0.059 0.019 21
0.0589999998504 0.0179999999677 0
0.06 0 1
0.059999999873 0.00199999991856 0
0.059999999873 0.000999999896018 0
0.059999999873 0.00299999994109 0
0.059999999873 0.00399999996363 0
0.059999999873 0.00499999998617 0
0.0593421051008 0.00549999991958 0
0.059421052598 0.00799999989807 0
0.0598421050342 0.0064999997864 0
0.0600263157573 0.00749999980894 0
0.059763157537 0.0089999999206 0
0.0589999998504 0.0169999999452 0
0.0589999998504 0.0159999999227 0
0.0589999998504 0.0149999999001 0
0.0589999998504 0.012999999855 0
0.0589999998504 0.0139999998776 0
0.0589999998504 0.0109999999657 0
0.0589999998504 0.00999999994314 0
0.0589999998504 0.0119999999882 0
0.06 0.019 21
0.0600526314859 0.0179999999677 0
0.061 0 1
0.0609999998955 0.000999999896018 0
0.0608947368254 0.00199999991856 0
0.0609999998955 0.00299999994109 0
0.0607894735996 0.00399999996363 0
0.0607368419866 0.00499999998617 0
0.0606842103737 0.00599999985299 0
0.0605789473036 0.00799999989807 0
0.0606315789165 0.00699999987553 0
0.0605263156907 0.0089999999206 0
0.059999999873 0.00999999994314 0
0.0601052630988 0.0169999999452 0
0.0601578947117 0.0159999999227 0
0.059789473577 0.0149999999001 0
0.059999999873 0.0139999998776 0
0.059999999873 0.0119999999882 0
0.059999999873 0.012999999855 0
0.059999999873 0.0109999999657 0
0.061 0.019 21
0.0610526315084 0.0179999999677 0
0.062 0 1
0.0619473683051 0.000999999896018 0
0.061999999918 0.00199999991856 0
0.061842105235 0.00299999994109 0
0.061999999918 0.00399999996363 0
0.0617368420092 0.00499999998617 0
0.0616315789391 0.00699999987553 0
0.0616842103963 0.00599999985299 0
0.0615789473261 0.00799999989807 0
0.061999999918 0.0089999999206 0
0.0614736841003 0.00999999994314 0
0.0609999998955 0.0109999999657 0
0.0611052631213 0.0169999999452 0
0.0609999998955 0.0159999999227 0
0.0609999998955 0.0149999999001 0
0.0609999998955 0.012999999855 0
0.0609999998955 0.0139999998776 0
0.0609999998955 0.0119999999882 0
0.062 0.019 21
0.062052631531 0.0179999999677 0
0.063 0 1
0.0629999999406 0.000999999896018 0
0.0628947367147 0.00199999991856 0
0.0627894736446 0.00399999996363 0
0.0628421052576 0.00299999994109 0
0.0622368419426 0.00999999994314 0
0.0627368420317 0.00499999998617 0
0.0626842104188 0.00599999985299 0
0.0626315788059 0.00699999987553 0
0.0629999999406 0.00799999989807 0
0.0629999999406 0.0089999999206 0
0.0621052631439 0.0169999999452 0
0.061999999918 0.0109999999657 0
0.0622631578269 0.0139999998776 0
0.0621578946011 0.0159999999227 0
0.061999999918 0.0149999999001 0
0.062368420897 0.0119999999882 0
0.061999999918 0.012999999855 0
0.063 0.019 21
0.0629999999406 0.0179999999677 0
0.064 0 1
0.0639473683502 0.000999999896018 0
0.0638947367373 0.00199999991856 0
0.0639999999631 0.00299999994109 0
0.0637894736672 0.00399999996363 0
0.0629999999406 0.00999999994314 0
0.0639999999631 0.00499999998617 0
0.0636842104413 0.00599999985299 0
0.0636315788284 0.00699999987553 0
0.0637894735115 0.00799999989807 0
0.0639999999631 0.0089999999206 0
0.0631052630107 0.0169999999452 0
0.0631578946236 0.0159999999227 0
0.0634210525325 0.0109999999657 0
0.0633684209196 0.0119999999882 0
0.0629999999406 0.0139999998776 0
0.0632105262365 0.0149999999001 0
0.0633157894624 0.012999999855 0
0.064 0.019 21
0.0639999999631 0.0179999999677 0
0.0641052630332 0.0169999999452 0
0.065 0 1
0.0649473683727 0.000999999896018 0
0.0648421051469 0.00299999994109 0
0.0649999999857 0.00199999991856 0
0.0649999999857 0.00499999998617 0
0.0649999999857 0.00399999996363 0
0.064421052555 0.0109999999657 0
0.0644736841679 0.00999999994314 0
0.0649999999857 0.00599999985299 0
0.064631578851 0.00699999987553 0
0.064578947238 0.00799999989807 0
0.0649999999857 0.0089999999206 0
0.0642105262591 0.0149999999001 0
0.0639999999631 0.0159999999227 0
0.0641578944904 0.0129999996993 0
0.0643684209421 0.0119999999882 0
0.0639999999631 0.0139999998776 0
0.065 0.019 21
0.0650526314429 0.0179999999677 0
0.0649999999857 0.0169999999452 0
0.066 0 1
0.0659473683953 0.000999999896018 0
0.0658947367824 0.00199999991856 0
0.0658421050137 0.00599999985299 0
0.0657894735565 0.00399999996363 0
0.0658421051694 0.00299999994109 0
0.0657368420993 0.00499999998617 0
0.0652105261259 0.0109999999657 0
0.0652368420102 0.00999999994314 0
0.0656315788735 0.00699999987553 0
0.0655789472606 0.00799999989807 0
0.0659999998525 0.0089999999206 0
0.066631578896 0.00699999987553 0
0.0649999999857 0.0149999999001 0
0.0651578946687 0.0159999999227 0
0.0649999999857 0.012999999855 0
0.0653684209646 0.0119999999882 0
0.0652631578945 0.0139999998776 0
0.066 0.019 21
0.0660526314654 0.0179999999677 0
0.0661052630783 0.0169999999452 0
0.0661578946912 0.0159999999227 0
0.067 0 1
0.066999999875 0.000999999896018 0
0.066999999875 0.00299999994109 0
0.0668947368049 0.00199999991856 0
0.066684210509 0.00599999985299 0
0.0667894735791 0.00399999996363 0
0.066999999875 0.00499999998617 0
0.0659999998525 0.00999999994314 0
0.0659999998525 0.0109999999657 0
0.0667631576948 0.0089999999206 0
0.0665789472831 0.00799999989807 0
0.0676315789186 0.00699999987553 0
0.0662105263041 0.0149999999001 0
0.0659999998525 0.012999999855 0
0.0661842104198 0.0119999999882 0
0.0662631577613 0.0139999998776 0
0.066999999875 0.0109999999657 0
0.067 0.019 21
0.0670526314879 0.0179999999677 0
0.0671052631008 0.0169999999452 0
0.0671578947138 0.0159999999227 0
0.0676052630343 0.00449999989704 0
0.068 0 1
0.0679999998976 0.000999999896018 0
0.0678421052145 0.00299999994109 0
0.0681052631234 0.00199999991856 0
0.0679999998976 0.00599999985299 0
0.0682105261935 0.00399999996363 0
0.0682631578064 0.00499999998617 0
0.066999999875 0.00999999994314 0
0.0675263156927 0.0089999999206 0
0.0679999998976 0.00799999989807 0
0.0683684210323 0.00699999987553 0
0.066999999875 0.0119999999882 0
0.067210526171 0.0149999999001 0
0.066999999875 0.012999999855 0
0.0672631577839 0.0139999998776 0
0.0677894736016 0.0109999999657 0
0.068 0.019 21
0.0679999998976 0.0179999999677 0
0.0679999998976 0.0169999999452 0
0.0679999998976 0.0159999999227 0
0.069 0 1
0.0689999999201 0.000999999896018 0
0.0689999999201 0.00199999991856 0
0.0689999999201 0.00299999994109 0
0.0688421050813 0.00599999985299 0
0.0689999999201 0.00399999996363 0
0.0689999999201 0.00499999998617 0
0.0679999998976 0.00999999994314 0
0.0684736841024 0.0089999999206 0
0.0689999999201 0.00799999989807 0
0.0691842104874 0.00699999987553 0
0.0679999998976 0.0119999999882 0
0.0679999998976 0.0139999998776 0
0.0685789471725 0.0154999998335 0
0.0679999998976 0.0149999999001 0
0.0679999998976 0.012999999855 0
0.0685789473282 0.0109999999657 0
0.069 0.019 21
0.069052631533 0.0179999999677 0
0.0691052631459 0.0169999999452 0
0.0691578946031 0.0159999999227 0
0.07 0 1
0.0699999999426 0.000999999896018 0
0.0698947367168 0.00199999991856 0
0.0697894736467 0.00399999996363 0
0.0699999999426 0.00299999994109 0
0.0696842104209 0.00599999985299 0
0.0697368420338 0.00499999998617 0
0.0699999999426 0.00699999987553 0
0.0689999999201 0.00999999994314 0
0.0695263157378 0.0089999999206 0
0.0699999999426 0.00799999989807 0
0.0689999999201 0.0119999999882 0
0.0687368420112 0.0139999998776 0
0.069210526216 0.0149999999001 0
0.0693157894419 0.012999999855 0
0.069421052512 0.0109999999657 0
0.07 0.019 21
0.0700526315555 0.0179999999677 0
0.0701578946257 0.0159999999227 0
0.0699999999426 0.0169999999452 0
0.071 0 1
0.0709999999652 0.000999999896018 0
0.0708947367393 0.00199999991856 0
0.0707894736692 0.00399999996363 0
0.0709999999652 0.00299999994109 0
0.0709999999652 0.00499999998617 0
0.0706842104434 0.00599999985299 0
0.0708157893978 0.00699999987553 0
0.0699999999426 0.00999999994314 0
0.0705263157604 0.0089999999206 0
0.0709999999652 0.00799999989807 0
0.0699999999426 0.0119999999882 0
0.0702105262386 0.0149999999001 0
0.0699999999426 0.0139999998776 0
0.0703157894644 0.012999999855 0
0.0704210525345 0.0109999999657 0
0.071 0.019 21
0.0709999999652 0.0179999999677 0
0.0709999999652 0.0159999999227 0
0.0711052630353 0.0169999999452 0
0.0712105262611 0.0149999999001 0
0.072 0 1
0.0719999999877 0.000999999896018 0
0.0718947367619 0.00199999991856 0
0.071842105149 0.00299999994109 0
0.071789473536 0.00399999996363 0
0.071631578853 0.00699999987553 0
0.0717368420788 0.00499999998617 0
0.0716842104659 0.00599999985299 0
0.0709999999652 0.00999999994314 0
0.0715263157829 0.0089999999206 0
0.071789473536 0.00799999989807 0
0.0709999999652 0.0119999999882 0
0.0713157893312 0.012999999855 0
0.0709999999652 0.0139999998776 0
0.0714210525571 0.0109999999657 0
0.072 0.019 21
0.0720526314449 0.0179999999677 0
0.0719999999877 0.0149999999001 0
0.0721052630578 0.0169999999452 0
0.0721578946707 0.0159999999227 0
0.073 0 1
0.0729473683973 0.000999999896018 0
0.0727368421014 0.00499999998617 0
0.0729999998545 0.00399999996363 0
0.0729999998545 0.00199999991856 0
0.0728421051715 0.00299999994109 0
0.0726315788755 0.00699999987553 0
0.0726842104885 0.00599999985299 0
0.0719999999877 0.00999999994314 0
0.0725263156497 0.0089999999206 0
0.0725789472626 0.00799999989807 0
0.0719999999877 0.0119999999882 0
0.072157894515 0.012999999855 0
0.0722631577409 0.0139999998776 0
0.0722105261279 0.0109999999657 0
0.073 0.019 21
0.0730526314674 0.0179999999677 0
0.0729999998545 0.0139999998776 0
0.0729999998545 0.0149999999001 0
0.0731052630804 0.0169999999452 0
0.0731578946933 0.0159999999227 0
0.073894736807 0.00199999991856 0
0.074 0 1
0.0739999998771 0.000999999896018 0
0.0737368419682 0.00499999998617 0
0.0737894735811 0.00399999996363 0
0.0739999998771 0.00299999994109 0
0.0739999998771 0.00599999985299 0
0.0736315788981 0.00699999987553 0
0.0729999998545 0.00999999994314 0
0.0735263156723 0.0089999999206 0
0.0739999998771 0.00799999989807 0
0.0729999998545 0.0119999999882 0
0.0729999998545 0.012999999855 0
0.0729999998545 0.0109999999657 0
0.074 0.019 21
0.07405263149 0.0179999999677 0
0.0741052631029 0.0169999999452 0
0.0739999998771 0.0139999998776 0
0.074210526173 0.0149999999001 0
0.0739999998771 0.0159999999227 0
0.0749999998996 0.00299999994109 0
0.0748947368295 0.00199999991856 0
0.075 0 1
0.0749999998996 0.000999999896018 0
0.0749999998996 0.00599999985299 0
0.0747368419907 0.00499999998617 0
0.0747894736037 0.00399999996363 0
0.0749999998996 0.00699999987553 0
0.0739999998771 0.00999999994314 0
0.0745263156948 0.0089999999206 0
0.0749999998996 0.00799999989807 0
0.0739999998771 0.0119999999882 0
0.0743157893988 0.012999999855 0
0.0744210526247 0.0109999999657 0
0.075 0.019 21
0.0750526315125 0.0179999999677 0
0.0749999998996 0.0169999999452 0
0.0749999998996 0.0139999998776 0
0.0749999998996 0.0149999999001 0
0.0751578945826 0.0159999999227 0
0.0757894736262 0.00399999996363 0
0.0758421052391 0.00299999994109 0
0.0758947366963 0.00199999991856 0
0.076 0 1
0.0759473683092 0.000999999896018 0
0.0758421050834 0.00599999985299 0
0.0757368420133 0.00499999998617 0
0.0757894736262 0.00799999989807 0
0.0759999999221 0.00699999987553 0
0.0752105261956 0.0109999999657 0
0.0754736841044 0.00999999994314 0
0.0759999999221 0.0089999999206 0
0.0753157894214 0.012999999855 0
0.0749999998996 0.0119999999882 0
0.076 0.019 21
0.0759999999221 0.0179999999677 0
0.0759999999221 0.0159999999227 0
0.076105263148 0.0169999999452 0
0.0759999999221 0.0139999998776 0
0.0761578946052 0.012999999855 0
0.0759999999221 0.0149999999001 0
0.0763947367854 0.00449999989704 0
0.076421052514 0.0034999998745 0
0.0769999999447 0.00299999994109 0
0.0769999999447 0.00199999991856 0
0.077 0 1
0.0769473683318 0.000999999896018 0
0.0766842104229 0.00599999985299 0
0.0769999999447 0.00499999998617 0
0.0765789473528 0.00799999989807 0
0.0769999999447 0.00699999987553 0
0.0759999999221 0.0109999999657 0
0.076473684127 0.00999999994314 0
0.0769999999447 0.0089999999206 0
0.0763684209011 0.0119999999882 0
0.077 0.019 21
0.0769999999447 0.0179999999677 0
0.0769999999447 0.0159999999227 0
0.0771052630148 0.0169999999452 0
0.0769999999447 0.012999999855 0
0.0772105262406 0.0149999999001 0
0.0769999999447 0.0139999998776 0
0.0769999999447 0.00399999996363 0
0.0777894736713 0.00399999996363 0
0.078 0 1
0.0778421051285 0.00299999994109 0
0.0778947367414 0.00199999991856 0
0.0779999999672 0.000999999896018 0
0.0776842104454 0.00599999985299 0
0.0779999999672 0.00499999998617 0
0.0775789472196 0.00799999989807 0
0.0779999999672 0.00699999987553 0
0.0769999999447 0.0109999999657 0
0.0779999999672 0.0089999999206 0
0.0772368419692 0.00999999994314 0
0.0773684209237 0.0119999999882 0
0.078 0.019 21
0.0779999999672 0.0179999999677 0
0.0781052630373 0.0169999999452 0
0.0781578946502 0.0159999999227 0
0.0782105262632 0.0149999999001 0
0.0779999999672 0.012999999855 0
0.0782631578761 0.0139999998776 0
0.0787894735381 0.00399999996363 0
0.079 0 1
0.078842105151 0.00299999994109 0
0.0788947367639 0.00199999991856 0
0.0789999999898 0.000999999896018 0
0.0788157894224 0.00699999987553 0
0.078684210468 0.00599999985299 0
0.0787368420809 0.00499999998617 0
0.0789999999898 0.00799999989807 0
0.0787631578095 0.0089999999206 0
0.0779999999672 0.0109999999657 0
0.0779999999672 0.00999999994314 0
0.0781842103788 0.0119999999882 0
0.079 0.019 21
0.079052631447 0.0179999999677 0
0.0791578946728 0.0159999999227 0
0.0791052630599 0.0169999999452 0
0.0792105262857 0.0149999999001 0
0.0789999999898 0.012999999855 0
0.0792631577429 0.0139999998776 0
0.0794210524259 0.0034999998745 0
0.0793947366973 0.00449999989704 0
0.08 0 1
0.0799473683994 0.000999999896018 0
0.0799999998566 0.00299999994109 0
0.0799999998566 0.00199999991856 0
0.0796315788776 0.00699999987553 0
0.0796842104905 0.00599999985299 0
0.0799999998566 0.00499999998617 0
0.0797894735606 0.00799999989807 0
0.0789999999898 0.0109999999657 0
0.0795263156518 0.0089999999206 0
0.0789999999898 0.00999999994314 0
0.0789999999898 0.0119999999882 0
0.08 0.019 21
0.0799999998566 0.0179999999677 0
0.0801052630824 0.0169999999452 0
0.0799999998566 0.0159999999227 0
0.0802105263082 0.0149999999001 0
0.0799999998566 0.012999999855 0
0.0802631577654 0.0139999998776 0
0.0799999998566 0.00399999996363 0
0.0809999998791 0.00399999996363 0
0.081 0 1
0.0809473682662 0.000999999896018 0
0.0808421051961 0.00299999994109 0
0.0809999998791 0.00199999991856 0
0.0806315789001 0.00699999987553 0
0.0809999998791 0.00599999985299 0
0.0809999998791 0.00499999998617 0
0.0805263156743 0.0089999999206 0
0.0805789472872 0.00799999989807 0
0.0799999998566 0.0109999999657 0
0.0804736840614 0.00999999994314 0
0.0803684209913 0.0119999999882 0
0.081 0.019 21
0.081052631492 0.0179999999677 0
0.0809999998791 0.0169999999452 0
0.0809999998791 0.0149999999001 0
0.0811578947179 0.0159999999227 0
0.0809999998791 0.012999999855 0
0.081263157788 0.0139999998776 0
0.082 0 1
0.0817894736057 0.00399999996363 0
0.0819999999017 0.000999999896018 0
0.0818947368315 0.00199999991856 0
0.0819999999017 0.00299999994109 0
0.0816315789227 0.00699999987553 0
0.0818421050629 0.00599999985299 0
0.0819999999017 0.00499999998617 0
0.0819999999017 0.00799999989807 0
0.0812368419037 0.00999999994314 0
0.0815263156968 0.0089999999206 0
0.0814210526267 0.0109999999657 0
0.0811842104465 0.0119999999882 0
0.082 0.019 21
0.0820526315146 0.0179999999677 0
0.0821052631275 0.0169999999452 0
0.0821578945847 0.0159999999227 0
0.0822105261976 0.0149999999001 0
0.0819999999017 0.012999999855 0
0.0822631578105 0.0139999998776 0
0.083 0 1
0.0829473683113 0.000999999896018 0
0.0829999999242 0.00299999994109 0
0.0829999999242 0.00399999996363 0
0.0829999999242 0.00199999991856 0
0.0826315789452 0.00699999987553 0
0.0826842104024 0.00599999985299 0
0.0829999999242 0.00499999998617 0
0.0827894736282 0.00799999989807 0
0.0825263157194 0.0089999999206 0
0.0819999999017 0.00999999994314 0
0.0822105261976 0.0109999999657 0
0.0819999999017 0.0119999999882 0
0.083 0.019 21
0.0829999999242 0.0179999999677 0
0.08310526315 0.0169999999452 0
0.0829999999242 0.0159999999227 0
0.0832105262201 0.0149999999001 0
0.0829999999242 0.012999999855 0
0.0832631578331 0.0139999998776 0
0.084 0 1
0.0839999999467 0.00499999998617 0
0.0839473683338 0.000999999896018 0
0.083842105108 0.00299999994109 0
0.0839999999467 0.00399999996363 0
0.0839999999467 0.00199999991856 0
0.0835789473548 0.00799999989807 0
0.083631578812 0.00699999987553 0
0.0839999999467 0.00599999985299 0
0.0835263157419 0.0089999999206 0
0.083473684129 0.00999999994314 0
0.0833684209032 0.0119999999882 0
0.0829999999242 0.0109999999657 0
0.084 0.019 21
0.0839999999467 0.0169999999452 0
0.0840526315596 0.0179999999677 0
0.0841578946298 0.0159999999227 0
0.0842105262427 0.0149999999001 0
0.0843684209257 0.0119999999882 0
0.0839999999467 0.012999999855 0
0.0842631578556 0.0139999998776 0
0.0847894736733 0.00399999996363 0
0.085 0 1
0.0850526314265 0.000999999896018 0
0.0847368420604 0.00499999998617 0
0.0848947367434 0.00199999991856 0
0.0848421051305 0.00299999994109 0
0.0845263157645 0.0089999999206 0
0.0845789472217 0.00799999989807 0
0.0846315788346 0.00699999987553 0
0.0853157893353 0.00599999985299 0
0.0844736841515 0.00999999994314 0
0.0850263156979 0.0114999998991 0
0.0844210525386 0.0109999999657 0
0.085 0.019 21
0.0849999999693 0.0169999999452 0
0.0849999999693 0.0179999999677 0
0.0849999999693 0.0159999999227 0
0.0849999999693 0.0149999999001 0
0.0850263156979 0.0124999999216 0
0.0850131577557 0.0132499998217 0
0.0849999999693 0.0139999998776 0
0.0856315788571 0.0119999999882 0
0.0853947368326 0.00449999989704 0
0.0854210525612 0.0034999998745 0
0.0854736841741 0.0089999999206 0
0.085526315787 0.00999999994314 0
0.0859999999918 0.000999999896018 0
0.086 0 1
0.0859999999918 0.00199999991856 0
0.0859999999918 0.00499999998617 0
0.0859999999918 0.00299999994109 0
0.0854210525612 0.00799999989807 0
0.0859999999918 0.00699999987553 0
0.0861578945191 0.00599999985299 0
0.086 0.019 21
0.0855789472442 0.0109999999657 0
0.0859999999918 0.0179999999677 0
0.085894736766 0.0169999999452 0
0.0859999999918 0.0159999999227 0
0.0857894735401 0.0149999999001 0
0.08568421047 0.012999999855 0
0.0859999999918 0.0139999998776 0
0.086605263151 0.014499999811 0
0.0863684209708 0.0119999999882 0
0.0859999999918 0.00399999996363 0
0.0862368420164 0.0089999999206 0
0.0864736841966 0.00999999994314 0
0.0869473684014 0.000999999896018 0
0.087 0 1
0.0868421051756 0.00299999994109 0
0.0869999998586 0.00199999991856 0
0.0867368419498 0.00499999998617 0
0.0867894735627 0.00399999996363 0
0.0865789472667 0.00799999989807 0
0.0869999998586 0.00599999985299 0
0.0869999998586 0.00699999987553 0
0.087 0.019 21
0.0869999998586 0.0179999999677 0
0.0869999998586 0.0109999999657 0
0.0871052630845 0.0169999999452 0
0.0869999998586 0.0159999999227 0
0.0872105263103 0.0149999999001 0
0.0869999998586 0.012999999855 0
0.0872631577675 0.0139999998776 0
0.0873684209933 0.0119999999882 0
0.0874736840634 0.00999999994314 0
0.0869999998586 0.0089999999206 0
0.0879473682682 0.000999999896018 0
0.088 0 1
0.0878421051981 0.00299999994109 0
0.0879999998812 0.00199999991856 0
0.0877368419723 0.00499999998617 0
0.0879999998812 0.00599999985299 0
0.0879999998812 0.00399999996363 0
0.0875789472893 0.00799999989807 0
0.0879999998812 0.00699999987553 0
0.088 0.019 21
0.0879999998812 0.0179999999677 0
0.088105263107 0.0169999999452 0
0.0884210526288 0.0109999999657 0
0.0879999998812 0.0159999999227 0
0.0879999998812 0.0149999999001 0
0.0879999998812 0.012999999855 0
0.0879999998812 0.0139999998776 0
0.0883684210159 0.0119999999882 0
0.0892105261996 0.0109999999657 0
0.0882368419057 0.00999999994314 0
0.0879999998812 0.0089999999206 0
0.0889473682908 0.000999999896018 0
0.089 0 1
0.0888421052207 0.00299999994109 0
0.0888947368336 0.00199999991856 0
0.0887368419948 0.00499999998617 0
0.0889999999037 0.00599999985299 0
0.0887894736078 0.00399999996363 0
0.0889999999037 0.00799999989807 0
0.0889999999037 0.00699999987553 0
0.089 0.019 21
0.0889999999037 0.0179999999677 0
0.0891578945867 0.0159999999227 0
0.0889999999037 0.0169999999452 0
0.0889999999037 0.00999999994314 0
0.0889999999037 0.0149999999001 0
0.0889999999037 0.012999999855 0
0.0892631578126 0.0139999998776 0
0.0893684210384 0.0119999999882 0
0.0899999999262 0.0109999999657 0
0.0889999999037 0.0089999999206 0
0.09 0 1
0.0899473683133 0.000999999896018 0
0.0898421052432 0.00299999994109 0
0.0899999999262 0.00199999991856 0
0.0897368420174 0.00499999998617 0
0.0898421050875 0.00599999985299 0
0.0899999999262 0.00399999996363 0
0.0897894736303 0.00799999989807 0
0.0899999999262 0.00699999987553 0
0.0899999999262 0.0089999999206 0
0.09 0.019 21
0.0899999999262 0.0179999999677 0
0.0899999999262 0.0159999999227 0
0.0901052631521 0.0169999999452 0
0.0904736841311 0.00999999994314 0
0.0902105262222 0.0149999999001 0
0.0899999999262 0.012999999855 0
0.0899999999262 0.0139999998776 0
0.0903684209052 0.0119999999882 0
0.0909999999488 0.0109999999657 0
0.091 0 1
0.0909473683359 0.000999999896018 0
0.0909999999488 0.00299999994109 0
0.0909999999488 0.00199999991856 0
0.090684210427 0.00599999985299 0
0.0907368420399 0.00499999998617 0
0.0909999999488 0.00399999996363 0
0.0905789473569 0.00799999989807 0
0.0908157893814 0.00699999987553 0
0.0909999999488 0.0089999999206 0
0.091 0.019 21
0.0909999999488 0.0179999999677 0
0.0911052630189 0.0169999999452 0
0.0911578946318 0.0159999999227 0
0.0912105262447 0.0149999999001 0
0.0912368419733 0.00999999994314 0
0.0912631578576 0.0139999998776 0
0.0909999999488 0.012999999855 0
0.0911842103604 0.0119999999882 0
0.0919999999713 0.0109999999657 0
0.0917631577911 0.0089999999206 0
0.092 0 1
0.0919999999713 0.000999999896018 0
0.0917894736754 0.00399999996363 0
0.0919999999713 0.00299999994109 0
0.0918947367455 0.00199999991856 0
0.0916315788366 0.00699999987553 0
0.0916842104495 0.00599999985299 0
0.0919999999713 0.00499999998617 0
0.0915789472237 0.00799999989807 0
0.0920526314285 0.0179999999677 0
0.092 0.019 21
0.0921052630414 0.0169999999452 0
0.0921578946543 0.0159999999227 0
0.0922105262673 0.0149999999001 0
0.0919999999713 0.00999999994314 0
0.0922631578802 0.0139999998776 0
0.0919999999713 0.012999999855 0
0.0919999999713 0.0119999999882 0
0.0927894735422 0.0109999999657 0
0.092526315789 0.0089999999206 0
0.0929473683809 0.000999999896018 0
0.093 0 1
0.092736842085 0.00499999998617 0
0.0929999999939 0.00199999991856 0
0.0929999999939 0.00399999996363 0
0.0928421051551 0.00299999994109 0
0.0926315788592 0.00699999987553 0
0.0929999999939 0.00599999985299 0
0.0929999999939 0.00799999989807 0
0.0929999999939 0.0179999999677 0
0.093 0.019 21
0.094 0.019 21
0.0929999999939 0.0169999999452 0
0.0929999999939 0.0159999999227 0
0.0929999999939 0.0149999999001 0
0.0929999999939 0.0139999998776 0
0.0929999999939 0.00999999994314 0
0.0929999999939 0.012999999855 0
0.0929999999939 0.0119999999882 0
0.0935789472688 0.0109999999657 0
0.0939999998607 0.0089999999206 0
0.094 0 1
0.0939999998607 0.000999999896018 0
0.0939999998607 0.00499999998617 0
0.0939999998607 0.00399999996363 0
0.0939999998607 0.00199999991856 0
0.0939999998607 0.00299999994109 0
0.0939999998607 0.00699999987553 0
0.0939999998607 0.00599999985299 0
0.0939999998607 0.00799999989807 0
0.0939999998607 0.0169999999452 0
0.0939999998607 0.0179999999677 0
0.095 0.019 21
0.0939999998607 0.0159999999227 0
0.0939999998607 0.0149999999001 0
0.0939999998607 0.0139999998776 0
0.0939999998607 0.012999999855 0
0.0939999998607 0.00999999994314 0
0.0939999998607 0.0119999999882 0
0.0946578946328 0.0124999999216 0
0.0944210526083 0.0109999999657 0
0.0947631577029 0.0089999999206 0
0.095 0 1
0.0948947368131 0.00199999991856 0
0.0949473682703 0.000999999896018 0
0.0947368419743 0.00499999998617 0
0.0947894735873 0.00399999996363 0
0.0948421052002 0.00299999994109 0
0.0949999998832 0.00699999987553 0
0.0949999998832 0.00599999985299 0
0.0949999998832 0.00799999989807 0
0.096 0.019 21
0.0949999998832 0.0169999999452 0
0.0950526314961 0.0179999999677 0
0.0949999998832 0.0159999999227 0
0.0949999998832 0.0149999999001 0
0.0949999998832 0.0139999998776 0
0.097 0.019 21
0.095315789405 0.012999999855 0
0.0949999998832 0.00999999994314 0
0.0953684210179 0.0119999999882 0
0.0954210526308 0.0109999999657 0
0.0955263157009 0.0089999999206 0
0.096 0 1
0.0959999999058 0.000999999896018 0
0.0958947368356 0.00199999991856 0
0.0959999999058 0.00299999994109 0
0.0957368419969 0.00499999998617 0
0.0957894736098 0.00399999996363 0
0.0959999999058 0.00599999985299 0
0.0958157893384 0.00699999987553 0
0.0959999999058 0.00799999989807 0
0.0960526315187 0.0179999999677 0
0.0959999999058 0.0169999999452 0
0.0961578945888 0.0159999999227 0
0.0959999999058 0.0149999999001 0
0.0959999999058 0.0139999998776 0
0.0970526315412 0.0179999999677 0
0.098 0.019 21
0.0963157894275 0.012999999855 0
0.0964736841106 0.00999999994314 0
0.0963684210404 0.0119999999882 0
0.0962105262017 0.0109999999657 0
0.0969999999283 0.0089999999206 0
0.097 0 1
0.0969473683154 0.000999999896018 0
0.0968947367025 0.00199999991856 0
0.0967894736323 0.00399999996363 0
0.0968421052453 0.00299999994109 0
0.0967368420194 0.00499999998617 0
0.0969999999283 0.00599999985299 0
0.0966315787936 0.00699999987553 0
0.0969999999283 0.00799999989807 0
0.0971052631541 0.0169999999452 0
0.0972105262242 0.0149999999001 0
0.0971578946113 0.0159999999227 0
0.0969999999283 0.0139999998776 0
0.0980526315637 0.0179999999677 0
0.099 0.019 21
0.0972368419528 0.00999999994314 0
0.0971842104956 0.0119999999882 0
0.0973157894501 0.012999999855 0
0.0969999999283 0.0109999999657 0
0.098 0 1
0.0977631577706 0.0089999999206 0
0.0979999999508 0.000999999896018 0
0.097894736725 0.00199999991856 0
0.0979999999508 0.00299999994109 0
0.0977894736549 0.00399999996363 0
0.0979999999508 0.00499999998617 0
0.0979999999508 0.00599999985299 0
0.0976315788161 0.00699999987553 0
0.0979999999508 0.00799999989807 0
0.0979999999508 0.0169999999452 0
0.0979999999508 0.0149999999001 0
0.0979999999508 0.0159999999227 0
0.0982631578597 0.0139999998776 0
0.0989999999734 0.0179999999677 0
0.1 0.019 21
0.0979999999508 0.00999999994314 0
0.0979999999508 0.0119999999882 0
0.0983157894726 0.012999999855 0
0.0984210525427 0.0109999999657 0
0.099 0 1
0.0985263157686 0.0089999999206 0
0.0989999999734 0.000999999896018 0
0.0988947367475 0.00199999991856 0
0.0989999999734 0.00299999994109 0
0.0987894736774 0.00399999996363 0
0.0987368420645 0.00499999998617 0
0.0988421051346 0.00599999985299 0
0.0987894735217 0.00799999989807 0
0.0989999999734 0.00699999987553 0
0.0991052630435 0.0169999999452 0
0.0989999999734 0.0149999999001 0
0.0989999999734 0.0159999999227 0
0.0989999999734 0.0139999998776 0
0.100052631453 0.0179999999677 0
0.100105263066 0.0169999999452 0
0.101 0.019 21
0.0994736841782 0.00999999994314 0
0.0989999999734 0.0119999999882 0
0.0991578946564 0.012999999855 0
0.0994210525653 0.0109999999657 0
0.1 0 1
0.099947368383 0.000999999896018 0
0.0995263156354 0.0089999999206 0
0.0999999999959 0.00199999991856 0
0.0998421051572 0.00299999994109 0
0.0999999999959 0.00399999996363 0
0.099736842087 0.00499999998617 0
0.0998157894286 0.00699999987553 0
0.0996842104741 0.00599999985299 0
0.0995789472483 0.00799999989807 0
0.0999999999959 0.0159999999227 0
0.0999999999959 0.0149999999001 0
0.0999999999959 0.0139999998776 0
0.101052631476 0.0179999999677 0
0.100999999863 0.0169999999452 0
0.101157894701 0.0159999999227 0
0.102 0.019 21
0.102052631498 0.0179999999677 0
0.10023684202 0.00999999994314 0
0.0999999999959 0.0119999999882 0
0.0999999999959 0.012999999855 0
0.100421052588 0.0109999999657 0
0.100894736793 0.00199999991856 0
0.101 0 1
0.100999999863 0.000999999896018 0
0.100526315658 0.0089999999206 0
0.100999999863 0.00299999994109 0
0.100789473567 0.00399999996363 0
0.100736841954 0.00499999998617 0
0.100999999863 0.00599999985299 0
0.100631578884 0.00699999987553 0
0.100999999863 0.00799999989807 0
0.100999999863 0.0149999999001 0
0.100999999863 0.0139999998776 0
0.102105263111 0.0169999999452 0
0.101999999885 0.0159999999227 0
0.103 0.019 21
0.102999999908 0.0179999999677 0
0.100999999863 0.00999999994314 0
0.101315789385 0.012999999855 0
0.100999999863 0.0119999999882 0
0.10142105261 0.0109999999657 0
0.101999999885 0.00299999994109 0
0.101894736815 0.00199999991856 0
0.102 0 1
0.101999999885 0.000999999896018 0
0.152 0.019 20
0.152 0.0171 19
0.101789473589 0.00799999989807 0
0.10152631568 0.0089999999206 0
0.101789473589 0.00399999996363 0
0.101842105047 0.00599999985299 0
0.101736841976 0.00499999998617 0
0.101999999885 0.00699999987553 0
0.102210526181 0.0149999999001 0
0.101999999885 0.0139999998776 0
0.103105263134 0.0169999999452 0
0.103157894591 0.0159999999227 0
0.104 0.019 21
0.10399999993 0.0179999999677 0
0.104105263156 0.0169999999452 0
0.103210526204 0.0149999999001 0
0.101999999885 0.00999999994314 0
0.102157894568 0.012999999855 0
0.102210526181 0.0109999999657 0
0.101999999885 0.0119999999882 0
0.102789473612 0.00399999996363 0
0.102842105225 0.00299999994109 0
0.102999999908 0.00199999991856 0
0.103 0 1
0.102999999908 0.000999999896018 0
0.151373585549 0.0181376475303 0
0.150852994555 0.019 20
0.150852860984 0.0171 18
0.102578947316 0.00799999989807 0
0.102999999908 0.0089999999206 0
0.102684210386 0.00599999985299 0
0.102736841999 0.00499999998617 0
0.102999999908 0.00699999987553 0
0.102999999908 0.012999999855 0
0.103263157817 0.0139999998776 0
0.10399999993 0.0159999999227 0
0.105 0.019 21
0.105052631566 0.0179999999677 0
0.104999999953 0.0169999999452 0
0.104210526226 0.0149999999001 0
0.102999999908 0.0109999999657 0
0.102999999908 0.00999999994314 0
0.102999999908 0.0119999999882 0
0.103736842021 0.00499999998617 0
0.103789473634 0.00399999996363 0
0.103842105247 0.00299999994109 0
0.10399999993 0.00199999991856 0
0.104 0 1
0.10399999993 0.000999999896018 0
0.15035701115 0.0180499999611 0
0.149861161525 0.019 20
0.149860894381 0.0171 18
0.103578947338 0.00799999989807 0
0.10399999993 0.0089999999206 0
0.103684210409 0.00599999985299 0
0.10399999993 0.00699999987553 0
0.10399999993 0.0119999999882 0
0.10399999993 0.012999999855 0
0.104263157839 0.0139999998776 0
0.105157894636 0.0159999999227 0
0.106 0.019 21
0.105999999975 0.0179999999677 0
0.106105263046 0.0169999999452 0
0.104999999953 0.0149999999001 0
0.104473684135 0.00999999994314 0
0.10399999993 0.0109999999657 0
0.104368420909 0.00549999991958 0
0.104394736794 0.00449999989704 0
0.104421052522 0.0034999998745 0
0.104894736727 0.00199999991856 0
0.104999999953 0.00299999994109 0
0.105 0 1
0.104999999953 0.000999999896018 0
0.149365111377 0.0180499999611 0
0.148869328494 0.019 20
0.148868927779 0.0171 18
0.147877495463 0.019 20
0.104578947361 0.00799999989807 0
0.104763157773 0.0089999999206 0
0.104999999953 0.00699999987553 0
0.104999999953 0.00599999985299 0
0.104999999953 0.0119999999882 0
0.105263157862 0.0139999998776 0
0.105315789319 0.012999999855 0
0.105999999975 0.0159999999227 0
0.107 0.019 21
0.107052631455 0.0179999999677 0
0.106999999998 0.0169999999452 0
0.106210526271 0.0149999999001 0
0.105473684158 0.00999999994314 0
0.105421052545 0.0109999999657 0
0.105526315771 0.0089999999206 0
0.104999999953 0.00499999998617 0
0.104999999953 0.00399999996363 0
0.105999999975 0.00499999998617 0
0.10589473675 0.00199999991856 0
0.105999999975 0.00299999994109 0
0.106 0 1
0.105999999975 0.000999999896018 0
0.147877228239 0.0180499999611 0
0.147876961177 0.0171 18
0.146885662432 0.019 20
0.146884994574 0.0171 18
0.105578947228 0.00799999989807 0
0.105999999975 0.00699999987553 0
0.105999999975 0.00599999985299 0
0.105999999975 0.0119999999882 0
0.106315789341 0.012999999855 0
0.106263157884 0.0139999998776 0
0.107157894681 0.0159999999227 0
0.108 0.019 21
0.108105263091 0.0169999999452 0
0.107999999865 0.0179999999677 0
0.107210526294 0.0149999999001 0
0.106236842 0.00999999994314 0
0.106421052567 0.0109999999657 0
0.106526315637 0.0089999999206 0
0.105999999975 0.00399999996363 0
0.106789473546 0.00399999996363 0
0.106736842089 0.00499999998617 0
0.106842105159 0.00299999994109 0
0.106894736772 0.00199999991856 0
0.107 0 1
0.106947368385 0.000999999896018 0
0.146885328466 0.0180499999611 0
0.145893829401 0.019 20
0.145893027972 0.0171 18
0.106999999998 0.00799999989807 0
0.106815789431 0.00699999987553 0
0.106999999998 0.00599999985299 0
0.106999999998 0.0119999999882 0
0.107157894525 0.012999999855 0
0.107263157751 0.0139999998776 0
0.107999999865 0.0159999999227 0
0.109 0.019 21
0.108999999887 0.0169999999452 0
0.1090526315 0.0179999999677 0
0.108210526161 0.0149999999001 0
0.10742105259 0.0109999999657 0
0.106999999998 0.00999999994314 0
0.108210526161 0.0109999999657 0
0.10752631566 0.0089999999206 0
0.107789473569 0.00799999989807 0
0.107394736706 0.00449999989704 0
0.107421052434 0.0034999998745 0
0.107999999865 0.00499999998617 0
0.107999999865 0.00299999994109 0
0.108 0 1
0.107999999865 0.00199999991856 0
0.107999999865 0.000999999896018 0
0.14539751213 0.0180499999611 0
0.14490199637 0.019 20
0.14490106137 0.0171 18
0.107631578886 0.00699999987553 0
0.107999999865 0.00599999985299 0
0.108578947295 0.00799999989807 0
0.107999999865 0.0119999999882 0
0.107999999865 0.012999999855 0
0.108263157774 0.0139999998776 0
0.109157894726 0.0159999999227 0
0.11 0.019 21
0.111 0.019 21
0.10999999991 0.0169999999452 0
0.10999999991 0.0179999999677 0
0.109210526183 0.0149999999001 0
0.10847368407 0.00999999994314 0
0.108999999887 0.0119999999882 0
0.108999999887 0.0109999999657 0
0.108526315682 0.0089999999206 0
0.107999999865 0.00399999996363 0
0.108736841978 0.00499999998617 0
0.108842105204 0.00299999994109 0
0.108999999887 0.00199999991856 0
0.109 0 1
0.108947368274 0.000999999896018 0
0.144405612201 0.0180499999611 0
0.143910163339 0.019 20
0.143909094767 0.0171 18
0.112 0.019 21
0.108999999887 0.00699999987553 0
0.108999999887 0.00599999985299 0
0.109578947318 0.00799999989807 0
0.108999999887 0.012999999855 0
0.109263157796 0.0139999998776 0
0.10999999991 0.0139999998776 0
0.10999999991 0.0159999999227 0
0.110947368319 0.0179999999677 0
0.110894736707 0.0169999999452 0
0.10999999991 0.0149999999001 0
0.112052631568 0.0179999999677 0
0.10999999991 0.0119999999882 0
0.109473684092 0.00999999994314 0
0.109789473614 0.0109999999657 0
0.10999999991 0.0089999999206 0
0.108999999887 0.00399999996363 0
0.109789473614 0.00399999996363 0
0.10999999991 0.00499999998617 0
0.10999999991 0.00299999994109 0
0.10989473684 0.00199999991856 0
0.11 0 1
0.10999999991 0.000999999896018 0
0.143413712428 0.0180499999611 0
0.142918330309 0.019 20
0.142917128165 0.0171 18
0.113 0.019 21
0.10999999991 0.00699999987553 0
0.110315789432 0.00599999985299 0
0.110421052502 0.00799999989807 0
0.10999999991 0.012999999855 0
0.110999999932 0.0139999998776 0
0.110999999932 0.0159999999227 0
0.111999999955 0.0169999999452 0
0.111210526228 0.0149999999001 0
0.112999999977 0.0169999999452 0
0.112999999977 0.0179999999677 0
0.11057894734 0.0109999999657 0
0.110999999932 0.0119999999882 0
0.110526315728 0.00999999994314 0
0.110999999932 0.0089999999206 0
0.110999999932 0.00499999998617 0
0.110999999932 0.00399999996363 0
0.110999999932 0.00299999994109 0
0.110999999932 0.00199999991856 0
0.111 0 1
0.110999999932 0.000999999896018 0
0.142421812655 0.0180499999611 0
0.141926497278 0.019 20
0.141925161563 0.0171 18
0.114 0.019 21
0.113947368387 0.0179999999677 0
0.110999999932 0.00699999987553 0
0.111157894615 0.00599999985299 0
0.111210526228 0.00799999989807 0
0.111315789454 0.012999999855 0
0.111999999955 0.0139999998776 0
0.111999999955 0.0149999999001 0
0.112157894638 0.0159999999227 0
0.112999999977 0.0159999999227 0
0.114 0.0159999999227 0
0.113894736774 0.0169999999452 0
0.111763157775 0.0089999999206 0
0.111421052524 0.0109999999657 0
0.111999999955 0.0119999999882 0
0.111999999955 0.00999999994314 0
0.112 0 1
0.111789473659 0.00399999996363 0
0.111736842046 0.00499999998617 0
0.111842105116 0.00299999994109 0
0.111894736729 0.00199999991856 0
0.111999999955 0.000999999896018 0
0.14093319496 0.0171 18
0.140934664247 0.019 20
0.141429912883 0.0180499999611 0
0.139942831216 0.019 20
0.115 0.019 21
0.114999999867 0.0169999999452 0
0.11494736841 0.0179999999677 0
0.111999999955 0.00699999987553 0
0.111999999955 0.00599999985299 0
0.111999999955 0.00799999989807 0
0.112315789321 0.012999999855 0
0.112999999977 0.0139999998776 0
0.112999999977 0.0149999999001 0
0.114 0.0149999999001 0
0.114842105184 0.0159999999227 0
0.112526315773 0.0089999999206 0
0.112999999977 0.00799999989807 0
0.112421052547 0.0109999999657 0
0.112999999977 0.0119999999882 0
0.112999999977 0.00999999994314 0
0.112999999977 0.000999999896018 0
0.113 0 1
0.112789473682 0.00399999996363 0
0.112999999977 0.00599999985299 0
0.112736842069 0.00499999998617 0
0.112999999977 0.00299999994109 0
0.113105263048 0.00199999991856 0
0.139941228358 0.0171 18
0.139942029744 0.0180499999611 0
0.138950998185 0.019 20
0.138949261756 0.0171 18
0.116 0.019 21
0.115999999889 0.0169999999452 0
0.116052631502 0.0179999999677 0
0.116157894728 0.0159999999227 0
0.112999999977 0.00699999987553 0
0.113684210478 0.012999999855 0
0.114 0.0139999998776 0
0.114736841958 0.0139999998776 0
0.115210526163 0.0149999999001 0
0.113473684182 0.0089999999206 0
0.114 0.00799999989807 0
0.113578947252 0.0109999999657 0
0.114 0.0119999999882 0
0.114 0.00999999994314 0
0.113394736841 0.00449999989704 0
0.114 0 1
0.114 0.000999999896018 0
0.114 0.00399999996363 0
0.114 0.00599999985299 0
0.114 0.00499999998617 0
0.114 0.00299999994109 0
0.11410526307 0.00199999991856 0
0.138950129815 0.0180499999611 0
0.137959165154 0.019 20
0.137957295153 0.0171 18
0.117 0.019 21
0.117052631525 0.0179999999677 0
0.116210526185 0.0149999999001 0
0.116999999912 0.0169999999452 0
0.117157894595 0.0159999999227 0
0.114368420979 0.00699999987553 0
0.114684210501 0.012999999855 0
0.1154999998 0.0139999998776 0
0.114999999867 0.00799999989807 0
0.114473684205 0.0089999999206 0
0.114999999867 0.0109999999657 0
0.114999999867 0.0119999999882 0
0.114999999867 0.00999999994314 0
0.116263157798 0.0139999998776 0
0.115 0 1
0.114999999867 0.000999999896018 0
0.114999999867 0.00399999996363 0
0.114999999867 0.00599999985299 0
0.114999999867 0.00499999998617 0
0.114999999867 0.00299999994109 0
0.114999999867 0.00199999991856 0
0.137462313635 0.0180499999611 0
0.136967332123 0.019 20
0.136965328551 0.0171 18
0.118 0.019 21
0.117999999934 0.0179999999677 0
0.117210526208 0.0149999999001 0
0.117999999934 0.0159999999227 0
0.118105263005 0.0169999999452 0
0.11563157891 0.00699999987553 0
0.115999999889 0.012999999855 0
0.115999999889 0.0119999999882 0
0.115999999889 0.00799999989807 0
0.115526315685 0.0089999999206 0
0.115999999889 0.0109999999657 0
0.115999999889 0.00999999994314 0
0.117263157821 0.0139999998776 0
0.116999999912 0.012999999855 0
0.115842105051 0.00599999985299 0
0.116 0 1
0.115999999889 0.000999999896018 0
0.115999999889 0.00199999991856 0
0.115789473593 0.00399999996363 0
0.11573684198 0.00499999998617 0
0.115842105206 0.00299999994109 0
0.136470413707 0.0180499999611 0
0.135975499093 0.019 20
0.135973361949 0.0171 18
0.134983666062 0.019 20
0.134981395346 0.0171 18
0.118999999957 0.0179999999677 0
0.119 0.019 21
0.12 0.019 21
0.11821052623 0.0149999999001 0
0.118263157843 0.0139999998776 0
0.118999999957 0.0159999999227 0
0.118999999957 0.0169999999452 0
0.116631578933 0.00699999987553 0
0.116999999912 0.0109999999657 0
0.116999999912 0.0119999999882 0
0.116999999912 0.00799999989807 0
0.116526315707 0.0089999999206 0
0.116999999912 0.00999999994314 0
0.117999999934 0.012999999855 0
0.117999999934 0.0119999999882 0
0.11668421039 0.00599999985299 0
0.117 0 1
0.116999999912 0.000999999896018 0
0.116894736842 0.00199999991856 0
0.116999999912 0.00299999994109 0
0.116999999912 0.00499999998617 0
0.116789473616 0.00399999996363 0
0.134982530568 0.0180499999611 0
0.133991833031 0.019 20
0.133989455501 0.0171000007979 18
0.118999999957 0.012999999855 0
0.121 0.019 21
0.122 0.019 21
0.119947368367 0.0179999999677 0
0.120899840405 0.0181154212451 0
0.118999999957 0.0149999999001 0
0.118999999957 0.0139999998776 0
0.119842105141 0.0159999999227 0
0.11999999998 0.0169999999452 0
0.1176315788 0.00699999987553 0
0.117999999934 0.0109999999657 0
0.117999999934 0.00999999994314 0
0.117789473638 0.00799999989807 0
0.11752631573 0.0089999999206 0
0.118999999957 0.0119999999882 0
0.118999999957 0.0109999999657 0
0.117684210413 0.00599999985299 0
0.118 0 1
0.117947368322 0.000999999896018 0
0.117999999934 0.00199999991856 0
0.117999999934 0.00299999994109 0
0.117999999934 0.00499999998617 0
0.117999999934 0.00399999996363 0
0.133494727624 0.0180500002725 0
0.133 0.019 21
0.133 0.0171 18
0.11999999998 0.012999999855 0
0.123 0.019 21
0.121897349577 0.0182592538923 0
0.120799680964 0.0172308425 0
0.121455490217 0.0176187675172 0
0.11999999998 0.0139999998776 0
0.11999999998 0.0149999999001 0
0.120799680964 0.0152308422992 0
0.121199521612 0.0163462637548 0
0.120794802191 0.0132416357873 0
0.11999999998 0.0119999999882 0
0.118631578822 0.00699999987553 0
0.118999999957 0.00999999994314 0
0.118999999957 0.0089999999206 0
0.118578947365 0.00799999989807 0
0.11999999998 0.0109999999657 0
0.11999999998 0.00999999994314 0
0.118684210435 0.00599999985299 0
0.119 0 1
0.118999999957 0.000999999896018 0
0.119105263027 0.00199999991856 0
0.118842105118 0.00299999994109 0
0.118999999957 0.00499999998617 0
0.119210526253 0.00399999996363 0
0.123393545986 0.0183645074637 0
0.124 0.019 21
0.132519203843 0.018043189205 0
0.131 0.019 21
0.132 0.019 21
0.132038407864 0.0170863784291 17
0.120924684296 0.0122876274433 0
0.1228227586 0.0178979639795 0
0.122011140028 0.0171221137893 0
0.120997380373 0.0142934661024 0
0.121599362105 0.0154616850097 0
0.122325692689 0.0162221651401 0
0.121849368612 0.0125752550542 0
0.121589604558 0.0134832717195 0
0.121054566245 0.0113336190994 0
0.119368420936 0.00699999987553 0
0.11999999998 0.0089999999206 0
0.11999999998 0.00799999989807 0
0.120997751135 0.00932801790897 0
0.120899637506 0.0102883301497 0
0.11999999998 0.00599999985299 0
0.11999999998 0.00199999991856 0
0.12 0 1
0.11999999998 0.000999999896018 0
0.11999999998 0.00299999994109 0
0.11999999998 0.00499999998617 0
0.11999999998 0.00399999996363 0
0.123778354013 0.017743125401 0
0.126 0.019 21
0.125 0.019 21
0.124382319581 0.0183645074637 0
0.13 0.019 21
0.131054807209 0.0180067992007 0
0.131107819596 0.0170461287851 17
0.129 0.019 21
0.12210913251 0.0116672383888 0
0.123052023273 0.0169826452705 0
0.123929776313 0.0170318658996 0
0.121994761077 0.0145869324829 0
0.1226577696 0.0152366592685 0
0.123320778434 0.015886386054 0
0.122774052928 0.012862882665 0
0.122384406925 0.0137249076518 0
0.121798714295 0.0105764806587 0
0.120463488449 0.00707954517084 0
0.12095482397 0.00812505773033 0
0.121752796582 0.00859078027377 0
0.121994736163 0.00965578410272 0
0.120705689635 0.00227550884339 0
0.120926977075 0.00615909059933 0
0.120926977075 0.00532908058826 0
0.121 0 1
0.121264899607 0.00149383062799 0
0.1209486747 0.000870372855869 0
0.120705689635 0.00327550886592 0
0.12099124574 0.00436049058038 0
0.124646796103 0.0171858397809 0
0.127 0.019 21
0.126091238677 0.0182592697755 0
0.125359708697 0.0178257059347 0
0.129568517368 0.0179977897187 0
0.13015 0.0169727241336 17
0.128525514657 0.0179336048287 0
0.128 0.019 21
0.123163698931 0.0120008576782 0
0.122676029459 0.0111045551457 0
0.124929506011 0.0162926034745 0
0.12408119877 0.0163206067097 0
0.123204287692 0.0142867349178 0
0.124394779599 0.0148759665309 0
0.123656956468 0.0150087555632 0
0.123716354146 0.0131586781067 0
0.122965030494 0.0102213358111 0
0.121338646152 0.00736388715013 0
0.12206696213 0.00790848166799 0
0.122614939447 0.00888136588729 0
0.12141137929 0.00255101792393 0
0.12172246849 0.00660271672565 0
0.121982491501 0.00538052112081 0
0.121809363323 0.00438007777159 0
0.122090664458 0.00154127608174 0
0.122 0 1
0.121897349577 0.000740745971436 0
0.122046671408 0.0033609418261 0
0.125565780861 0.0169345275859 0
0.127103326865 0.0180183938985 0
0.126180120304 0.0175376768851 0
0.129065738272 0.0168373622271 16
0.127848298814 0.0174905408413 0
0.124047214128 0.0120992338466 0
0.123553344778 0.0111388328471 0
0.125627097597 0.0159469771483 0
0.124831179516 0.0154015704099 0
0.125132602731 0.0147431774986 0
0.124430337607 0.0139663422418 0
0.124680303783 0.0130819389899 0
0.123464857738 0.00916783106971 0
0.123935324982 0.0102937671692 0
0.122422904093 0.00719269796102 0
0.123770834588 0.00849388404101 0
0.123080362079 0.00786361177565 0
0.122283979494 0.00234180619204 0
0.122778846212 0.00647691425404 0
0.122971184591 0.00557029172417 0
0.122714044994 0.00457011667557 0
0.123014706908 0.00262113890682 0
0.123031166676 0.00179934017169 0
0.1228227586 0.00110203588424 0
0.123 0 1
0.123229739657 0.00373529407073 0
0.126423015833 0.0164923841982 0
0.127203309255 0.0170685607981 0
0.128063655198 0.016625 16
0.126751708388 0.0157675416469 0
0.12526316859 0.0118566102006 0
0.124503276447 0.0112853374446 0
0.126024328581 0.0150741489738 0
0.125434026101 0.014084784743 0
0.125768338176 0.0128494533079 0
0.124314776184 0.00945429625214 0
0.124787208735 0.0102050426602 0
0.123412581471 0.00719411218403 0
0.124694227542 0.00861482533511 0
0.124243130108 0.00748473330106 0
0.123393545986 0.000635492244349 0
0.123670274176 0.00630296233152 0
0.123921781017 0.00542625135032 0
0.123601802549 0.00475660040165 0
0.123745434477 0.00290047162161 0
0.124261129296 0.00206564932821 0
0.123778354013 0.00125687430707 0
0.124 0 1
0.124079837802 0.00356018579277 0
0.126888053065 0.0147176246282 0
0.1273 0.01615 15
0.12735454672 0.0152339284571 0
0.125961359998 0.012123359258 0
0.125479836214 0.0103166038655 0
0.125638560246 0.0110140543714 0
0.126421559722 0.0142013207994 0
0.126540453024 0.0132956976621 0
0.126659551717 0.0123901083154 0
0.125321112337 0.00961915335969 0
0.125562818186 0.00846655007807 0
0.124561701983 0.00678289375206 0
0.125073678744 0.00777535441809 0
0.124477187443 0.00494048520875 0
0.124872377443 0.00577195896089 0
0.124414241127 0.00421989996393 0
0.124583725525 0.00299105772892 0
0.125087613404 0.00242192966507 0
0.124719407782 0.00146232297869 0
0.12485786772 0.000740729932572 0
0.125 0 1
0.125226679861 0.00368319968193 0
0.127409093498 0.0143178570115 0
0.128063655198 0.015675 15
0.128063655144 0.0147928570261 0
0.126469280016 0.0113653604801 0
0.126469280016 0.0100298534093 0
0.127463640275 0.0134017855659 0
0.127518187053 0.012485714276 0
0.127299999942 0.0117166665888 0
0.127299999942 0.00994333323212 0
0.126450344501 0.00917406411518 0
0.126431409142 0.00831827497675 0
0.126376564944 0.00755294161039 0
0.125453129947 0.00693588350107 0
0.125336592333 0.00512101322158 0
0.125822974025 0.00611766672718 0
0.125709455143 0.00449197485879 0
0.125640447227 0.00297307800569 0
0.125630985386 0.00174379259971 0
0.125597795058 0.000740745971436 0
0.126561486983 0.0062571665451 0
0.126 0 1
0.126251319784 0.00357048632551 0
0.128063655144 0.0139107141641 0
0.129065738272 0.0154626377729 14
0.129065738195 0.0143785217599 0
0.127627280765 0.0106535713848 0
0.128063655144 0.0130285713021 0
0.128063655144 0.01214642844 0
0.128063655144 0.011264285578 0
0.128063655144 0.00949999985402 0
0.127736374321 0.00882142849357 0
0.127299999942 0.00816999987543 0
0.126838282287 0.00697480390884 0
0.126192230582 0.00530075003565 0
0.126561486983 0.00448383334413 0
0.126451047253 0.002393487619 0
0.126449420164 0.00169678704687 0
0.126447750098 0.000981605965208 0
0.127299999942 0.00639666651874 0
0.126930743384 0.0036669166526 0
0.127299999942 0.00550999991825 0
0.127 0 1
0.1273 0.00285 7
0.12926287671 0.0133190170816 0
0.13015 0.0153272758664 14
0.131107819596 0.0152538712149 13
0.130149999873 0.0142677710623 0
0.129137128428 0.00962307338284 0
0.128631125132 0.0101984277963 0
0.129065738195 0.0122102897498 0
0.129065738195 0.0111261738227 0
0.12879648832 0.00889238053881 0
0.128464504995 0.00818025680737 0
0.127845467877 0.00698928560236 0
0.127299999942 0.00462333331776 0
0.127203309255 0.00193143906564 0
0.127362745538 0.000809962393492 0
0.128063655198 0.003325 8
0.127900014655 0.00607321415676 0
0.128009108366 0.00424107142127 0
0.127954561588 0.00515714271116 0
0.128 0 1
0.128063655198 0.002375 7
0.129657153741 0.00903177571481 0
0.130149999873 0.0132082663839 0
0.132038407864 0.0152136215709 13
0.131031314009 0.0143288316437 0
0.130149999873 0.0100297523489 0
0.130149999873 0.0110892570272 0
0.130149999873 0.0121487617056 0
0.130561649642 0.00865004590377 0
0.129755722999 0.00795996533419 0
0.129065738195 0.00678970995819 0
0.127848298814 0.00150945886677 0
0.128525514657 0.00106639503503 0
0.129065738272 0.00353736222707 8
0.129065738195 0.00570559403101 0
0.129065738195 0.00462147810382 0
0.129 0 1
0.129065738272 0.00216263777293 6
0.130877560934 0.00976920721784 0
0.13110781955 0.0123769355801 0
0.131262917553 0.0133426223977 0
0.133 0.0152 13
0.132038407726 0.0142613511562 0
0.132198673202 0.0133113512828 0
0.13110781955 0.0104589785332 0
0.131418015557 0.0114313734893 0
0.131144930525 0.00812946078803 0
0.13135902212 0.00882479260655 0
0.130480620362 0.00767030686049 0
0.129854292101 0.00688815510928 0
0.129952861358 0.00581634472866 0
0.129299834459 0.00103430251217 0
0.13015 0.0036727241336 9
0.130149999873 0.00473222880148 0
0.13 0 1
0.13015 0.0020272758664 6
0.133997133064 0.0151999999406 12
0.131573113716 0.00952012473649 0
0.132038407726 0.0123568106976 0
0.13399713292 0.0141636361628 0
0.132999999961 0.0131272726078 0
0.132999999961 0.0141636363185 0
0.132439071183 0.0104579458172 0
0.132358938523 0.0114090810243 0
0.131728211719 0.00760887598373 0
0.132038407726 0.00854772962471 0
0.13110781955 0.00662306428363 0
0.13110781955 0.00566408576017 0
0.130074154417 0.00100221014503 0
0.13110781955 0.0047051072367 0
0.131107819596 0.00374612878513 9
0.131805760721 0.00665325160735 0
0.131107819596 0.00195387121487 5
0.131 0 1
0.131054807209 0.000993200663052 0
0.134996789435 0.0152 12
0.13499678943 0.0141636363185 0
0.135996453082 0.0152 12
0.132519203843 0.00950681076577 0
0.135178546363 0.0131272726078 0
0.132999999961 0.0100181817872 0
0.134587839641 0.0126090908303 0
0.132999999961 0.0120909090529 0
0.133815836131 0.0131272726078 0
0.132999999961 0.0110545453422 0
0.132679469164 0.00760454050727 0
0.132745824907 0.00876477377276 0
0.131883309722 0.00569762707525 0
0.131960858724 0.00474200269886 0
0.132493528735 0.00626298943163 0
0.132038407864 0.00378637842914 9
0.132999999961 0.00690909081088 0
0.132038407864 0.00191362157086 5
0.132 0 1
0.132519203843 0.000956810658711 0
0.135996452948 0.0141636363185 0
0.136996116728 0.0152 12
0.133453242243 0.00898181807653 0
0.135996452948 0.0131272726078 0
0.135269424907 0.0120909090529 0
0.13399713292 0.0100181817872 0
0.13399713292 0.0120909090529 0
0.13399713292 0.0110545453422 0
0.133952496915 0.00846363629905 0
0.133362593693 0.00794545452157 0
0.133 0.0038 10
0.133181296905 0.00587272725592 0
0.132999999961 0.00483636354523 0
0.13399713292 0.00690909081088 0
0.133 0.0019 5
0.133 0 2
0.133494727624 0.000949999591243 0
0.136541724057 0.0136454543853 0
0.137086995166 0.0141636363185 0
0.137995780375 0.0152 12
0.134542400136 0.00898181807653 0
0.13499678943 0.0100181817872 0
0.136587163251 0.0126090908303 0
0.135996452948 0.0120909090529 0
0.13499678943 0.0110545453422 0
0.134633277901 0.00794545452157 0
0.13399713292 0.00587272725592 0
0.133997133064 0.00380000005944 10
0.13399713292 0.00483636354523 0
0.134724155822 0.00690909081088 0
0.133989455501 0.00189999920205 4
0.133991833031 0 2
0.134982530568 0.000949999902677 0
0.13717787371 0.0131272726078 0
0.138995444022 0.0152 12
0.138086658839 0.0141636363185 0
0.135542060383 0.00898181807653 0
0.135996452948 0.0100181817872 0
0.137268752254 0.0120909090529 0
0.136359967124 0.0110545453422 0
0.135632938927 0.00794545452157 0
0.134815033588 0.00587272725592 0
0.13499678943 0.00483636354523 0
0.134996789435 0.0038 10
0.135723817472 0.00690909081088 0
0.134981395346 0.0019 4
0.134983666062 0 2
0.135973361949 0.0019 4
0.135974430497 0.000949999902677 0
0.139995107668 0.0152 12
0.137995780295 0.0131272726078 0
0.138995443969 0.0141636363185 0
0.139995107642 0.0141636363185 0
0.138268415772 0.0120909090529 0
0.136541724057 0.00898181807653 0
0.136996116622 0.0100181817872 0
0.138359294316 0.0110545453422 0
0.137359630642 0.0110545453422 0
0.136996116622 0.00794545452157 0
0.136723481145 0.00690909081088 0
0.135814696016 0.00587272725592 0
0.13590557456 0.00483636354523 0
0.135996453082 0.0038 10
0.135975499093 0 2
0.136965328551 0.0019 4
0.136967332123 0 2
0.137462313635 0.000949999902677 0
0.140994771315 0.0152 12
0.141994434962 0.0152 12
0.142994098608 0.0152 12
0.14099477116 0.0141636363185 0
0.139177200901 0.0131272726078 0
0.140176864575 0.0131272726078 0
0.138995443969 0.0120909090529 0
0.13754138773 0.00898181807653 0
0.139358957989 0.0110545453422 0
0.13845017286 0.0100181817872 0
0.143993762255 0.0152 12
0.137995780295 0.00690909081088 0
0.137995780295 0.00794545452157 0
0.136996116622 0.00587272725592 0
0.137995780295 0.00587272725592 0
0.136905238078 0.00483636354523 0
0.136996116728 0.0038 10
0.137957295153 0.0019 4
0.137959165154 0 2
0.138454213408 0.000949999902677 0
0.144993425902 0.0152 12
0.141994434834 0.0141636363185 0
0.143084977051 0.0141636363185 0
0.14099477116 0.0131272726078 0
0.14099477116 0.0120909090529 0
0.140267743119 0.0120909090529 0
0.138995443969 0.00898181807653 0
0.140176864575 0.0110545453422 0
0.139449836533 0.0100181817872 0
0.144084640725 0.0141636363185 0
0.138722808336 0.00690909081088 0
0.138995443969 0.00794545452157 0
0.139404397183 0.0063909090334 0
0.13881368688 0.00587272725592 0
0.137995780295 0.00483636354523 0
0.137995780375 0.0038 10
0.138949261756 0.0019 4
0.138950998185 0 2
0.139446113181 0.000949999902677 0
0.145993089548 0.0152 12
0.145084304398 0.0141636363185 0
0.147992416842 0.0152 12
0.146992753195 0.0152 12
0.142176191922 0.0131272726078 0
0.143175855595 0.0131272726078 0
0.141994434834 0.0120909090529 0
0.139995107642 0.00794545452157 0
0.14099477116 0.0110545453422 0
0.139995107642 0.00898181807653 0
0.140449500207 0.0100181817872 0
0.143993762181 0.0131272726078 0
0.144993425854 0.0131272726078 0
0.139995107642 0.00690909081088 0
0.139995107642 0.00587272725592 0
0.139449836533 0.00535454532272 0
0.138904565425 0.00483636354523 0
0.138995444022 0.0038 10
0.139941228358 0.0019 4
0.139942831216 0 2
0.140933929517 0.000949999902677 0
0.148992080489 0.0152 12
0.149991744135 0.0152 12
0.145993089528 0.0141636363185 0
0.146910191665 0.0143365737439 0
0.145993089528 0.0131272726078 0
0.148660347305 0.0145095114807 0
0.147827294269 0.0145095114807 0
0.142994098507 0.0120909090529 0
0.14235794901 0.0110545453422 0
0.140813014072 0.00794545452157 0
0.14144916388 0.0100181817872 0
0.14099477116 0.00898181807653 0
0.144266397657 0.0120909090529 0
0.145266061331 0.0120909090529 0
0.14099477116 0.00690909081088 0
0.140813014228 0.00587272725592 0
0.139995107668 0.0038 10
0.139995107642 0.00483636354523 0
0.14093319496 0.0019 4
0.140934664247 0 2
0.141925161563 0.0019 4
0.14192582929 0.000949999902677 0
0.152 0.0152 12
0.150991407782 0.0152 12
0.150661162685 0.0145110537032 0
0.149595450031 0.0139580459443 0
0.145993089528 0.0120909090529 0
0.147119385022 0.0131922029158 0
0.146743953035 0.012479650495 0
0.148245680828 0.0132571335351 0
0.143357612528 0.0110545453422 0
0.142221631116 0.0100181817872 0
0.142994098507 0.0100181817872 0
0.141630920813 0.00794545452157 0
0.141994434834 0.00898181807653 0
0.141994434834 0.00690909081088 0
0.144357276201 0.0110545453422 0
0.145175182631 0.0110545453422 0
0.145993089528 0.0110545453422 0
0.141812677901 0.00587272725592 0
0.14099477116 0.00483636354523 0
0.140994771315 0.0038 10
0.141926497278 0 2
0.142917128165 0.0019 4
0.142917729218 0.000949999902677 0
0.152 0.0141711402033 11
0.150496040235 0.0136475575009 0
0.151330581303 0.0138221073772 0
0.149496376562 0.0131285343838 0
0.146994241078 0.0115728672651 0
0.148996544647 0.0126095114223 0
0.147995392785 0.0120911893437 0
0.146931669106 0.0105041086289 0
0.143993762181 0.0100181817872 0
0.143539369616 0.00898181807653 0
0.142766902225 0.00898181807653 0
0.142630584486 0.00794545452157 0
0.142721463031 0.00690909081088 0
0.144993425854 0.0100181817872 0
0.145993089528 0.0100181817872 0
0.142994098507 0.00587272725592 0
0.141994434962 0.0038 10
0.141994434834 0.00483636354523 0
0.142918330309 0 2
0.142994098507 0.00483636354523 0
0.143909094767 0.0019 4
0.143910163339 0 2
0.144405612201 0.000949999902677 0
0.152 0.013133161157 11
0.150664138906 0.012438045991 0
0.151248020079 0.0128713362368 0
0.149747408466 0.0119618893095 0
0.147870248841 0.0109900354705 0
0.148808828576 0.0114759623122 0
0.147832705596 0.0101933257244 0
0.146931669106 0.00943535855709 0
0.143721126704 0.00690909081088 0
0.144539033289 0.00898181807653 0
0.14363024816 0.00794545452157 0
0.145993089528 0.00898181807653 0
0.143812005092 0.00587272725592 0
0.142994098608 0.0038 10
0.143902883636 0.00483636354523 0
0.14490106137 0.0019 4
0.14490199637 0 2
0.14539751213 0.000949999902677 0
0.152 0.0120951151122 11
0.150569357935 0.0114993021306 0
0.151332069336 0.0117475574425 0
0.149997696353 0.0107960151908 0
0.14875251363 0.0102808976151 0
0.147795162506 0.00939661597828 0
0.146743953035 0.0084637412524 0
0.144720790222 0.00690909081088 0
0.144993425854 0.00794545452157 0
0.145993089528 0.00794545452157 0
0.144993425854 0.00587272725592 0
0.143993762255 0.0038 10
0.14490254731 0.00483636354523 0
0.145893027972 0.0019 4
0.145893829401 0 2
0.146389411903 0.000949999902677 0
0.152 0.0110570690673 11
0.151249136103 0.010666645084 0
0.15052196745 0.00947594544964 0
0.149797465919 0.00978553244652 0
0.148696198995 0.00908583307381 0
0.147870248841 0.0083343537052 0
0.146743953035 0.00734101417166 0
0.145993089528 0.00690909081088 0
0.145993089528 0.00587272725592 0
0.145902210984 0.00483636354523 0
0.144993425902 0.0038 10
0.146884994574 0.0019 4
0.146885662432 0 2
0.147381311676 0.000949999902677 0
0.152 0.0100190230224 11
0.151249136103 0.00924164504017 0
0.150498272285 0.00846426726488 0
0.14959723564 0.00877505016935 0
0.148808828576 0.00801062151954 0
0.147995392785 0.00725482567195 0
0.147494816854 0.00673657382176 0
0.147119385022 0.00600243028603 0
0.146743953346 0.00457737776556 0
0.145993089548 0.0038 10
0.147876961177 0.0019 4
0.147877495463 0 2
0.148373211604 0.000949999902677 0
0.152 0.00898097697757 11
0.151249136103 0.00833335477978 0
0.150498272285 0.007685732667 0
0.149747408466 0.00768688933387 0
0.148996544647 0.00690951140286 0
0.148245680828 0.00613213362757 0
0.147494817009 0.00509524421584 0
0.146992753195 0.0038 10
0.148868927779 0.0019 4
0.148869328494 0 2
0.149365111377 0.000949999902677 0
0.152 0.0079429309327 11
0.151165458854 0.00725244242121 0
0.150664138906 0.00656195387273 0
0.149854037019 0.00676055815342 0
0.149496376562 0.00587146532426 0
0.148423395032 0.00528027899398 0
0.148660347305 0.00449048838303 0
0.147992416842 0.0038 10
0.149860894381 0.0019 4
0.149861161525 0 2
0.150852927713 0.000949999902677 0
0.152 0.00690488488784 11
0.151248020079 0.00612866362695 0
0.15039696661 0.00566293080618 0
0.149744060236 0.00457622109868 0
0.148992080489 0.0038 10
0.152 0.0019 4
0.152 0 3
0.150852860984 0.0019 4
0.150852994555 0 2
0.151248020079 0.00535012902906 0
0.152 0.00586683884298 11
0.150661162685 0.00448894616052 0
0.149991744135 0.0038 10
0.152 0.00482885979668 11
0.150991407782 0.0038 10
0.152 0.0038 11

Edges
436
13 34 22
34 11 22
11 12 22
12 3 22
3 5 22
5 4 22
4 16 22
16 18 22
18 2 22
2 1 22
1 9 22
9 10 22
10 25 22
25 27 22
27 26 22
26 8 22
8 7 22
7 23 22
23 6 22
2527 2557 21
2557 2556 21
2556 2584 21
2584 2587 21
2587 2616 21
2616 2610 21
2610 2581 21
2581 2582 21
2582 2554 21
2554 2530 21
2530 2505 21
2505 2504 21
2504 2480 21
2480 2479 21
2479 2452 21
2452 2428 21
2428 2403 21
2403 2376 21
2376 2350 21
2350 2326 21
2326 2300 21
2300 2283 21
2283 2282 21
2282 2256 21
2256 2232 21
2232 2207 21
2207 2182 21
2182 2158 21
2158 2134 21
2134 2112 21
2112 2092 21
2092 2071 21
2071 2050 21
2050 2030 21
2030 2010 21
2010 1989 21
1989 1983 21
1983 1964 21
1964 1943 21
1943 1942 21
1942 1922 21
1922 1901 21
1901 1881 21
1881 1860 21
1860 1839 21
1839 1819 21
1819 1797 21
1797 1776 21
1776 1755 21
1755 1735 21
1735 1715 21
1715 1695 21
1695 1674 21
1674 1653 21
1653 1633 21
1633 1612 21
1612 1591 21
1591 1571 21
1571 1551 21
1551 1531 21
1531 1511 21
1511 1491 21
1491 1471 21
1471 1451 21
1451 1430 21
1430 1409 21
1409 1388 21
1388 1367 21
1367 1347 21
1347 1327 21
1327 1307 21
1307 1287 21
1287 1267 21
1267 1246 21
1246 1226 21
1226 1205 21
1205 1184 21
1184 1163 21
1163 1143 21
1143 1123 21
1123 1102 21
1102 1082 21
1082 1062 21
1062 1042 21
1042 1022 21
1022 1001 21
1001 980 21
980 960 21
960 940 21
940 919 21
919 898 21
898 876 21
876 854 21
854 833 21
833 820 21
820 799 21
799 775 21
775 751 21
751 726 21
726 709 21
709 687 21
687 664 21
664 642 21
642 620 21
620 598 21
598 577 21
577 556 21
556 535 21
535 514 21
514 494 21
494 474 21
474 454 21
454 434 21
434 414 21
414 394 21
394 374 21
374 353 21
353 332 21
332 312 21
312 292 21
292 272 21
272 252 21
252 232 21
232 209 21
209 186 21
186 164 21
164 142 21
142 118 21
118 94 21
94 69 21
69 60 21
60 37 21
37 13 21
2122 2148 20
2148 2172 20
2172 2196 20
2196 2198 20
2198 2223 20
2223 2247 20
2247 2273 20
2273 2298 20
2298 2324 20
2324 2348 20
2348 2373 20
2373 2375 20
2375 2401 20
2401 2426 20
2426 2450 20
2450 2474 20
2474 2476 20
2476 2501 20
2501 2527 20
2123 2122 19
2528 2502 18
2502 2477 18
2477 2475 18
2475 2451 18
2451 2427 18
2427 2402 18
2402 2399 18
2399 2372 18
2372 2349 18
2349 2325 18
2325 2299 18
2299 2274 18
2274 2248 18
2248 2224 18
2224 2222 18
2222 2197 18
2197 2173 18
2173 2149 18
2149 2123 18
2614 2586 17
2586 2558 17
2558 2528 17
2665 2640 16
2640 2614 16
2709 2687 15
2687 2665 15
2752 2731 14
2731 2709 14
2791 2773 13
2773 2753 13
2753 2752 13
2994 2995 12
2995 2973 12
2973 2972 12
2972 2953 12
2953 2954 12
2954 2951 12
2951 2932 12
2932 2922 12
2922 2914 12
2914 2913 12
2913 2912 12
2912 2894 12
2894 2879 12
2879 2864 12
2864 2846 12
2846 2827 12
2827 2825 12
2825 2806 12
2806 2791 12
3138 3136 11
3136 3133 11
3133 3123 11
3123 3112 11
3112 3101 11
3101 3088 11
3088 3074 11
3074 3058 11
3058 3040 11
3040 3017 11
3017 2994 11
2855 2872 10
2872 2888 10
2888 2907 10
2907 2928 10
2928 2947 10
2947 2968 10
2968 2988 10
2988 3013 10
3013 3033 10
3033 3053 10
3053 3069 10
3069 3084 10
3084 3097 10
3097 3108 10
3108 3119 10
3119 3127 10
3127 3135 10
3135 3137 10
3137 3138 10
2802 2820 9
2820 2840 9
2840 2855 9
2765 2783 8
2783 2802 8
2770 2750 7
2750 2765 7
2805 2787 6
2787 2770 6
2859 2842 5
2842 2822 5
2822 2805 5
3128 3130 4
3130 3120 4
3120 3109 4
3109 3098 4
3098 3085 4
3085 3071 4
3071 3055 4
3055 3037 4
3037 3015 4
3015 2992 4
2992 2990 4
2990 2969 4
2969 2948 4
2948 2929 4
2929 2909 4
2909 2892 4
2892 2890 4
2890 2875 4
2875 2859 4
3129 3128 3
2860 2876 2
2876 2891 2
2891 2908 2
2908 2910 2
2910 2930 2
2930 2949 2
2949 2970 2
2970 2991 2
2991 3014 2
3014 3035 2
3035 3038 2
3038 3056 2
3056 3072 2
3072 3086 2
3086 3099 2
3099 3110 2
3110 3121 2
3121 3131 2
3131 3129 2
6 24 1
24 48 1
48 71 1
71 96 1
96 120 1
120 143 1
143 165 1
165 187 1
187 210 1
210 234 1
234 254 1
254 276 1
276 297 1
297 317 1
317 334 1
334 355 1
355 377 1
377 397 1
397 417 1
417 439 1
439 457 1
457 478 1
478 498 1
498 518 1
518 539 1
539 540 1
540 560 1
560 581 1
581 591 1
591 612 1
612 633 1
633 656 1
656 678 1
678 698 1
698 720 1
720 743 1
743 767 1
767 791 1
791 813 1
813 834 1
834 856 1
856 879 1
879 903 1
903 925 1
925 942 1
942 962 1
962 981 1
981 1002 1
1002 1023 1
1023 1043 1
1043 1063 1
1063 1083 1
1083 1105 1
1105 1126 1
1126 1144 1
1144 1164 1
1164 1185 1
1185 1207 1
1207 1228 1
1228 1248 1
1248 1269 1
1269 1289 1
1289 1309 1
1309 1329 1
1329 1350 1
1350 1370 1
1370 1392 1
1392 1414 1
1414 1434 1
1434 1455 1
1455 1475 1
1475 1496 1
1496 1516 1
1516 1538 1
1538 1559 1
1559 1580 1
1580 1602 1
1602 1621 1
1621 1641 1
1641 1662 1
1662 1683 1
1683 1702 1
1702 1722 1
1722 1742 1
1742 1764 1
1764 1790 1
1790 1811 1
1811 1831 1
1831 1852 1
1852 1871 1
1871 1891 1
1891 1912 1
1912 1933 1
1933 1953 1
1953 1974 1
1974 1995 1
1995 2016 1
2016 2035 1
2035 2055 1
2055 2076 1
2076 2099 1
2099 2120 1
2120 2145 1
2145 2169 1
2169 2193 1
2193 2219 1
2219 2244 1
2244 2269 1
2269 2295 1
2295 2321 1
2321 2345 1
2345 2366 1
2366 2393 1
2393 2418 1
2418 2442 1
2442 2467 1
2467 2494 1
2494 2520 1
2520 2547 1
2547 2575 1
2575 2604 1
2604 2634 1
2634 2661 1
2661 2684 1
2684 2706 1
2706 2728 1
2728 2749 1
2749 2769 1
2769 2786 1
2786 2804 1
2804 2823 1
2823 2843 1
2843 2860 1

Triangles
5838
37 13 34 0
35 59 58 0
58 59 85 0
34 35 58 0
36 12 19 0
36 35 11 0
12 36 11 0
59 61 83 0
19 38 36 0
19 44 38 0
58 85 60 0
34 58 37 0
34 11 35 0
85 69 60 0
37 58 60 0
83 84 109 0
21 19 3 0
85 86 69 0
5 4 22 0
68 45 67 0
91 68 93 0
66 44 46 0
61 38 44 0
3 5 21 0
91 93 115 0
110 87 91 0
134 110 117 0
107 87 110 0
66 68 91 0
61 66 87 0
59 36 38 0
46 21 22 0
66 46 68 0
44 21 46 0
61 44 66 0
19 21 44 0
59 35 36 0
61 59 38 0
83 85 59 0
12 3 19 0
46 22 45 0
46 45 68 0
5 22 21 0
20 45 22 0
41 43 64 0
141 117 140 0
156 134 157 0
132 110 134 0
108 86 109 0
84 61 87 0
20 22 4 0
109 85 83 0
109 86 85 0
133 109 107 0
108 94 86 0
133 108 109 0
131 118 108 0
94 69 86 0
20 41 45 0
16 20 4 0
16 43 20 0
43 18 17 0
18 43 16 0
67 93 68 0
90 92 67 0
106 129 104 0
152 130 128 0
152 154 130 0
222 223 244 0
105 80 103 0
105 82 81 0
128 105 103 0
128 130 105 0
127 128 103 0
138 153 161 0
129 138 113 0
129 154 138 0
82 106 104 0
152 175 154 0
82 62 81 0
113 112 104 0
63 42 40 0
89 63 88 0
104 112 88 0
90 65 89 0
65 42 63 0
127 102 124 0
147 127 124 0
103 80 79 0
150 128 127 0
150 152 128 0
116 115 93 0
116 140 115 0
135 136 160 0
116 114 139 0
111 136 135 0
90 111 114 0
90 89 111 0
208 229 205 0
251 230 231 0
250 229 230 0
140 163 141 0
231 248 251 0
250 230 251 0
206 207 231 0
182 206 185 0
182 159 183 0
269 248 249 0
184 185 208 0
116 93 92 0
117 115 140 0
117 110 115 0
84 107 109 0
61 84 83 0
87 107 84 0
91 87 66 0
91 115 110 0
141 163 162 0
265 284 268 0
245 266 267 0
108 118 94 0
133 131 108 0
132 133 107 0
132 156 133 0
110 132 107 0
156 155 131 0
134 156 132 0
157 180 156 0
151 142 131 0
246 263 262 0
224 202 225 0
246 224 225 0
220 202 224 0
232 220 242 0
209 197 220 0
247 267 246 0
225 226 247 0
157 181 180 0
229 250 245 0
205 184 208 0
204 205 227 0
204 181 205 0
230 208 231 0
184 205 181 0
245 227 229 0
245 247 227 0
271 290 291 0
267 266 286 0
283 267 287 0
263 246 267 0
247 226 227 0
267 286 287 0
250 266 245 0
250 271 266 0
142 118 131 0
15 2 1 0
142 151 164 0
2 15 17 0
197 202 220 0
164 174 186 0
156 131 133 0
31 32 56 0
14 31 33 0
10 32 31 0
174 151 155 0
23 6 24 0
70 47 48 0
71 70 48 0
76 54 53 0
28 30 7 0
47 28 23 0
53 70 76 0
48 47 24 0
53 54 55 0
47 53 28 0
47 70 53 0
95 70 71 0
24 47 23 0
120 145 121 0
30 8 7 0
23 28 7 0
77 101 99 0
50 55 72 0
100 119 125 0
76 100 78 0
76 95 100 0
96 121 95 0
73 74 52 0
50 73 51 0
50 72 73 0
55 78 72 0
28 53 30 0
76 78 54 0
122 123 146 0
77 99 97 0
78 77 72 0
78 101 77 0
122 146 124 0
101 123 99 0
101 126 123 0
143 144 145 0
126 148 149 0
119 145 125 0
120 143 145 0
148 145 167 0
190 170 167 0
126 125 148 0
148 125 145 0
146 126 149 0
146 123 126 0
121 100 95 0
29 51 26 0
55 50 29 0
53 55 30 0
54 78 55 0
72 97 73 0
97 98 74 0
77 97 72 0
99 122 97 0
52 32 49 0
75 52 74 0
98 75 74 0
79 56 75 0
56 32 52 0
121 96 120 0
119 121 145 0
101 100 125 0
101 78 100 0
95 71 96 0
119 100 121 0
76 70 95 0
167 170 148 0
144 167 145 0
165 144 143 0
165 166 144 0
29 30 55 0
51 29 50 0
8 30 29 0
187 188 166 0
122 102 98 0
123 122 99 0
124 102 122 0
49 51 73 0
52 49 73 0
32 25 49 0
26 8 29 0
166 167 144 0
187 166 165 0
189 190 166 0
27 26 51 0
31 56 33 0
168 147 146 0
171 168 149 0
171 193 191 0
169 147 168 0
97 74 73 0
122 98 97 0
106 82 105 0
130 106 105 0
130 129 106 0
161 137 138 0
112 136 111 0
129 113 104 0
137 136 113 0
102 127 103 0
183 161 176 0
160 161 183 0
158 160 159 0
137 161 160 0
112 89 88 0
136 112 113 0
111 89 112 0
105 81 80 0
88 82 104 0
88 62 82 0
177 175 198 0
201 177 198 0
221 201 198 0
200 177 201 0
153 138 154 0
137 113 138 0
154 175 177 0
153 154 177 0
129 130 154 0
173 152 150 0
175 195 198 0
168 146 149 0
150 147 169 0
124 146 147 0
200 201 223 0
195 196 219 0
173 195 175 0
173 196 195 0
219 217 241 0
195 219 198 0
196 217 219 0
79 98 102 0
79 75 98 0
80 56 79 0
57 39 33 0
57 62 39 0
88 63 62 0
14 9 31 0
1 14 15 0
9 10 31 0
49 27 51 0
25 32 10 0
25 27 49 0
275 254 276 0
298 275 276 0
277 255 256 0
166 190 167 0
212 189 188 0
216 215 239 0
190 213 192 0
211 233 213 0
213 233 236 0
212 211 189 0
212 235 211 0
235 255 233 0
274 253 255 0
237 238 258 0
214 237 217 0
214 216 237 0
237 216 238 0
173 191 196 0
193 194 216 0
196 191 214 0
171 172 193 0
215 213 236 0
239 215 236 0
194 192 215 0
257 239 236 0
257 259 239 0
259 258 238 0
239 259 238 0
278 279 259 0
217 196 214 0
258 241 237 0
219 218 198 0
189 213 190 0
188 187 210 0
212 188 210 0
234 212 210 0
235 233 211 0
189 166 188 0
233 255 253 0
234 235 212 0
234 254 256 0
14 1 9 0
228 249 248 0
158 135 160 0
139 135 158 0
89 65 63 0
243 260 264 0
200 199 176 0
153 177 176 0
223 222 200 0
243 223 221 0
222 199 200 0
249 228 244 0
228 231 207 0
221 240 243 0
17 18 2 0
42 17 15 0
43 41 20 0
42 43 17 0
65 64 43 0
275 256 254 0
271 286 266 0
310 291 290 0
311 306 291 0
326 307 327 0
326 323 307 0
348 326 327 0
344 323 326 0
369 389 386 0
348 369 347 0
370 390 369 0
351 370 348 0
390 389 369 0
345 332 324 0
365 345 344 0
347 365 344 0
326 347 344 0
348 370 369 0
386 375 366 0
353 332 345 0
324 312 303 0
344 324 323 0
332 312 324 0
306 286 291 0
307 306 327 0
307 287 306 0
348 347 326 0
283 282 263 0
283 263 267 0
304 283 287 0
304 303 283 0
292 282 303 0
272 252 262 0
174 197 186 0
151 174 164 0
155 178 179 0
131 155 151 0
179 202 197 0
155 179 174 0
178 180 203 0
156 178 155 0
225 247 246 0
179 203 202 0
202 203 226 0
156 180 178 0
208 185 206 0
231 208 206 0
230 229 208 0
227 205 229 0
181 162 184 0
180 181 204 0
157 141 162 0
141 157 134 0
117 141 134 0
114 116 92 0
163 139 158 0
163 140 139 0
220 224 242 0
75 56 52 0
223 243 244 0
176 177 200 0
161 153 176 0
152 173 175 0
218 219 241 0
240 218 241 0
240 221 218 0
80 57 56 0
102 103 79 0
40 42 15 0
64 65 90 0
67 64 90 0
93 67 92 0
45 64 67 0
45 41 64 0
62 40 39 0
43 42 65 0
39 14 33 0
57 81 62 0
56 57 33 0
80 81 57 0
40 15 39 0
63 40 62 0
15 14 39 0
213 189 211 0
253 257 236 0
233 253 236 0
274 257 253 0
259 279 258 0
273 278 257 0
273 293 278 0
297 298 276 0
269 251 248 0
310 290 289 0
328 310 308 0
311 291 310 0
330 311 331 0
327 306 311 0
271 250 251 0
270 271 251 0
269 270 251 0
290 271 270 0
291 286 271 0
330 327 311 0
352 351 331 0
348 327 330 0
242 224 246 0
174 179 197 0
203 180 204 0
226 203 204 0
227 226 204 0
225 202 226 0
179 178 203 0
209 220 232 0
209 186 197 0
294 314 315 0
274 294 295 0
316 298 318 0
277 296 294 0
277 298 296 0
262 263 282 0
272 262 282 0
252 242 262 0
318 298 297 0
334 338 317 0
316 314 296 0
298 316 296 0
337 335 316 0
354 333 336 0
360 376 354 0
359 360 339 0
381 376 360 0
363 342 354 0
293 295 313 0
278 259 257 0
280 261 279 0
241 217 237 0
294 296 314 0
274 277 294 0
257 274 273 0
255 277 274 0
256 235 234 0
277 256 275 0
255 235 256 0
376 363 354 0
364 361 343 0
321 313 333 0
299 300 320 0
354 336 339 0
321 333 342 0
313 315 333 0
314 335 315 0
335 357 336 0
338 337 318 0
317 338 318 0
334 355 338 0
356 355 378 0
379 356 378 0
338 355 356 0
125 126 101 0
170 149 148 0
194 215 216 0
191 193 214 0
169 191 173 0
169 168 191 0
190 192 170 0
239 238 216 0
169 173 150 0
127 147 150 0
168 171 191 0
170 171 149 0
193 216 214 0
172 194 193 0
170 172 171 0
192 194 172 0
192 213 215 0
170 192 172 0
240 260 243 0
198 218 221 0
241 260 240 0
261 281 260 0
299 280 279 0
299 302 280 0
243 264 244 0
232 242 252 0
398 377 397 0
380 357 358 0
381 380 401 0
359 357 380 0
381 359 380 0
381 360 359 0
376 384 363 0
339 360 354 0
396 384 376 0
416 396 400 0
416 423 403 0
339 357 359 0
358 338 356 0
282 292 272 0
262 242 246 0
304 323 324 0
282 283 303 0
307 323 304 0
464 470 449 0
445 464 444 0
486 470 464 0
303 312 292 0
418 398 397 0
421 416 400 0
482 502 503 0
461 482 483 0
461 460 482 0
459 481 460 0
479 500 499 0
437 416 421 0
462 458 442 0
443 423 437 0
458 463 443 0
442 458 437 0
462 483 480 0
441 462 442 0
483 503 501 0
446 445 425 0
463 446 443 0
466 445 446 0
451 453 433 0
471 451 450 0
471 489 469 0
368 382 388 0
349 368 367 0
346 361 368 0
322 343 340 0
354 342 333 0
383 364 362 0
363 383 362 0
404 405 385 0
362 342 363 0
362 341 342 0
340 343 361 0
322 341 343 0
322 320 341 0
425 405 424 0
444 429 422 0
466 464 445 0
449 429 444 0
464 449 444 0
470 450 449 0
409 402 422 0
409 408 388 0
425 444 422 0
428 430 410 0
450 428 429 0
450 430 428 0
449 450 429 0
470 471 450 0
387 367 368 0
342 341 321 0
402 382 385 0
422 402 405 0
388 382 402 0
310 331 311 0
325 329 309 0
301 319 305 0
340 361 346 0
350 352 331 0
349 350 329 0
346 349 329 0
367 372 349 0
372 392 371 0
349 372 350 0
367 387 372 0
325 340 346 0
387 391 372 0
408 387 388 0
409 429 428 0
402 409 388 0
422 429 409 0
410 413 391 0
289 308 310 0
269 289 290 0
269 288 289 0
284 288 268 0
285 284 265 0
305 288 284 0
305 309 288 0
423 416 437 0
446 423 443 0
424 404 403 0
425 424 446 0
444 425 445 0
422 405 425 0
381 396 376 0
400 396 381 0
385 405 402 0
383 385 364 0
383 404 385 0
403 423 424 0
396 403 384 0
396 416 403 0
424 405 404 0
318 297 317 0
337 316 318 0
335 314 316 0
358 357 337 0
336 315 335 0
315 295 294 0
277 275 298 0
378 355 377 0
356 379 358 0
398 378 377 0
398 379 378 0
417 418 397 0
399 379 398 0
418 419 398 0
439 438 417 0
440 441 419 0
438 440 418 0
417 438 418 0
439 457 459 0
440 461 441 0
421 442 437 0
401 421 400 0
420 442 421 0
419 420 399 0
398 419 399 0
418 440 419 0
441 442 420 0
419 441 420 0
440 460 461 0
403 404 384 0
358 337 338 0
401 380 379 0
357 335 337 0
379 380 358 0
339 336 357 0
304 324 303 0
344 345 324 0
369 386 365 0
412 389 390 0
406 407 389 0
440 438 459 0
459 457 479 0
440 459 460 0
438 439 459 0
369 365 347 0
407 386 389 0
426 407 406 0
395 386 407 0
366 374 353 0
395 375 386 0
395 394 375 0
479 478 500 0
499 502 481 0
479 499 481 0
521 520 499 0
481 459 479 0
345 366 353 0
478 498 500 0
411 412 393 0
394 395 414 0
366 365 386 0
374 366 375 0
345 365 366 0
426 427 407 0
394 374 375 0
521 499 500 0
401 379 399 0
420 401 399 0
400 381 401 0
457 478 479 0
427 426 447 0
436 427 435 0
455 436 435 0
434 414 415 0
415 407 427 0
410 391 408 0
428 410 408 0
430 413 410 0
431 413 433 0
453 452 433 0
432 412 431 0
391 387 408 0
392 391 413 0
392 372 391 0
371 352 372 0
373 371 392 0
373 352 371 0
330 351 348 0
330 331 351 0
331 328 350 0
420 421 401 0
370 351 373 0
411 413 431 0
412 411 431 0
393 413 411 0
393 392 413 0
390 393 412 0
390 370 373 0
406 389 412 0
373 351 352 0
393 373 392 0
393 390 373 0
352 350 372 0
510 511 531 0
430 451 433 0
490 471 470 0
486 490 470 0
510 531 530 0
491 510 509 0
491 511 510 0
507 511 490 0
549 527 547 0
511 527 532 0
507 525 527 0
469 473 453 0
471 469 451 0
489 473 469 0
486 507 490 0
554 555 575 0
509 530 513 0
551 573 555 0
473 492 472 0
456 436 455 0
477 456 455 0
454 436 456 0
447 432 448 0
561 539 540 0
578 599 577 0
557 578 577 0
558 559 580 0
557 558 578 0
557 538 558 0
514 515 535 0
554 575 571 0
533 554 550 0
533 534 554 0
551 555 534 0
573 576 555 0
686 662 683 0
660 661 685 0
682 660 684 0
638 661 660 0
636 638 659 0
645 636 659 0
614 615 636 0
614 596 615 0
618 595 617 0
641 618 617 0
619 597 618 0
637 619 641 0
638 637 661 0
638 615 637 0
597 576 595 0
596 597 619 0
596 575 597 0
597 595 618 0
555 576 575 0
573 595 576 0
574 553 572 0
594 593 572 0
573 551 552 0
520 502 499 0
541 544 521 0
523 502 520 0
585 586 566 0
565 585 564 0
584 606 585 0
423 446 424 0
465 466 446 0
463 465 446 0
463 484 465 0
485 484 506 0
465 485 487 0
465 484 485 0
437 458 443 0
485 506 487 0
458 480 463 0
504 524 506 0
501 504 484 0
501 522 504 0
543 564 545 0
548 569 568 0
524 546 526 0
567 569 548 0
522 545 524 0
566 586 587 0
505 507 487 0
525 505 506 0
525 507 505 0
487 507 486 0
645 659 667 0
666 645 667 0
623 636 645 0
600 601 621 0
614 636 623 0
592 614 601 0
571 592 580 0
571 575 592 0
615 619 637 0
636 615 638 0
596 619 615 0
576 597 575 0
640 617 616 0
641 640 662 0
641 617 640 0
637 641 661 0
619 618 641 0
729 730 754 0
667 682 690 0
659 638 660 0
436 415 427 0
544 520 521 0
563 544 541 0
543 520 544 0
461 462 441 0
481 482 460 0
483 462 461 0
503 483 482 0
523 503 502 0
523 522 503 0
480 484 463 0
462 480 458 0
501 484 480 0
522 501 503 0
543 545 523 0
524 504 522 0
504 506 484 0
502 482 481 0
518 519 498 0
542 539 561 0
584 565 563 0
519 518 542 0
541 519 542 0
521 500 519 0
430 433 413 0
409 428 408 0
450 451 430 0
493 492 473 0
474 456 475 0
454 434 436 0
406 412 426 0
609 589 610 0
609 588 589 0
611 609 632 0
611 590 609 0
569 567 587 0
583 561 562 0
544 563 565 0
541 542 563 0
602 582 581 0
612 613 591 0
604 603 582 0
625 604 602 0
626 650 629 0
625 627 604 0
625 635 648 0
602 604 582 0
607 585 606 0
543 523 520 0
564 543 544 0
584 585 565 0
566 545 564 0
546 567 548 0
545 546 524 0
545 567 546 0
523 545 522 0
566 567 545 0
572 590 594 0
569 588 568 0
610 608 630 0
632 610 630 0
589 608 610 0
526 506 524 0
546 548 526 0
525 506 526 0
569 589 588 0
487 486 466 0
465 487 466 0
506 505 487 0
563 542 561 0
564 544 565 0
521 519 541 0
563 561 583 0
561 540 562 0
415 436 434 0
395 415 414 0
395 407 415 0
293 300 278 0
295 293 273 0
274 295 273 0
315 313 295 0
313 321 300 0
336 333 315 0
300 299 279 0
278 300 279 0
293 313 300 0
364 343 362 0
384 404 383 0
382 361 364 0
328 329 350 0
310 328 331 0
308 309 328 0
289 288 309 0
270 269 290 0
268 288 269 0
249 268 269 0
249 265 268 0
309 329 328 0
289 309 308 0
305 325 309 0
285 305 284 0
264 285 265 0
244 264 265 0
260 281 264 0
302 299 320 0
285 302 301 0
281 280 302 0
368 388 387 0
245 267 247 0
306 287 286 0
307 304 287 0
321 320 300 0
322 302 320 0
321 341 320 0
319 325 305 0
322 319 301 0
340 325 319 0
279 261 258 0
322 301 302 0
261 241 258 0
281 261 280 0
260 241 261 0
285 264 281 0
265 249 244 0
301 305 285 0
281 302 285 0
322 340 319 0
383 363 384 0
382 364 385 0
343 341 362 0
346 368 349 0
325 346 329 0
361 382 368 0
221 223 201 0
207 183 199 0
228 207 222 0
244 228 222 0
248 231 228 0
206 183 207 0
183 159 160 0
222 207 199 0
206 182 183 0
163 182 185 0
162 163 185 0
184 162 185 0
181 157 162 0
140 116 139 0
199 183 176 0
158 159 182 0
160 136 137 0
163 158 182 0
114 92 90 0
135 114 111 0
135 139 114 0
557 536 538 0
539 542 518 0
560 562 540 0
501 480 483 0
498 519 500 0
585 566 564 0
608 589 587 0
628 608 605 0
610 632 609 0
631 630 608 0
631 655 630 0
587 567 566 0
608 587 586 0
589 569 587 0
605 608 586 0
548 547 526 0
590 570 588 0
609 590 588 0
611 594 590 0
547 525 526 0
568 547 548 0
568 549 547 0
613 602 591 0
634 613 612 0
625 602 613 0
633 634 612 0
585 605 586 0
629 607 606 0
629 628 607 0
626 627 650 0
603 626 606 0
604 627 626 0
650 652 629 0
606 626 629 0
650 672 652 0
714 697 719 0
715 716 739 0
691 675 697 0
716 691 714 0
692 675 691 0
432 426 412 0
452 448 432 0
433 452 431 0
453 473 472 0
533 512 513 0
496 488 508 0
467 448 468 0
427 447 435 0
426 432 447 0
432 431 452 0
493 489 509 0
512 493 513 0
473 489 493 0
472 452 453 0
488 472 492 0
468 452 472 0
453 451 469 0
581 582 560 0
718 719 696 0
513 530 534 0
616 611 624 0
593 594 617 0
572 570 590 0
593 574 572 0
595 593 617 0
595 574 593 0
570 568 588 0
553 570 572 0
549 532 527 0
532 553 552 0
511 532 531 0
511 507 527 0
570 549 568 0
464 466 486 0
547 527 525 0
553 549 570 0
553 532 549 0
491 471 490 0
511 491 490 0
509 489 491 0
491 489 471 0
530 509 510 0
551 530 531 0
551 534 530 0
513 493 509 0
477 497 495 0
467 477 455 0
476 497 477 0
537 550 559 0
512 528 508 0
537 559 538 0
517 537 538 0
517 528 529 0
533 550 528 0
512 533 528 0
534 555 554 0
554 571 550 0
536 557 556 0
515 536 535 0
515 516 536 0
496 508 517 0
579 580 600 0
599 579 600 0
558 580 579 0
488 492 508 0
467 488 476 0
468 472 488 0
477 467 476 0
448 452 468 0
582 562 560 0
591 602 581 0
603 583 582 0
626 603 604 0
606 584 583 0
475 494 474 0
456 477 475 0
447 455 435 0
476 496 497 0
467 468 488 0
447 467 455 0
447 448 467 0
497 516 515 0
475 477 495 0
494 475 495 0
474 454 456 0
496 517 497 0
488 496 476 0
508 528 517 0
512 508 492 0
493 512 492 0
513 534 533 0
578 558 579 0
529 528 550 0
537 529 550 0
537 517 529 0
516 517 538 0
516 497 517 0
571 580 559 0
550 571 559 0
575 596 592 0
514 494 495 0
672 673 696 0
652 672 674 0
651 671 672 0
650 627 651 0
605 585 607 0
583 562 582 0
606 583 603 0
584 563 583 0
657 633 656 0
679 680 658 0
678 679 656 0
678 699 679 0
635 625 613 0
515 514 495 0
497 515 495 0
516 538 536 0
652 674 654 0
608 628 631 0
650 651 672 0
599 598 577 0
558 538 559 0
556 557 577 0
556 535 536 0
735 736 759 0
757 735 758 0
734 712 735 0
643 622 644 0
666 643 644 0
665 664 643 0
706 732 730 0
707 731 732 0
683 707 686 0
705 731 707 0
693 705 683 0
693 703 705 0
753 755 731 0
682 659 660 0
690 682 704 0
667 659 682 0
689 667 690 0
666 644 645 0
601 600 580 0
628 652 631 0
607 628 605 0
629 652 628 0
599 620 598 0
634 635 613 0
671 670 694 0
648 649 671 0
627 648 651 0
627 625 648 0
658 670 649 0
634 658 635 0
680 670 658 0
657 679 658 0
633 657 634 0
656 679 657 0
700 721 702 0
699 700 680 0
699 722 700 0
671 694 695 0
672 671 673 0
649 670 671 0
634 657 658 0
681 694 670 0
599 600 622 0
635 649 648 0
596 614 592 0
644 621 623 0
645 644 623 0
666 665 643 0
689 688 666 0
712 689 690 0
712 734 711 0
643 642 622 0
601 580 592 0
623 601 614 0
623 621 601 0
622 600 621 0
599 578 579 0
686 661 663 0
705 707 683 0
708 732 706 0
736 729 754 0
708 685 686 0
706 684 708 0
729 706 730 0
704 684 706 0
704 682 684 0
663 662 686 0
641 663 661 0
641 662 663 0
573 574 595 0
624 646 639 0
616 624 639 0
611 632 624 0
551 531 552 0
632 646 624 0
669 692 693 0
662 669 683 0
647 639 646 0
662 647 669 0
662 639 647 0
647 646 668 0
640 639 662 0
616 594 611 0
640 616 639 0
617 594 616 0
654 631 652 0
676 654 674 0
655 631 654 0
653 655 676 0
668 653 675 0
646 632 653 0
632 630 655 0
552 531 532 0
574 552 553 0
574 573 552 0
676 674 677 0
653 676 675 0
655 654 676 0
679 699 680 0
722 698 720 0
670 680 681 0
678 698 699 0
622 621 644 0
620 622 642 0
620 599 622 0
722 720 745 0
721 722 745 0
699 698 722 0
665 688 687 0
642 643 664 0
666 688 665 0
710 689 711 0
664 665 687 0
666 667 689 0
745 720 743 0
702 725 724 0
700 702 681 0
721 725 702 0
722 721 700 0
744 725 721 0
745 744 721 0
745 768 769 0
767 768 743 0
767 791 792 0
800 819 799 0
776 800 799 0
776 782 800 0
751 756 775 0
782 758 784 0
710 709 688 0
757 733 734 0
726 709 733 0
741 740 763 0
697 696 719 0
701 694 681 0
723 701 724 0
747 723 724 0
740 718 717 0
723 740 717 0
742 763 740 0
717 694 701 0
696 695 718 0
701 681 702 0
673 671 695 0
671 651 648 0
839 863 840 0
816 839 817 0
855 878 877 0
837 855 839 0
837 859 855 0
718 740 741 0
874 896 873 0
741 739 719 0
741 762 739 0
718 741 719 0
763 762 741 0
764 763 742 0
764 786 763 0
747 746 742 0
787 808 786 0
738 727 715 0
739 738 715 0
761 737 738 0
786 761 762 0
765 760 761 0
786 789 765 0
809 829 808 0
794 809 788 0
830 829 809 0
810 789 808 0
766 780 777 0
760 766 752 0
790 780 766 0
845 868 867 0
823 845 844 0
832 853 845 0
851 852 831 0
897 916 918 0
912 897 918 0
875 894 897 0
890 875 897 0
853 871 875 0
852 871 849 0
831 852 849 0
828 831 849 0
810 829 831 0
851 873 852 0
895 916 894 0
892 911 888 0
821 819 800 0
803 821 800 0
782 803 800 0
782 806 803 0
825 842 821 0
866 842 848 0
886 887 870 0
891 886 870 0
891 892 888 0
864 865 843 0
866 864 843 0
884 885 864 0
864 885 865 0
668 692 669 0
647 668 669 0
646 653 668 0
762 761 738 0
728 753 731 0
705 728 731 0
727 752 728 0
703 727 728 0
716 703 693 0
715 727 703 0
692 716 693 0
739 762 738 0
752 777 753 0
738 737 727 0
760 785 766 0
737 760 752 0
727 737 752 0
761 760 737 0
765 789 785 0
766 777 752 0
802 780 790 0
811 802 790 0
823 822 802 0
848 847 870 0
825 848 842 0
824 826 848 0
805 781 801 0
827 805 824 0
848 827 824 0
825 806 827 0
827 804 805 0
847 869 870 0
826 847 848 0
826 846 847 0
844 826 824 0
846 867 869 0
844 846 826 0
844 867 846 0
822 844 824 0
823 832 845 0
828 849 832 0
811 828 832 0
807 810 828 0
827 848 825 0
703 728 705 0
779 753 777 0
780 801 777 0
778 754 779 0
732 731 755 0
730 732 755 0
708 707 732 0
685 708 684 0
660 685 684 0
661 686 685 0
686 707 708 0
779 755 753 0
754 730 755 0
729 704 706 0
713 729 736 0
735 713 736 0
735 712 713 0
712 704 729 0
752 753 728 0
835 812 813 0
856 857 834 0
814 795 793 0
712 690 704 0
713 712 729 0
710 733 709 0
689 710 688 0
711 734 710 0
712 711 689 0
734 733 710 0
756 733 757 0
709 687 688 0
794 774 798 0
787 770 788 0
771 747 750 0
794 771 774 0
746 747 771 0
770 746 771 0
788 770 794 0
764 746 770 0
764 742 746 0
795 772 793 0
817 795 816 0
797 796 795 0
798 796 818 0
798 774 773 0
812 792 813 0
814 812 835 0
814 793 812 0
812 793 792 0
836 814 835 0
816 795 814 0
772 748 769 0
795 796 772 0
817 797 795 0
817 818 797 0
769 768 792 0
772 769 793 0
748 744 769 0
743 768 745 0
767 792 768 0
791 813 792 0
883 882 905 0
861 883 874 0
862 863 883 0
817 840 818 0
796 797 818 0
816 837 839 0
860 839 855 0
882 860 877 0
863 839 860 0
928 905 920 0
941 928 920 0
950 929 928 0
948 947 927 0
929 948 927 0
971 969 948 0
915 893 906 0
853 868 845 0
871 853 849 0
894 916 897 0
871 894 875 0
871 872 894 0
917 938 939 0
896 917 895 0
915 938 917 0
875 868 853 0
939 937 918 0
913 936 934 0
911 913 934 0
914 936 913 0
862 850 838 0
895 873 896 0
809 808 788 0
851 829 830 0
810 808 829 0
835 813 834 0
836 835 857 0
816 836 837 0
816 814 836 0
1021 1000 1010 0
1032 1021 1010 0
1011 1032 1010 0
1053 1061 1041 0
1039 1019 1021 0
969 947 948 0
988 969 989 0
968 947 969 0
811 823 802 0
807 811 790 0
832 823 811 0
807 828 811 0
849 853 832 0
936 957 956 0
918 937 935 0
890 897 912 0
916 939 918 0
937 957 935 0
912 918 935 0
939 959 937 0
867 844 845 0
889 867 868 0
890 889 868 0
875 890 868 0
912 914 890 0
914 891 889 0
869 847 846 0
971 948 949 0
927 915 906 0
949 948 929 0
947 938 927 0
939 938 959 0
939 916 917 0
958 937 959 0
968 979 959 0
957 937 958 0
916 895 917 0
896 874 893 0
972 949 950 0
756 776 775 0
751 733 756 0
757 782 756 0
751 726 733 0
801 778 779 0
780 802 801 0
804 827 806 0
783 804 806 0
783 781 804 0
776 799 775 0
880 857 856 0
903 880 879 0
858 837 836 0
880 858 857 0
859 837 858 0
881 859 858 0
881 878 859 0
799 819 820 0
880 856 879 0
836 857 858 0
835 834 857 0
841 820 819 0
714 719 739 0
691 697 714 0
668 675 692 0
653 632 655 0
696 673 695 0
677 696 697 0
676 677 697 0
674 696 677 0
674 672 696 0
716 714 739 0
703 716 715 0
692 691 716 0
683 669 693 0
675 676 697 0
762 763 786 0
740 723 742 0
695 717 718 0
695 694 717 0
649 635 658 0
744 745 769 0
749 725 748 0
773 749 748 0
747 724 749 0
717 701 723 0
701 702 724 0
793 769 792 0
748 725 744 0
796 773 772 0
750 747 749 0
773 750 749 0
773 774 750 0
750 774 771 0
772 773 748 0
796 798 773 0
838 815 818 0
815 794 798 0
749 724 725 0
794 770 771 0
742 723 747 0
681 680 700 0
917 896 915 0
914 889 890 0
871 852 872 0
828 810 831 0
785 807 790 0
766 785 790 0
760 765 785 0
789 810 807 0
785 789 807 0
787 764 770 0
808 787 788 0
786 764 787 0
789 786 808 0
765 761 786 0
838 818 840 0
851 830 850 0
872 852 873 0
895 872 873 0
895 894 872 0
831 829 851 0
815 798 818 0
809 815 830 0
809 794 815 0
904 903 925 0
924 904 926 0
946 945 926 0
923 901 924 0
880 903 904 0
841 833 820 0
821 843 841 0
864 866 884 0
819 821 841 0
842 866 843 0
926 925 946 0
945 924 926 0
966 945 946 0
943 923 945 0
904 925 926 0
841 854 833 0
779 754 755 0
931 951 940 0
898 908 919 0
930 952 931 0
907 909 930 0
866 887 884 0
870 869 891 0
866 870 887 0
866 848 870 0
932 953 952 0
907 887 909 0
953 974 975 0
933 953 932 0
955 973 976 0
954 955 976 0
936 935 957 0
934 936 955 0
913 892 914 0
801 779 777 0
802 822 801 0
781 778 801 0
822 824 805 0
801 822 805 0
823 844 822 0
759 754 778 0
927 938 915 0
989 969 971 0
959 938 947 0
865 885 876 0
841 865 854 0
841 843 865 0
759 758 735 0
803 825 821 0
803 806 825 0
804 781 805 0
784 783 806 0
784 759 783 0
782 784 806 0
756 782 776 0
757 758 782 0
758 759 784 0
734 735 757 0
759 778 783 0
754 759 736 0
778 781 783 0
842 843 821 0
1039 1020 1019 0
1100 1101 1122 0
976 974 953 0
993 976 973 0
995 996 976 0
993 995 976 0
977 993 973 0
999 1020 1016 0
993 999 1016 0
998 1020 999 0
1017 1038 1031 0
997 1000 1019 0
977 956 957 0
993 977 998 0
973 956 977 0
957 958 978 0
1011 989 992 0
1033 1011 1014 0
1054 1033 1034 0
1054 1053 1033 0
1010 989 1011 0
1053 1041 1032 0
1000 979 988 0
997 978 979 0
998 997 1019 0
998 978 997 0
988 989 1010 0
1000 988 1010 0
968 969 988 0
979 958 959 0
997 979 1000 0
978 958 979 0
959 947 968 0
860 882 863 0
855 877 860 0
878 901 877 0
901 921 900 0
850 873 851 0
838 850 830 0
815 838 830 0
861 874 873 0
862 861 850 0
862 883 861 0
840 862 838 0
863 882 883 0
840 863 862 0
840 817 839 0
861 873 850 0
905 893 883 0
893 915 896 0
883 893 874 0
906 929 927 0
905 906 893 0
905 928 906 0
946 925 942 0
964 945 966 0
902 878 881 0
902 901 878 0
900 920 899 0
923 921 901 0
923 943 944 0
900 882 877 0
900 899 882 0
901 900 877 0
921 920 900 0
920 905 899 0
922 920 921 0
983 991 970 0
965 983 961 0
982 1003 983 0
928 929 906 0
961 950 941 0
949 929 950 0
905 882 899 0
881 858 880 0
865 876 854 0
907 908 885 0
887 907 884 0
930 908 907 0
898 876 885 0
963 942 962 0
908 930 931 0
919 908 931 0
885 884 907 0
1012 1004 1025 0
1035 1012 1026 0
991 1004 1012 0
992 972 990 0
983 965 982 0
972 950 970 0
941 944 961 0
987 994 1009 0
960 967 980 0
987 975 994 0
984 962 981 0
885 908 898 0
985 963 984 0
951 960 940 0
919 931 940 0
1092 1093 1113 0
1112 1092 1113 0
1073 1093 1092 0
1058 1072 1052 0
1058 1057 1078 0
952 953 975 0
1021 1019 1000 0
1040 1039 1059 0
1040 1020 1039 0
1079 1080 1060 0
1099 1120 1098 0
1080 1099 1098 0
1080 1100 1099 0
1079 1100 1080 0
1061 1079 1059 0
1081 1100 1079 0
1101 1121 1122 0
1081 1101 1100 0
1081 1095 1101 0
1138 1139 1117 0
1020 998 1019 0
1036 1020 1040 0
1016 1015 993 0
998 999 993 0
1036 1037 1016 0
1036 1016 1020 0
954 933 934 0
953 954 976 0
953 933 954 0
977 957 978 0
955 956 973 0
955 936 956 0
988 979 968 0
998 977 978 0
889 869 867 0
935 936 914 0
909 932 930 0
886 909 887 0
910 933 932 0
909 910 932 0
888 911 910 0
886 888 909 0
886 891 888 0
914 892 891 0
869 889 891 0
912 935 914 0
888 910 909 0
911 933 910 0
913 911 892 0
934 933 911 0
934 955 954 0
1005 984 1002 0
1023 1024 1002 0
1006 985 984 0
1028 1006 1005 0
1028 1007 1006 0
1024 1046 1045 0
1002 1024 1005 0
1023 1046 1024 0
941 950 928 0
951 967 960 0
983 1004 991 0
964 986 965 0
1003 1027 1004 0
986 1003 982 0
1007 1027 1003 0
986 985 1006 0
965 986 982 0
964 966 986 0
1029 1049 1048 0
1028 1029 1007 0
1028 1049 1029 0
1043 1046 1023 0
1084 1063 1083 0
1067 1064 1085 0
1109 1090 1088 0
1049 1028 1045 0
1043 1063 1064 0
996 974 976 0
1015 1017 995 0
994 975 996 0
1009 994 1008 0
952 951 931 0
932 952 930 0
975 951 952 0
996 975 974 0
967 951 975 0
987 967 975 0
987 980 967 0
1045 1067 1049 0
1024 1045 1028 0
1046 1067 1045 0
1084 1085 1064 0
1063 1084 1064 0
1083 1105 1106 0
1103 1125 1104 0
980 987 1001 0
1097 1096 1076 0
1108 1097 1086 0
1119 1096 1097 0
1141 1119 1136 0
1157 1141 1136 0
1140 1121 1141 0
1096 1075 1076 0
1118 1096 1119 0
1118 1095 1096 0
1106 1084 1083 0
1126 1147 1127 0
1104 1109 1088 0
1085 1104 1088 0
1125 1111 1104 0
1070 1090 1089 0
1085 1088 1067 0
1085 1103 1104 0
1130 1109 1111 0
1110 1089 1090 0
1130 1110 1109 0
1130 1128 1110 0
1030 1031 1050 0
1001 1009 1022 0
1037 1015 1016 0
1147 1126 1144 0
1050 1062 1042 0
1071 1091 1082 0
1030 1009 1031 0
1042 1030 1050 0
1022 1009 1030 0
1058 1036 1057 0
1058 1037 1036 0
1077 1078 1057 0
1052 1038 1058 0
1073 1052 1072 0
1051 1031 1038 0
1050 1051 1071 0
1062 1050 1071 0
1042 1022 1030 0
1051 1038 1052 0
1050 1031 1051 0
1017 994 996 0
987 1009 1001 0
1017 1008 994 0
995 1017 996 0
1015 1018 1017 0
993 1015 995 0
1017 1031 1008 0
1018 1038 1017 0
1037 1018 1015 0
1037 1038 1018 0
1037 1058 1038 0
1031 1009 1008 0
1113 1133 1112 0
971 972 992 0
1071 1082 1062 0
1125 1131 1111 0
1146 1145 1125 0
1127 1146 1124 0
1147 1167 1166 0
1165 1148 1145 0
1147 1166 1146 0
1169 1190 1171 0
1148 1169 1171 0
1148 1168 1169 0
1168 1189 1169 0
1187 1168 1165 0
1187 1189 1168 0
1187 1209 1189 0
1091 1102 1082 0
1074 1081 1061 0
1118 1141 1121 0
1075 1096 1095 0
1119 1141 1118 0
1098 1117 1115 0
1117 1120 1138 0
1134 1117 1139 0
1098 1120 1117 0
1093 1078 1094 0
1099 1100 1122 0
1077 1080 1098 0
1094 1078 1098 0
1115 1094 1098 0
1115 1114 1094 0
1057 1060 1077 0
1057 1040 1060 0
1200 1182 1201 0
1142 1161 1162 0
1120 1142 1138 0
1140 1161 1142 0
1140 1141 1161 0
1157 1161 1141 0
1158 1157 1136 0
1179 1161 1157 0
1199 1201 1178 0
1162 1160 1142 0
1183 1162 1161 0
1183 1160 1162 0
1182 1183 1161 0
1179 1182 1161 0
1179 1201 1182 0
1219 1220 1241 0
1218 1219 1239 0
1197 1220 1219 0
1196 1195 1217 0
1203 1220 1197 0
1181 1202 1180 0
1204 1225 1224 0
1219 1241 1239 0
1181 1183 1204 0
1159 1181 1180 0
1160 1183 1181 0
1154 1139 1159 0
1138 1142 1160 0
1240 1245 1262 0
1203 1224 1220 0
1225 1245 1224 0
1174 1193 1194 0
1142 1121 1140 0
1259 1238 1260 0
1227 1237 1247 0
1227 1206 1216 0
1226 1227 1247 0
1216 1217 1238 0
1227 1216 1237 0
1206 1194 1216 0
1205 1206 1226 0
1194 1193 1216 0
1263 1262 1285 0
1261 1239 1241 0
1260 1261 1282 0
1260 1239 1261 0
1241 1262 1263 0
1196 1176 1175 0
1216 1196 1217 0
1193 1176 1196 0
1220 1224 1240 0
1139 1154 1134 0
1204 1224 1202 0
1203 1197 1195 0
1155 1135 1134 0
1176 1155 1154 0
1176 1173 1155 0
1174 1152 1173 0
1155 1134 1154 0
1132 1135 1152 0
1132 1113 1114 0
1153 1132 1152 0
1113 1093 1114 0
1057 1036 1040 0
1060 1080 1077 0
1059 1060 1040 0
1059 1079 1060 0
1073 1092 1091 0
1135 1115 1134 0
1073 1091 1071 0
1051 1073 1071 0
1072 1093 1073 0
1222 1199 1221 0
1200 1201 1223 0
1204 1200 1223 0
1204 1182 1200 0
1202 1203 1180 0
1204 1202 1181 0
1224 1203 1202 0
1183 1182 1204 0
1179 1178 1201 0
1349 1340 1363 0
1307 1308 1327 0
1308 1301 1320 0
1288 1280 1301 0
1246 1247 1267 0
1197 1218 1217 0
1263 1261 1241 0
1260 1238 1239 0
1280 1260 1281 0
1302 1280 1281 0
1268 1247 1259 0
1280 1259 1260 0
1267 1247 1268 0
1246 1226 1247 0
1323 1324 1345 0
1340 1323 1341 0
1302 1324 1323 0
1280 1302 1301 0
1281 1282 1303 0
1308 1288 1301 0
1282 1261 1263 0
1242 1223 1244 0
1245 1242 1264 0
1245 1223 1242 0
1240 1224 1245 0
1241 1240 1262 0
1241 1220 1240 0
1225 1223 1245 0
1158 1156 1178 0
1121 1101 1118 0
1137 1156 1158 0
1253 1252 1274 0
1198 1191 1215 0
1178 1177 1199 0
1149 1129 1150 0
1156 1149 1170 0
1156 1137 1149 0
1110 1128 1107 0
1131 1130 1111 0
1151 1150 1130 0
1169 1189 1190 0
1151 1148 1171 0
1165 1168 1148 0
1172 1149 1150 0
1172 1191 1170 0
1209 1211 1189 0
1213 1235 1215 0
1190 1213 1192 0
1214 1235 1213 0
1177 1156 1170 0
1108 1128 1129 0
1116 1108 1129 0
1055 1056 1076 0
1069 1049 1067 0
1088 1069 1067 0
1088 1090 1069 0
1110 1090 1109 0
1048 1047 1027 0
1090 1070 1069 0
1068 1047 1070 0
1089 1068 1070 0
1087 1107 1108 0
1068 1087 1066 0
1089 1107 1087 0
1086 1065 1087 0
1047 1025 1027 0
1024 1028 1005 0
1064 1046 1043 0
1064 1067 1046 0
1044 1056 1035 0
1089 1087 1068 0
1087 1065 1066 0
1027 1007 1029 0
1069 1070 1049 0
1004 983 1003 0
1035 1056 1055 0
1014 1035 1034 0
1026 1044 1035 0
1025 1026 1012 0
1027 1025 1004 0
1047 1026 1025 0
1044 1066 1056 0
1047 1044 1026 0
1047 1066 1044 0
1048 1070 1047 0
1029 1048 1027 0
1049 1070 1048 0
1068 1066 1047 0
1065 1056 1066 0
1076 1065 1086 0
1076 1056 1065 0
1097 1076 1086 0
1075 1054 1055 0
1035 1013 1012 0
1012 1013 991 0
1055 1034 1035 0
1075 1055 1076 0
1054 1034 1055 0
1095 1074 1075 0
1053 1032 1033 0
1033 1032 1011 0
972 971 949 0
970 961 983 0
990 970 991 0
950 961 970 0
990 1013 992 0
970 990 972 0
991 1013 990 0
1014 992 1013 0
1035 1014 1013 0
1034 1033 1014 0
989 971 992 0
984 981 1002 0
985 966 963 0
1005 1006 984 0
1007 1003 986 0
963 946 942 0
984 963 962 0
966 946 963 0
1006 1007 986 0
859 878 855 0
904 881 880 0
902 924 901 0
904 902 881 0
904 924 902 0
945 923 924 0
922 941 920 0
944 922 921 0
944 941 922 0
923 944 921 0
943 964 944 0
964 943 945 0
985 986 966 0
965 944 964 0
965 961 944 0
1229 1210 1208 0
1172 1170 1149 0
1151 1172 1150 0
1171 1190 1192 0
1254 1275 1256 0
1232 1253 1233 0
1257 1277 1276 0
1236 1257 1255 0
1256 1277 1257 0
1274 1275 1253 0
1274 1296 1275 0
1177 1170 1191 0
1106 1103 1085 0
1126 1106 1105 0
1124 1103 1106 0
1127 1124 1106 0
1126 1127 1106 0
1147 1146 1127 0
1164 1147 1144 0
1166 1188 1187 0
1146 1166 1165 0
1167 1188 1166 0
1146 1165 1145 0
1131 1151 1130 0
1151 1171 1172 0
1128 1130 1150 0
1131 1148 1151 0
1125 1145 1131 0
1109 1104 1111 0
1124 1146 1125 0
1145 1148 1131 0
1192 1191 1172 0
1171 1192 1172 0
1190 1214 1213 0
1110 1107 1089 0
1185 1186 1164 0
1185 1207 1186 0
1113 1132 1133 0
1112 1091 1092 0
1123 1112 1133 0
1102 1091 1112 0
1231 1209 1210 0
1249 1251 1230 0
1209 1187 1188 0
1232 1211 1231 0
1211 1233 1214 0
1052 1073 1051 0
1078 1093 1072 0
1058 1078 1072 0
1077 1098 1078 0
1114 1135 1132 0
1094 1114 1093 0
1115 1135 1114 0
1085 1084 1106 0
1167 1147 1164 0
1186 1167 1164 0
1166 1187 1165 0
1186 1188 1167 0
1186 1208 1188 0
1153 1152 1174 0
1123 1133 1143 0
1133 1132 1153 0
1143 1133 1153 0
1123 1102 1112 0
1275 1296 1295 0
1143 1153 1163 0
1250 1228 1248 0
1210 1229 1230 0
1208 1207 1229 0
1174 1173 1193 0
1163 1174 1184 0
1163 1153 1174 0
1290 1269 1289 0
1309 1310 1289 0
1291 1271 1270 0
1271 1249 1250 0
1292 1271 1291 0
1272 1251 1271 0
1313 1292 1291 0
1273 1252 1251 0
1293 1273 1272 0
1293 1294 1273 0
1230 1229 1250 0
1216 1193 1196 0
1184 1194 1205 0
1184 1174 1194 0
1215 1191 1192 0
1255 1243 1234 0
1236 1255 1234 0
1276 1278 1258 0
1212 1198 1215 0
1234 1212 1215 0
1221 1199 1198 0
1256 1236 1235 0
1254 1256 1235 0
1275 1277 1256 0
1295 1277 1275 0
1317 1295 1296 0
1317 1297 1295 0
1258 1278 1279 0
1255 1258 1243 0
1255 1276 1258 0
1297 1276 1277 0
1297 1278 1276 0
1222 1221 1244 0
1198 1177 1191 0
1221 1198 1212 0
1199 1177 1198 0
1222 1201 1199 0
1223 1222 1244 0
1223 1201 1222 0
1264 1242 1244 0
1225 1204 1223 0
1150 1129 1128 0
1178 1156 1177 0
1158 1179 1157 0
1137 1158 1136 0
1178 1179 1158 0
1311 1313 1291 0
1375 1355 1352 0
1329 1351 1330 0
1316 1336 1337 0
1296 1316 1317 0
1296 1294 1316 0
1312 1333 1315 0
1293 1312 1315 0
1293 1313 1312 0
1355 1374 1376 0
1352 1355 1332 0
1376 1398 1396 0
1354 1376 1358 0
1335 1354 1358 0
1335 1355 1354 0
1374 1397 1376 0
1251 1232 1231 0
1232 1252 1253 0
1211 1209 1231 0
1233 1211 1232 0
1214 1189 1211 0
1235 1214 1233 0
1254 1235 1233 0
1253 1254 1233 0
1253 1275 1254 0
1236 1215 1235 0
1190 1189 1214 0
1231 1230 1251 0
1210 1230 1231 0
1188 1210 1209 0
1188 1208 1210 0
1207 1208 1186 0
1207 1228 1229 0
1229 1228 1250 0
1270 1248 1269 0
1450 1463 1470 0
1450 1441 1463 0
1466 1450 1470 0
1429 1425 1408 0
1469 1449 1466 0
1429 1408 1421 0
1445 1429 1450 0
1445 1425 1429 0
1421 1422 1441 0
1450 1429 1441 0
1406 1400 1408 0
1427 1406 1425 0
1386 1400 1406 0
1365 1386 1385 0
1378 1357 1361 0
1400 1378 1399 0
1377 1357 1378 0
1365 1356 1377 0
1365 1342 1356 0
1338 1319 1318 0
1361 1339 1360 0
1380 1361 1360 0
1381 1399 1378 0
1357 1334 1339 0
1377 1356 1357 0
1386 1377 1400 0
1386 1365 1377 0
1342 1325 1321 0
1422 1442 1441 0
1205 1194 1206 0
1250 1249 1230 0
1270 1250 1248 0
1270 1271 1250 0
1290 1270 1269 0
1290 1291 1270 0
1311 1331 1313 0
1290 1311 1291 0
1310 1331 1311 0
1289 1310 1290 0
1309 1329 1330 0
1292 1293 1272 0
1271 1292 1272 0
1313 1293 1292 0
1330 1310 1309 0
1351 1353 1330 0
1331 1310 1330 0
1332 1331 1352 0
1041 1061 1059 0
1021 1041 1039 0
1021 1032 1041 0
992 1014 1011 0
1122 1121 1142 0
1120 1122 1142 0
1120 1099 1122 0
1061 1081 1079 0
1039 1041 1059 0
1053 1074 1061 0
1095 1118 1101 0
1074 1095 1081 0
1054 1074 1053 0
1054 1075 1074 0
1108 1086 1087 0
1128 1108 1107 0
1116 1097 1108 0
1137 1116 1129 0
1149 1137 1129 0
1136 1116 1137 0
1119 1097 1116 0
1125 1103 1124 0
1119 1116 1136 0
1279 1278 1299 0
1265 1279 1286 0
1265 1243 1258 0
1212 1234 1221 0
1257 1236 1256 0
1276 1255 1257 0
1221 1234 1243 0
1215 1236 1234 0
1215 1192 1213 0
1295 1297 1277 0
1315 1336 1316 0
1318 1319 1298 0
1337 1318 1317 0
1337 1359 1338 0
1300 1321 1306 0
1279 1300 1286 0
1299 1321 1300 0
1218 1197 1219 0
1238 1218 1239 0
1238 1217 1218 0
1237 1216 1238 0
1195 1175 1180 0
1217 1195 1197 0
1196 1175 1195 0
1152 1155 1173 0
1195 1180 1203 0
1154 1175 1176 0
1154 1159 1175 0
1152 1135 1155 0
1139 1138 1160 0
1159 1139 1160 0
1181 1159 1160 0
1180 1175 1159 0
1134 1115 1117 0
1266 1285 1262 0
1279 1299 1300 0
1221 1243 1244 0
1297 1298 1278 0
1284 1285 1266 0
1286 1284 1266 0
1286 1306 1284 0
1302 1323 1301 0
1305 1322 1324 0
1263 1283 1282 0
1285 1306 1304 0
1266 1264 1286 0
1245 1266 1262 0
1245 1264 1266 0
1326 1322 1305 0
1304 1326 1305 0
1285 1304 1305 0
1306 1326 1304 0
1364 1365 1385 0
1366 1364 1385 0
1346 1343 1364 0
1326 1346 1344 0
1325 1343 1346 0
1344 1346 1366 0
1176 1193 1173 0
1282 1281 1260 0
1283 1305 1303 0
1285 1283 1263 0
1285 1305 1283 0
1283 1303 1282 0
1259 1280 1268 0
1237 1259 1247 0
1237 1238 1259 0
1294 1296 1274 0
1273 1294 1274 0
1315 1316 1294 0
1313 1333 1312 0
1316 1337 1317 0
1335 1336 1315 0
1335 1358 1336 0
1381 1361 1380 0
1318 1297 1317 0
1338 1339 1319 0
1337 1338 1318 0
1360 1339 1338 0
1358 1379 1359 0
1361 1357 1339 0
1422 1401 1402 0
1401 1421 1399 0
1402 1401 1381 0
1422 1421 1401 0
1265 1264 1244 0
1243 1265 1244 0
1265 1258 1279 0
1265 1286 1264 0
1298 1299 1278 0
1318 1298 1297 0
1319 1334 1314 0
1321 1325 1306 0
1298 1319 1314 0
1334 1357 1342 0
1306 1285 1284 0
1300 1306 1286 0
1325 1326 1306 0
1227 1226 1206 0
1331 1332 1313 0
1290 1310 1311 0
1331 1330 1353 0
1267 1268 1287 0
1351 1329 1350 0
1370 1371 1350 0
1353 1352 1331 0
1350 1371 1351 0
1293 1315 1294 0
1252 1273 1274 0
1333 1332 1355 0
1315 1333 1335 0
1313 1332 1333 0
1372 1375 1353 0
1333 1355 1335 0
1288 1268 1280 0
1307 1288 1308 0
1287 1268 1288 0
1392 1393 1370 0
1328 1347 1327 0
1320 1301 1323 0
1340 1320 1323 0
1340 1328 1320 0
1327 1308 1328 0
1307 1287 1288 0
1405 1385 1386 0
1449 1446 1428 0
1445 1449 1427 0
1445 1466 1449 0
1404 1383 1387 0
1324 1322 1345 0
1346 1326 1325 0
1344 1322 1326 0
1362 1345 1366 0
1345 1322 1344 0
1303 1302 1281 0
1324 1303 1305 0
1324 1302 1303 0
1371 1353 1351 0
1436 1435 1457 0
1414 1415 1393 0
1414 1435 1415 0
1375 1352 1353 0
1395 1375 1372 0
1374 1355 1375 0
1380 1402 1381 0
1359 1380 1360 0
1379 1402 1380 0
1359 1379 1380 0
1338 1359 1360 0
1337 1336 1359 0
1373 1396 1382 0
1358 1373 1379 0
1358 1376 1373 0
1397 1398 1376 0
1382 1402 1379 0
1373 1382 1379 0
1403 1402 1382 0
1440 1460 1438 0
1423 1402 1403 0
1251 1272 1273 0
1232 1251 1252 0
1249 1271 1251 0
1433 1448 1447 0
1411 1412 1432 0
1431 1411 1432 0
1390 1391 1411 0
1391 1384 1404 0
1412 1391 1404 0
1412 1411 1391 0
1389 1368 1369 0
1409 1389 1410 0
1388 1368 1389 0
1362 1366 1383 0
1384 1362 1383 0
1363 1341 1345 0
1371 1372 1353 0
1393 1371 1370 0
1393 1395 1371 0
1414 1393 1392 0
1458 1459 1478 0
1440 1439 1461 0
1437 1459 1458 0
1439 1437 1458 0
1398 1413 1420 0
1416 1437 1419 0
1394 1416 1397 0
1374 1375 1397 0
1395 1393 1415 0
1375 1395 1394 0
1372 1371 1395 0
1395 1415 1417 0
1436 1457 1437 0
1417 1436 1437 0
1417 1435 1436 0
1340 1348 1328 0
1369 1349 1363 0
1369 1368 1349 0
1478 1479 1500 0
1461 1478 1480 0
1459 1479 1478 0
1397 1416 1419 0
1457 1456 1477 0
1437 1457 1459 0
1435 1456 1457 0
1417 1416 1395 0
1435 1417 1415 0
1437 1416 1417 0
1434 1455 1435 0
1348 1347 1328 0
1340 1349 1348 0
1308 1320 1328 0
1341 1363 1340 0
1349 1368 1348 0
1414 1434 1435 0
1389 1409 1388 0
1389 1369 1390 0
1367 1368 1388 0
1367 1348 1368 0
1474 1473 1494 0
1452 1453 1472 0
1454 1473 1474 0
1452 1432 1453 0
1390 1411 1410 0
1433 1454 1453 0
1412 1433 1432 0
1412 1426 1433 0
1448 1467 1468 0
1442 1463 1441 0
1443 1465 1464 0
1424 1443 1423 0
1424 1444 1443 0
1484 1504 1483 0
1465 1484 1464 0
1505 1524 1504 0
1431 1430 1410 0
1430 1409 1410 0
1456 1435 1455 0
1476 1456 1455 0
1476 1477 1456 0
1476 1497 1498 0
1423 1422 1402 0
1424 1423 1403 0
1418 1424 1403 0
1444 1465 1443 0
1465 1485 1484 0
1442 1443 1464 0
1462 1482 1465 0
1496 1497 1475 0
1431 1410 1411 0
1452 1431 1432 0
1452 1451 1431 0
1458 1478 1461 0
1439 1419 1437 0
1461 1439 1458 0
1440 1420 1439 0
1460 1440 1461 0
1481 1460 1461 0
1444 1424 1438 0
1460 1444 1438 0
1462 1465 1444 0
1420 1419 1439 0
1521 1520 1542 0
1500 1521 1519 0
1498 1520 1521 0
1477 1476 1498 0
1459 1477 1479 0
1459 1457 1477 0
1521 1542 1541 0
1497 1520 1498 0
1517 1516 1539 0
1537 1517 1539 0
1497 1496 1517 0
1516 1517 1496 0
1541 1563 1562 0
1521 1541 1519 0
1542 1563 1541 0
1453 1432 1433 0
1474 1453 1454 0
1474 1472 1453 0
1471 1452 1472 0
1451 1430 1431 0
1538 1539 1516 0
1468 1488 1487 0
1517 1520 1497 0
1560 1539 1538 0
1560 1558 1539 0
1494 1473 1493 0
1471 1472 1491 0
1471 1451 1452 0
1580 1581 1559 0
1428 1446 1448 0
1426 1428 1448 0
1427 1425 1445 0
1407 1427 1428 0
1405 1406 1427 0
1408 1425 1406 0
1421 1408 1400 0
1421 1441 1429 0
1446 1467 1448 0
1427 1449 1428 0
1449 1469 1467 0
1490 1507 1486 0
1449 1467 1446 0
1486 1469 1466 0
1489 1488 1469 0
1489 1509 1488 0
1489 1508 1509 0
1467 1469 1488 0
1486 1507 1489 0
1489 1507 1508 0
1470 1490 1486 0
1445 1450 1466 0
1463 1483 1470 0
1490 1510 1507 0
1466 1470 1486 0
1483 1464 1484 0
1510 1527 1507 0
1528 1549 1529 0
1527 1528 1508 0
1527 1548 1528 0
1509 1495 1487 0
1528 1529 1508 0
1468 1473 1454 0
1509 1487 1488 0
1495 1493 1487 0
1581 1603 1601 0
1531 1512 1532 0
1503 1523 1522 0
1482 1503 1501 0
1460 1481 1462 0
1480 1503 1481 0
1502 1500 1518 0
1476 1475 1497 0
1479 1477 1498 0
1455 1475 1476 0
1502 1518 1523 0
1480 1502 1503 0
1480 1500 1502 0
1621 1624 1602 0
1629 1631 1650 0
1611 1629 1632 0
1631 1651 1650 0
1609 1631 1629 0
1609 1610 1631 0
1587 1609 1608 0
1610 1606 1627 0
1566 1588 1587 0
1649 1648 1671 0
1672 1649 1671 0
1630 1648 1649 0
1631 1630 1651 0
1627 1648 1630 0
1631 1610 1630 0
1606 1607 1627 0
1566 1567 1588 0
1607 1628 1627 0
1585 1607 1606 0
1646 1626 1647 0
1607 1625 1628 0
1604 1605 1625 0
1552 1571 1551 0
1643 1624 1644 0
1601 1623 1622 0
1601 1603 1623 0
1580 1603 1581 0
1602 1624 1603 0
1426 1448 1433 0
1404 1426 1412 0
1404 1407 1426 0
1390 1384 1391 0
1387 1385 1405 0
1407 1387 1405 0
1427 1407 1405 0
1428 1426 1407 0
1383 1366 1387 0
1384 1383 1404 0
1369 1384 1390 0
1369 1363 1384 0
1384 1363 1362 0
1410 1389 1390 0
1367 1347 1348 0
1345 1344 1366 0
1363 1345 1362 0
1341 1323 1345 0
1366 1385 1387 0
1346 1364 1366 0
1342 1357 1356 0
1343 1342 1365 0
1364 1343 1365 0
1325 1342 1343 0
1334 1319 1339 0
1321 1334 1342 0
1314 1299 1298 0
1321 1314 1334 0
1321 1299 1314 0
1378 1361 1381 0
1387 1407 1404 0
1489 1469 1486 0
1504 1524 1510 0
1483 1504 1490 0
1470 1483 1490 0
1463 1464 1483 0
1484 1505 1504 0
1570 1565 1587 0
1568 1570 1590 0
1569 1568 1590 0
1589 1569 1590 0
1554 1549 1569 0
1549 1528 1548 0
1550 1530 1545 0
1490 1504 1510 0
1525 1526 1546 0
1565 1545 1546 0
1505 1506 1525 0
1506 1522 1526 0
1465 1482 1485 0
1503 1522 1501 0
1461 1480 1481 0
1585 1604 1607 0
1588 1567 1584 0
1562 1540 1541 0
1561 1562 1583 0
1561 1543 1562 0
1617 1639 1637 0
1596 1589 1611 0
1618 1596 1616 0
1595 1589 1596 0
1692 1670 1672 0
1616 1596 1611 0
1608 1609 1629 0
1494 1493 1515 0
1512 1494 1514 0
1532 1512 1514 0
1511 1491 1492 0
1492 1474 1494 0
1534 1554 1555 0
1515 1495 1513 0
1575 1574 1595 0
1555 1575 1576 0
1555 1574 1575 0
1534 1555 1556 0
1554 1574 1555 0
1533 1554 1534 0
1529 1533 1534 0
1529 1549 1533 0
1513 1529 1534 0
1545 1524 1525 0
1546 1545 1525 0
1565 1550 1545 0
1548 1550 1568 0
1549 1548 1568 0
1527 1530 1548 0
1527 1510 1530 0
1549 1568 1569 0
1508 1507 1527 0
1405 1386 1406 0
1442 1423 1443 0
1463 1442 1464 0
1422 1423 1442 0
1530 1524 1545 0
1548 1530 1550 0
1510 1524 1530 0
1492 1494 1512 0
1572 1591 1571 0
1552 1572 1571 0
1594 1613 1592 0
1576 1593 1594 0
1555 1576 1556 0
1597 1618 1617 0
1576 1575 1597 0
1589 1590 1611 0
1574 1589 1595 0
1574 1569 1589 0
1615 1636 1635 0
1551 1531 1532 0
1358 1359 1336 0
1355 1376 1354 0
1396 1403 1382 0
1418 1403 1396 0
1398 1418 1396 0
1398 1420 1418 0
1373 1376 1396 0
1413 1419 1420 0
1397 1413 1398 0
1397 1419 1413 0
1375 1394 1397 0
1394 1395 1416 0
1440 1438 1420 0
1444 1460 1462 0
1418 1438 1424 0
1418 1420 1438 0
1399 1421 1400 0
1377 1378 1400 0
1381 1401 1399 0
1572 1573 1592 0
1591 1572 1592 0
1552 1553 1572 0
1643 1665 1664 0
1573 1556 1576 0
1688 1687 1667 0
1689 1688 1668 0
1682 1689 1668 0
1682 1703 1689 0
1707 1710 1691 0
1709 1728 1708 0
1727 1710 1707 0
1644 1663 1665 0
1683 1684 1662 0
1683 1702 1704 0
1684 1683 1704 0
1591 1592 1612 0
1651 1649 1672 0
1610 1588 1606 0
1630 1610 1627 0
1609 1588 1610 0
1577 1578 1599 0
1563 1577 1583 0
1563 1557 1577 0
1640 1620 1622 0
1660 1640 1642 0
1647 1626 1640 0
1646 1628 1625 0
1640 1622 1642 0
1605 1620 1626 0
1605 1619 1620 0
1642 1622 1623 0
1660 1642 1664 0
1681 1660 1664 0
1681 1661 1660 0
1640 1626 1620 0
1634 1654 1653 0
1613 1634 1633 0
1613 1615 1634 0
1704 1705 1684 0
1722 1723 1702 0
1726 1744 1747 0
1702 1723 1704 0
1722 1744 1723 0
1705 1704 1726 0
1666 1687 1669 0
1725 1745 1746 0
1731 1732 1712 0
1654 1674 1653 0
1633 1634 1653 0
1678 1680 1698 0
1699 1678 1698 0
1677 1655 1657 0
1744 1722 1742 0
1765 1744 1742 0
1723 1726 1704 0
1676 1697 1696 0
1654 1656 1675 0
1677 1697 1676 0
1765 1764 1790 0
1724 1726 1745 0
1742 1764 1765 0
1675 1676 1696 0
1654 1675 1674 0
1656 1635 1636 0
1675 1656 1676 0
1654 1635 1656 0
1730 1748 1751 0
1727 1730 1710 0
1727 1749 1730 0
1696 1715 1695 0
1696 1716 1715 0
1675 1696 1695 0
1697 1717 1696 0
1674 1675 1695 0
1677 1678 1699 0
1701 1721 1719 0
1700 1701 1680 0
1700 1720 1701 0
1739 1759 1758 0
1718 1719 1738 0
1741 1759 1739 0
1779 1758 1759 0
1802 1779 1780 0
1801 1800 1779 0
1697 1699 1717 0
1719 1721 1739 0
1738 1719 1739 0
1718 1699 1719 0
1810 1790 1811 0
1831 1830 1811 0
1791 1793 1767 0
1810 1791 1789 0
1813 1812 1791 0
1791 1765 1789 0
1791 1767 1765 0
1747 1744 1767 0
1767 1744 1765 0
1758 1738 1739 0
1778 1757 1777 0
1800 1778 1777 0
1799 1776 1778 0
1737 1738 1756 0
1757 1737 1756 0
1736 1716 1717 0
1735 1736 1755 0
1717 1718 1738 0
1736 1717 1737 0
1716 1696 1717 0
1743 1729 1746 0
1766 1743 1746 0
1766 1750 1743 0
1795 1771 1772 0
1749 1728 1750 0
1687 1666 1667 0
1691 1687 1707 0
1691 1669 1687 0
1772 1766 1792 0
1708 1688 1689 0
1727 1708 1728 0
1707 1688 1708 0
1725 1724 1745 0
1709 1725 1729 0
1703 1706 1725 0
1746 1745 1768 0
1766 1746 1763 0
1729 1725 1746 0
1685 1686 1706 0
1726 1724 1706 0
1744 1726 1723 0
1747 1745 1726 0
1706 1705 1726 0
1725 1706 1724 0
1703 1685 1706 0
1686 1684 1705 0
1830 1810 1811 0
1852 1851 1831 0
1833 1813 1830 0
1815 1807 1793 0
1832 1815 1812 0
1836 1834 1815 0
1789 1790 1810 0
1813 1791 1810 0
1765 1790 1789 0
1715 1716 1735 0
1735 1716 1736 0
1851 1872 1854 0
1831 1851 1830 0
1852 1872 1851 0
1852 1871 1872 0
1776 1799 1797 0
1957 1935 1954 0
1979 1957 1975 0
1958 1935 1957 0
1914 1915 1936 0
1916 1894 1892 0
1937 1916 1935 0
1915 1893 1916 0
1936 1915 1937 0
1914 1897 1893 0
1853 1832 1833 0
1857 1853 1873 0
1857 1836 1853 0
1871 1891 1892 0
1799 1819 1797 0
1891 1912 1913 0
1840 1820 1822 0
1863 1861 1841 0
1839 1820 1840 0
1768 1763 1746 0
1747 1768 1745 0
1767 1793 1768 0
1930 1926 1948 0
1930 1910 1926 0
1950 1930 1951 0
1950 1929 1930 0
1929 1909 1910 0
1868 1869 1889 0
1906 1926 1910 0
1885 1906 1890 0
1885 1900 1906 0
1665 1684 1686 0
1665 1663 1684 0
1685 1665 1686 0
1664 1642 1643 0
1644 1641 1663 0
1641 1644 1624 0
1641 1662 1663 0
1781 1784 1803 0
1753 1760 1761 0
1775 1774 1760 0
1754 1775 1753 0
1773 1769 1788 0
1752 1773 1775 0
1752 1751 1773 0
1837 1850 1829 0
1821 1806 1798 0
1828 1821 1809 0
1847 1868 1866 0
1842 1847 1827 0
1842 1848 1847 0
1518 1540 1523 0
1518 1519 1540 0
1503 1502 1523 0
1500 1519 1518 0
1478 1500 1480 0
1499 1498 1521 0
1542 1557 1563 0
1499 1479 1498 0
1500 1499 1521 0
1500 1479 1499 0
1537 1539 1558 0
1559 1581 1560 0
1598 1619 1605 0
1583 1598 1605 0
1577 1599 1598 0
1558 1579 1557 0
1577 1598 1583 0
1599 1619 1598 0
1600 1599 1578 0
1600 1619 1599 0
1600 1620 1619 0
1579 1601 1600 0
1579 1581 1601 0
1557 1579 1578 0
1558 1560 1579 0
1579 1560 1581 0
1542 1558 1557 0
1537 1520 1517 0
1542 1537 1558 0
1542 1520 1537 0
1538 1559 1560 0
1580 1602 1603 0
1682 1681 1685 0
1709 1708 1689 0
1725 1709 1703 0
1708 1727 1707 0
1729 1728 1709 0
1729 1750 1728 0
1681 1664 1685 0
1668 1681 1682 0
1661 1647 1640 0
1646 1625 1626 0
1668 1667 1647 0
1667 1645 1646 0
1620 1600 1622 0
1625 1605 1626 0
1541 1540 1519 0
1578 1577 1557 0
1583 1562 1563 0
1604 1583 1605 0
1582 1585 1564 0
1601 1622 1600 0
1578 1579 1600 0
1603 1624 1623 0
1641 1624 1621 0
1663 1662 1684 0
1661 1668 1647 0
1660 1661 1640 0
1681 1668 1661 0
1703 1709 1689 0
1667 1646 1647 0
1688 1667 1668 0
1666 1645 1667 0
1707 1687 1688 0
1712 1691 1710 0
1712 1690 1691 0
1625 1607 1604 0
1645 1628 1646 0
1648 1645 1666 0
1648 1628 1645 0
1648 1627 1628 0
1643 1644 1665 0
1623 1643 1642 0
1623 1624 1643 0
1685 1703 1682 0
1665 1685 1664 0
1686 1705 1706 0
1692 1713 1694 0
1671 1693 1672 0
1669 1648 1666 0
1690 1669 1691 0
1671 1648 1669 0
1752 1732 1731 0
1692 1694 1673 0
1693 1692 1672 0
1693 1713 1692 0
1733 1734 1713 0
1714 1700 1694 0
1713 1714 1694 0
1734 1720 1714 0
1733 1754 1734 0
1732 1733 1713 0
1732 1754 1733 0
1740 1741 1721 0
1720 1740 1721 0
1701 1720 1721 0
1700 1714 1720 0
1753 1761 1740 0
1754 1753 1734 0
1752 1754 1732 0
1752 1775 1754 0
1748 1770 1769 0
1710 1730 1731 0
1749 1750 1771 0
1770 1749 1771 0
1727 1728 1749 0
1774 1784 1781 0
1798 1774 1775 0
1798 1784 1774 0
1773 1798 1775 0
1788 1809 1798 0
1773 1788 1798 0
1731 1751 1752 0
1787 1788 1769 0
1794 1787 1769 0
1794 1816 1808 0
1751 1748 1769 0
1773 1751 1769 0
1731 1730 1751 0
1795 1816 1794 0
1809 1821 1798 0
1761 1741 1740 0
1532 1514 1535 0
1492 1472 1474 0
1511 1492 1512 0
1491 1472 1492 0
1493 1495 1515 0
1468 1467 1488 0
1473 1468 1487 0
1447 1448 1468 0
1454 1447 1468 0
1454 1433 1447 0
1532 1552 1551 0
1511 1512 1531 0
1535 1536 1556 0
1552 1535 1553 0
1514 1515 1535 0
1515 1513 1534 0
1535 1515 1536 0
1514 1494 1515 0
1473 1487 1493 0
1515 1534 1536 0
1509 1513 1495 0
1533 1549 1554 0
1509 1529 1513 0
1509 1508 1529 0
1556 1553 1535 0
1534 1556 1536 0
1614 1597 1617 0
1594 1593 1614 0
1597 1575 1595 0
1618 1597 1595 0
1593 1576 1597 0
1586 1608 1590 0
1570 1586 1590 0
1570 1587 1586 0
1586 1587 1608 0
1547 1544 1564 0
1566 1547 1567 0
1546 1526 1547 0
1485 1506 1505 0
1484 1485 1505 0
1482 1481 1503 0
1485 1482 1501 0
1462 1481 1482 0
1522 1544 1526 0
1506 1501 1522 0
1525 1506 1526 0
1485 1501 1506 0
1523 1544 1522 0
1543 1544 1523 0
1562 1543 1540 0
1561 1564 1543 0
1582 1561 1583 0
1604 1582 1583 0
1604 1585 1582 0
1564 1567 1547 0
1582 1564 1561 0
1585 1584 1564 0
1547 1526 1544 0
1565 1546 1566 0
1587 1565 1566 0
1570 1550 1565 0
1524 1505 1525 0
1523 1540 1543 0
1569 1574 1554 0
1550 1570 1568 0
1616 1632 1638 0
1595 1596 1618 0
1611 1632 1616 0
1608 1611 1590 0
1608 1629 1611 0
1588 1609 1587 0
1657 1637 1639 0
1677 1657 1678 0
1655 1637 1657 0
1616 1638 1618 0
1658 1673 1679 0
1618 1638 1639 0
1652 1673 1658 0
1632 1652 1638 0
1632 1650 1652 0
1564 1544 1543 0
1584 1567 1564 0
1606 1584 1585 0
1606 1588 1584 0
1566 1546 1547 0
1679 1700 1680 0
1679 1694 1700 0
1659 1679 1680 0
1658 1638 1652 0
1659 1658 1679 0
1659 1639 1658 0
1650 1670 1652 0
1629 1650 1632 0
1651 1672 1650 0
1670 1692 1673 0
1652 1670 1673 0
1650 1672 1670 0
1630 1649 1651 0
1711 1732 1713 0
1693 1711 1713 0
1693 1690 1711 0
1712 1710 1731 0
1711 1712 1732 0
1690 1671 1669 0
1711 1690 1712 0
1693 1671 1690 0
1613 1633 1612 0
1592 1613 1612 0
1594 1614 1615 0
1656 1636 1655 0
1634 1635 1654 0
1634 1615 1635 0
1594 1615 1613 0
1614 1636 1615 0
1573 1576 1594 0
1592 1573 1594 0
1553 1556 1573 0
1572 1553 1573 0
1552 1532 1535 0
1617 1636 1614 0
1593 1597 1614 0
1618 1639 1617 0
1719 1698 1701 0
1737 1717 1738 0
1699 1698 1719 0
1717 1699 1718 0
1697 1677 1699 0
1656 1677 1676 0
1656 1655 1677 0
1657 1639 1659 0
1636 1637 1655 0
1636 1617 1637 0
1678 1657 1659 0
1820 1839 1819 0
1915 1916 1937 0
1891 1913 1892 0
1912 1933 1932 0
1843 1862 1863 0
1659 1680 1678 0
1638 1658 1639 0
1673 1694 1679 0
1713 1734 1714 0
1701 1698 1680 0
1734 1740 1720 0
1741 1739 1721 0
1803 1784 1806 0
1783 1782 1804 0
1802 1783 1804 0
1762 1761 1782 0
1781 1760 1774 0
1804 1782 1803 0
1761 1760 1781 0
1736 1737 1757 0
1761 1762 1741 0
1757 1776 1755 0
1736 1757 1755 0
1756 1777 1757 0
1757 1778 1776 0
1758 1777 1756 0
1738 1758 1756 0
1759 1780 1779 0
1800 1799 1778 0
1779 1800 1777 0
1801 1822 1800 0
1820 1819 1799 0
1822 1820 1799 0
1861 1863 1882 0
1840 1861 1860 0
1840 1841 1861 0
1822 1841 1840 0
1822 1823 1843 0
1902 1922 1901 0
1881 1902 1901 0
1908 1907 1888 0
1947 1927 1949 0
1967 1947 1949 0
1967 1946 1947 0
1946 1925 1927 0
1984 1962 1965 0
1887 1888 1867 0
1868 1887 1866 0
1908 1888 1887 0
1909 1908 1889 0
1907 1905 1886 0
1928 1907 1908 0
1927 1925 1907 0
1925 1905 1907 0
1945 1925 1946 0
1924 1905 1925 0
1924 1923 1904 0
1884 1883 1904 0
1902 1884 1903 0
1882 1863 1884 0
1862 1865 1883 0
1884 1863 1862 0
1881 1882 1902 0
1881 1860 1882 0
2014 1993 2012 0
2013 2014 2034 0
2013 1992 2014 0
1932 1913 1912 0
1953 1954 1933 0
1935 1913 1932 0
1954 1975 1957 0
1933 1954 1932 0
1953 1974 1976 0
1795 1772 1796 0
2019 2000 1998 0
2040 2019 2020 0
2040 2021 2019 0
1977 1960 1955 0
2022 2023 2001 0
2002 2023 2003 0
1981 2002 1980 0
2001 2023 2002 0
1982 2002 2003 0
1977 1999 1981 0
2022 2042 2043 0
2021 2022 2001 0
2021 2041 2022 0
2043 2044 2024 0
1956 1958 1978 0
1939 1934 1955 0
1959 1939 1960 0
1955 1936 1956 0
1918 1919 1939 0
1919 1918 1896 0
1920 1917 1938 0
1893 1873 1874 0
1916 1893 1894 0
1897 1877 1893 0
1919 1897 1914 0
1877 1873 1893 0
1896 1877 1897 0
1875 1857 1877 0
1979 1975 1997 0
1936 1958 1956 0
1937 1935 1958 0
1988 1967 1968 0
2008 1988 1990 0
2008 1987 1988 0
1945 1944 1924 0
1925 1945 1924 0
1965 1944 1945 0
1985 1963 1984 0
1965 1945 1946 0
1963 1944 1962 0
1923 1903 1904 0
1941 1923 1944 0
1921 1903 1923 0
1886 1883 1865 0
1907 1886 1888 0
1905 1904 1886 0
1904 1903 1884 0
1886 1904 1883 0
1905 1924 1904 0
1965 1962 1944 0
1966 1965 1946 0
1966 1987 1965 0
1944 1923 1924 0
1921 1902 1903 0
1928 1929 1949 0
1910 1890 1906 0
1928 1908 1909 0
1927 1928 1949 0
1927 1907 1928 0
1909 1890 1910 0
1928 1909 1929 0
1889 1890 1909 0
1948 1951 1930 0
1952 1969 1948 0
1940 1952 1931 0
1961 1982 1973 0
1991 1972 1969 0
1992 2013 2011 0
1971 1992 1990 0
1993 2014 1992 0
1991 1993 1972 0
1991 2012 1993 0
2006 2005 1986 0
2007 2006 1986 0
2008 2007 1987 0
2008 2028 2007 0
2025 2045 2029 0
2006 2025 2005 0
2027 2045 2025 0
1851 1854 1833 0
1892 1872 1871 0
1892 1894 1874 0
1832 1836 1815 0
1813 1832 1812 0
1833 1854 1853 0
1853 1854 1873 0
1810 1830 1813 0
1830 1851 1833 0
1855 1875 1856 0
1835 1855 1856 0
1834 1836 1855 0
1832 1853 1836 0
1873 1877 1857 0
1872 1874 1854 0
1916 1913 1935 0
1979 1998 2000 0
1958 1979 1978 0
1958 1957 1979 0
1880 1900 1885 0
1864 1880 1885 0
1870 1878 1880 0
1859 1879 1878 0
1838 1859 1858 0
1856 1876 1859 0
1878 1898 1880 0
1859 1878 1858 0
1879 1898 1878 0
1977 1955 1956 0
2000 1999 1978 0
1981 1960 1977 0
1914 1936 1934 0
1919 1914 1934 0
1939 1919 1934 0
1918 1895 1896 0
1916 1892 1913 0
1914 1893 1915 0
1874 1872 1892 0
1893 1874 1894 0
1873 1854 1874 0
1937 1958 1936 0
1870 1864 1849 0
1858 1870 1850 0
1858 1878 1870 0
1911 1900 1920 0
1931 1911 1920 0
1931 1926 1911 0
1950 1951 1970 0
1949 1950 1970 0
1929 1910 1930 0
1900 1911 1906 0
1948 1969 1951 0
1931 1948 1926 0
1931 1952 1948 0
1767 1768 1747 0
1818 1837 1816 0
1796 1792 1814 0
1818 1796 1817 0
1772 1792 1796 0
1838 1837 1818 0
1835 1834 1855 0
1795 1796 1818 0
1814 1834 1817 0
1856 1859 1838 0
1857 1875 1855 0
1875 1896 1876 0
1770 1794 1769 0
1749 1770 1748 0
1771 1794 1770 0
1730 1749 1748 0
1750 1772 1771 0
1771 1795 1794 0
1766 1772 1750 0
1729 1743 1750 0
1763 1785 1766 0
1796 1814 1817 0
1785 1792 1766 0
1786 1785 1763 0
1807 1792 1785 0
1768 1786 1763 0
1793 1812 1815 0
1786 1793 1807 0
1785 1786 1807 0
1768 1793 1786 0
1807 1815 1814 0
1791 1812 1793 0
1813 1833 1832 0
1818 1817 1838 0
1807 1814 1792 0
1835 1856 1838 0
1817 1835 1838 0
1817 1834 1835 0
1815 1834 1814 0
1836 1857 1855 0
1808 1829 1809 0
1794 1808 1787 0
1816 1829 1808 0
1863 1841 1843 0
1883 1884 1862 0
1882 1860 1861 0
1976 1974 1996 0
1997 1976 1996 0
1954 1953 1976 0
1818 1816 1795 0
1838 1858 1837 0
1876 1879 1859 0
1875 1876 1856 0
1895 1879 1876 0
1896 1895 1876 0
1877 1896 1875 0
1897 1919 1896 0
1899 1920 1898 0
1918 1917 1899 0
1918 1938 1917 0
1895 1918 1899 0
1828 1842 1821 0
1829 1828 1809 0
1788 1787 1808 0
1816 1837 1829 0
1849 1842 1828 0
1850 1849 1828 0
1864 1842 1849 0
1880 1864 1870 0
1911 1926 1906 0
1848 1868 1847 0
1890 1869 1885 0
1890 1889 1869 0
1850 1828 1829 0
1858 1850 1837 0
1870 1849 1850 0
1866 1887 1867 0
1864 1885 1869 0
1929 1950 1949 0
1845 1866 1846 0
1967 1966 1946 0
1968 1967 1949 0
1968 1990 1988 0
1734 1753 1740 0
1775 1760 1753 0
1803 1825 1804 0
1788 1808 1809 0
1824 1826 1844 0
1843 1824 1844 0
1823 1802 1824 0
1806 1825 1803 0
1798 1806 1784 0
1821 1827 1806 0
1865 1867 1886 0
1846 1867 1865 0
1826 1846 1844 0
1826 1845 1846 0
1887 1868 1889 0
1846 1866 1867 0
1845 1847 1866 0
1827 1845 1825 0
1806 1827 1825 0
1821 1842 1827 0
1887 1889 1908 0
1827 1847 1845 0
1848 1864 1869 0
1868 1848 1869 0
1842 1864 1848 0
1865 1844 1846 0
1888 1886 1867 0
1862 1843 1865 0
1927 1947 1946 0
1840 1860 1839 0
1783 1780 1762 0
1826 1804 1825 0
1845 1826 1825 0
1804 1805 1802 0
1802 1780 1783 0
1805 1824 1802 0
1826 1805 1804 0
1826 1824 1805 0
1762 1759 1741 0
1782 1783 1762 0
1781 1782 1761 0
1781 1803 1782 0
1780 1759 1762 0
1801 1779 1802 0
1779 1777 1758 0
1823 1801 1802 0
1843 1823 1824 0
1865 1843 1844 0
1841 1822 1843 0
1822 1801 1823 0
1822 1799 1800 0
1921 1922 1902 0
1995 1996 1974 0
1954 1935 1932 0
2016 2017 1995 0
1955 1934 1936 0
1978 1977 1956 0
1960 1939 1955 0
1959 1938 1939 0
1973 1952 1961 0
1994 1973 1982 0
1994 1991 1973 0
1940 1938 1959 0
1952 1940 1961 0
1931 1920 1940 0
1898 1900 1880 0
1899 1898 1879 0
1895 1899 1879 0
1917 1920 1899 0
1920 1900 1898 0
1980 1960 1981 0
2018 2017 2038 0
1954 1976 1975 0
1995 2017 1996 0
2037 2035 2055 0
2077 2057 2055 0
2038 2017 2037 0
2057 2058 2037 0
2039 2020 2038 0
2018 1996 2017 0
1979 1997 1998 0
1975 1976 1997 0
2016 2035 2037 0
2061 2082 2062 0
1884 1902 1882 0
1941 1942 1921 0
1984 1963 1962 0
1943 1942 1963 0
1942 1922 1921 0
2021 2000 2019 0
1985 1984 2005 0
1943 1963 1964 0
1941 1963 1942 0
1923 1941 1921 0
1944 1963 1941 0
2100 2076 2099 0
1985 1983 1964 0
2098 2079 2077 0
2121 2119 2100 0
2102 2079 2098 0
2004 1985 2005 0
1989 2004 2009 0
1983 1985 2004 0
2104 2081 2103 0
2062 2082 2084 0
2061 2060 2082 0
2037 2017 2016 0
2060 2040 2039 0
2081 2060 2059 0
2061 2041 2060 0
2018 1997 1996 0
2020 2018 2038 0
2020 1998 2018 0
2040 2020 2039 0
2059 2060 2039 0
2041 2021 2040 0
1998 1997 2018 0
2104 2103 2128 0
2041 2040 2060 0
2100 2099 2120 0
2145 2146 2121 0
2098 2077 2100 0
2004 1989 1983 0
2025 2029 2009 0
2047 2045 2027 0
2047 2067 2045 0
2010 1989 2009 0
2121 2100 2120 0
2145 2121 2120 0
2144 2143 2119 0
2126 2102 2118 0
2104 2082 2081 0
2105 2104 2128 0
2105 2084 2104 0
2081 2080 2103 0
2058 2039 2038 0
2102 2080 2079 0
2081 2082 2060 0
2045 2065 2049 0
2167 2168 2192 0
2143 2167 2166 0
2143 2144 2167 0
2009 2029 2010 0
2194 2191 2170 0
2220 2194 2193 0
2220 2217 2194 0
2049 2050 2030 0
2010 2029 2030 0
2086 2065 2067 0
2029 2045 2049 0
2030 2029 2049 0
2009 2004 2025 0
2066 2046 2048 0
2087 2066 2068 0
2067 2046 2066 0
2191 2168 2170 0
2217 2191 2194 0
2217 2218 2192 0
2049 2065 2069 0
2245 2219 2244 0
2126 2153 2128 0
2165 2176 2153 0
2189 2165 2166 0
2214 2202 2188 0
2202 2177 2176 0
2193 2219 2220 0
2092 2071 2089 0
2006 2007 2026 0
1987 1966 1967 0
2028 2026 2007 0
1986 1965 1987 0
2007 1986 1987 0
1984 1965 1986 0
2005 1984 1986 0
2027 2025 2006 0
2025 2004 2005 0
1985 1964 1963 0
2034 2014 2012 0
2093 2112 2092 0
2070 2069 2065 0
2110 2090 2091 0
2089 2069 2070 0
2093 2089 2110 0
2113 2093 2110 0
2113 2112 2093 0
2071 2069 2089 0
2135 2134 2113 0
2132 2135 2113 0
2183 2184 2208 0
2207 2183 2208 0
2159 2160 2183 0
2132 2136 2135 0
2157 2161 2181 0
2015 2012 1994 0
2063 2085 2078 0
2064 2063 2044 0
2064 2085 2063 0
2056 2078 2072 0
2088 2109 2087 0
2068 2088 2087 0
2068 2074 2088 0
2095 2097 2116 0
2096 2095 2116 0
2073 2075 2095 0
2074 2053 2073 0
2088 2074 2096 0
2068 2053 2074 0
2054 2051 2072 0
2052 2054 2073 0
2052 2034 2054 0
2163 2151 2175 0
2140 2163 2162 0
2138 2151 2163 0
2138 2125 2151 0
2140 2138 2163 0
2114 2125 2138 0
2140 2117 2138 0
2164 2140 2162 0
2141 2117 2140 0
2094 2072 2078 0
2097 2094 2114 0
2097 2075 2094 0
2107 2106 2129 0
2101 2107 2125 0
2101 2085 2107 0
2106 2107 2085 0
2187 2186 2212 0
2203 2187 2212 0
2228 2203 2212 0
2205 2179 2203 0
2162 2163 2187 0
2164 2141 2140 0
2179 2155 2164 0
2204 2180 2205 0
2161 2137 2156 0
2139 2115 2141 0
2131 2139 2155 0
2131 2115 2139 0
2117 2097 2114 0
2138 2117 2114 0
2141 2116 2117 0
2075 2054 2072 0
2095 2075 2097 0
2073 2054 2075 0
2163 2186 2187 0
2011 2008 1990 0
1992 2011 1990 0
2033 2028 2011 0
2046 2028 2048 0
2027 2026 2047 0
2027 2006 2026 0
2151 2125 2150 0
1970 1968 1949 0
1972 1970 1951 0
1969 1972 1951 0
1993 1992 1972 0
1972 1992 1970 0
2052 2032 2034 0
1971 1968 1970 0
1992 1971 1970 0
1990 1968 1971 0
2032 2011 2013 0
1988 1987 1967 0
2024 2023 2043 0
2036 2024 2044 0
2003 2023 2024 0
1994 2003 2015 0
2002 1981 2001 0
1982 1980 2002 0
1982 1961 1980 0
2257 2255 2281 0
2309 2284 2307 0
2258 2256 2234 0
2284 2258 2257 0
2285 2282 2258 0
2182 2159 2183 0
2204 2205 2230 0
2210 2204 2230 0
2185 2161 2180 0
2210 2185 2204 0
2235 2259 2255 0
2210 2235 2231 0
2210 2230 2235 0
2209 2184 2206 0
2108 2111 2091 0
2155 2156 2131 0
2137 2133 2130 0
1994 1982 2003 0
1991 1969 1973 0
1939 1938 1918 0
2000 2021 1999 0
1999 2021 2001 0
1981 1999 2001 0
1977 1978 1999 0
1979 2000 1978 0
1998 2020 2019 0
2041 2042 2022 0
1959 1961 1940 0
1980 1959 1960 0
1980 1961 1959 0
1973 1969 1952 0
1940 1920 1938 0
2077 2055 2076 0
2100 2077 2076 0
2057 2037 2055 0
2079 2057 2077 0
2079 2080 2058 0
2080 2059 2058 0
2103 2080 2102 0
2081 2059 2080 0
2058 2038 2037 0
2079 2058 2057 0
2059 2039 2058 0
1994 2012 1991 0
2022 2043 2023 0
2061 2042 2041 0
2064 2043 2042 0
2044 2063 2056 0
2083 2064 2084 0
2106 2083 2084 0
2106 2085 2083 0
2015 2036 2031 0
2083 2085 2064 0
2124 2129 2150 0
2105 2106 2084 0
2082 2104 2084 0
2127 2152 2129 0
2128 2127 2105 0
2128 2153 2127 0
2096 2116 2115 0
2024 2015 2003 0
2064 2044 2043 0
2056 2036 2044 0
2078 2056 2063 0
2101 2078 2085 0
2101 2094 2078 0
2031 2034 2012 0
2015 2031 2012 0
2051 2034 2031 0
2072 2051 2056 0
2072 2094 2075 0
2150 2174 2151 0
2124 2150 2125 0
2107 2124 2125 0
2107 2129 2124 0
2129 2154 2150 0
2105 2129 2106 0
2062 2042 2061 0
2064 2062 2084 0
2064 2042 2062 0
2146 2145 2169 0
2170 2146 2169 0
2194 2170 2169 0
2168 2146 2170 0
2144 2121 2146 0
2119 2118 2102 0
2100 2119 2098 0
2121 2144 2119 0
2168 2144 2146 0
2193 2194 2169 0
2192 2218 2215 0
2166 2167 2190 0
2191 2217 2192 0
2166 2142 2143 0
2143 2142 2118 0
2119 2143 2118 0
2144 2168 2167 0
2189 2166 2190 0
2214 2189 2215 0
2214 2188 2189 0
2165 2153 2142 0
2128 2103 2126 0
2102 2098 2119 0
2154 2177 2174 0
2338 2364 2355 0
2365 2363 2339 0
2362 2381 2387 0
2315 2340 2339 0
2315 2329 2340 0
2391 2414 2389 0
2387 2391 2365 0
2416 2414 2391 0
2365 2391 2389 0
2134 2112 2113 0
2069 2050 2049 0
2070 2086 2090 0
2089 2070 2090 0
2065 2086 2070 0
2071 2050 2069 0
2244 2269 2271 0
2066 2048 2068 0
2026 2046 2047 0
2026 2028 2046 0
2011 2028 2008 0
2033 2048 2028 0
2032 2033 2011 0
2034 2032 2013 0
2052 2033 2032 0
2052 2053 2033 0
2051 2054 2034 0
2036 2056 2051 0
2031 2036 2051 0
2015 2024 2036 0
2074 2095 2096 0
2101 2114 2094 0
2101 2125 2114 0
2053 2068 2048 0
2108 2087 2109 0
2131 2108 2109 0
2091 2086 2108 0
2110 2091 2111 0
2133 2132 2110 0
2093 2092 2089 0
2110 2089 2090 0
2067 2047 2046 0
2086 2067 2087 0
2108 2086 2087 0
2091 2090 2086 0
2065 2045 2067 0
2127 2129 2105 0
2319 2294 2320 0
2316 2293 2317 0
2318 2316 2317 0
2292 2267 2291 0
2268 2270 2293 0
2239 2215 2218 0
2241 2239 2240 0
2216 2215 2239 0
2217 2220 2243 0
2245 2271 2270 0
2219 2245 2220 0
2244 2271 2245 0
2269 2295 2296 0
2136 2157 2160 0
2159 2136 2160 0
2132 2157 2136 0
2110 2132 2113 0
2110 2111 2133 0
2108 2131 2130 0
2111 2108 2130 0
2161 2156 2180 0
2156 2130 2131 0
2156 2137 2130 0
2179 2156 2155 0
2180 2204 2185 0
2179 2180 2156 0
2179 2205 2180 0
2181 2161 2185 0
2157 2137 2161 0
2133 2111 2130 0
2157 2133 2137 0
2157 2132 2133 0
2115 2116 2141 0
2109 2115 2131 0
2109 2096 2115 0
2088 2096 2109 0
2067 2066 2087 0
2053 2052 2073 0
2095 2074 2073 0
2048 2033 2053 0
2164 2162 2187 0
2178 2164 2187 0
2203 2178 2187 0
2179 2164 2178 0
2155 2139 2164 0
2139 2141 2164 0
2116 2097 2117 0
2250 2227 2251 0
2154 2176 2177 0
2227 2241 2251 0
2214 2216 2202 0
2188 2165 2189 0
2176 2188 2202 0
2176 2165 2188 0
2215 2216 2214 0
2239 2218 2240 0
2178 2203 2179 0
2203 2228 2205 0
2200 2211 2186 0
2237 2228 2212 0
2211 2236 2212 0
2260 2252 2237 0
2314 2312 2288 0
2313 2314 2289 0
2337 2312 2314 0
2363 2337 2339 0
2363 2338 2337 0
2364 2338 2363 0
2330 2306 2305 0
2338 2330 2312 0
2355 2331 2330 0
2288 2304 2278 0
2314 2288 2289 0
2312 2304 2288 0
2313 2339 2314 0
2338 2355 2330 0
2382 2355 2364 0
2390 2382 2364 0
2356 2331 2355 0
2383 2356 2382 0
2383 2357 2356 0
2331 2306 2330 0
2280 2279 2304 0
2288 2278 2262 0
2259 2280 2286 0
2281 2259 2286 0
2255 2231 2235 0
2281 2255 2259 0
2307 2281 2286 0
2307 2284 2281 0
2210 2206 2185 0
2254 2235 2230 0
2231 2206 2210 0
2233 2231 2255 0
2209 2206 2231 0
2279 2253 2278 0
2259 2254 2280 0
2230 2229 2253 0
2262 2289 2288 0
2260 2262 2278 0
2260 2287 2262 0
2330 2305 2304 0
2135 2158 2134 0
2275 2250 2251 0
2126 2118 2142 0
2153 2126 2142 0
2103 2102 2126 0
2266 2242 2268 0
2291 2266 2268 0
2291 2265 2266 0
2216 2239 2241 0
2218 2242 2240 0
2168 2191 2192 0
2217 2243 2218 0
2190 2215 2189 0
2192 2190 2167 0
2192 2215 2190 0
2220 2245 2243 0
2296 2295 2322 0
2200 2199 2225 0
2211 2200 2213 0
2175 2199 2200 0
2163 2175 2186 0
2151 2174 2175 0
2267 2251 2241 0
2240 2265 2241 0
2292 2302 2276 0
2314 2339 2337 0
2287 2313 2289 0
2287 2290 2313 0
2303 2327 2329 0
2315 2303 2329 0
2277 2301 2303 0
2250 2275 2249 0
2226 2250 2249 0
2226 2227 2250 0
2276 2267 2292 0
2301 2276 2302 0
2251 2267 2276 0
2353 2352 2328 0
2341 2353 2328 0
2380 2379 2353 0
2315 2290 2303 0
2353 2341 2368 0
2302 2328 2327 0
2318 2317 2342 0
2302 2318 2328 0
2292 2316 2318 0
2135 2136 2159 0
2174 2199 2175 0
2154 2174 2150 0
2238 2249 2263 0
2261 2238 2263 0
2213 2225 2238 0
2175 2200 2186 0
2225 2226 2249 0
2200 2225 2213 0
2199 2201 2225 0
2177 2199 2174 0
2201 2202 2226 0
2225 2201 2226 0
2177 2202 2201 0
2152 2176 2154 0
2129 2152 2154 0
2165 2142 2166 0
2152 2153 2176 0
2152 2127 2153 0
2261 2263 2287 0
2237 2261 2260 0
2236 2238 2261 0
2237 2236 2261 0
2211 2213 2236 0
2225 2249 2238 0
2177 2201 2199 0
2227 2216 2241 0
2202 2227 2226 0
2202 2216 2227 0
2302 2292 2318 0
2301 2302 2327 0
2303 2301 2327 0
2277 2275 2301 0
2275 2251 2276 0
2184 2160 2181 0
2208 2184 2209 0
2183 2160 2184 0
2158 2159 2182 0
2158 2135 2159 0
2321 2345 2346 0
3138 3136 3137 0
3136 3132 3134 0
3124 3132 3133 0
3126 3125 3116 0
3137 3134 3135 0
3137 3136 3134 0
3114 3124 3113 0
3113 3123 3112 0
3102 3113 3112 0
3101 3102 3112 0
3089 3090 3102 0
3132 3125 3134 0
3133 3132 3136 0
3124 3125 3132 0
3123 3124 3133 0
3114 3125 3124 0
3103 3114 3113 0
3115 3125 3114 0
3126 3135 3134 0
3117 3126 3116 0
3127 3135 3126 0
3125 3126 3134 0
3089 3102 3101 0
3126 3117 3118 0
3075 3089 3088 0
3074 3075 3088 0
3061 3043 3045 0
3105 3115 3104 0
3092 3078 3079 0
3106 3116 3105 0
3105 3116 3115 0
3107 3117 3106 0
3095 3107 3106 0
3093 3094 3106 0
3082 3096 3095 0
3096 3108 3107 0
3097 3096 3083 0
3108 3119 3107 0
3118 3127 3126 0
3107 3118 3117 0
3119 3127 3118 0
3113 3124 3123 0
3060 3059 3075 0
3058 3060 3074 0
3058 3042 3060 0
2994 2995 3017 0
2977 2997 2972 0
3019 3017 2996 0
3041 3042 3018 0
3040 3017 3019 0
2995 2973 2996 0
2996 3017 2995 0
2973 2972 2997 0
2996 3018 3019 0
2978 2953 2954 0
2951 2974 2975 0
2977 2972 2953 0
3001 2977 2978 0
3001 3020 2997 0
2997 3020 3018 0
2996 2997 3018 0
2977 3001 2997 0
2954 2951 2975 0
3047 3031 3051 0
3047 3024 3031 0
3079 3063 3064 0
3046 3044 3024 0
3047 3046 3024 0
3063 3078 3062 0
3064 3063 3047 0
3062 3061 3045 0
3063 3062 3046 0
3078 3091 3077 0
3079 3078 3063 0
3080 3079 3064 0
3092 3104 3091 0
3093 3092 3079 0
3093 3105 3092 0
3062 3077 3061 0
3090 3091 3104 0
3090 3089 3076 0
3021 2998 3010 0
3044 3021 3024 0
3023 2999 3000 0
3000 2998 3021 0
3023 3000 3021 0
2999 2976 3000 0
2998 2985 3010 0
3024 3021 3010 0
3031 3024 3010 0
3022 3001 3023 0
2976 2985 2998 0
2997 2996 2973 0
3041 3018 3020 0
3042 3040 3019 0
3018 3042 3019 0
3041 3060 3042 0
3042 3058 3040 0
2953 2978 2977 0
3060 3075 3074 0
3020 3043 3041 0
3115 3116 3125 0
3103 3115 3114 0
3103 3104 3115 0
3102 3103 3113 0
3090 3104 3103 0
3076 3091 3090 0
3075 3076 3089 0
3075 3059 3061 0
3045 3043 3022 0
3046 3062 3044 0
3077 3091 3076 0
3061 3077 3076 0
3062 3078 3077 0
3064 3051 3067 0
3092 3091 3078 0
3047 3051 3064 0
3082 3083 3096 0
3107 3095 3096 0
3081 3065 3068 0
3095 3081 3082 0
3067 3066 3081 0
3094 3093 3080 0
3095 3094 3080 0
3095 3106 3094 0
3116 3106 3117 0
3080 3064 3067 0
3095 3080 3081 0
3093 3079 3080 0
3105 3093 3106 0
3105 3104 3092 0
3050 3026 3027 0
3065 3050 3048 0
3066 3049 3050 0
3051 3049 3066 0
3081 3080 3067 0
3031 3030 3051 0
3025 3008 3002 0
3051 3030 3049 0
3031 3010 3009 0
2975 2999 2978 0
2954 2975 2978 0
2974 2999 2975 0
2985 2976 2963 0
2985 2984 3009 0
3041 3059 3060 0
2974 2951 2952 0
2976 2974 2952 0
2976 2999 2974 0
2941 2932 2922 0
2976 2952 2963 0
2951 2932 2952 0
2956 2934 2955 0
2956 2962 2941 0
2979 2956 2955 0
2979 2962 2956 0
2980 3002 2979 0
2959 2980 2957 0
2982 3003 2980 0
3002 2984 2979 0
2963 2952 2941 0
3022 3020 3001 0
2999 3023 3001 0
2978 2999 3001 0
2976 2998 3000 0
3043 3020 3022 0
2941 2922 2934 0
3102 3090 3103 0
3088 3089 3101 0
3021 3044 3023 0
2880 2879 2864 0
2846 2863 2864 0
2895 2898 2916 0
2961 2959 2939 0
2897 2912 2894 0
2936 2935 2937 0
2959 2936 2937 0
2957 2935 2936 0
2955 2934 2933 0
2935 2955 2933 0
2957 2979 2955 0
3118 3107 3119 0
2941 2934 2956 0
2963 2941 2962 0
2952 2932 2941 0
3054 3070 3068 0
2933 2914 2913 0
3044 3045 3023 0
3047 3063 3046 0
3061 3076 3075 0
3043 3061 3059 0
3045 3044 3062 0
3041 3043 3059 0
3022 3023 3045 0
2962 2984 2963 0
3009 3030 3031 0
2985 3009 3010 0
3008 3030 3009 0
2984 3008 3009 0
2963 2984 2985 0
2962 2979 2984 0
3002 2980 3004 0
3027 3028 3050 0
2983 3006 2982 0
2983 3005 3006 0
2964 2987 2986 0
2986 3011 3007 0
2986 2987 3011 0
3005 2986 3007 0
2981 2964 2986 0
2989 2988 3013 0
2965 2989 2987 0
2966 2967 2989 0
2965 2966 2989 0
2965 2944 2966 0
2926 2945 2942 0
2945 2967 2966 0
2964 2944 2965 0
2926 2946 2945 0
2923 2904 2925 0
2924 2923 2942 0
2924 2903 2923 0
2925 2927 2946 0
2947 2968 2967 0
3013 3033 3034 0
3070 3069 3084 0
3097 3083 3084 0
3032 3034 3036 0
3029 3011 3032 0
3005 3007 3028 0
2981 2958 2964 0
3005 2981 2986 0
3005 2983 2981 0
3053 3069 3054 0
2922 2914 2934 0
3052 3048 3032 0
3036 3052 3032 0
3068 3065 3052 0
3082 3068 3083 0
3081 3066 3065 0
2912 2897 2915 0
3066 3067 3051 0
3026 3050 3049 0
3081 3068 3082 0
3050 3065 3066 0
3048 3052 3065 0
3029 3048 3050 0
3007 3029 3028 0
3007 3011 3029 0
3052 3054 3068 0
3070 3083 3068 0
3069 3070 3054 0
3084 3083 3070 0
3097 3108 3096 0
2915 2935 2933 0
2912 2915 2933 0
2897 2917 2915 0
2896 2897 2894 0
2896 2916 2897 0
2879 2896 2894 0
2880 2895 2896 0
3036 3054 3052 0
3053 3036 3034 0
3053 3054 3036 0
2848 2862 2845 0
2964 2958 2943 0
2944 2964 2942 0
2945 2944 2942 0
2945 2966 2944 0
2965 2987 2964 0
2933 2934 2914 0
2912 2933 2913 0
2935 2957 2955 0
2896 2879 2880 0
3050 3028 3029 0
3030 3025 3049 0
3027 3006 3028 0
3004 3027 3026 0
3004 3003 3027 0
2961 2982 2959 0
2960 2983 2961 0
2940 2960 2961 0
2938 2958 2960 0
3006 3005 3028 0
2940 2938 2960 0
2960 2981 2983 0
3025 3026 3049 0
3008 3025 3030 0
3004 3026 3025 0
3002 3004 3025 0
2984 3002 3008 0
2979 2957 2980 0
3003 3006 3027 0
2980 3003 3004 0
2982 3006 3003 0
3012 2987 2989 0
3013 3012 2989 0
3034 3011 3012 0
3053 3034 3033 0
3011 2987 3012 0
3032 3011 3034 0
3032 3048 3029 0
2964 2943 2942 0
2982 2961 2983 0
2981 2960 2958 0
2939 2937 2920 0
2940 2939 2920 0
2959 2937 2939 0
2980 2959 2982 0
2957 2936 2959 0
2850 2852 2834 0
2865 2850 2847 0
2865 2881 2866 0
2882 2884 2869 0
2832 2833 2810 0
2869 2851 2852 0
2849 2829 2831 0
2868 2849 2869 0
2829 2845 2826 0
2868 2848 2849 0
2867 2878 2862 0
2868 2867 2848 0
2868 2883 2867 0
3034 3012 3013 0
2916 2918 2937 0
2935 2917 2937 0
2896 2895 2916 0
2878 2895 2880 0
2862 2878 2863 0
2845 2862 2863 0
2848 2867 2862 0
2868 2884 2883 0
2826 2809 2833 0
2825 2826 2845 0
2825 2806 2826 0
2884 2882 2900 0
2883 2884 2902 0
2868 2869 2884 0
2939 2940 2961 0
2918 2920 2937 0
2918 2898 2901 0
2883 2902 2898 0
2895 2883 2898 0
2878 2867 2883 0
2921 2940 2920 0
2900 2921 2902 0
2900 2919 2921 0
2989 2967 2968 0
2850 2869 2852 0
2924 2938 2919 0
2917 2916 2937 0
2915 2917 2935 0
2897 2916 2917 0
2898 2918 2916 0
2878 2883 2895 0
2901 2921 2920 0
2901 2902 2921 0
2918 2901 2920 0
2898 2902 2901 0
2776 2794 2795 0
2772 2757 2777 0
2788 2775 2771 0
2797 2788 2778 0
2807 2794 2788 0
2733 2756 2736 0
2798 2779 2799 0
2814 2798 2816 0
2796 2778 2798 0
2814 2796 2798 0
2814 2815 2796 0
2797 2778 2796 0
2798 2799 2816 0
2771 2779 2778 0
2771 2759 2779 0
2788 2771 2778 0
2776 2775 2794 0
2776 2758 2775 0
2717 2716 2712 0
2771 2755 2759 0
2756 2733 2737 0
2889 2904 2885 0
2874 2889 2885 0
2874 2886 2889 0
2829 2848 2845 0
2833 2829 2826 0
2849 2848 2829 0
2863 2878 2880 0
2864 2863 2880 0
2846 2845 2863 0
2988 2989 2968 0
2846 2827 2845 0
2947 2967 2946 0
2825 2845 2827 0
2946 2926 2925 0
2928 2946 2927 0
2967 2945 2946 0
2906 2905 2887 0
2888 2906 2887 0
2927 2925 2906 0
2942 2923 2926 0
2904 2905 2925 0
2926 2923 2925 0
2903 2885 2904 0
2923 2903 2904 0
2943 2924 2942 0
2943 2938 2924 0
2899 2900 2882 0
2924 2919 2903 0
2903 2899 2885 0
2871 2858 2856 0
2873 2871 2856 0
2886 2874 2871 0
2811 2806 2791 0
2831 2829 2833 0
2851 2831 2833 0
2851 2849 2831 0
2826 2806 2809 0
2927 2907 2928 0
2947 2946 2928 0
2925 2905 2906 0
2811 2810 2833 0
2806 2811 2809 0
2792 2793 2811 0
2795 2808 2789 0
2777 2795 2789 0
2794 2812 2795 0
2834 2852 2851 0
2832 2834 2851 0
2795 2813 2808 0
2795 2812 2813 0
2830 2828 2847 0
2834 2830 2850 0
2812 2828 2830 0
2938 2921 2919 0
2958 2938 2943 0
2940 2921 2938 0
2835 2815 2814 0
2873 2872 2888 0
2886 2873 2887 0
2905 2886 2887 0
2874 2858 2871 0
2857 2872 2873 0
2907 2927 2906 0
2792 2791 2773 0
2869 2849 2851 0
2811 2791 2792 0
2774 2792 2773 0
2752 2774 2753 0
2772 2777 2789 0
2774 2772 2790 0
2751 2757 2772 0
2832 2810 2808 0
2834 2832 2813 0
2851 2833 2832 0
2809 2811 2833 0
2793 2808 2810 0
2811 2793 2810 0
2792 2774 2790 0
2753 2774 2773 0
2790 2808 2793 0
2760 2761 2780 0
2759 2737 2738 0
2779 2759 2760 0
2755 2737 2759 0
2775 2755 2771 0
2756 2737 2755 0
2697 2678 2700 0
2698 2697 2720 0
2676 2652 2653 0
2698 2676 2697 0
2698 2675 2676 0
2762 2748 2742 0
2727 2722 2741 0
2748 2727 2741 0
2740 2761 2739 0
2761 2746 2766 0
2784 2780 2766 0
2760 2739 2761 0
2740 2720 2727 0
2740 2719 2720 0
2746 2740 2727 0
2746 2761 2740 0
2696 2717 2695 0
2738 2739 2760 0
2759 2738 2760 0
2737 2716 2738 0
2738 2716 2717 0
2887 2873 2888 0
2907 2906 2888 0
2905 2889 2886 0
2754 2774 2752 0
2731 2732 2752 0
2751 2772 2754 0
2857 2855 2872 0
2886 2871 2873 0
2870 2854 2858 0
2885 2870 2874 0
2853 2854 2870 0
2865 2853 2870 0
2865 2847 2853 0
2856 2857 2873 0
2841 2856 2858 0
2841 2821 2839 0
2813 2812 2834 0
2756 2755 2775 0
2807 2812 2794 0
2775 2788 2794 0
2815 2836 2828 0
2797 2815 2807 0
2788 2797 2807 0
2796 2815 2797 0
2779 2798 2778 0
2817 2803 2819 0
2780 2800 2799 0
2784 2803 2800 0
2821 2841 2835 0
2837 2821 2816 0
2839 2856 2841 0
2837 2839 2821 0
2837 2856 2839 0
2816 2821 2814 0
2828 2812 2807 0
2815 2828 2807 0
2847 2850 2830 0
2853 2847 2854 0
2885 2881 2870 0
2905 2904 2889 0
2899 2919 2900 0
2881 2899 2882 0
2866 2881 2882 0
2865 2870 2881 0
2903 2919 2899 0
2866 2869 2850 0
2865 2866 2850 0
2882 2869 2866 0
2885 2899 2881 0
2900 2902 2884 0
2830 2834 2812 0
2816 2799 2800 0
2838 2819 2840 0
2855 2838 2840 0
2857 2837 2838 0
2837 2817 2838 0
2710 2732 2731 0
2710 2730 2732 0
2688 2710 2709 0
2708 2730 2710 0
2777 2776 2795 0
2790 2772 2789 0
2757 2758 2777 0
2734 2757 2751 0
2736 2758 2757 0
2733 2736 2715 0
2711 2733 2715 0
2716 2737 2733 0
2758 2776 2777 0
2756 2758 2736 0
2756 2775 2758 0
2732 2754 2752 0
2714 2735 2734 0
2790 2793 2792 0
2754 2772 2774 0
2789 2808 2790 0
2800 2817 2816 0
2820 2819 2803 0
2820 2840 2819 0
2817 2819 2838 0
2816 2817 2837 0
2800 2803 2817 0
2785 2803 2784 0
2768 2785 2784 0
2783 2802 2785 0
2802 2820 2803 0
2666 2687 2663 0
2710 2688 2708 0
2709 2687 2688 0
2735 2715 2736 0
2730 2713 2734 0
2566 2595 2591 0
2538 2566 2562 0
2534 2538 2562 0
2529 2559 2538 0
2559 2588 2565 0
2692 2693 2713 0
2688 2686 2708 0
2670 2693 2692 0
2645 2646 2669 0
2619 2645 2644 0
2622 2647 2646 0
2595 2624 2621 0
2648 2670 2647 0
2624 2648 2647 0
2621 2624 2647 0
2594 2617 2624 0
2642 2667 2648 0
2730 2708 2713 0
2751 2730 2734 0
2710 2731 2709 0
2751 2732 2730 0
2751 2754 2732 0
2611 2639 2638 0
2582 2611 2581 0
2612 2639 2611 0
2583 2612 2582 0
2554 2583 2582 0
2580 2609 2583 0
2609 2637 2612 0
2765 2767 2747 0
2783 2785 2767 0
2429 2453 2452 0
2535 2536 2510 0
2480 2479 2506 0
2171 2147 2148 0
2147 2171 2149 0
2122 2147 2123 0
2122 2148 2147 0
2171 2172 2195 0
2171 2148 2172 0
2173 2171 2195 0
2149 2123 2147 0
2221 2196 2198 0
2149 2171 2173 0
2172 2196 2195 0
2195 2197 2173 0
2221 2198 2223 0
2197 2221 2222 0
2195 2196 2221 0
2197 2195 2221 0
2221 2223 2246 0
2246 2223 2247 0
2222 2246 2224 0
2222 2221 2246 0
2246 2247 2272 0
2248 2224 2246 0
2297 2273 2298 0
2246 2272 2248 0
2247 2273 2272 0
2272 2274 2248 0
2297 2298 2323 0
2299 2297 2323 0
2272 2273 2297 0
2274 2272 2297 0
2324 2323 2298 0
2297 2299 2274 0
2348 2347 2324 0
2325 2299 2323 0
2348 2374 2347 0
2347 2323 2324 0
2349 2347 2374 0
2325 2323 2347 0
2400 2373 2375 0
2325 2347 2349 0
2348 2373 2374 0
2349 2374 2372 0
2400 2375 2401 0
2372 2400 2399 0
2374 2373 2400 0
2372 2374 2400 0
2400 2401 2425 0
2399 2400 2425 0
2425 2426 2449 0
2399 2425 2402 0
2401 2426 2425 0
2425 2427 2402 0
2449 2450 2473 0
2449 2473 2451 0
2425 2449 2427 0
2426 2450 2449 0
2450 2474 2473 0
2473 2475 2451 0
2427 2449 2451 0
2474 2500 2473 0
2474 2476 2500 0
2473 2500 2475 0
2500 2501 2526 0
2500 2526 2502 0
2475 2500 2477 0
2476 2501 2500 0
2501 2527 2526 0
2555 2527 2557 0
2502 2526 2528 0
2502 2477 2500 0
2528 2526 2555 0
2555 2557 2585 0
2528 2555 2558 0
2526 2527 2555 0
2558 2555 2585 0
2585 2557 2556 0
2585 2556 2584 0
2586 2585 2614 0
2586 2558 2585 0
2584 2613 2585 0
2615 2613 2587 0
2613 2584 2587 0
2640 2613 2615 0
2614 2585 2613 0
2615 2587 2616 0
2610 2638 2616 0
2640 2614 2613 0
2640 2615 2641 0
2638 2641 2616 0
2581 2611 2610 0
2639 2663 2664 0
2664 2641 2638 0
2610 2611 2638 0
2553 2583 2554 0
2641 2615 2616 0
2665 2641 2664 0
2665 2640 2641 0
2611 2582 2612 0
2553 2530 2560 0
2580 2553 2560 0
2580 2583 2553 0
2591 2595 2621 0
2623 2592 2621 0
2536 2535 2562 0
2563 2536 2562 0
2563 2537 2536 0
2623 2593 2592 0
2531 2561 2560 0
2537 2563 2564 0
2531 2507 2533 0
2532 2511 2537 0
2561 2532 2537 0
2530 2531 2560 0
2505 2504 2531 0
2511 2510 2537 0
2506 2511 2532 0
2506 2478 2484 0
2508 2483 2481 0
2482 2508 2481 0
2535 2510 2508 0
2531 2530 2505 0
2533 2532 2561 0
2531 2533 2561 0
2507 2532 2533 0
2504 2507 2531 0
2504 2480 2507 0
2583 2609 2612 0
2561 2564 2589 0
2637 2663 2639 0
2612 2637 2639 0
2609 2580 2590 0
2589 2564 2593 0
2560 2589 2580 0
2560 2561 2589 0
2642 2648 2624 0
2663 2637 2644 0
2637 2609 2619 0
2514 2516 2542 0
2487 2486 2513 0
2462 2438 2440 0
2486 2462 2490 0
2513 2486 2490 0
2487 2462 2486 0
2465 2464 2441 0
2487 2465 2458 0
2491 2464 2465 0
2517 2491 2492 0
2482 2464 2491 0
2458 2459 2487 0
2461 2440 2437 0
2453 2478 2479 0
2452 2453 2479 0
2429 2431 2453 0
2503 2509 2482 0
2517 2503 2491 0
2517 2529 2503 0
2507 2506 2532 0
2507 2480 2506 0
3122 3129 3128 0
3130 3122 3128 0
3122 3121 3131 0
3129 3122 3131 0
3130 3120 3122 0
3122 3120 3111 0
3111 3100 3110 0
3122 3111 3121 0
3120 3109 3111 0
3109 3100 3111 0
3100 3099 3110 0
3121 3111 3110 0
3109 3098 3100 0
3098 3085 3087 0
3100 3087 3099 0
3087 3086 3099 0
3098 3087 3100 0
3085 3071 3073 0
3073 3086 3087 0
3073 3072 3086 0
3085 3073 3087 0
3071 3055 3057 0
3057 3072 3073 0
3057 3056 3072 0
3071 3057 3073 0
3055 3037 3039 0
3039 3056 3057 0
3039 3038 3056 0
3055 3039 3057 0
3037 3016 3039 0
3016 3038 3039 0
3015 3016 3037 0
3016 3035 3038 0
2992 2993 3015 0
3014 3035 3016 0
2993 3014 3016 0
3015 2993 3016 0
2992 2990 2971 0
2991 3014 2993 0
2971 2991 2993 0
2992 2971 2993 0
2990 2969 2971 0
2950 2970 2971 0
2971 2969 2950 0
2971 2970 2991 0
2948 2950 2969 0
2931 2949 2950 0
2950 2948 2931 0
2950 2949 2970 0
2931 2930 2949 0
2929 2931 2948 0
2929 2909 2911 0
2911 2930 2931 0
2911 2909 2893 0
2930 2911 2910 0
2931 2929 2911 0
2893 2910 2911 0
2877 2892 2890 0
2910 2893 2908 0
2909 2892 2893 0
2891 2908 2893 0
2893 2892 2877 0
2877 2891 2893 0
2875 2877 2890 0
2861 2876 2877 0
2877 2875 2861 0
2876 2891 2877 0
2844 2859 2842 0
2876 2861 2860 0
2875 2859 2861 0
2844 2842 2824 0
2860 2844 2843 0
2861 2859 2844 0
2860 2861 2844 0
2842 2822 2824 0
2843 2844 2824 0
2801 2805 2787 0
2823 2818 2804 0
2824 2805 2818 0
2843 2824 2823 0
2822 2805 2824 0
2818 2823 2824 0
2801 2782 2786 0
2804 2801 2786 0
2818 2805 2801 0
2801 2787 2782 0
2818 2801 2804 0
2770 2781 2787 0
2769 2786 2782 0
2781 2770 2763 0
2782 2764 2769 0
2743 2763 2750 0
2763 2770 2750 0
2745 2764 2763 0
2726 2745 2725 0
2726 2728 2745 0
2781 2782 2787 0
2764 2781 2763 0
2764 2782 2781 0
2743 2744 2763 0
2749 2769 2764 0
2749 2745 2728 0
2744 2725 2745 0
2763 2744 2745 0
2743 2725 2744 0
2747 2729 2750 0
2765 2747 2750 0
2742 2723 2729 0
2750 2729 2743 0
2704 2705 2726 0
2743 2724 2725 0
2683 2684 2705 0
2726 2706 2728 0
2749 2764 2745 0
2725 2704 2726 0
2700 2721 2722 0
2725 2724 2703 0
2742 2741 2723 0
2677 2661 2684 0
2660 2677 2683 0
2660 2661 2677 0
2705 2684 2706 0
2726 2705 2706 0
2704 2683 2705 0
2702 2724 2707 0
2707 2685 2702 0
2723 2701 2707 0
2680 2657 2662 0
2704 2725 2703 0
2747 2767 2762 0
2719 2740 2739 0
2684 2683 2677 0
2661 2635 2634 0
2661 2660 2635 0
2543 2542 2516 0
2551 2552 2578 0
2714 2693 2694 0
2693 2670 2671 0
2694 2693 2671 0
2713 2708 2692 0
2617 2643 2642 0
2567 2572 2596 0
2588 2567 2596 0
2617 2588 2618 0
2565 2595 2566 0
2539 2544 2567 0
2711 2712 2733 0
2694 2711 2715 0
2691 2668 2673 0
2643 2668 2642 0
2673 2672 2695 0
2625 2596 2600 0
2650 2625 2649 0
2618 2596 2625 0
2600 2572 2571 0
2649 2625 2628 0
2618 2588 2596 0
2617 2618 2643 0
2617 2594 2588 0
2544 2545 2572 0
2712 2716 2733 0
2690 2695 2712 0
2673 2690 2691 0
2673 2695 2690 0
2650 2673 2668 0
2650 2672 2673 0
2696 2675 2698 0
2711 2691 2712 0
2672 2675 2695 0
2691 2667 2668 0
2712 2691 2690 0
2711 2689 2691 0
2694 2689 2711 0
2671 2648 2667 0
2729 2724 2743 0
2742 2729 2747 0
2707 2724 2729 0
2721 2699 2701 0
2685 2662 2681 0
2702 2685 2681 0
2682 2702 2681 0
2703 2724 2702 0
2701 2680 2685 0
2603 2632 2631 0
2682 2683 2704 0
2707 2701 2685 0
2681 2658 2682 0
2703 2702 2682 0
2658 2654 2659 0
2662 2658 2681 0
2662 2636 2658 0
2657 2636 2662 0
2629 2605 2633 0
2542 2570 2569 0
2597 2573 2602 0
2720 2719 2698 0
2607 2579 2577 0
2656 2679 2678 0
2631 2656 2655 0
2657 2680 2656 0
2699 2721 2700 0
2656 2680 2679 0
2701 2723 2721 0
2729 2723 2707 0
2699 2700 2679 0
2741 2721 2723 0
2741 2722 2721 0
2722 2720 2700 0
2578 2579 2608 0
2630 2631 2655 0
2598 2626 2627 0
2602 2631 2630 0
2626 2597 2602 0
2651 2626 2630 0
2598 2597 2626 0
2573 2578 2603 0
2655 2678 2674 0
2627 2651 2653 0
2628 2627 2653 0
2598 2570 2597 0
2631 2657 2656 0
2603 2608 2632 0
2573 2603 2602 0
2578 2608 2603 0
2636 2629 2654 0
2658 2636 2654 0
2632 2608 2636 0
2631 2632 2657 0
2608 2607 2636 0
2700 2720 2697 0
2573 2551 2578 0
2598 2627 2599 0
2626 2602 2630 0
2568 2597 2570 0
2568 2573 2597 0
2599 2628 2600 0
2598 2599 2571 0
2627 2628 2599 0
2697 2676 2674 0
2652 2672 2649 0
2568 2546 2573 0
2741 2742 2748 0
2760 2780 2779 0
2407 2421 2433 0
2394 2417 2396 0
2444 2471 2446 0
2577 2550 2549 0
2546 2551 2573 0
2540 2546 2568 0
2524 2551 2546 0
2525 2523 2550 0
2551 2525 2552 0
2524 2498 2525 0
2512 2493 2519 0
2499 2497 2525 0
2499 2472 2497 0
2521 2494 2520 0
2521 2495 2494 0
2548 2521 2520 0
2548 2549 2522 0
2496 2469 2468 0
2497 2496 2522 0
2525 2497 2523 0
2499 2470 2472 0
2468 2467 2495 0
2496 2468 2495 0
2469 2443 2468 0
2497 2469 2496 0
2448 2443 2469 0
2463 2461 2489 0
2416 2440 2438 0
2416 2437 2440 0
2515 2543 2516 0
2512 2515 2488 0
2512 2540 2515 0
2513 2492 2487 0
2514 2513 2490 0
2516 2514 2490 0
2541 2513 2514 0
2518 2517 2513 0
2541 2518 2513 0
2541 2544 2518 0
2522 2550 2523 0
2576 2549 2548 0
2574 2577 2549 0
2606 2605 2576 0
2575 2606 2576 0
2604 2635 2606 0
2634 2635 2604 0
2607 2608 2579 0
2574 2601 2577 0
2629 2636 2607 0
2633 2654 2629 0
2635 2633 2605 0
2635 2660 2633 0
2659 2683 2682 0
2633 2659 2654 0
2660 2683 2659 0
2720 2722 2727 0
2675 2652 2676 0
2631 2602 2603 0
2552 2579 2578 0
2524 2525 2551 0
2550 2577 2552 0
2703 2682 2704 0
2459 2458 2439 0
2462 2459 2439 0
2462 2487 2459 0
2539 2567 2559 0
2517 2539 2529 0
2544 2572 2567 0
2518 2544 2517 0
2651 2655 2674 0
2626 2651 2627 0
2630 2655 2651 0
2652 2628 2653 0
2650 2649 2672 0
2650 2643 2625 0
2571 2569 2598 0
2429 2452 2428 0
2403 2405 2428 0
2431 2432 2456 0
2456 2455 2483 0
2484 2456 2483 0
2510 2484 2483 0
2511 2506 2484 0
2453 2431 2456 0
2405 2378 2404 0
2454 2430 2441 0
2455 2454 2481 0
2432 2430 2454 0
2406 2430 2432 0
2431 2406 2432 0
2404 2386 2406 0
2435 2410 2434 0
2441 2435 2458 0
2441 2430 2435 0
2577 2579 2552 0
2601 2629 2607 0
2605 2601 2574 0
2605 2629 2601 0
2576 2605 2574 0
2633 2660 2659 0
2577 2601 2607 0
2543 2568 2570 0
2542 2543 2570 0
2541 2542 2569 0
2541 2514 2542 0
2516 2488 2515 0
2498 2499 2525 0
2519 2498 2524 0
2466 2445 2471 0
2493 2466 2471 0
2493 2485 2466 0
2478 2456 2484 0
2511 2484 2510 0
2479 2478 2506 0
2453 2456 2478 0
2508 2482 2509 0
2455 2481 2483 0
2455 2432 2454 0
2432 2455 2456 0
2404 2406 2431 0
2429 2405 2431 0
2377 2386 2404 0
2454 2464 2481 0
2508 2509 2535 0
2491 2487 2492 0
2411 2410 2435 0
2439 2438 2462 0
2434 2439 2458 0
2434 2415 2439 0
2545 2541 2569 0
2571 2572 2545 0
2570 2598 2569 0
2600 2596 2572 0
2599 2600 2571 0
2628 2625 2600 0
2544 2541 2545 0
2539 2517 2544 0
2562 2535 2534 0
2509 2503 2529 0
2492 2513 2517 0
2635 2605 2606 0
2522 2496 2495 0
2547 2575 2548 0
2335 2311 2333 0
2350 2351 2378 0
2350 2326 2351 0
2384 2383 2409 0
2385 2384 2409 0
2410 2385 2409 0
2360 2384 2385 0
2359 2358 2384 0
2408 2382 2390 0
2310 2286 2305 0
2332 2310 2334 0
2307 2286 2310 0
2330 2304 2312 0
2334 2310 2331 0
2305 2280 2304 0
2310 2305 2306 0
2286 2280 2305 0
2313 2315 2339 0
2262 2287 2289 0
2290 2277 2303 0
2263 2290 2287 0
2263 2264 2290 0
2236 2213 2238 0
2237 2212 2236 0
2212 2186 2211 0
2264 2275 2277 0
2290 2264 2277 0
2249 2275 2264 0
2312 2337 2338 0
2260 2261 2287 0
2415 2438 2439 0
2391 2412 2416 0
2457 2433 2445 0
2457 2436 2433 0
2489 2460 2488 0
2461 2436 2460 0
2461 2437 2436 0
2415 2434 2408 0
2383 2382 2408 0
2414 2438 2415 0
2576 2548 2575 0
2604 2606 2575 0
2574 2549 2576 0
2636 2657 2632 0
2659 2682 2658 0
2685 2680 2662 0
2699 2680 2701 0
2699 2679 2680 0
2678 2679 2700 0
2678 2655 2656 0
2447 2470 2444 0
2469 2472 2448 0
2469 2497 2472 0
2550 2552 2525 0
2498 2471 2499 0
2554 2530 2553 0
2666 2669 2686 0
2620 2623 2645 0
2623 2621 2647 0
2622 2645 2623 0
2647 2622 2623 0
2646 2645 2622 0
2670 2646 2647 0
2670 2669 2646 0
2592 2564 2563 0
2621 2592 2591 0
2593 2564 2592 0
2620 2593 2623 0
2620 2589 2593 0
2609 2620 2619 0
2592 2563 2591 0
2590 2589 2620 0
2609 2590 2620 0
2580 2589 2590 0
2561 2537 2564 0
2595 2594 2624 0
2694 2715 2714 0
2713 2693 2714 0
2689 2667 2691 0
2671 2689 2694 0
2671 2667 2689 0
2648 2671 2670 0
2642 2668 2667 0
2688 2687 2666 0
2664 2638 2639 0
2687 2664 2663 0
2687 2665 2664 0
2519 2493 2498 0
2546 2519 2524 0
2546 2540 2519 0
2540 2512 2519 0
2543 2540 2568 0
2543 2515 2540 0
2488 2460 2485 0
2388 2413 2412 0
2489 2461 2460 0
2516 2489 2488 0
2516 2490 2489 0
2463 2462 2440 0
2461 2463 2440 0
2490 2462 2463 0
2395 2407 2380 0
2422 2395 2396 0
2421 2445 2433 0
2422 2421 2395 0
2422 2445 2421 0
2457 2460 2436 0
2466 2457 2445 0
2485 2512 2488 0
2466 2485 2457 0
2493 2512 2485 0
2413 2437 2412 0
2407 2413 2388 0
2436 2437 2413 0
2489 2490 2463 0
2362 2365 2340 0
2354 2362 2340 0
2387 2365 2362 0
2388 2412 2387 0
2407 2388 2381 0
2407 2433 2413 0
2412 2391 2387 0
2565 2588 2594 0
2595 2565 2594 0
2566 2538 2565 0
2539 2559 2529 0
2567 2588 2559 0
2650 2668 2643 0
2642 2624 2617 0
2734 2713 2714 0
2619 2644 2637 0
2644 2666 2663 0
2620 2645 2619 0
2686 2692 2708 0
2666 2686 2688 0
2669 2692 2686 0
2645 2669 2644 0
2670 2692 2669 0
2644 2669 2666 0
2538 2534 2529 0
2591 2562 2566 0
2591 2563 2562 0
2534 2509 2529 0
2559 2565 2538 0
2535 2509 2534 0
2537 2510 2536 0
2510 2483 2508 0
2482 2491 2503 0
2696 2698 2719 0
2739 2718 2719 0
2695 2675 2696 0
2717 2712 2695 0
2718 2717 2696 0
2718 2739 2717 0
2719 2718 2696 0
2739 2738 2717 0
2652 2649 2628 0
2674 2676 2653 0
2651 2674 2653 0
2678 2697 2674 0
2675 2672 2652 0
2571 2545 2569 0
2625 2643 2618 0
2857 2838 2855 0
2835 2854 2836 0
2821 2835 2814 0
2841 2854 2835 0
2857 2856 2837 0
2836 2847 2828 0
2835 2836 2815 0
2854 2847 2836 0
2858 2854 2841 0
2858 2874 2870 0
2813 2832 2808 0
2735 2757 2734 0
2715 2735 2714 0
2736 2757 2735 0
2803 2785 2802 0
2780 2784 2800 0
2779 2780 2799 0
2761 2766 2780 0
2767 2765 2783 0
2768 2767 2785 0
2766 2768 2784 0
2766 2746 2748 0
2762 2742 2747 0
2768 2762 2767 0
2748 2746 2727 0
2768 2748 2762 0
2768 2766 2748 0
2405 2404 2431 0
2428 2405 2429 0
2403 2378 2405 0
2464 2482 2481 0
2441 2464 2454 0
2411 2435 2430 0
2458 2465 2441 0
2465 2487 2491 0
2378 2403 2376 0
2547 2548 2520 0
2360 2386 2361 0
2443 2424 2419 0
2494 2495 2467 0
2447 2444 2423 0
2495 2521 2522 0
2395 2421 2407 0
2470 2471 2444 0
2457 2485 2460 0
2522 2521 2548 0
2550 2522 2549 0
2523 2497 2522 0
2333 2309 2332 0
2359 2335 2358 0
2311 2308 2333 0
2368 2396 2380 0
2342 2368 2341 0
2367 2396 2368 0
2318 2342 2341 0
2369 2397 2394 0
2343 2369 2367 0
2343 2344 2369 0
2392 2419 2398 0
2393 2392 2371 0
2393 2419 2392 0
2420 2444 2422 0
2417 2420 2422 0
2396 2417 2422 0
2394 2420 2417 0
2423 2444 2420 0
2398 2423 2397 0
2424 2448 2447 0
2467 2468 2443 0
2394 2396 2367 0
2369 2394 2367 0
2397 2423 2420 0
2424 2423 2398 0
2397 2420 2394 0
2447 2472 2470 0
2424 2447 2423 0
2448 2472 2447 0
2471 2498 2493 0
2446 2471 2445 0
2422 2446 2445 0
2422 2444 2446 0
2470 2499 2471 0
2308 2285 2309 0
2333 2308 2309 0
2283 2282 2308 0
2443 2442 2467 0
2424 2443 2448 0
2419 2442 2443 0
2378 2377 2404 0
2350 2378 2376 0
2406 2386 2411 0
2351 2377 2378 0
2406 2411 2430 0
2361 2386 2377 0
2360 2385 2386 0
2361 2335 2359 0
2351 2361 2377 0
2351 2336 2361 0
2359 2384 2360 0
2326 2311 2336 0
2356 2334 2331 0
2384 2357 2383 0
2358 2334 2357 0
2335 2333 2358 0
2360 2361 2359 0
2336 2311 2335 0
2361 2336 2335 0
2351 2326 2336 0
2300 2311 2326 0
2311 2300 2308 0
2357 2334 2356 0
2332 2334 2358 0
2332 2307 2310 0
2389 2364 2363 0
2365 2389 2363 0
2414 2390 2389 0
2438 2414 2416 0
2390 2364 2389 0
2415 2390 2414 0
2415 2408 2390 0
2409 2383 2408 0
2410 2409 2434 0
2458 2435 2434 0
2411 2385 2410 0
2411 2386 2385 0
2382 2356 2355 0
2434 2409 2408 0
2384 2358 2357 0
2282 2285 2308 0
2234 2256 2232 0
2233 2257 2258 0
2209 2233 2234 0
2209 2231 2233 0
2306 2331 2310 0
2284 2285 2258 0
2281 2284 2257 0
2309 2285 2284 0
2358 2333 2332 0
2308 2300 2283 0
2282 2256 2258 0
2392 2398 2371 0
2442 2419 2418 0
2424 2398 2419 0
2380 2396 2395 0
2379 2380 2407 0
2381 2379 2407 0
2354 2329 2352 0
2379 2354 2352 0
2381 2362 2354 0
2353 2368 2380 0
2353 2379 2352 0
2352 2329 2327 0
2328 2352 2327 0
2379 2381 2354 0
2388 2387 2381 0
2433 2436 2413 0
2437 2416 2412 0
2365 2339 2340 0
2264 2263 2249 0
2276 2301 2275 0
2315 2313 2290 0
2296 2271 2269 0
2321 2322 2295 0
2294 2270 2296 0
2346 2371 2370 0
2322 2346 2344 0
2296 2322 2320 0
2321 2346 2322 0
2345 2371 2346 0
2291 2316 2292 0
2243 2270 2268 0
2218 2243 2242 0
2245 2270 2243 0
2293 2316 2291 0
2328 2318 2341 0
2265 2267 2241 0
2266 2265 2240 0
2291 2267 2265 0
2242 2266 2240 0
2268 2293 2291 0
2419 2393 2418 0
2257 2233 2255 0
2207 2208 2232 0
2207 2182 2183 0
2319 2343 2342 0
2293 2319 2317 0
2320 2344 2319 0
2296 2320 2294 0
2344 2343 2319 0
2322 2344 2320 0
2370 2369 2344 0
2398 2370 2371 0
2370 2397 2369 0
2340 2329 2354 0
2270 2271 2296 0
2293 2270 2294 0
2268 2242 2243 0
2371 2366 2393 0
2294 2319 2293 0
2398 2397 2370 0
2342 2317 2319 0
2367 2342 2343 0
2367 2368 2342 0
2345 2366 2371 0
2229 2230 2205 0
2252 2229 2228 0
2253 2279 2254 0
2252 2253 2229 0
2252 2278 2253 0
2279 2278 2304 0
2254 2279 2280 0
2254 2230 2253 0
2237 2252 2228 0
2260 2278 2252 0
2332 2309 2307 0
2234 2232 2208 0
2209 2234 2208 0
2233 2258 2234 0
2344 2346 2370 0
2229 2205 2228 0
2254 2259 2235 0
2181 2160 2157 0
2206 2181 2185 0
2206 2184 2181 0

SubDomainFromMesh
1
3 1 1 0

SubDomainFromGeom
1
2 1 1 0

VertexOnGeometricVertex
436
 1 1
 2 2
 3 3
 4 4
 5 5
 6 6
 7 7
 8 8
 9 9
 10 10
 11 11
 12 12
 13 13
 16 14
 18 15
 23 16
 24 17
 25 18
 26 19
 27 20
 34 21
 37 22
 48 23
 60 24
 69 25
 71 26
 94 27
 96 28
 118 29
 120 30
 142 31
 143 32
 164 33
 165 34
 186 35
 187 36
 209 37
 210 38
 232 39
 234 40
 252 41
 254 42
 272 43
 276 44
 292 45
 297 46
 312 47
 317 48
 332 49
 334 50
 353 51
 355 52
 374 53
 377 54
 394 55
 397 56
 414 57
 417 58
 434 59
 439 60
 454 61
 457 62
 474 63
 478 64
 494 65
 498 66
 514 67
 518 68
 535 69
 539 70
 540 71
 556 72
 560 73
 577 74
 581 75
 591 76
 598 77
 612 78
 620 79
 633 80
 642 81
 656 82
 664 83
 678 84
 687 85
 698 86
 709 87
 720 88
 726 89
 743 90
 751 91
 767 92
 775 93
 791 94
 799 95
 813 96
 820 97
 833 98
 834 99
 854 100
 856 101
 876 102
 879 103
 898 104
 903 105
 919 106
 925 107
 940 108
 942 109
 960 110
 962 111
 980 112
 981 113
 1001 114
 1002 115
 1022 116
 1023 117
 1042 118
 1043 119
 1062 120
 1063 121
 1082 122
 1083 123
 1102 124
 1105 125
 1123 126
 1126 127
 1143 128
 1144 129
 1163 130
 1164 131
 1184 132
 1185 133
 1205 134
 1207 135
 1226 136
 1228 137
 1246 138
 1248 139
 1267 140
 1269 141
 1287 142
 1289 143
 1307 144
 1309 145
 1327 146
 1329 147
 1347 148
 1350 149
 1367 150
 1370 151
 1388 152
 1392 153
 1409 154
 1414 155
 1430 156
 1434 157
 1451 158
 1455 159
 1471 160
 1475 161
 1491 162
 1496 163
 1511 164
 1516 165
 1531 166
 1538 167
 1551 168
 1559 169
 1571 170
 1580 171
 1591 172
 1602 173
 1612 174
 1621 175
 1633 176
 1641 177
 1653 178
 1662 179
 1674 180
 1683 181
 1695 182
 1702 183
 1715 184
 1722 185
 1735 186
 1742 187
 1755 188
 1764 189
 1776 190
 1790 191
 1797 192
 1811 193
 1819 194
 1831 195
 1839 196
 1852 197
 1860 198
 1871 199
 1881 200
 1891 201
 1901 202
 1912 203
 1922 204
 1933 205
 1942 206
 1943 207
 1953 208
 1964 209
 1974 210
 1983 211
 1989 212
 1995 213
 2010 214
 2016 215
 2030 216
 2035 217
 2050 218
 2055 219
 2071 220
 2076 221
 2092 222
 2099 223
 2112 224
 2120 225
 2122 226
 2123 227
 2134 228
 2145 229
 2148 230
 2149 231
 2158 232
 2169 233
 2172 234
 2173 235
 2182 236
 2193 237
 2196 238
 2197 239
 2198 240
 2207 241
 2219 242
 2222 243
 2223 244
 2224 245
 2232 246
 2244 247
 2247 248
 2248 249
 2256 250
 2269 251
 2273 252
 2274 253
 2282 254
 2283 255
 2295 256
 2298 257
 2299 258
 2300 259
 2321 260
 2324 261
 2325 262
 2326 263
 2345 264
 2348 265
 2349 266
 2350 267
 2366 268
 2372 269
 2373 270
 2375 271
 2376 272
 2393 273
 2399 274
 2401 275
 2402 276
 2403 277
 2418 278
 2426 279
 2427 280
 2428 281
 2442 282
 2450 283
 2451 284
 2452 285
 2467 286
 2474 287
 2475 288
 2476 289
 2477 290
 2479 291
 2480 292
 2494 293
 2501 294
 2502 295
 2504 296
 2505 297
 2520 298
 2527 299
 2528 300
 2530 301
 2547 302
 2554 303
 2556 304
 2557 305
 2558 306
 2575 307
 2581 308
 2582 309
 2584 310
 2586 311
 2587 312
 2604 313
 2610 314
 2614 315
 2616 316
 2634 317
 2640 318
 2661 319
 2665 320
 2684 321
 2687 322
 2706 323
 2709 324
 2728 325
 2731 326
 2749 327
 2750 328
 2752 329
 2753 330
 2765 331
 2769 332
 2770 333
 2773 334
 2783 335
 2786 336
 2787 337
 2791 338
 2802 339
 2804 340
 2805 341
 2806 342
 2820 343
 2822 344
 2823 345
 2825 346
 2827 347
 2840 348
 2842 349
 2843 350
 2846 351
 2855 352
 2859 353
 2860 354
 2864 355
 2872 356
 2875 357
 2876 358
 2879 359
 2888 360
 2890 361
 2891 362
 2892 363
 2894 364
 2907 365
 2908 366
 2909 367
 2910 368
 2912 369
 2913 370
 2914 371
 2922 372
 2928 373
 2929 374
 2930 375
 2932 376
 2947 377
 2948 378
 2949 379
 2951 380
 2953 381
 2954 382
 2968 383
 2969 384
 2970 385
 2972 386
 2973 387
 2988 388
 2990 389
 2991 390
 2992 391
 2994 392
 2995 393
 3013 394
 3014 395
 3015 396
 3017 397
 3033 398
 3035 399
 3037 400
 3038 401
 3040 402
 3053 403
 3055 404
 3056 405
 3058 406
 3069 407
 3071 408
 3072 409
 3074 410
 3084 411
 3085 412
 3086 413
 3088 414
 3097 415
 3098 416
 3099 417
 3101 418
 3108 419
 3109 420
 3110 421
 3112 422
 3119 423
 3120 424
 3121 425
 3123 426
 3127 427
 3128 428
 3129 429
 3130 430
 3131 431
 3133 432
 3135 433
 3136 434
 3137 435
 3138 436

VertexOnGeometricEdge
0

EdgeOnGeometricEdge
436
1 1
2 2
3 3
4 4
5 5
6 6
7 7
8 8
9 9
10 10
11 11
12 12
13 13
14 14
15 15
16 16
17 17
18 18
19 19
20 20
21 21
22 22
23 23
24 24
25 25
26 26
27 27
28 28
29 29
30 30
31 31
32 32
33 33
34 34
35 35
36 36
37 37
38 38
39 39
40 40
41 41
42 42
43 43
44 44
45 45
46 46
47 47
48 48
49 49
50 50
51 51
52 52
53 53
54 54
55 55
56 56
57 57
58 58
59 59
60 60
61 61
62 62
63 63
64 64
65 65
66 66
67 67
68 68
69 69
70 70
71 71
72 72
73 73
74 74
75 75
76 76
77 77
78 78
79 79
80 80
81 81
82 82
83 83
84 84
85 85
86 86
87 87
88 88
89 89
90 90
91 91
92 92
93 93
94 94
95 95
96 96
97 97
98 98
99 99
100 100
101 101
102 102
103 103
104 104
105 105
106 106
107 107
108 108
109 109
110 110
111 111
112 112
113 113
114 114
115 115
116 116
117 117
118 118
119 119
120 120
121 121
122 122
123 123
124 124
125 125
126 126
127 127
128 128
129 129
130 130
131 131
132 132
133 133
134 134
135 135
136 136
137 137
138 138
139 139
140 140
141 141
142 142
143 143
144 144
145 145
146 146
147 147
148 148
149 149
150 150
151 151
152 152
153 153
154 154
155 155
156 156
157 157
158 158
159 159
160 160
161 161
162 162
163 163
164 164
165 165
166 166
167 167
168 168
169 169
170 170
171 171
172 172
173 173
174 174
175 175
176 176
177 177
178 178
179 179
180 180
181 181
182 182
183 183
184 184
185 185
186 186
187 187
188 188
189 189
190 190
191 191
192 192
193 193
194 194
195 195
196 196
197 197
198 198
199 199
200 200
201 201
202 202
203 203
204 204
205 205
206 206
207 207
208 208
209 209
210 210
211 211
212 212
213 213
214 214
215 215
216 216
217 217
218 218
219 219
220 220
221 221
222 222
223 223
224 224
225 225
226 226
227 227
228 228
229 229
230 230
231 231
232 232
233 233
234 234
235 235
236 236
237 237
238 238
239 239
240 240
241 241
242 242
243 243
244 244
245 245
246 246
247 247
248 248
249 249
250 250
251 251
252 252
253 253
254 254
255 255
256 256
257 257
258 258
259 259
260 260
261 261
262 262
263 263
264 264
265 265
266 266
267 267
268 268
269 269
270 270
271 271
272 272
273 273
274 274
275 275
276 276
277 277
278 278
279 279
280 280
281 281
282 282
283 283
284 284
285 285
286 286
287 287
288 288
289 289
290 290
291 291
292 292
293 293
294 294
295 295
296 296
297 297
298 298
299 299
300 300
301 301
302 302
303 303
304 304
305 305
306 306
307 307
308 308
309 309
310 310
311 311
312 312
313 313
314 314
315 315
316 316
317 317
318 318
319 319
320 320
321 321
322 322
323 323
324 324
325 325
326 326
327 327
328 328
329 329
330 330
331 331
332 332
333 333
334 334
335 335
336 336
337 337
338 338
339 339
340 340
341 341
342 342
343 343
344 344
345 345
346 346
347 347
348 348
349 349
350 350
351 351
352 352
353 353
354 354
355 355
356 356
357 357
358 358
359 359
360 360
361 361
362 362
363 363
364 364
365 365
366 366
367 367
368 368
369 369
370 370
371 371
372 372
373 373
374 374
375 375
376 376
377 377
378 378
379 379
380 380
381 381
382 382
383 383
384 384
385 385
386 386
387 387
388 388
389 389
390 390
391 391
392 392
393 393
394 394
395 395
396 396
397 397
398 398
399 399
400 400
401 401
402 402
403 403
404 404
405 405
406 406
407 407
408 408
409 409
410 410
411 411
412 412
413 413
414 414
415 415
416 416
417 417
418 418
419 419
420 420
421 421
422 422
423 423
424 424
425 425
426 426
427 427
428 428
429 429
430 430
431 431
432 432
433 433
434 434
435 435
436 436

End
