MeshVersionFormatted 1

Dimension
2

Identifier
";2, Date: 26/03/14 10:44 32s"

Geometry
"Maillage_L0.19.mesh.gmsh"

Vertices
3932
0 0.007 22
0 0.008 22
0 0.019 22
0 0.018 22
0 0 22
0 0.002 22
0 0.003 22
0 0.006 22
0 0.005 22
0 0.004 22
0.000727272692348 0.00636363634515 0
0.000727272692348 0.00727272718625 0
0 0.017 22
0.000692307577648 0.00830769216778 0
0 0.009 22
0.000666666610322 0.0176666666528 0
0.001 0.019 21
0 0.001 22
0.001 0 1
0.000666666610322 0.00133333328877 0
0.000749999997439 0.00224999996312 0
0.000666666610322 0.00333333321706 0
0.00133333331797 0.00266666650941 0
0.000749999997439 0.00524999995288 0
0.000714285688674 0.00428571420017 0
0.00138461525262 0.0076153844928 0
0.00145454528737 0.00572727258119 0
0.00145454528737 0.00654545439658 0
0 0.016 22
0 0.015 22
0 0.014 22
0.000749999997439 0.0167499999785 0
0 0.011 22
0 0.01 22
0 0.013 22
0 0.012 22
0.00138461525262 0.00846153836102 0
0.000692307577648 0.00923076913262 0
0.00133333331797 0.0183333331658 0
0.00149999989755 0.0174999998786 0
0.002 0.019 21
0.00133333331797 0.000666666581125 0
0.002 0 1
0.0017999998576 0.00159999985504 0
0.003 0 1
0.00142857128003 0.00357142841417 0
0.00214285706602 0.00285714282282 0
0.00149999989755 0.00449999985811 0
0.00209999981765 0.00489999999949 0
0.00214285706602 0.00785714274087 0
0.00207692292759 0.00692307681783 0
0.00218181807704 0.00581818180156 0
0.000749999997439 0.0137499999887 0
0.000666666610322 0.0156666665299 0
0.000714285688674 0.0147142855468 0
0.00133333331797 0.0163333332375 0
0.00199999983096 0.0169999999452 0
0.00139999991087 0.0133999998407 0
0.000727272692348 0.0117272725607 0
0.000692307577648 0.0106923075792 0
0.00127272723594 0.0124545453504 0
0.00212637343409 0.00891208759329 0
0.00168956020492 0.0105027470772 0
0.00184065915862 0.00962087890019 0
0.00239999997234 0.0177999998386 0
0.003 0.019 21
0.00239999997234 0.000799999961583 0
0.00285714285202 0.00214285703683 0
0.00333333324625 0.000666666581125 0
0.004 0 1
0.00333333324625 0.00311111104606 0
0.00284249064824 0.0080805857342 0
0.00266666653861 0.00388888874188 0
0.00290909086672 0.00509090901189 0
0.00285714285202 0.00714285695487 0
0.00276923060256 0.00623076914286 0
0.00346153827753 0.00553846146789 0
0.00333333324625 0.0183333331658 0
0.00149999989755 0.0144999998888 0
0.00142857128003 0.0154285713328 0
0.00209999981765 0.0140999999421 0
0.00224999999232 0.0158749999004 0
0.00299999989243 0.0164999998171 0
0.00218181807704 0.01318181814 0
0.00153846144587 0.0113846152542 0
0.00207692292759 0.0120769229291 0
0.00279853462083 0.0108937726561 0
0.00282783844446 0.00901831470818 0
0.00281318643532 0.00995604368216 0
0.00374999998719 0.0167499999785 0
0.00357142844337 0.0175714284961 0
0.004 0.019 21
0.00357142844337 0.00142857125083 0
0.0039999999539 0.00233333315559 0
0.00428571422937 0.000714285659477 0
0.005 0 1
0.00363636346174 0.00381818167862 0
0.00436363625141 0.00318181810931 0
0.00374999979255 0.00762499983122 0
0.00373534758877 0.00856272861055 0
0.00374999998719 0.00466666663235 0
0.00357142844337 0.00642857136352 0
0.00415384614715 0.00538461527464 0
0.00437499970931 0.00699999991446 0
0.00428571422937 0.0182857142821 0
0.00290909086672 0.0139090907351 0
0.00233333318479 0.0149999998223 0
0.00311111107526 0.0156666665299 0
0.00276923060256 0.0127692306041 0
0.00278388241705 0.0118315016301 0
0.00348717905021 0.0107252744538 0
0.00372069557963 0.00950045758453 0
0.00419999992726 0.0161999998571 0
0.00466666666154 0.0169999999452 0
0.005 0.019 21
0.00466666666154 0.00155555545977 0
0.00509090904108 0.00254545454001 0
0.00533333317454 0.000777777763948 0
0.006 0 1
0.00484615382212 0.00415384611795 0
0.00553846149709 0.00346153844298 0
0.00464285692772 0.00810714270757 0
0.00462820472394 0.0090448714869 0
0.0051785711699 0.0075714284654 0
0.00499999982072 0.00499999998617 0
0.00478100449804 0.00613108312085 0
0.00540816304358 0.00687755096706 0
0.00544444435737 0.0176666666528 0
0.00381818170782 0.0153636363144 0
0.00346153827753 0.0134615382791 0
0.00363636346174 0.0146363635247 0
0.00452307677737 0.0155230766457 0
0.0038021975386 0.0125164832032 0
0.00439560420056 0.0131098898652 0
0.00416117185975 0.0114945052253 0
0.00433630906216 0.0105758924761 0
0.00448225689305 0.00981038198151 0
0.00509090904108 0.0160909089094 0
0.00581818163611 0.0168181816991 0
0.006 0.019 21
0.00581818163611 0.00218181804785 0
0.00623076917206 0.00276923076801 0
0.00654545442578 0.00127272720674 0
0.007 0 1
0.00727272721545 0.000727272663151 0
0.00571428560672 0.00428571420017 0
0.00642857139272 0.00357142841417 0
0.0055357140629 0.00858928558392 0
0.00536057666583 0.00950789813852 0
0.00593112210597 0.00784566307906 0
0.00599999968754 0.00539999973825 0
0.00603741462206 0.0064387753127 0
0.00632653034369 0.00710204076884 0
0.00654545442578 0.0175454544888 0
0.0063636361797 0.0182727270838 0
0.00484615382212 0.0148461538237 0
0.00461538453225 0.0141538461487 0
0.00553846149709 0.0155384614986 0
0.00483516466928 0.0122637359969 0
0.00540293016928 0.0132728935885 0
0.00523351615549 0.0114656590155 0
0.00518543926877 0.0104265106931 0
0.00692307684703 0.0169230768486 0
0.00623076917206 0.0162307691736 0
0.007 0.019 21
0.00715514734821 0.00311813155307 0
0.00692307684703 0.00230769218826 0
0.007615384522 0.00138461522342 0
0.008 0 1
0.00830769219697 0.000692307548451 0
0.0066345863297 0.00462857121395 0
0.00738721784939 0.00392857111253 0
0.00637362601783 0.0101831499211 0
0.00642857119807 0.00907142846028 0
0.00683673442093 0.00819897941812 0
0.00666666639519 0.00599999985299 0
0.00742857125954 0.0053714283691 0
0.00724489783844 0.00732653057061 0
0.00727272721545 0.0182727270838 0
0.00769230761863 0.0169230768486 0
0.00728021954538 0.0103873624322 0
0.00569230749569 0.0141230768322 0
0.00643076914542 0.0152307691121 0
0.00641025633263 0.0134358973117 0
0.00626373604663 0.012406593232 0
0.00723901075752 0.0112211535278 0
0.00631868083758 0.0112948715765 0
0.00717307681374 0.0159230767871 0
0.008 0.019 21
0.00789837549943 0.00294001801227 0
0.00785714277006 0.00214285703683 0
0.00857142855606 0.00142857125083 0
0.00732307679376 0.0149230767256 0
0.00830769219697 0.0183076921985 0
0.009 0 1
0.00928571414741 0.000714285659477 0
0.00831954869425 0.00378571407212 0
0.0079834585632 0.00454285691184 0
0.00732142833324 0.00955357133663 0
0.0077423467359 0.00855229556253 0
0.00799999981048 0.00619999982635 0
0.00847518777566 0.00531428543615 0
0.00816326513855 0.00755102037238 0
0.00821428546842 0.0100357140183 0
0.00846153839022 0.0176153845235 0
0.00846153839022 0.0162820511082 0
0.00820970680072 0.0110434977954 0
0.00676923065378 0.0140923075157 0
0.00820512813302 0.0120512819618 0
0.00730769213551 0.0130769229906 0
0.00719780196966 0.0120549448181 0
0.00811538445541 0.0156153844006 0
0.009 0.019 21
0.00928571414741 0.00221428545971 0
0.0086416038453 0.00276190466612 0
0.00926503744234 0.00389285699841 0
0.00821538444209 0.0146153845338 0
0.00923076916182 0.0183076921985 0
0.01 0 1
0.0100526315463 0.000999999934947 0
0.00930451115203 0.00464285689852 0
0.00853174579612 0.00919047596151 0
0.00939548849864 0.00565714264457 0
0.0087840133936 0.0081147956208 0
0.00899999987194 0.00659999977308 0
0.00916666645153 0.00749999984787 0
0.00940476164865 0.00867857125851 0
0.00910714260359 0.0105178568947 0
0.00923076896717 0.0168076922036 0
0.00914423053213 0.0160576919142 0
0.00896703280273 0.0112527471719 0
0.00811538445541 0.0135538460339 0
0.00910256393589 0.0123589741536 0
0.00816025629422 0.0128025639979 0
0.00905769209709 0.0153076920141 0
0.01 0.019 21
0.0102105261904 0.0039999999247 0
0.0101052629646 0.00199999999641 0
0.00999999993341 0.00299999986324 0
0.00892307677532 0.0140307690773 0
0.00999999993341 0.017999999812 0
0.00999999993341 0.0169999999452 0
0.011 0 1
0.0110526314131 0.000999999934947 0
0.0102631578033 0.00499999998617 0
0.00979041323465 0.00975892817407 0
0.0103157894163 0.00599999985299 0
0.00999999993341 0.00799999997593 0
0.00999999993341 0.00699999991446 0
0.0104736840604 0.00899999984275 0
0.00999999993341 0.0109999999657 0
0.00999999993341 0.0159999998837 0
0.00999999993341 0.0119999998325 0
0.00955128193465 0.0131794870545 0
0.00999999993341 0.0149999998223 0
0.011 0.019 21
0.0111052630261 0.00199999999641 0
0.0109999999949 0.0039999999247 0
0.011157894639 0.00299999986324 0
0.00999999993341 0.0139999999554 0
0.0109999999949 0.017999999812 0
0.010894736769 0.0169999999452 0
0.012 0 1
0.0120526314746 0.000999999934947 0
0.0121052630875 0.00199999999641 0
0.0113157892831 0.00599999985299 0
0.0112631578648 0.00499999998617 0
0.0105263156733 0.00999999990421 0
0.011368420896 0.00699999991446 0
0.0109999999949 0.00799999997593 0
0.0114736841218 0.00899999984275 0
0.0107894735432 0.0109999999657 0
0.0109999999949 0.0159999998837 0
0.0109999999949 0.0149999998223 0
0.0109999999949 0.0119999998325 0
0.010684210512 0.012999999894 0
0.0107368419303 0.0139999999554 0
0.0119473682488 0.017999999812 0
0.012 0.019 21
0.0119999998617 0.00299999986324 0
0.0125789470198 0.00349999979665 0
0.0119999998617 0.0039999999247 0
0.0118947368305 0.0169999999452 0
0.0119999998617 0.0159999998837 0
0.013 0 1
0.0130526315361 0.000999999934947 0
0.0129999999232 0.00199999999641 0
0.0121578943112 0.00599999985299 0
0.0121842103123 0.00699999991446 0
0.0122631577316 0.00499999998617 0
0.0115263157347 0.00999999990421 0
0.0122368419252 0.00899999984275 0
0.0119999998617 0.00799999997593 0
0.0115789473477 0.0109999999657 0
0.0117368419918 0.0139999999554 0
0.0119999998617 0.0149999998223 0
0.0119999998617 0.0119999998325 0
0.0116842103788 0.012999999894 0
0.0129473683102 0.017999999812 0
0.013 0.019 21
0.0131578945673 0.00299999986324 0
0.0132105261802 0.0039999999247 0
0.0129999999232 0.00499999998617 0
0.0129999999232 0.0159999998837 0
0.0129999999232 0.0169999999452 0
0.014 0 1
0.0139999999846 0.000999999934947 0
0.0141052630158 0.00199999999641 0
0.0129999999232 0.00699999991446 0
0.0129999999232 0.00599999985299 0
0.0134210524372 0.00799999997593 0
0.0125263156016 0.00999999990421 0
0.0129999999232 0.00899999984275 0
0.012815789278 0.0119999998325 0
0.0129999999232 0.0109999999657 0
0.0129999999232 0.0149999998223 0
0.0127368420532 0.0139999999554 0
0.0129999999232 0.012999999894 0
0.0138947367588 0.0169999999452 0
0.0139999999846 0.017999999812 0
0.014 0.019 21
0.0139999999846 0.00299999986324 0
0.0142105262417 0.0039999999247 0
0.0139999999846 0.00599999985299 0
0.0142631578546 0.00499999998617 0
0.0149999998515 0.00499999998617 0
0.0138421051459 0.0159999998837 0
0.015 0 1
0.0150526314644 0.000999999934947 0
0.0149999998515 0.00199999999641 0
0.0139999999846 0.00699999991446 0
0.0139999999846 0.00899999984275 0
0.014210526047 0.00799999997593 0
0.0139999999846 0.00999999990421 0
0.0136315788889 0.0119999998325 0
0.0139999999846 0.0109999999657 0
0.0139999999846 0.0149999998223 0
0.0139999999846 0.0139999999554 0
0.0139999999846 0.012999999894 0
0.0149999998515 0.0169999999452 0
0.0149999998515 0.0159999998837 0
0.0149999998515 0.017999999812 0
0.015 0.019 21
0.0149999998515 0.0039999999247 0
0.0151578946902 0.00299999986324 0
0.0149999998515 0.00599999985299 0
0.0156052630107 0.00449999985811 0
0.0156315788172 0.00549999972493 0
0.0149999998515 0.0149999998223 0
0.016 0 1
0.0160526315258 0.000999999934947 0
0.0161052631388 0.00199999999641 0
0.0147894735944 0.0109999999657 0
0.0153684209472 0.00699999991446 0
0.0149999998515 0.00799999997593 0
0.0149999998515 0.00999999990421 0
0.0149999998515 0.00899999984275 0
0.0149999998515 0.0119999998325 0
0.0149999998515 0.0139999999554 0
0.0149999998515 0.012999999894 0
0.0157894736559 0.0149999998223 0
0.0158947366871 0.0169999999452 0
0.0159999999129 0.0159999998837 0
0.016 0.019 21
0.0159999999129 0.017999999812 0
0.0162105261699 0.0039999999247 0
0.016157894557 0.00299999986324 0
0.0163157893958 0.00599999985299 0
0.0162631577829 0.00499999998617 0
0.017 0 1
0.0170526313927 0.000999999934947 0
0.0171052630056 0.00199999999641 0
0.0155789472042 0.0109999999657 0
0.0163684210087 0.00699999991446 0
0.0159999999129 0.00799999997593 0
0.0159999999129 0.00999999990421 0
0.0159999999129 0.00899999984275 0
0.0159999999129 0.0119999998325 0
0.0159999999129 0.0139999999554 0
0.0159999999129 0.012999999894 0
0.0167894735227 0.0149999998223 0
0.0169999999744 0.0159999998837 0
0.0169999999744 0.0169999999452 0
0.0169999999744 0.017999999812 0
0.017 0.019 21
0.0171578946185 0.00299999986324 0
0.0173157894572 0.00599999985299 0
0.0169999999744 0.0039999999247 0
0.0169999999744 0.00499999998617 0
0.018 0 1
0.0179999998412 0.000999999934947 0
0.0179999998412 0.00199999999641 0
0.01815789468 0.00299999986324 0
0.0165789472657 0.0109999999657 0
0.0173684208755 0.00699999991446 0
0.0169999999744 0.00799999997593 0
0.0169999999744 0.00899999984275 0
0.0167631577163 0.00999999990421 0
0.0169999999744 0.0139999999554 0
0.0169999999744 0.0119999998325 0
0.0169999999744 0.012999999894 0
0.0177894735842 0.0149999998223 0
0.0179999998412 0.0159999998837 0
0.01789473681 0.0169999999452 0
0.018 0.019 21
0.0179473682283 0.017999999812 0
0.01815789468 0.00599999985299 0
0.0182105262929 0.0039999999247 0
0.0179999998412 0.00499999998617 0
0.018368420937 0.00699999991446 0
0.019 0 1
0.0190526315156 0.000999999934947 0
0.0189999999027 0.00199999999641 0
0.0189999999027 0.00299999986324 0
0.0192105261597 0.0039999999247 0
0.0175789473272 0.0109999999657 0
0.0184210525499 0.00799999997593 0
0.0179999998412 0.00899999984275 0
0.0175263157143 0.00999999990421 0
0.0177368419713 0.0139999999554 0
0.0178157893906 0.0119999998325 0
0.0179999998412 0.012999999894 0
0.0188421052586 0.0159999998837 0
0.0187894736457 0.0149999998223 0
0.0189999999027 0.0169999999452 0
0.019 0.019 21
0.0189999999027 0.017999999812 0
0.0189999999027 0.00599999985299 0
0.0192631577726 0.00499999998617 0
0.0193684209984 0.00699999991446 0
0.02 0 1
0.0200526315771 0.000999999934947 0
0.0199999999641 0.00299999986324 0
0.0199999999641 0.00199999999641 0
0.0199999999641 0.0039999999247 0
0.018578947194 0.0109999999657 0
0.0194210526114 0.00799999997593 0
0.0189999999027 0.00899999984275 0
0.0189999999027 0.00999999990421 0
0.0189999999027 0.0139999999554 0
0.0186315788069 0.0119999998325 0
0.0189999999027 0.012999999894 0
0.0198421051254 0.0159999998837 0
0.0197894735125 0.0149999998223 0
0.0199999999641 0.0169999999452 0
0.02 0.019 21
0.0199999999641 0.017999999812 0
0.0199999999641 0.0139999999554 0
0.0199999999641 0.00599999985299 0
0.0199999999641 0.00499999998617 0
0.0201842104147 0.00699999991446 0
0.021 0.019 21
0.021 0 1
0.020999999831 0.000999999934947 0
0.020999999831 0.00299999986324 0
0.0211052630568 0.00199999999641 0
0.020999999831 0.00499999998617 0
0.0212105262826 0.0039999999247 0
0.0204210524782 0.00799999997593 0
0.0195789472555 0.0109999999657 0
0.0199999999641 0.00899999984275 0
0.0199999999641 0.00999999990421 0
0.0199999999641 0.012999999894 0
0.0196315788684 0.0119999998325 0
0.020999999831 0.0149999998223 0
0.0208421051869 0.0159999998837 0
0.0208947367998 0.0169999999452 0
0.020999999831 0.017999999812 0
0.020999999831 0.0139999999554 0
0.020999999831 0.00599999985299 0
0.020999999831 0.00699999991446 0
0.0216578946031 0.0064999997864 0
0.0214210525396 0.00799999997593 0
0.0219473682795 0.017999999812 0
0.022 0.019 21
0.022 0 1
0.0219999998924 0.000999999934947 0
0.0221578947312 0.00299999986324 0
0.0221052631183 0.00199999999641 0
0.0219999998924 0.00499999998617 0
0.0222105261495 0.0039999999247 0
0.020999999831 0.00899999984275 0
0.0205789473169 0.0109999999657 0
0.020999999831 0.00999999990421 0
0.020999999831 0.012999999894 0
0.0206315789298 0.0119999998325 0
0.0219999998924 0.0139999999554 0
0.0217894736354 0.0149999998223 0
0.0218421052483 0.0159999998837 0
0.0219999998924 0.0169999999452 0
0.0219999998924 0.012999999894 0
0.0223157893753 0.00599999985299 0
0.0223684209882 0.00699999991446 0
0.0219999998924 0.00899999984275 0
0.0224210526011 0.00799999997593 0
0.0229999999539 0.017999999812 0
0.023 0.019 21
0.023 0 1
0.0229999999539 0.000999999934947 0
0.0229999999539 0.00299999986324 0
0.0232105262109 0.0039999999247 0
0.0231052629851 0.00199999999641 0
0.0229999999539 0.00499999998617 0
0.0217631576343 0.00999999990421 0
0.0215789471837 0.0109999999657 0
0.0219999998924 0.0119999998325 0
0.0225263156323 0.00999999990421 0
0.0229999999539 0.0169999999452 0
0.022736842084 0.0139999999554 0
0.0227894735022 0.0149999998223 0
0.0229999999539 0.0159999998837 0
0.0229999999539 0.012999999894 0
0.0233157894367 0.00599999985299 0
0.0232105262109 0.00799999997593 0
0.0233684210497 0.00699999991446 0
0.0229999999539 0.00899999984275 0
0.0239999998207 0.0169999999452 0
0.0239473684025 0.017999999812 0
0.024 0.019 21
0.024 0 1
0.0240526314336 0.000999999934947 0
0.0241052630466 0.00199999999641 0
0.0239999998207 0.0039999999247 0
0.0241578946595 0.00299999986324 0
0.0242631578853 0.00499999998617 0
0.0229999999539 0.0119999998325 0
0.0225789472452 0.0109999999657 0
0.0235263156938 0.00999999990421 0
0.0239999998207 0.0159999998837 0
0.0237368419508 0.0139999999554 0
0.0239999998207 0.0149999998223 0
0.0238421051766 0.012999999894 0
0.0243157893036 0.00599999985299 0
0.0239999998207 0.00799999997593 0
0.0243684209165 0.00699999991446 0
0.0244736841423 0.00899999984275 0
0.0248947366564 0.0169999999452 0
0.0249999998822 0.017999999812 0
0.025 0.019 21
0.025 0 1
0.0249999998822 0.000999999934947 0
0.025105263108 0.00199999999641 0
0.0251578947209 0.00299999986324 0
0.0249999998822 0.0039999999247 0
0.0249999998822 0.00499999998617 0
0.0239999998207 0.0119999998325 0
0.0239999998207 0.0109999999657 0
0.0245263157552 0.00999999990421 0
0.0249999998822 0.0159999998837 0
0.0247894736252 0.0149999998223 0
0.0246842103993 0.012999999894 0
0.0247368420123 0.0139999999554 0
0.025315789365 0.00599999985299 0
0.0251842103327 0.00699999991446 0
0.0249999998822 0.00799999997593 0
0.0254736842038 0.00899999984275 0
0.0258421051049 0.0159999998837 0
0.0258947367178 0.0169999999452 0
0.0259473683307 0.017999999812 0
0.026 0.019 21
0.026 0 1
0.0260526315566 0.000999999934947 0
0.0261052629748 0.00199999999641 0
0.0261578945878 0.00299999986324 0
0.0259999999437 0.0039999999247 0
0.0259999999437 0.00499999998617 0
0.0263157894265 0.00599999985299 0
0.0249999998822 0.0119999998325 0
0.0249999998822 0.0109999999657 0
0.0255263156221 0.00999999990421 0
0.0257368420737 0.0139999999554 0
0.0259999999437 0.0149999998223 0
0.0259999999437 0.0119999998325 0
0.0256842104608 0.012999999894 0
0.0259999999437 0.00699999991446 0
0.0259999999437 0.00799999997593 0
0.0262368418125 0.00899999984275 0
0.0269999998105 0.0159999998837 0
0.0269999998105 0.0169999999452 0
0.0269473683922 0.017999999812 0
0.027 0.019 21
0.027 0 1
0.0269999998105 0.000999999934947 0
0.0269999998105 0.0039999999247 0
0.0269999998105 0.00199999999641 0
0.0269999998105 0.00299999986324 0
0.0269999998105 0.00499999998617 0
0.027657894388 0.00549999972493 0
0.026973684004 0.0064999997864 0
0.0265263156835 0.00999999990421 0
0.0259999999437 0.0109999999657 0
0.0269999998105 0.0119999998325 0
0.0267368419405 0.0139999999554 0
0.0272105262621 0.0149999998223 0
0.0269999998105 0.012999999894 0
0.0276315787762 0.00699999991446 0
0.0269999998105 0.00799999997593 0
0.0269999998105 0.00899999984275 0
0.0279999998719 0.0159999998837 0
0.0279999998719 0.0169999999452 0
0.0279999998719 0.017999999812 0
0.028 0.019 21
0.028 0 1
0.0280526314849 0.000999999934947 0
0.0279999998719 0.0039999999247 0
0.0281052630978 0.00199999999641 0
0.0281578947107 0.00299999986324 0
0.0279999998719 0.0149999998223 0
0.0282631577419 0.00499999998617 0
0.0283157893548 0.00599999985299 0
0.0274736841321 0.00999999990421 0
0.0274210525192 0.0109999999657 0
0.0278157892267 0.0119999998325 0
0.0278421050332 0.012999999894 0
0.0279999998719 0.0139999999554 0
0.0285263156118 0.00999999990421 0
0.0283684209677 0.00699999991446 0
0.0279999998719 0.00799999997593 0
0.0284736841935 0.00899999984275 0
0.0288421050947 0.0159999998837 0
0.0288947367076 0.0169999999452 0
0.0289473683205 0.017999999812 0
0.029 0.019 21
0.029 0 1
0.0290526315463 0.000999999934947 0
0.0291052629646 0.00199999999641 0
0.0292105261904 0.0039999999247 0
0.0289999999334 0.00299999986324 0
0.0287368420635 0.0139999999554 0
0.0289999999334 0.0149999998223 0
0.0292631578033 0.00499999998617 0
0.0293157894163 0.00599999985299 0
0.0285789472247 0.0109999999657 0
0.0286315788376 0.0119999998325 0
0.0286842104506 0.012999999894 0
0.0295263156733 0.00999999990421 0
0.0293684210292 0.00699999991446 0
0.0294736840604 0.00899999984275 0
0.0294210524474 0.00799999997593 0
0.029894736769 0.0169999999452 0
0.0298421051561 0.0159999998837 0
0.0299999999949 0.017999999812 0
0.03 0.019 21
0.03 0 1
0.0300526314131 0.000999999934947 0
0.0301052630261 0.00199999999641 0
0.0299999999949 0.0039999999247 0
0.030157894639 0.00299999986324 0
0.029684210512 0.012999999894 0
0.0299999999949 0.0149999998223 0
0.0297368419303 0.0139999999554 0
0.0303157892831 0.00599999985299 0
0.0302631578648 0.00499999998617 0
0.0295789472862 0.0109999999657 0
0.0296315788991 0.0119999998325 0
0.0305263157347 0.00999999990421 0
0.0304736841218 0.00899999984275 0
0.030368420896 0.00699999991446 0
0.0302105260572 0.00799999997593 0
0.0307894736047 0.0149999998223 0
0.0308947368305 0.0169999999452 0
0.0308421052176 0.0159999998837 0
0.0309473682488 0.017999999812 0
0.031 0.019 21
0.031 0 1
0.0310526314746 0.000999999934947 0
0.0309999998617 0.00199999999641 0
0.0309999998617 0.00299999986324 0
0.0315789472145 0.00349999979665 0
0.0309999998617 0.0039999999247 0
0.0306315787659 0.0119999998325 0
0.0306842103788 0.012999999894 0
0.0307368419918 0.0139999999554 0
0.0311578945058 0.00599999985299 0
0.0312631577316 0.00499999998617 0
0.0305789473477 0.0109999999657 0
0.0312631577316 0.00949999977616 0
0.0312894735381 0.0104999998376 0
0.0311842103123 0.00699999991446 0
0.0309999998617 0.00799999997593 0
0.0313947367639 0.0144999996942 0
0.0314210525704 0.0154999997557 0
0.0319999999232 0.0159999998837 0
0.0318947366973 0.0169999999452 0
0.0319999999232 0.017999999812 0
0.032 0.019 21
0.032 0 1
0.0319999999232 0.000999999934947 0
0.032105263149 0.00199999999641 0
0.0321578945673 0.00299999986324 0
0.0322105261802 0.0039999999247 0
0.0316315788274 0.0119999998325 0
0.0319999999232 0.0139999999554 0
0.0316842104403 0.012999999894 0
0.0319999999232 0.00599999985299 0
0.0319999999232 0.00499999998617 0
0.0319999999232 0.0109999999657 0
0.0319999999232 0.00899999984275 0
0.0319999999232 0.00999999990421 0
0.0319999999232 0.00699999991446 0
0.0324210524372 0.00799999997593 0
0.0319999999232 0.0149999998223 0
0.0328421051459 0.0159999998837 0
0.0329999999846 0.017999999812 0
0.0329999999846 0.0169999999452 0
0.033 0.019 21
0.033 0 1
0.0329999999846 0.000999999934947 0
0.0329999999846 0.00199999999641 0
0.0329999999846 0.00299999986324 0
0.0329999999846 0.00499999998617 0
0.0332105262417 0.0039999999247 0
0.0326315788889 0.0119999998325 0
0.0329999999846 0.0109999999657 0
0.0329999999846 0.0139999999554 0
0.0329999999846 0.012999999894 0
0.0329999999846 0.00599999985299 0
0.0329999999846 0.00899999984275 0
0.0329999999846 0.00999999990421 0
0.0329999999846 0.00699999991446 0
0.0334210524987 0.00799999997593 0
0.0329999999846 0.0149999998223 0
0.0338421052074 0.0159999998837 0
0.0339473682385 0.017999999812 0
0.0339999998515 0.0169999999452 0
0.034 0.019 21
0.034 0 1
0.0339999998515 0.000999999934947 0
0.0339999998515 0.00199999999641 0
0.0341578946902 0.00299999986324 0
0.0339999998515 0.00499999998617 0
0.0342105263031 0.0039999999247 0
0.0337631575933 0.0104999998376 0
0.0336973678825 0.0112499997377 0
0.0336315787557 0.0119999998325 0
0.0337368419815 0.0139999999554 0
0.0339999998515 0.012999999894 0
0.0346315788172 0.00549999972493 0
0.0339999998515 0.00599999985299 0
0.0339999998515 0.00899999984275 0
0.0343684209472 0.00699999991446 0
0.0344210525601 0.00799999997593 0
0.0337894735944 0.0149999998223 0
0.0347894736559 0.0149999998223 0
0.0349999999129 0.0159999998837 0
0.0349999999129 0.0169999999452 0
0.0349999999129 0.017999999812 0
0.035 0.019 21
0.035 0 1
0.0350526315258 0.000999999934947 0
0.0351052631388 0.00199999999641 0
0.035157894557 0.00299999986324 0
0.0352105261699 0.0039999999247 0
0.0352631577829 0.00499999998617 0
0.034526315786 0.00999999990421 0
0.0345789472042 0.0109999999657 0
0.0346315788172 0.0119999998325 0
0.0349999999129 0.0139999999554 0
0.0348421050742 0.012999999894 0
0.0353157893958 0.00599999985299 0
0.0354736840399 0.00899999984275 0
0.0353684210087 0.00699999991446 0
0.0354210526216 0.00799999997593 0
0.0357894735227 0.0149999998223 0
0.0357368421045 0.0139999999554 0
0.0358421051356 0.0159999998837 0
0.0358947367486 0.0169999999452 0
0.0359473683615 0.017999999812 0
0.036 0.019 21
0.036 0 1
0.0359999999744 0.000999999934947 0
0.0359999999744 0.00199999999641 0
0.0361578946185 0.00299999986324 0
0.0359999999744 0.0039999999247 0
0.0359999999744 0.00499999998617 0
0.0355263156528 0.00999999990421 0
0.0355789472657 0.0109999999657 0
0.0356315788786 0.0119999998325 0
0.0356842104915 0.012999999894 0
0.0363157894572 0.00599999985299 0
0.0362368418432 0.00899999984275 0
0.0363684208755 0.00699999991446 0
0.0364210524884 0.00799999997593 0
0.0363684208755 0.0134999998274 0
0.0369999998412 0.0139999999554 0
0.0367894735842 0.0149999998223 0
0.0368421051971 0.0159999998837 0
0.0369999998412 0.0169999999452 0
0.0369999998412 0.017999999812 0
0.037 0.019 21
0.037 0 1
0.0369999998412 0.000999999934947 0
0.037105263067 0.00199999999641 0
0.03715789468 0.00299999986324 0
0.0372105262929 0.0039999999247 0
0.0369999998412 0.00499999998617 0
0.0365263157143 0.00999999990421 0
0.0365789473272 0.0109999999657 0
0.0366315789401 0.0119999998325 0
0.0369999998412 0.012999999894 0
0.0373157893241 0.00599999985299 0
0.0369999998412 0.00899999984275 0
0.0374210525499 0.00799999997593 0
0.037368420937 0.00699999991446 0
0.0377368420327 0.0139999999554 0
0.0377894736457 0.0149999998223 0
0.0378421052586 0.0159999998837 0
0.0378947366768 0.0169999999452 0
0.0379473682898 0.017999999812 0
0.038 0.019 21
0.038 0 1
0.0379999999027 0.000999999934947 0
0.0379999999027 0.00199999999641 0
0.0381578945468 0.00299999986324 0
0.0382105261597 0.0039999999247 0
0.0379999999027 0.00499999998617 0
0.0375263157757 0.00999999990421 0
0.037578947194 0.0109999999657 0
0.0376315788069 0.0119999998325 0
0.0379999999027 0.012999999894 0
0.0383157893855 0.00599999985299 0
0.0379999999027 0.00899999984275 0
0.0384210526114 0.00799999997593 0
0.0383684209984 0.00699999991446 0
0.0387368420942 0.0139999999554 0
0.0387894735125 0.0149999998223 0
0.0388421051254 0.0159999998837 0
0.0389999999641 0.0169999999452 0
0.0389473683512 0.017999999812 0
0.039 0.019 21
0.039 0 1
0.0390526315771 0.000999999934947 0
0.0391578946082 0.00299999986324 0
0.0391052629953 0.00199999999641 0
0.0392105262212 0.0039999999247 0
0.039999999831 0.00299999986324 0
0.0392631578341 0.00499999998617 0
0.0385263156425 0.00999999990421 0
0.0389999999641 0.012999999894 0
0.0385789472555 0.0109999999657 0
0.0386315788684 0.0119999998325 0
0.0393684208653 0.00699999991446 0
0.0399736840245 0.0064999997864 0
0.039315789447 0.00599999985299 0
0.0389999999641 0.00899999984275 0
0.0392105262212 0.00799999997593 0
0.0393947366717 0.0154999997557 0
0.0394999998976 0.0139999999554 0
0.0402105262826 0.0149999998223 0
0.039999999831 0.0159999998837 0
0.039999999831 0.0169999999452 0
0.0400526314439 0.017999999812 0
0.04 0.019 21
0.039999999831 0.012999999894 0
0.04 0 1
0.039999999831 0.000999999934947 0
0.039999999831 0.00199999999641 0
0.039999999831 0.0039999999247 0
0.0408421052483 0.00299999986324 0
0.039999999831 0.00499999998617 0
0.039526315704 0.00999999990421 0
0.039999999831 0.0119999998325 0
0.0395789473169 0.0109999999657 0
0.039999999831 0.00799999997593 0
0.0406315787967 0.00699999991446 0
0.0406842104096 0.00599999985299 0
0.039999999831 0.00899999984275 0
0.0402631577009 0.0139999999554 0
0.0409999998924 0.0149999998223 0
0.0409999998924 0.0159999998837 0
0.0409999998924 0.0169999999452 0
0.0409999998924 0.017999999812 0
0.041 0.019 21
0.040842104859 0.012999999894 0
0.041 0 1
0.0410526315053 0.000999999934947 0
0.0408947366666 0.00199999999641 0
0.0414210526011 0.00249999992982 0
0.0415789472452 0.00349999979665 0
0.0409999998924 0.0039999999247 0
0.0412631577624 0.00499999998617 0
0.0414999998258 0.00599999985299 0
0.0409999998924 0.0119999998325 0
0.0404736841526 0.00999999990421 0
0.0404210525396 0.0109999999657 0
0.0409999998924 0.00799999997593 0
0.0413684209882 0.00699999991446 0
0.0414736840194 0.00899999984275 0
0.0409999998924 0.0139999999554 0
0.0417894735022 0.0149999998223 0
0.041736842084 0.0139999999554 0
0.0418421051152 0.0159999998837 0
0.0418947367281 0.0169999999452 0
0.041947368341 0.017999999812 0
0.042 0.019 21
0.0418157893087 0.0119999998325 0
0.041684210471 0.012999999894 0
0.042 0 1
0.0419999999539 0.000999999934947 0
0.0419999999539 0.00199999999641 0
0.042157894598 0.00299999986324 0
0.0422105262109 0.0039999999247 0
0.0419999999539 0.00499999998617 0
0.0423684210497 0.00699999991446 0
0.0423157894367 0.00599999985299 0
0.0415789472452 0.0109999999657 0
0.0415263156323 0.00999999990421 0
0.0422368418227 0.00899999984275 0
0.0424210524679 0.00799999997593 0
0.042368420855 0.0134999998274 0
0.0429999998207 0.0139999999554 0
0.0427894735637 0.0149999998223 0
0.0429999998207 0.0159999998837 0
0.0429999998207 0.0169999999452 0
0.0429999998207 0.017999999812 0
0.043 0.019 21
0.0426315789196 0.0119999998325 0
0.0425789473067 0.0109999999657 0
0.0429999998207 0.012999999894 0
0.043 0 1
0.0429999998207 0.000999999934947 0
0.0429999998207 0.00199999999641 0
0.0431578946595 0.00299999986324 0
0.0433684209165 0.00699999991446 0
0.0432105262724 0.0039999999247 0
0.0429999998207 0.00499999998617 0
0.0431578946595 0.00599999985299 0
0.0425263156938 0.00999999990421 0
0.0429999998207 0.00899999984275 0
0.0434210525294 0.00799999997593 0
0.0437368420123 0.0139999999554 0
0.0437894736252 0.0149999998223 0
0.0439999998822 0.0159999998837 0
0.0439999998822 0.0169999999452 0
0.0439473682693 0.017999999812 0
0.044 0.019 21
0.0436315787864 0.0119999998325 0
0.0435789473682 0.0109999999657 0
0.0439999998822 0.012999999894 0
0.044 0 1
0.0439999998822 0.000999999934947 0
0.044105263108 0.00199999999641 0
0.0442105261392 0.0039999999247 0
0.0441578947209 0.00299999986324 0
0.0439999998822 0.00599999985299 0
0.044368420978 0.00699999991446 0
0.0439999998822 0.00499999998617 0
0.0439999998822 0.00999999990421 0
0.0439999998822 0.00899999984275 0
0.0444210525909 0.00799999997593 0
0.0449999999437 0.0139999999554 0
0.044789473492 0.0149999998223 0
0.0448421051049 0.0159999998837 0
0.0448947367178 0.0169999999452 0
0.0449999999437 0.017999999812 0
0.045 0.019 21
0.0446315788479 0.0119999998325 0
0.044578947235 0.0109999999657 0
0.0449999999437 0.012999999894 0
0.045 0 1
0.0450526315566 0.000999999934947 0
0.0449999999437 0.00199999999641 0
0.0449999999437 0.0039999999247 0
0.0451578945878 0.00299999986324 0
0.0449999999437 0.00599999985299 0
0.0453684210394 0.00699999991446 0
0.0452631578136 0.00499999998617 0
0.0449999999437 0.00999999990421 0
0.0449999999437 0.00899999984275 0
0.0454210524577 0.00799999997593 0
0.0454210524577 0.0154999997557 0
0.0457368419405 0.0139999999554 0
0.0459999998105 0.0149999998223 0
0.0459999998105 0.0159999998837 0
0.0459999998105 0.0169999999452 0
0.0459473683922 0.017999999812 0
0.046 0.019 21
0.0459999998105 0.00999999990421 0
0.0456315789094 0.0119999998325 0
0.0459999998105 0.0109999999657 0
0.0459999998105 0.012999999894 0
0.046 0 1
0.0460526314234 0.000999999934947 0
0.0461052630363 0.00199999999641 0
0.0461578946492 0.00299999986324 0
0.0459999998105 0.0039999999247 0
0.0463684209062 0.00699999991446 0
0.0459999998105 0.00599999985299 0
0.0459999998105 0.00499999998617 0
0.0459999998105 0.00899999984275 0
0.0464210525192 0.00799999997593 0
0.0467894736149 0.0149999998223 0
0.0469999998719 0.0139999999554 0
0.0468421052278 0.0159999998837 0
0.0468947368408 0.0169999999452 0
0.0469999998719 0.017999999812 0
0.047 0.019 21
0.0469999998719 0.00999999990421 0
0.0467894734203 0.0109999999657 0
0.0466315787762 0.0119999998325 0
0.0469999998719 0.012999999894 0
0.0469999998719 0.000999999934947 0
0.047 0 1
0.0471578947107 0.00299999986324 0
0.0469999998719 0.00199999999641 0
0.047210526129 0.0039999999247 0
0.0469999998719 0.00499999998617 0
0.0473684209677 0.00699999991446 0
0.0469999998719 0.00599999985299 0
0.0469999998719 0.00899999984275 0
0.0474210525806 0.00799999997593 0
0.0477894736764 0.0149999998223 0
0.0478421050947 0.012999999894 0
0.0477368420635 0.0139999999554 0
0.0478947367076 0.0169999999452 0
0.0478421050947 0.0159999998837 0
0.0479473683205 0.017999999812 0
0.048 0.019 21
0.0477631576753 0.00999999990421 0
0.0475789472247 0.0109999999657 0
0.0476315788376 0.0119999998325 0
0.0479999999334 0.00299999986324 0
0.0479999999334 0.000999999934947 0
0.048 0 1
0.0481052629646 0.00199999999641 0
0.0482105261904 0.0039999999247 0
0.0479999999334 0.00499999998617 0
0.048184210384 0.00699999991446 0
0.0483157894163 0.00599999985299 0
0.0484210524474 0.00799999997593 0
0.0479999999334 0.00899999984275 0
0.049 0 1
0.0483157894163 0.0114999998991 0
0.0484210524474 0.0154999997557 0
0.0483947368356 0.0144999996942 0
0.048684210512 0.012999999894 0
0.0489999999949 0.0139999999554 0
0.0489999999949 0.0159999998837 0
0.048894736769 0.0169999999452 0
0.0489999999949 0.017999999812 0
0.049 0.019 21
0.0485263156733 0.00999999990421 0
0.0489999999949 0.0109999999657 0
0.0489999999949 0.0119999998325 0
0.0492105262519 0.0039999999247 0
0.0489999999949 0.00299999986324 0
0.0489999999949 0.000999999934947 0
0.0491052630261 0.00199999999641 0
0.0492631578648 0.00499999998617 0
0.0489999999949 0.00699999991446 0
0.0492105260572 0.00799999997593 0
0.0493157892831 0.00599999985299 0
0.0494736841218 0.00899999984275 0
0.05 0 1
0.0489999999949 0.0149999998223 0
0.0496842103788 0.012999999894 0
0.0499999998617 0.0139999999554 0
0.0498421052176 0.0159999998837 0
0.0498947368305 0.0169999999452 0
0.0499999998617 0.017999999812 0
0.05 0.019 21
0.0499999998617 0.00999999990421 0
0.0499999998617 0.0109999999657 0
0.0499999998617 0.0119999998325 0
0.0499999998617 0.0039999999247 0
0.0499999998617 0.00199999999641 0
0.0499999998617 0.00299999986324 0
0.0500526314746 0.000999999934947 0
0.0502631577316 0.00499999998617 0
0.0499999998617 0.00799999997593 0
0.0499999998617 0.00699999991446 0
0.0503157893445 0.00599999985299 0
0.0504736841833 0.00899999984275 0
0.051 0 1
0.0499999998617 0.0149999998223 0
0.0506842104403 0.012999999894 0
0.0509999999232 0.0139999999554 0
0.0509999999232 0.0149999998223 0
0.0508421050844 0.0159999998837 0
0.0508947366973 0.0169999999452 0
0.0509473683102 0.017999999812 0
0.051 0.019 21
0.0509999999232 0.00999999990421 0
0.0509999999232 0.0119999998325 0
0.0509999999232 0.0109999999657 0
0.0510526315361 0.000999999934947 0
0.0509999999232 0.0039999999247 0
0.0511578945673 0.00299999986324 0
0.051105263149 0.00199999999641 0
0.0512631577931 0.00499999998617 0
0.0509999999232 0.00799999997593 0
0.0509999999232 0.00699999991446 0
0.051315789406 0.00599999985299 0
0.0514736840501 0.00899999984275 0
0.052 0 1
0.0516842105018 0.012999999894 0
0.0519999999846 0.0139999999554 0
0.0519999999846 0.0149999998223 0
0.0519999999846 0.0159999998837 0
0.0518947367588 0.0169999999452 0
0.0519999999846 0.017999999812 0
0.052 0.019 21
0.0517631577265 0.00999999990421 0
0.0519999999846 0.0119999998325 0
0.0519999999846 0.0109999999657 0
0.0520526314029 0.000999999934947 0
0.0519999999846 0.0039999999247 0
0.0519999999846 0.00299999986324 0
0.0521052630158 0.00199999999641 0
0.0522631578546 0.00499999998617 0
0.0519999999846 0.00799999997593 0
0.0519999999846 0.00699999991446 0
0.0523157894675 0.00599999985299 0
0.0524736841116 0.00899999984275 0
0.053 0 1
0.0526842103686 0.012999999894 0
0.0527368419815 0.0139999999554 0
0.0529999998515 0.0149999998223 0
0.0529999998515 0.0159999998837 0
0.0528947368203 0.0169999999452 0
0.0529473682385 0.017999999812 0
0.053 0.019 21
0.0525263157245 0.00999999990421 0
0.0529999998515 0.0109999999657 0
0.0529999998515 0.0119999998325 0
0.0531052630773 0.00199999999641 0
0.0529999998515 0.000999999934947 0
0.0529999998515 0.0039999999247 0
0.0531578946902 0.00299999986324 0
0.0532631577214 0.00499999998617 0
0.0533157893343 0.00599999985299 0
0.0529999998515 0.00799999997593 0
0.0529999998515 0.00699999991446 0
0.0534736841731 0.00899999984275 0
0.054 0 1
0.0536842104301 0.012999999894 0
0.0539999999129 0.0149999998223 0
0.0539999999129 0.0139999999554 0
0.0538421050742 0.0159999998837 0
0.0538947366871 0.0169999999452 0
0.0539473683 0.017999999812 0
0.054 0.019 21
0.053526315786 0.00999999990421 0
0.0539999999129 0.0109999999657 0
0.0539999999129 0.0119999998325 0
0.0539999999129 0.00199999999641 0
0.0540526315258 0.000999999934947 0
0.0539999999129 0.00299999986324 0
0.0539999999129 0.0039999999247 0
0.0545789472657 0.00349999979665 0
0.054157894557 0.00599999985299 0
0.0542631577829 0.00499999998617 0
0.0544210526216 0.00799999997593 0
0.0539999999129 0.00699999991446 0
0.0544736840399 0.00899999984275 0
0.055 0 1
0.0549999999744 0.000999999934947 0
0.0546842104915 0.012999999894 0
0.0547894735227 0.0149999998223 0
0.0549999999744 0.0139999999554 0
0.0549999999744 0.0159999998837 0
0.0548947367486 0.0169999999452 0
0.0549999999744 0.017999999812 0
0.055 0.019 21
0.0547894735227 0.0109999999657 0
0.0549999999744 0.00999999990421 0
0.0549999999744 0.0119999998325 0
0.0549999999744 0.00199999999641 0
0.0551578946185 0.00299999986324 0
0.0549999999744 0.00499999998617 0
0.0552105262314 0.0039999999247 0
0.0556315787454 0.00549999972493 0
0.0549999999744 0.00599999985299 0
0.0554210524884 0.00799999997593 0
0.0553684208755 0.00699999991446 0
0.0554736841013 0.00899999984275 0
0.056 0 1
0.0560526314541 0.000999999934947 0
0.0556842103584 0.012999999894 0
0.0557894735842 0.0149999998223 0
0.0559999998412 0.0139999999554 0
0.0558421051971 0.0159999998837 0
0.05589473681 0.0169999999452 0
0.0559999998412 0.017999999812 0
0.056 0.019 21
0.0557631577777 0.00999999990421 0
0.0555789473272 0.0109999999657 0
0.0559999998412 0.0119999998325 0
0.056105263067 0.00199999999641 0
0.0562105262929 0.0039999999247 0
0.05615789468 0.00299999986324 0
0.0562631577111 0.00499999998617 0
0.0563157893241 0.00599999985299 0
0.0562105260982 0.00799999997593 0
0.056368420937 0.00699999991446 0
0.0562368419047 0.00899999984275 0
0.057 0 1
0.0569999999027 0.000999999934947 0
0.0565263157757 0.00999999990421 0
0.0569999999027 0.012999999894 0
0.0567368420327 0.0139999999554 0
0.0567894736457 0.0149999998223 0
0.0569999999027 0.0169999999452 0
0.0569999999027 0.0159999998837 0
0.0569473682898 0.017999999812 0
0.057 0.019 21
0.056578947194 0.0109999999657 0
0.0569999999027 0.0119999998325 0
0.0571052631285 0.00199999999641 0
0.0571578945468 0.00299999986324 0
0.0569999999027 0.0039999999247 0
0.0569999999027 0.00499999998617 0
0.0573157893855 0.00599999985299 0
0.0569999999027 0.00799999997593 0
0.0573684209984 0.00699999991446 0
0.0569999999027 0.00899999984275 0
0.058 0 1
0.0579999999641 0.000999999934947 0
0.0575263156425 0.00999999990421 0
0.0578421049307 0.012999999894 0
0.0579999999641 0.0139999999554 0
0.0577894735125 0.0149999998223 0
0.0579999999641 0.0159999998837 0
0.0578947367383 0.0169999999452 0
0.0579999999641 0.017999999812 0
0.058 0.019 21
0.0575789472555 0.0109999999657 0
0.0579999999641 0.0119999998325 0
0.0581052629953 0.00199999999641 0
0.0579999999641 0.00299999986324 0
0.0579999999641 0.0039999999247 0
0.0582631578341 0.00499999998617 0
0.058315789447 0.00599999985299 0
0.0583684208653 0.00699999991446 0
0.0579999999641 0.00799999997593 0
0.0584736840911 0.00899999984275 0
0.059 0 1
0.0590526314439 0.000999999934947 0
0.058526315704 0.00999999990421 0
0.0586842103481 0.012999999894 0
0.058999999831 0.0139999999554 0
0.0587894735739 0.0149999998223 0
0.058999999831 0.0159999998837 0
0.0588947367998 0.0169999999452 0
0.058999999831 0.017999999812 0
0.059 0.019 21
0.0585789473169 0.0109999999657 0
0.058999999831 0.0119999998325 0
0.058999999831 0.00299999986324 0
0.0591052630568 0.00199999999641 0
0.058999999831 0.0039999999247 0
0.0592631577009 0.00499999998617 0
0.0591842102815 0.00699999991446 0
0.0593157893138 0.00599999985299 0
0.058999999831 0.00799999997593 0
0.0594736841526 0.00899999984275 0
0.06 0 1
0.0600526315053 0.000999999934947 0
0.0595263157655 0.00999999990421 0
0.0598157892472 0.0119999998325 0
0.0596842104096 0.012999999894 0
0.0599999998924 0.0149999998223 0
0.0597368420225 0.0139999999554 0
0.06 0.019 21
0.0599999998924 0.0159999998837 0
0.0598947366666 0.0169999999452 0
0.0599473682795 0.017999999812 0
0.0599999998924 0.0109999999657 0
0.0599999998924 0.00299999986324 0
0.0601052631183 0.00199999999641 0
0.0602105261495 0.0039999999247 0
0.0602631577624 0.00499999998617 0
0.0599999998924 0.00699999991446 0
0.0603157893753 0.00599999985299 0
0.0604210526011 0.00799999997593 0
0.0604736840194 0.00899999984275 0
0.061 0 1
0.0610526315668 0.000999999934947 0
0.0611052629851 0.00199999999641 0
0.0606315788581 0.0119999998325 0
0.0605263156323 0.00999999990421 0
0.061 0.019 21
0.060684210471 0.012999999894 0
0.0607894735022 0.0149999998223 0
0.060736842084 0.0139999999554 0
0.0608421051152 0.0159999998837 0
0.060947368341 0.017999999812 0
0.0608947367281 0.0169999999452 0
0.0607894735022 0.0109999999657 0
0.0613157894367 0.00599999985299 0
0.061157894598 0.00299999986324 0
0.0612631578238 0.00499999998617 0
0.0609999999539 0.0039999999247 0
0.0614210524679 0.00799999997593 0
0.0613684210497 0.00699999991446 0
0.0614736840809 0.00899999984275 0
0.0619999998207 0.000999999934947 0
0.062 0 1
0.0619999998207 0.00199999999641 0
0.0616315789196 0.0119999998325 0
0.0615263156938 0.00999999990421 0
0.0619999998207 0.017999999812 0
0.062 0.019 21
0.0616842103379 0.012999999894 0
0.0619999998207 0.0139999999554 0
0.0617894735637 0.0149999998223 0
0.0618421051766 0.0159999998837 0
0.0618947367895 0.0169999999452 0
0.0615789473067 0.0109999999657 0
0.0621578946595 0.00299999986324 0
0.0623157893036 0.00599999985299 0
0.0619999998207 0.00499999998617 0
0.0622105262724 0.0039999999247 0
0.0622105260777 0.00799999997593 0
0.0623684209165 0.00699999991446 0
0.0622368418842 0.00899999984275 0
0.063 0 1
0.0629999998822 0.000999999934947 0
0.063105263108 0.00199999999641 0
0.0624210523348 0.0154999997557 0
0.0623157893036 0.0114999998991 0
0.06234210511 0.0124999997659 0
0.0625263157552 0.00999999990421 0
0.0629999998822 0.0169999999452 0
0.0629473682693 0.017999999812 0
0.063 0.019 21
0.0629999998822 0.012999999894 0
0.0627368420123 0.0139999999554 0
0.0629999998822 0.0149999998223 0
0.0629999998822 0.0159999998837 0
0.0629999998822 0.0109999999657 0
0.0632105261392 0.0039999999247 0
0.0631578947209 0.00299999986324 0
0.0631578945263 0.00599999985299 0
0.0629999998822 0.00499999998617 0
0.063368420978 0.00699999991446 0
0.0629999998822 0.00799999997593 0
0.0629999998822 0.00899999984275 0
0.064 0 1
0.0640526315566 0.000999999934947 0
0.0641052629748 0.00199999999641 0
0.0629999998822 0.0119999998325 0
0.0639999999437 0.00999999990421 0
0.064 0.019 21
0.0638947367178 0.0169999999452 0
0.0639999999437 0.017999999812 0
0.0638421051049 0.012999999894 0
0.0639999999437 0.0139999999554 0
0.063789473492 0.0149999998223 0
0.0639999999437 0.0159999998837 0
0.0639999999437 0.0109999999657 0
0.0639999999437 0.0039999999247 0
0.0642631578136 0.00499999998617 0
0.0641578945878 0.00299999986324 0
0.0639999999437 0.00599999985299 0
0.0641842103942 0.00699999991446 0
0.0639999999437 0.00799999997593 0
0.0644736840706 0.00899999984275 0
0.065 0 1
0.0649999998105 0.000999999934947 0
0.0649999998105 0.00199999999641 0
0.0639999999437 0.0119999998325 0
0.064763157747 0.00999999990421 0
0.0649999998105 0.0109999999657 0
0.0649473683922 0.017999999812 0
0.065 0.019 21
0.0648947367793 0.0169999999452 0
0.0647368419405 0.0139999999554 0
0.0646842105223 0.012999999894 0
0.0649999998105 0.0149999998223 0
0.0649999998105 0.0159999998837 0
0.0649999998105 0.0119999998325 0
0.0649999998105 0.00499999998617 0
0.0651578946492 0.00299999986324 0
0.0649999998105 0.0039999999247 0
0.0649999998105 0.00699999991446 0
0.0653157892933 0.00599999985299 0
0.0649999998105 0.00799999997593 0
0.065236841874 0.00899999984275 0
0.0659999998719 0.00299999986324 0
0.066 0 1
0.0659999998719 0.00199999999641 0
0.0659999998719 0.000999999934947 0
0.0665789472247 0.00349999979665 0
0.065526315745 0.00999999990421 0
0.0659999998719 0.0109999999657 0
0.066 0.019 21
0.0659999998719 0.017999999812 0
0.0661052630978 0.0169999999452 0
0.065736842002 0.0139999999554 0
0.0659999998719 0.012999999894 0
0.0659999998719 0.0149999998223 0
0.0661578947107 0.0159999998837 0
0.0659999998719 0.0119999998325 0
0.0659999998719 0.00499999998617 0
0.0659999998719 0.0039999999247 0
0.0659999998719 0.00699999991446 0
0.0663157891601 0.00599999985299 0
0.0659999998719 0.00799999997593 0
0.0659999998719 0.00899999984275 0
0.067 0 1
0.0671578945775 0.00299999986324 0
0.0671052629646 0.00199999999641 0
0.0669999999334 0.000999999934947 0
0.0672105261904 0.0039999999247 0
0.0666842104506 0.00749999984787 0
0.0664736841935 0.00999999990421 0
0.0667894734817 0.0109999999657 0
0.067 0.019 21
0.0669999999334 0.017999999812 0
0.0669999999334 0.0169999999452 0
0.0669999999334 0.0159999998837 0
0.0669999999334 0.0139999999554 0
0.0669999999334 0.012999999894 0
0.0669999999334 0.0149999998223 0
0.0669999999334 0.0119999998325 0
0.0669999999334 0.00499999998617 0
0.0673684210292 0.00699999991446 0
0.0673157894163 0.00599999985299 0
0.0674210524474 0.00799999997593 0
0.0669999999334 0.00899999984275 0
0.068 0 1
0.0679999999949 0.00299999986324 0
0.0679999999949 0.00199999999641 0
0.0680526314131 0.000999999934947 0
0.0679999999949 0.0039999999247 0
0.0675263156733 0.00999999990421 0
0.068 0.019 21
0.0675789472862 0.0109999999657 0
0.067894736769 0.0169999999452 0
0.067947368382 0.017999999812 0
0.0677894735432 0.0149999998223 0
0.0678421051561 0.0159999998837 0
0.0678421049615 0.012999999894 0
0.0677368419303 0.0139999999554 0
0.0679999999949 0.0119999998325 0
0.0682631578648 0.00499999998617 0
0.068368420896 0.00699999991446 0
0.0683157892831 0.00599999985299 0
0.0684210525089 0.00799999997593 0
0.0684736841218 0.00899999984275 0
0.069 0 1
0.0689999998617 0.00299999986324 0
0.0691052630875 0.00199999999641 0
0.0690526314746 0.000999999934947 0
0.0692105263134 0.0039999999247 0
0.0685263157347 0.00999999990421 0
0.069 0.019 21
0.0689999998617 0.017999999812 0
0.0685789473477 0.0109999999657 0
0.0688421052176 0.0159999998837 0
0.0689999998617 0.0169999999452 0
0.0687894736047 0.0149999998223 0
0.0686842103788 0.012999999894 0
0.0689999998617 0.0139999999554 0
0.0689999998617 0.0119999998325 0
0.0692631577316 0.00499999998617 0
0.0691842103123 0.00699999991446 0
0.0693157893445 0.00599999985299 0
0.0692105261187 0.00799999997593 0
0.0694736841833 0.00899999984275 0
0.07 0 1
0.0699999999232 0.00299999986324 0
0.0700526315361 0.000999999934947 0
0.0699999999232 0.00199999999641 0
0.0699999999232 0.0039999999247 0
0.0694210525704 0.0154999997557 0
0.0695263156016 0.00999999990421 0
0.0698947366973 0.0169999999452 0
0.07 0.019 21
0.0699999999232 0.017999999812 0
0.0699999999232 0.0109999999657 0
0.0699999999232 0.0159999998837 0
0.0699999999232 0.0149999998223 0
0.0699999999232 0.0139999999554 0
0.0696842104403 0.012999999894 0
0.0699999999232 0.0119999998325 0
0.0702631577931 0.00499999998617 0
0.0699999999232 0.00699999991446 0
0.070315789406 0.00599999985299 0
0.0699999999232 0.00799999997593 0
0.0704736840501 0.00899999984275 0
0.071 0 1
0.0710526314029 0.000999999934947 0
0.0709999999846 0.00299999986324 0
0.0711052630158 0.00199999999641 0
0.0715789473374 0.00349999979665 0
0.0709999999846 0.0039999999247 0
0.070526315663 0.00999999990421 0
0.071 0.019 21
0.0709999999846 0.0169999999452 0
0.0709999999846 0.017999999812 0
0.0709999999846 0.0119999998325 0
0.0709999999846 0.0109999999657 0
0.0709999999846 0.0159999998837 0
0.0709999999846 0.0139999999554 0
0.0709999999846 0.0149999998223 0
0.0709999999846 0.012999999894 0
0.0712631578546 0.00499999998617 0
0.0709999999846 0.00699999991446 0
0.0713157894675 0.00599999985299 0
0.0709999999846 0.00799999997593 0
0.0714736841116 0.00899999984275 0
0.072 0 1
0.0720526314644 0.000999999934947 0
0.0721578946902 0.00299999986324 0
0.0721052630773 0.00199999999641 0
0.0722105263031 0.0039999999247 0
0.0715263157245 0.00999999990421 0
0.072 0.019 21
0.0719999998515 0.0169999999452 0
0.0719473682385 0.017999999812 0
0.0718157892062 0.0119999998325 0
0.0719999998515 0.0109999999657 0
0.0719999998515 0.0159999998837 0
0.0719999998515 0.0149999998223 0
0.0717368419815 0.0139999999554 0
0.0719999998515 0.012999999894 0
0.0722631577214 0.00499999998617 0
0.0724736841731 0.00899999984275 0
0.0721578946902 0.00599999985299 0
0.0719999998515 0.00699999991446 0
0.0724210525601 0.00799999997593 0
0.073 0 1
0.0729999999129 0.000999999934947 0
0.0729999999129 0.00299999986324 0
0.0731052631388 0.00199999999641 0
0.0732105261699 0.0039999999247 0
0.073 0.019 21
0.0729999999129 0.00999999990421 0
0.0729999999129 0.0159999998837 0
0.0729999999129 0.0169999999452 0
0.0729999999129 0.017999999812 0
0.0726315788172 0.0119999998325 0
0.0729999999129 0.0109999999657 0
0.0729999999129 0.0149999998223 0
0.0728421050742 0.012999999894 0
0.0729999999129 0.0139999999554 0
0.0729999999129 0.00599999985299 0
0.0732631577829 0.00499999998617 0
0.0734736840399 0.00899999984275 0
0.0734210526216 0.00799999997593 0
0.0729999999129 0.00699999991446 0
0.074 0 1
0.0739999999744 0.000999999934947 0
0.0739999999744 0.00199999999641 0
0.0739999999744 0.00299999986324 0
0.0739999999744 0.0039999999247 0
0.074 0.019 21
0.0739999999744 0.017999999812 0
0.0739999999744 0.00999999990421 0
0.0742368418432 0.00899999984275 0
0.0738421051356 0.0159999998837 0
0.0738947367486 0.0169999999452 0
0.0739999999744 0.0149999998223 0
0.0736315788786 0.0119999998325 0
0.0739999999744 0.0109999999657 0
0.0739999999744 0.0139999999554 0
0.0736842104915 0.012999999894 0
0.0739999999744 0.00599999985299 0
0.0742631578443 0.00499999998617 0
0.0742105262314 0.00799999997593 0
0.0739999999744 0.00699999991446 0
0.075 0 1
0.0750526314541 0.000999999934947 0
0.0749999998412 0.00199999999641 0
0.0749999998412 0.00299999986324 0
0.0749999998412 0.0039999999247 0
0.0752631577111 0.00499999998617 0
0.0743421050691 0.0124999997659 0
0.0749999998412 0.0169999999452 0
0.075 0.019 21
0.0749999998412 0.017999999812 0
0.0749999998412 0.00799999997593 0
0.0749999998412 0.00899999984275 0
0.0749999998412 0.00999999990421 0
0.0749999998412 0.0139999999554 0
0.0749999998412 0.0159999998837 0
0.0749999998412 0.0149999998223 0
0.0749999998412 0.0119999998325 0
0.0749999998412 0.0109999999657 0
0.0749999998412 0.012999999894 0
0.0749999998412 0.00599999985299 0
0.0749999998412 0.00699999991446 0
0.0759999999027 0.000999999934947 0
0.076 0 1
0.0761052631285 0.00199999999641 0
0.0759999999027 0.00499999998617 0
0.0759999999027 0.00299999986324 0
0.0765789472555 0.00349999979665 0
0.0759999999027 0.0039999999247 0
0.076 0.019 21
0.0758947366768 0.0169999999452 0
0.0759999999027 0.017999999812 0
0.0759999999027 0.0109999999657 0
0.0759999999027 0.00799999997593 0
0.0759999999027 0.00899999984275 0
0.0759999999027 0.00999999990421 0
0.0759999999027 0.0139999999554 0
0.0759999999027 0.0149999998223 0
0.0759999999027 0.0159999998837 0
0.0759999999027 0.0119999998325 0
0.0759999999027 0.012999999894 0
0.0763157893855 0.00599999985299 0
0.0759999999027 0.00699999991446 0
0.077 0 1
0.0769999999641 0.000999999934947 0
0.0769999999641 0.00199999999641 0
0.0769999999641 0.00499999998617 0
0.077315789447 0.00599999985299 0
0.0771578946082 0.00299999986324 0
0.0772105262212 0.0039999999247 0
0.0769999999641 0.00799999997593 0
0.0769473683512 0.017999999812 0
0.077 0.019 21
0.0769999999641 0.0169999999452 0
0.0767894735125 0.0109999999657 0
0.0769999999641 0.00999999990421 0
0.0769999999641 0.00899999984275 0
0.0767368420942 0.0139999999554 0
0.0767894735125 0.0149999998223 0
0.0769999999641 0.0159999998837 0
0.0769999999641 0.0119999998325 0
0.0769999999641 0.012999999894 0
0.0773684208653 0.00699999991446 0
0.077999999831 0.000999999934947 0
0.078 0 1
0.079 0 1
0.0781052630568 0.00199999999641 0
0.0781578946697 0.00299999986324 0
0.0783157893138 0.00599999985299 0
0.077999999831 0.00499999998617 0
0.077999999831 0.0039999999247 0
0.0773947366717 0.0144999996942 0
0.077999999831 0.00899999984275 0
0.077999999831 0.00799999997593 0
0.0779473684127 0.017999999812 0
0.078 0.019 21
0.077999999831 0.0159999998837 0
0.077999999831 0.0169999999452 0
0.0775789473169 0.0109999999657 0
0.0777631577675 0.00999999990421 0
0.077999999831 0.0139999999554 0
0.077999999831 0.0149999998223 0
0.077999999831 0.0119999998325 0
0.077999999831 0.012999999894 0
0.0783684209267 0.00699999991446 0
0.0789999998924 0.000999999934947 0
0.08 0 1
0.0789999998924 0.00199999999641 0
0.0789999998924 0.0039999999247 0
0.0789999998924 0.00299999986324 0
0.0791578945365 0.00599999985299 0
0.0789999998924 0.00499999998617 0
0.0785263157655 0.00999999990421 0
0.078973684086 0.00749999984787 0
0.0789999998924 0.00899999984275 0
0.0789473682795 0.017999999812 0
0.079 0.019 21
0.0789999998924 0.0159999998837 0
0.0789999998924 0.0169999999452 0
0.0785789471837 0.0109999999657 0
0.0789999998924 0.0119999998325 0
0.0787368420225 0.0139999999554 0
0.0792105261495 0.0149999998223 0
0.0789999998924 0.012999999894 0
0.081 0 1
0.0796315788581 0.00699999991446 0
0.0800526315668 0.000999999934947 0
0.0801052629851 0.00199999999641 0
0.0797894735022 0.0039999999247 0
0.080157894598 0.00299999986324 0
0.0799999999539 0.00599999985299 0
0.0802631578238 0.00499999998617 0
0.0792894735688 0.0104999998376 0
0.0795789472452 0.00799999997593 0
0.0803157892421 0.00749999984787 0
0.0799999999539 0.00999999990421 0
0.0804736840809 0.00899999984275 0
0.08 0.019 21
0.0799999999539 0.0159999998837 0
0.0799999999539 0.017999999812 0
0.0799999999539 0.0169999999452 0
0.0798421051152 0.012999999894 0
0.0799999999539 0.0119999998325 0
0.0799999999539 0.0109999999657 0
0.0799999999539 0.0149999998223 0
0.0799999999539 0.0139999999554 0
0.0810526314336 0.000999999934947 0
0.082 0 1
0.0809999998207 0.00699999991446 0
0.0809999998207 0.00199999999641 0
0.0811578946595 0.00299999986324 0
0.0809999998207 0.0039999999247 0
0.0809999998207 0.00599999985299 0
0.0812631578853 0.00499999998617 0
0.0809999998207 0.00799999997593 0
0.0809999998207 0.00999999990421 0
0.0814736841423 0.00899999984275 0
0.0809473684025 0.017999999812 0
0.081 0.019 21
0.0808421051766 0.0159999998837 0
0.0808947367895 0.0169999999452 0
0.0806842103379 0.012999999894 0
0.0809999998207 0.0119999998325 0
0.0809999998207 0.0109999999657 0
0.0809999998207 0.0149999998223 0
0.0809999998207 0.0139999999554 0
0.0819999998822 0.000999999934947 0
0.083 0 1
0.0819999998822 0.00699999991446 0
0.082105263108 0.00199999999641 0
0.0819999998822 0.00299999986324 0
0.0822105261392 0.0039999999247 0
0.082315789365 0.00599999985299 0
0.0819999998822 0.00499999998617 0
0.0819999998822 0.00799999997593 0
0.0817631576241 0.00999999990421 0
0.0824736842038 0.00899999984275 0
0.0819999998822 0.0169999999452 0
0.0819999998822 0.017999999812 0
0.082 0.019 21
0.0819999998822 0.0159999998837 0
0.0816842103993 0.012999999894 0
0.0819999998822 0.0119999998325 0
0.0819999998822 0.0109999999657 0
0.0819999998822 0.0149999998223 0
0.0819999998822 0.0139999999554 0
0.0829999999437 0.00799999997593 0
0.0830526315566 0.000999999934947 0
0.084 0 1
0.0829999999437 0.00699999991446 0
0.0833157894265 0.00599999985299 0
0.0831052629748 0.00199999999641 0
0.0829999999437 0.00299999986324 0
0.0829999999437 0.0039999999247 0
0.0832631578136 0.00499999998617 0
0.0834736840706 0.00899999984275 0
0.0825263156221 0.00999999990421 0
0.0828947367178 0.0169999999452 0
0.0829473683307 0.017999999812 0
0.083 0.019 21
0.0829999999437 0.0159999998837 0
0.0826842104608 0.012999999894 0
0.0829999999437 0.0109999999657 0
0.0829999999437 0.0119999998325 0
0.0829999999437 0.0149999998223 0
0.0827368420737 0.0139999999554 0
0.0839999998105 0.00799999997593 0
0.0839999998105 0.000999999934947 0
0.0841052630363 0.00199999999641 0
0.085 0 1
0.0843684209062 0.00699999991446 0
0.0841578946492 0.00599999985299 0
0.0839999998105 0.00499999998617 0
0.0841578946492 0.00299999986324 0
0.0839999998105 0.0039999999247 0
0.0839999998105 0.0109999999657 0
0.084236841874 0.00899999984275 0
0.0839999998105 0.00999999990421 0
0.0838947367793 0.0169999999452 0
0.0839999998105 0.017999999812 0
0.084 0.019 21
0.0837894735535 0.0149999998223 0
0.0839999998105 0.0159999998837 0
0.0836842105223 0.012999999894 0
0.0839999998105 0.0119999998325 0
0.0839999998105 0.0139999999554 0
0.0849999998719 0.00799999997593 0
0.0849999998719 0.00199999999641 0
0.0850526314849 0.000999999934947 0
0.0851578947107 0.00299999986324 0
0.0859999999334 0.000999999934947 0
0.086 0 1
0.0849999998719 0.00599999985299 0
0.0851842103225 0.00699999991446 0
0.0849999998719 0.00499999998617 0
0.085210526129 0.0039999999247 0
0.0859999999334 0.0039999999247 0
0.0849999998719 0.00899999984275 0
0.0849999998719 0.0109999999657 0
0.0849999998719 0.00999999990421 0
0.0849999998719 0.0119999998325 0
0.0849999998719 0.0169999999452 0
0.085 0.019 21
0.0849999998719 0.017999999812 0
0.0849999998719 0.0149999998223 0
0.0849999998719 0.0159999998837 0
0.0849999998719 0.012999999894 0
0.0849999998719 0.0139999999554 0
0.0859999999334 0.00799999997593 0
0.087 0 1
0.0859999999334 0.00199999999641 0
0.0859999999334 0.00299999986324 0
0.0869999999949 0.000999999934947 0
0.0865789472862 0.00349999979665 0
0.0859999999334 0.00699999991446 0
0.0859999999334 0.00599999985299 0
0.0859999999334 0.00499999998617 0
0.0866052630927 0.00449999985811 0
0.0859999999334 0.00899999984275 0
0.0859999999334 0.00999999990421 0
0.0859999999334 0.0119999998325 0
0.0859999999334 0.012999999894 0
0.0859999999334 0.0109999999657 0
0.0858947367076 0.0169999999452 0
0.086 0.019 21
0.0859999999334 0.017999999812 0
0.0859999999334 0.0159999998837 0
0.0859999999334 0.0149999998223 0
0.0859999999334 0.0139999999554 0
0.0869999999949 0.00799999997593 0
0.0869999999949 0.00899999984275 0
0.0869999999949 0.00699999991446 0
0.088 0 1
0.0869999999949 0.00199999999641 0
0.087157894639 0.00299999986324 0
0.0880526314746 0.000999999934947 0
0.0872105262519 0.0039999999247 0
0.0869999999949 0.00599999985299 0
0.0872631578648 0.00499999998617 0
0.0869999999949 0.00999999990421 0
0.0868157893497 0.0119999998325 0
0.0869999999949 0.012999999894 0
0.0869999999949 0.0109999999657 0
0.0877631576036 0.00999999990421 0
0.0868421051561 0.0159999998837 0
0.087 0.019 21
0.0869999999949 0.0169999999452 0
0.0869999999949 0.017999999812 0
0.0867894735432 0.0149999998223 0
0.0869999999949 0.0139999999554 0
0.0879999998617 0.00699999991446 0
0.0879999998617 0.00899999984275 0
0.0879999998617 0.00799999997593 0
0.089 0 1
0.0890526315361 0.000999999934947 0
0.0879999998617 0.00299999986324 0
0.0881052630875 0.00199999999641 0
0.0885789472145 0.00349999979665 0
0.0882631577316 0.00499999998617 0
0.0879999998617 0.0039999999247 0
0.0883157893445 0.00599999985299 0
0.0876315787659 0.0119999998325 0
0.087842105023 0.012999999894 0
0.0879999998617 0.0109999999657 0
0.0885263156016 0.00999999990421 0
0.0878421052176 0.0159999998837 0
0.0879999998617 0.0169999999452 0
0.088 0.019 21
0.0879999998617 0.017999999812 0
0.0879999998617 0.0139999999554 0
0.0879999998617 0.0149999998223 0
0.0889999999232 0.00699999991446 0
0.0889999999232 0.00899999984275 0
0.0894210524372 0.00799999997593 0
0.09 0 1
0.0900526314029 0.000999999934947 0
0.089105263149 0.00199999999641 0
0.0891578945673 0.00299999986324 0
0.0889999999232 0.00499999998617 0
0.0892105261802 0.0039999999247 0
0.089315789406 0.00599999985299 0
0.0886315788274 0.0119999998325 0
0.0886842104403 0.012999999894 0
0.0889999999232 0.0109999999657 0
0.089526315663 0.00999999990421 0
0.0889999999232 0.0159999998837 0
0.0888947366973 0.0169999999452 0
0.089 0.019 21
0.0889473683102 0.017999999812 0
0.0887368420532 0.0139999999554 0
0.0889999999232 0.0149999998223 0
0.0899999999846 0.00699999991446 0
0.0904210524987 0.00799999997593 0
0.0904736841116 0.00899999984275 0
0.091 0 1
0.0909999998515 0.000999999934947 0
0.0901052630158 0.00199999999641 0
0.0899999999846 0.00299999986324 0
0.0902631578546 0.00499999998617 0
0.0902105262417 0.0039999999247 0
0.0903157894675 0.00599999985299 0
0.0896315788889 0.0119999998325 0
0.0896842105018 0.012999999894 0
0.0899999999846 0.0109999999657 0
0.0905263157245 0.00999999990421 0
0.0898421051459 0.0159999998837 0
0.0899999999846 0.0169999999452 0
0.09 0.019 21
0.0899999999846 0.017999999812 0
0.0899999999846 0.0139999999554 0
0.0899999999846 0.0149999998223 0
0.0909999998515 0.00699999991446 0
0.0914210525601 0.00799999997593 0
0.0914736841731 0.00899999984275 0
0.092 0 1
0.0920526315258 0.000999999934947 0
0.0911052630773 0.00199999999641 0
0.0909999998515 0.00299999986324 0
0.0912105263031 0.0039999999247 0
0.0909999998515 0.00499999998617 0
0.0913157893343 0.00599999985299 0
0.0906315787557 0.0119999998325 0
0.0906842103686 0.012999999894 0
0.0909999998515 0.0109999999657 0
0.091526315786 0.00999999990421 0
0.0909999998515 0.0159999998837 0
0.0908947368203 0.0169999999452 0
0.091 0.019 21
0.0909999998515 0.017999999812 0
0.0909999998515 0.0139999999554 0
0.0909999998515 0.0149999998223 0
0.0919999999129 0.00699999991446 0
0.0924210526216 0.00799999997593 0
0.0922631577829 0.00949999977616 0
0.093 0 1
0.0929999999744 0.000999999934947 0
0.0919999999129 0.00199999999641 0
0.0919999999129 0.00299999986324 0
0.0922105261699 0.0039999999247 0
0.0919999999129 0.00499999998617 0
0.0923157893958 0.00599999985299 0
0.092 0.019 21
0.0916315788172 0.0119999998325 0
0.0916842104301 0.012999999894 0
0.0919999999129 0.0109999999657 0
0.0918421050742 0.0159999998837 0
0.0918947366871 0.0169999999452 0
0.0919473683 0.017999999812 0
0.091736842043 0.0139999999554 0
0.0919999999129 0.0149999998223 0
0.0929999999744 0.00999999990421 0
0.0932105260368 0.00799999997593 0
0.0929999999744 0.00699999991446 0
0.0929999999744 0.00899999984275 0
0.094 0 1
0.0940526314541 0.000999999934947 0
0.0931052630056 0.00199999999641 0
0.0929999999744 0.00299999986324 0
0.0932105262314 0.0039999999247 0
0.0929999999744 0.00499999998617 0
0.0933157894572 0.00599999985299 0
0.093 0.019 21
0.0929999999744 0.017999999812 0
0.0926842104915 0.012999999894 0
0.0926315788786 0.0119999998325 0
0.0929999999744 0.0109999999657 0
0.0928421051356 0.0159999998837 0
0.0929999999744 0.0169999999452 0
0.0929999999744 0.0139999999554 0
0.0929999999744 0.0149999998223 0
0.0939999998412 0.00999999990421 0
0.0939999998412 0.00799999997593 0
0.0939999998412 0.00699999991446 0
0.0944736841628 0.00899999984275 0
0.0949999999027 0.000999999934947 0
0.095 0 1
0.094105263067 0.00199999999641 0
0.0951052631285 0.00199999999641 0
0.0939999998412 0.00299999986324 0
0.0939999998412 0.0039999999247 0
0.0942631577111 0.00499999998617 0
0.0943157893241 0.00599999985299 0
0.09389473681 0.0169999999452 0
0.094 0.019 21
0.0939999998412 0.017999999812 0
0.0936842103584 0.012999999894 0
0.0939999998412 0.0119999998325 0
0.0939999998412 0.0109999999657 0
0.0939999998412 0.0159999998837 0
0.0939999998412 0.0139999999554 0
0.0939999998412 0.0149999998223 0
0.0947631576446 0.00999999990421 0
0.096 0 1
0.0949999999027 0.00699999991446 0
0.0949999999027 0.00799999997593 0
0.0954736840296 0.00899999984275 0
0.0959999999641 0.000999999934947 0
0.0961052629953 0.00199999999641 0
0.0951578945468 0.00299999986324 0
0.0949999999027 0.0039999999247 0
0.0953157893855 0.00599999985299 0
0.0952631577726 0.00499999998617 0
0.0948947366768 0.0169999999452 0
0.095 0.019 21
0.0949999999027 0.017999999812 0
0.0949999999027 0.0109999999657 0
0.0946842104198 0.012999999894 0
0.0949999999027 0.0119999998325 0
0.0949999999027 0.0159999998837 0
0.0949999999027 0.0139999999554 0
0.0947894736457 0.0149999998223 0
0.0955263156425 0.00999999990421 0
0.097 0 1
0.096315789447 0.00599999985299 0
0.0959999999641 0.00699999991446 0
0.0959999999641 0.00799999997593 0
0.0966842103481 0.00749999984787 0
0.0964736840911 0.00899999984275 0
0.0961578946082 0.00299999986324 0
0.096999999831 0.00199999999641 0
0.096999999831 0.000999999934947 0
0.0959999999641 0.0039999999247 0
0.0962631578341 0.00499999998617 0
0.0959999999641 0.0159999998837 0
0.0958947367383 0.0169999999452 0
0.096 0.019 21
0.0959473683512 0.017999999812 0
0.0959999999641 0.0109999999657 0
0.0959999999641 0.0119999998325 0
0.0956842104813 0.012999999894 0
0.0959999999641 0.0149999998223 0
0.0957368420942 0.0139999999554 0
0.096526315704 0.00999999990421 0
0.098 0 1
0.0972631577009 0.00499999998617 0
0.0971578946697 0.00599999985299 0
0.0973684209267 0.00699999991446 0
0.0974210525396 0.00799999997593 0
0.0974736841526 0.00899999984275 0
0.096999999831 0.00299999986324 0
0.0979999998924 0.00199999999641 0
0.0979999998924 0.000999999934947 0
0.0972105262826 0.0039999999247 0
0.0967894735739 0.0149999998223 0
0.0968421051869 0.0159999998837 0
0.0968947367998 0.0169999999452 0
0.097 0.019 21
0.0969473684127 0.017999999812 0
0.0967894735739 0.0114999998991 0
0.096736841961 0.0122499997992 0
0.0966842103481 0.012999999894 0
0.096736841961 0.0139999999554 0
0.0975789471837 0.0109999999657 0
0.0979999998924 0.00999999990421 0
0.099 0 1
0.0979999998924 0.00499999998617 0
0.0979999998924 0.00599999985299 0
0.0983684209882 0.00699999991446 0
0.0984736840194 0.00899999984275 0
0.0984210526011 0.00799999997593 0
0.0979999998924 0.00299999986324 0
0.0991052629851 0.00199999999641 0
0.0990526315668 0.000999999934947 0
0.0982105261495 0.0039999999247 0
0.098 0.019 21
0.0977894736354 0.0149999998223 0
0.0978421052483 0.0159999998837 0
0.0979999998924 0.0169999999452 0
0.0979999998924 0.017999999812 0
0.0976315787967 0.0119999998325 0
0.0976842104096 0.012999999894 0
0.0979999998924 0.0139999999554 0
0.0985789472452 0.0109999999657 0
0.0989999999539 0.00999999990421 0
0.1 0 1
0.0994736840809 0.00899999984275 0
0.0992631578238 0.00499999998617 0
0.0989999999539 0.00599999985299 0
0.0991842104045 0.00699999991446 0
0.0992105262109 0.00799999997593 0
0.099157894598 0.00299999986324 0
0.100052631434 0.000999999934947 0
0.0999999998207 0.00199999999641 0
0.0992105262109 0.0039999999247 0
0.099 0.019 21
0.0987894735022 0.0149999998223 0
0.0988947367281 0.0169999999452 0
0.0989999999539 0.0159999998837 0
0.0989999999539 0.017999999812 0
0.0986315788581 0.0119999998325 0
0.098684210471 0.012999999894 0
0.0989999999539 0.0139999999554 0
0.0995789473067 0.0109999999657 0
0.0999999998207 0.00999999990421 0
0.101 0 1
0.100999999882 0.000999999934947 0
0.100236841884 0.00899999984275 0
0.0999999998207 0.00799999997593 0
0.0999999998207 0.00499999998617 0
0.0999999998207 0.00599999985299 0
0.0999999998207 0.00699999991446 0
0.0999999998207 0.00299999986324 0
0.100999999882 0.00199999999641 0
0.100210526272 0.0039999999247 0
0.0993421050486 0.0124999997659 0
0.1 0.019 21
0.0999999998207 0.017999999812 0
0.0999999998207 0.0149999998223 0
0.0999999998207 0.0159999998837 0
0.0999999998207 0.0169999999452 0
0.0999999998207 0.0119999998325 0
0.0999999998207 0.0139999999554 0
0.0999999998207 0.012999999894 0
0.100578947368 0.0109999999657 0
0.100999999882 0.00999999990421 0
0.100999999882 0.00899999984275 0
0.102 0 1
0.101999999944 0.00199999999641 0
0.101999999944 0.000999999934947 0
0.100999999882 0.00799999997593 0
0.100999999882 0.00499999998617 0
0.100999999882 0.00599999985299 0
0.101368420978 0.00699999991446 0
0.101157894721 0.00299999986324 0
0.100999999882 0.0039999999247 0
0.102157894588 0.00299999986324 0
0.101 0.019 21
0.100947368269 0.017999999812 0
0.100789473625 0.0149999998223 0
0.100842105238 0.0159999998837 0
0.100999999882 0.0169999999452 0
0.100999999882 0.0139999999554 0
0.100999999882 0.0119999998325 0
0.100999999882 0.012999999894 0
0.101578947235 0.0109999999657 0
0.101763157686 0.00999999990421 0
0.101999999944 0.00899999984275 0
0.103 0 1
0.10299999981 0.00199999999641 0
0.103052631423 0.000999999934947 0
0.102368421039 0.00699999991446 0
0.102421052458 0.00799999997593 0
0.101999999944 0.00499999998617 0
0.102315789427 0.00599999985299 0
0.102210526201 0.0039999999247 0
0.10299999981 0.00299999986324 0
0.102 0.019 21
0.101999999944 0.017999999812 0
0.101999999944 0.0169999999452 0
0.101789473492 0.0149999998223 0
0.101842105105 0.0159999998837 0
0.101999999944 0.0139999999554 0
0.101815789298 0.0119999998325 0
0.101999999944 0.012999999894 0
0.103421052519 0.00799999997593 0
0.10299999981 0.00899999984275 0
0.102578947296 0.0109999999657 0
0.102526315684 0.00999999990421 0
0.104 0 1
0.104052631485 0.000999999934947 0
0.103999999872 0.00199999999641 0
0.103210526262 0.0039999999247 0
0.103157894649 0.00599999985299 0
0.103368420906 0.00699999991446 0
0.10299999981 0.00499999998617 0
0.104210526129 0.0039999999247 0
0.104157894711 0.00299999986324 0
0.104210526129 0.00799999997593 0
0.103 0.019 21
0.102947368392 0.017999999812 0
0.10299999981 0.0169999999452 0
0.102842105166 0.0159999998837 0
0.102789473553 0.0149999998223 0
0.102736841941 0.0139999999554 0
0.102631578909 0.0119999998325 0
0.10299999981 0.012999999894 0
0.103999999872 0.00899999984275 0
0.103999999872 0.00999999990421 0
0.103578947358 0.0109999999657 0
0.104999999933 0.000999999934947 0
0.105 0 1
0.105105262965 0.00199999999641 0
0.104368420968 0.00699999991446 0
0.104263157742 0.00499999998617 0
0.103999999872 0.00599999985299 0
0.105263157803 0.00499999998617 0
0.104999999933 0.0039999999247 0
0.105157894578 0.00299999986324 0
0.104999999933 0.00799999997593 0
0.104 0.019 21
0.103999999872 0.017999999812 0
0.103999999872 0.0169999999452 0
0.103842105228 0.0159999998837 0
0.103789473615 0.0149999998223 0
0.103999999872 0.0139999999554 0
0.105184210384 0.00699999991446 0
0.10547368406 0.00899999984275 0
0.103999999872 0.012999999894 0
0.103631578776 0.0119999998325 0
0.104999999933 0.00999999990421 0
0.104578947225 0.0109999999657 0
0.105999999995 0.000999999934947 0
0.106 0 1
0.105999999995 0.00199999999641 0
0.105315789416 0.00599999985299 0
0.105999999995 0.00499999998617 0
0.105999999995 0.0039999999247 0
0.105999999995 0.00299999986324 0
0.106578947348 0.00349999979665 0
0.105789473543 0.00799999997593 0
0.105 0.019 21
0.104894736708 0.0169999999452 0
0.10494736832 0.017999999812 0
0.104999999933 0.0159999998837 0
0.104789473676 0.0149999998223 0
0.104999999933 0.0139999999554 0
0.104842105095 0.012999999894 0
0.105999999995 0.00699999991446 0
0.105999999995 0.00999999990421 0
0.106236841864 0.00899999984275 0
0.104999999933 0.0119999998325 0
0.105999999995 0.0109999999657 0
0.106999999862 0.000999999934947 0
0.107 0 1
0.107105263088 0.00199999999641 0
0.106684210379 0.00599999985299 0
0.106999999862 0.00499999998617 0
0.107210526313 0.0039999999247 0
0.1071578947 0.00299999986324 0
0.105605263093 0.0154999997557 0
0.106578947348 0.00799999997593 0
0.106 0.019 21
0.105999999995 0.017999999812 0
0.105894736769 0.0169999999452 0
0.106157894639 0.0159999998837 0
0.106210526252 0.0149999998223 0
0.105999999995 0.0139999999554 0
0.105684210512 0.012999999894 0
0.107368420957 0.00699999991446 0
0.106999999862 0.00999999990421 0
0.106999999862 0.00899999984275 0
0.106368420896 0.0119999998325 0
0.106973684055 0.0114999998991 0
0.107999999923 0.000999999934947 0
0.108 0 1
0.107999999923 0.00199999999641 0
0.107999999923 0.00599999985299 0
0.107999999923 0.00499999998617 0
0.108157894567 0.00299999986324 0
0.107999999923 0.0039999999247 0
0.10742105257 0.00799999997593 0
0.106999999862 0.0149999998223 0
0.106999999862 0.0159999998837 0
0.107 0.019 21
0.106999999862 0.017999999812 0
0.106999999862 0.0169999999452 0
0.106999999862 0.0139999999554 0
0.106999999862 0.012999999894 0
0.108368421019 0.00699999991446 0
0.10821052618 0.00799999997593 0
0.107999999923 0.00899999984275 0
0.107578947214 0.0109999999657 0
0.107999999923 0.00999999990421 0
0.107631578827 0.0119999998325 0
0.109 0 1
0.108999999985 0.000999999934947 0
0.109105263016 0.00199999999641 0
0.109157894629 0.00299999986324 0
0.108999999985 0.00599999985299 0
0.108999999985 0.00499999998617 0
0.109210526242 0.0039999999247 0
0.107789473666 0.0149999998223 0
0.107999999923 0.0159999998837 0
0.108 0.019 21
0.107999999923 0.0169999999452 0
0.107999999923 0.017999999812 0
0.107999999923 0.0139999999554 0
0.107999999923 0.012999999894 0
0.109184210435 0.00699999991446 0
0.108999999985 0.00799999997593 0
0.108999999985 0.00899999984275 0
0.108578947276 0.0109999999657 0
0.108999999985 0.00999999990421 0
0.108999999985 0.0119999998325 0
0.11 0 1
0.110052631464 0.000999999934947 0
0.109999999851 0.00199999999641 0
0.110210526303 0.0039999999247 0
0.109999999851 0.00299999986324 0
0.109999999851 0.00599999985299 0
0.110263157721 0.00499999998617 0
0.108789473533 0.0149999998223 0
0.108999999985 0.0159999998837 0
0.109 0.019 21
0.108999999985 0.0169999999452 0
0.108947368372 0.017999999812 0
0.108999999985 0.012999999894 0
0.10873684192 0.0139999999554 0
0.109999999851 0.00999999990421 0
0.109999999851 0.00699999991446 0
0.109999999851 0.00799999997593 0
0.110473684173 0.00899999984275 0
0.109842105207 0.012999999894 0
0.109999999851 0.0109999999657 0
0.109999999851 0.0119999998325 0
0.111 0 1
0.110999999913 0.00199999999641 0
0.110999999913 0.000999999934947 0
0.110999999913 0.0039999999247 0
0.110999999913 0.00299999986324 0
0.110999999913 0.00599999985299 0
0.110999999913 0.00699999991446 0
0.111263157783 0.00499999998617 0
0.109394736692 0.0144999996942 0
0.111999999974 0.0039999999247 0
0.11 0.019 21
0.109999999851 0.0149999998223 0
0.109999999851 0.0169999999452 0
0.109999999851 0.0159999998837 0
0.109999999851 0.017999999812 0
0.109999999851 0.0139999999554 0
0.110999999913 0.0109999999657 0
0.110999999913 0.00999999990421 0
0.110999999913 0.00799999997593 0
0.111236841976 0.00899999984275 0
0.11068421043 0.012999999894 0
0.110999999913 0.0119999998325 0
0.112 0 1
0.111999999974 0.00199999999641 0
0.111999999974 0.000999999934947 0
0.111999999974 0.00299999986324 0
0.111999999974 0.00599999985299 0
0.111999999974 0.00699999991446 0
0.111999999974 0.00499999998617 0
0.112605263134 0.00449999985811 0
0.112578947327 0.00349999979665 0
0.111 0.019 21
0.110999999913 0.0149999998223 0
0.110999999913 0.0159999998837 0
0.110894736687 0.0169999999452 0
0.110999999913 0.017999999812 0
0.110999999913 0.0139999999554 0
0.111789473523 0.0109999999657 0
0.111999999974 0.0119999998325 0
0.111999999974 0.00999999990421 0
0.111999999974 0.00899999984275 0
0.111999999974 0.00799999997593 0
0.111999999974 0.012999999894 0
0.113 0 1
0.113052631454 0.000999999934947 0
0.112999999841 0.00199999999641 0
0.11315789468 0.00299999986324 0
0.113263157711 0.00499999998617 0
0.112999999841 0.00699999991446 0
0.112999999841 0.00599999985299 0
0.113210526293 0.0039999999247 0
0.112710526165 0.00849999990934 0
0.112 0.019 21
0.111999999974 0.017999999812 0
0.111789473523 0.0149999998223 0
0.111842105136 0.0159999998837 0
0.111999999974 0.0169999999452 0
0.111999999974 0.0139999999554 0
0.112578947327 0.0109999999657 0
0.112815789391 0.0119999998325 0
0.112999999841 0.00999999990421 0
0.11342105255 0.00799999997593 0
0.112842105197 0.012999999894 0
0.114 0 1
0.114052631516 0.000999999934947 0
0.113999999903 0.00299999986324 0
0.114105263129 0.00199999999641 0
0.11421052616 0.0039999999247 0
0.113999999903 0.00599999985299 0
0.114263157773 0.00499999998617 0
0.113999999903 0.00699999991446 0
0.113473684163 0.00899999984275 0
0.113 0.019 21
0.112947368228 0.017999999812 0
0.112789473584 0.0149999998223 0
0.112842105197 0.0159999998837 0
0.112999999841 0.0169999999452 0
0.112999999841 0.0139999999554 0
0.113999999903 0.00999999990421 0
0.113631578807 0.0119999998325 0
0.113578947194 0.0109999999657 0
0.114421052611 0.00799999997593 0
0.11368421042 0.012999999894 0
0.115 0 1
0.114999999964 0.00199999999641 0
0.115052631577 0.000999999934947 0
0.114999999964 0.00299999986324 0
0.114999999964 0.0039999999247 0
0.114999999964 0.00599999985299 0
0.115263157834 0.00499999998617 0
0.114999999964 0.00699999991446 0
0.11342105255 0.0154999997557 0
0.11447368403 0.00899999984275 0
0.114 0.019 21
0.113999999903 0.017999999812 0
0.113999999903 0.0169999999452 0
0.113999999903 0.0149999998223 0
0.113999999903 0.0159999998837 0
0.113999999903 0.0139999999554 0
0.114631578868 0.0119999998325 0
0.114999999964 0.00999999990421 0
0.114578947255 0.0109999999657 0
0.115421052478 0.00799999997593 0
0.114684210481 0.012999999894 0
0.116 0 1
0.116052631444 0.000999999934947 0
0.115999999831 0.00199999999641 0
0.115999999831 0.00299999986324 0
0.116210526283 0.0039999999247 0
0.116263157701 0.00499999998617 0
0.115999999831 0.00599999985299 0
0.115999999831 0.00699999991446 0
0.115473684091 0.00899999984275 0
0.115999999831 0.00999999990421 0
0.115 0.019 21
0.114999999964 0.017999999812 0
0.114999999964 0.0169999999452 0
0.114842105125 0.0159999998837 0
0.114789473512 0.0149999998223 0
0.114999999964 0.0139999999554 0
0.11563157893 0.0119999998325 0
0.115999999831 0.0109999999657 0
0.11642105254 0.00799999997593 0
0.115999999831 0.012999999894 0
0.117 0 1
0.117052631505 0.000999999934947 0
0.117105263118 0.00199999999641 0
0.117157894731 0.00299999986324 0
0.116999999892 0.0039999999247 0
0.117263157762 0.00499999998617 0
0.117315789375 0.00599999985299 0
0.116999999892 0.00699999991446 0
0.115999999831 0.0139999999554 0
0.115421052478 0.0154999997557 0
0.116473684153 0.00899999984275 0
0.116763157634 0.00999999990421 0
0.116 0.019 21
0.115999999831 0.017999999812 0
0.115999999831 0.0169999999452 0
0.115999999831 0.0159999998837 0
0.115999999831 0.0149999998223 0
0.116631578797 0.0119999998325 0
0.116999999892 0.0109999999657 0
0.117421052601 0.00799999997593 0
0.116842105054 0.012999999894 0
0.116736842022 0.0139999999554 0
0.118052631567 0.000999999934947 0
0.118 0 1
0.118157894598 0.00299999986324 0
0.118105262985 0.00199999999641 0
0.118315789437 0.00599999985299 0
0.118210526211 0.0039999999247 0
0.118263157824 0.00499999998617 0
0.11836842105 0.00699999991446 0
0.117473684019 0.00899999984275 0
0.117526315632 0.00999999990421 0
0.117 0.019 21
0.11694736828 0.017999999812 0
0.116894736667 0.0169999999452 0
0.116999999892 0.0149999998223 0
0.116842105248 0.0159999998837 0
0.119026315433 0.00749999984787 0
0.117631578858 0.0119999998325 0
0.117789473502 0.0109999999657 0
0.118236841823 0.00899999984275 0
0.118421052468 0.00799999997593 0
0.117999999954 0.0139999999554 0
0.117684210471 0.012999999894 0
0.118999999821 0.000999999934947 0
0.119 0 1
0.118999999821 0.00299999986324 0
0.118999999821 0.00199999999641 0
0.118999999821 0.00499999998617 0
0.119157894465 0.00599999985299 0
0.118999999821 0.0039999999247 0
0.119631578786 0.00699999991446 0
0.118526315694 0.00999999990421 0
0.118578947307 0.0109999999657 0
0.117999999954 0.0149999998223 0
0.118 0.019 21
0.117999999954 0.017999999812 0
0.117894736728 0.0169999999452 0
0.117999999954 0.0159999998837 0
0.119578947368 0.00799999997593 0
0.11863157892 0.0119999998325 0
0.118999999821 0.00899999984275 0
0.118736841951 0.0139999999554 0
0.118999999821 0.012999999894 0
0.119947368269 0.000999999934947 0
0.12 0 1
0.119842105238 0.00299999986324 0
0.119999999882 0.00199999999641 0
0.119736842012 0.00499999998617 0
0.119999999882 0.00599999985299 0
0.120210526139 0.0039999999247 0
0.120368420978 0.00699999991446 0
0.118578947112 0.0154999997557 0
0.119289473302 0.0104999998376 0
0.119328947012 0.0112499997377 0
0.119210526272 0.0149999998223 0
0.119 0.019 21
0.118947368402 0.017999999812 0
0.118999999821 0.0169999999452 0
0.119157894659 0.0159999998837 0
0.121 0 1
0.119999999882 0.00899999984275 0
0.120421052591 0.00799999997593 0
0.119368420916 0.0119999998325 0
0.119999999882 0.00999999990421 0
0.119999999882 0.0139999999554 0
0.119999999882 0.012999999894 0
0.120999999944 0.000999999934947 0
0.120999999944 0.00299999986324 0
0.121105262975 0.00199999999641 0
0.121210526201 0.0039999999247 0
0.120999999944 0.00599999985299 0
0.120999999944 0.00499999998617 0
0.121184210394 0.00699999991446 0
0.119999999882 0.0109999999657 0
0.119999999882 0.0149999998223 0
0.119999999882 0.0159999998837 0
0.12 0.019 21
0.119999999882 0.017999999812 0
0.119999999882 0.0169999999452 0
0.122 0 1
0.120999999944 0.00999999990421 0
0.120999999944 0.00899999984275 0
0.121421052458 0.00799999997593 0
0.120631578848 0.0119999998325 0
0.120999999944 0.0109999999657 0
0.120999999944 0.012999999894 0
0.120736842074 0.0139999999554 0
0.122052631423 0.000999999934947 0
0.12199999981 0.00199999999641 0
0.12199999981 0.00299999986324 0
0.12199999981 0.00699999991446 0
0.122263157875 0.00499999998617 0
0.122210526262 0.0039999999247 0
0.12199999981 0.00599999985299 0
0.120789473492 0.0149999998223 0
0.120999999944 0.0159999998837 0
0.121 0.019 21
0.120947368331 0.017999999812 0
0.120999999944 0.0169999999452 0
0.123 0 1
0.122421052519 0.00799999997593 0
0.12199999981 0.00999999990421 0
0.122473684132 0.00899999984275 0
0.12199999981 0.0109999999657 0
0.121631578909 0.0119999998325 0
0.12199999981 0.012999999894 0
0.121789473553 0.0149999998223 0
0.12199999981 0.0139999999554 0
0.122999999872 0.000999999934947 0
0.123105263098 0.00199999999641 0
0.122999999872 0.00299999986324 0
0.123210526129 0.0039999999247 0
0.122999999872 0.00699999991446 0
0.122999999872 0.00499999998617 0
0.123315789355 0.00599999985299 0
0.121842105166 0.0159999998837 0
0.12199999981 0.0169999999452 0
0.122 0.019 21
0.12199999981 0.017999999812 0
0.124 0 1
0.123210526129 0.00799999997593 0
0.122763157614 0.00999999990421 0
0.123473684194 0.00899999984275 0
0.122999999872 0.0109999999657 0
0.122631578776 0.0119999998325 0
0.122999999872 0.0139999999554 0
0.122999999872 0.012999999894 0
0.122789473615 0.0149999998223 0
0.124052631546 0.000999999934947 0
0.123999999933 0.00199999999641 0
0.124157894578 0.00299999986324 0
0.123999999933 0.0039999999247 0
0.123999999933 0.00699999991446 0
0.124263157803 0.00499999998617 0
0.124315789416 0.00599999985299 0
0.123421052581 0.0154999997557 0
0.122842105228 0.0159999998837 0
0.122999999872 0.0169999999452 0
0.122999999872 0.017999999812 0
0.123 0.019 21
0.125 0 1
0.123999999933 0.00799999997593 0
0.123526315612 0.00999999990421 0
0.12447368406 0.00899999984275 0
0.123999999933 0.0109999999657 0
0.123842105095 0.012999999894 0
0.123999999933 0.0119999998325 0
0.123736842063 0.0139999999554 0
0.123999999933 0.0149999998223 0
0.125052631413 0.000999999934947 0
0.125105263026 0.00199999999641 0
0.125157894639 0.00299999986324 0
0.124999999995 0.0039999999247 0
0.124999999995 0.00699999991446 0
0.125315789283 0.00599999985299 0
0.125605263154 0.00449999985811 0
0.124999999995 0.00499999998617 0
0.123999999933 0.0159999998837 0
0.123894736708 0.0169999999452 0
0.12394736832 0.017999999812 0
0.124 0.019 21
0.126 0 1
0.124999999995 0.00799999997593 0
0.124526315673 0.00999999990421 0
0.125236841864 0.00899999984275 0
0.124999999995 0.0109999999657 0
0.124999999995 0.0119999998325 0
0.124684210512 0.012999999894 0
0.124999999995 0.0149999998223 0
0.124999999995 0.0139999999554 0
0.124999999995 0.0159999998837 0
0.126052631475 0.000999999934947 0
0.125999999862 0.00199999999641 0
0.125999999862 0.00299999986324 0
0.126210526313 0.0039999999247 0
0.125999999862 0.00699999991446 0
0.126157894506 0.00599999985299 0
0.126263157732 0.00499999998617 0
0.124894736769 0.0169999999452 0
0.124999999995 0.017999999812 0
0.12642105257 0.00799999997593 0
0.125 0.019 21
0.127 0 1
0.125999999862 0.00899999984275 0
0.125526315735 0.00999999990421 0
0.12578947341 0.0114999998991 0
0.125894736636 0.0122499997992 0
0.125999999862 0.012999999894 0
0.125789473605 0.0149999998223 0
0.125999999862 0.0159999998837 0
0.125999999862 0.0139999999554 0
0.125894736831 0.0169999999452 0
0.126999999923 0.000999999934947 0
0.126999999923 0.00199999999641 0
0.127157894567 0.00299999986324 0
0.126999999923 0.00499999998617 0
0.12721052618 0.0039999999247 0
0.126999999923 0.00699999991446 0
0.126999999923 0.00599999985299 0
0.127631578889 0.00549999972493 0
0.125999999862 0.017999999812 0
0.126999999923 0.00899999984275 0
0.127421052437 0.00799999997593 0
0.126 0.019 21
0.128 0 1
0.126999999923 0.00999999990421 0
0.126578947214 0.0109999999657 0
0.126631578827 0.0119999998325 0
0.126999999923 0.012999999894 0
0.126789473666 0.0149999998223 0
0.126842105084 0.0159999998837 0
0.126999999923 0.0139999999554 0
0.126999999923 0.0169999999452 0
0.128052631403 0.000999999934947 0
0.128105263016 0.00199999999641 0
0.127999999985 0.00299999986324 0
0.128210526242 0.0039999999247 0
0.128263157855 0.00499999998617 0
0.127999999985 0.00699999991446 0
0.128315789467 0.00599999985299 0
0.12694736831 0.017999999812 0
0.128210526047 0.00799999997593 0
0.12773684192 0.00949999977616 0
0.128473684112 0.00899999984275 0
0.127 0.019 21
0.129 0 1
0.127842105146 0.012999999894 0
0.127999999985 0.0109999999657 0
0.127631578889 0.0119999998325 0
0.127842105146 0.0159999998837 0
0.127789473533 0.0149999998223 0
0.127999999985 0.0139999999554 0
0.127999999985 0.0169999999452 0
0.127947368372 0.017999999812 0
0.129052631464 0.000999999934947 0
0.129105263077 0.00199999999641 0
0.12915789469 0.00299999986324 0
0.129263157721 0.00499999998617 0
0.128999999851 0.0039999999247 0
0.129368420947 0.00699999991446 0
0.128999999851 0.00799999997593 0
0.129315789334 0.00599999985299 0
0.128526315725 0.00999999990421 0
0.129473684173 0.00899999984275 0
0.128 0.019 21
0.13 0 1
0.128999999851 0.0109999999657 0
0.128684210369 0.012999999894 0
0.128999999851 0.0119999998325 0
0.128999999851 0.0139999999554 0
0.128842105207 0.0159999998837 0
0.128999999851 0.0149999998223 0
0.12889473682 0.0169999999452 0
0.128999999851 0.017999999812 0
0.129999999913 0.00199999999641 0
0.130052631526 0.000999999934947 0
0.129999999913 0.00299999986324 0
0.130263157783 0.00499999998617 0
0.13021052617 0.0039999999247 0
0.130184210363 0.00699999991446 0
0.130421052622 0.00799999997593 0
0.130315789396 0.00599999985299 0
0.129526315786 0.00999999990421 0
0.13047368404 0.00899999984275 0
0.129 0.019 21
0.131 0 1
0.129999999913 0.0109999999657 0
0.129815789073 0.0119999998325 0
0.12968421043 0.012999999894 0
0.129999999913 0.0139999999554 0
0.129999999913 0.0149999998223 0
0.129842105074 0.0159999998837 0
0.129894736687 0.0169999999452 0
0.1299473683 0.017999999812 0
0.131105263006 0.00199999999641 0
0.130999999974 0.000999999934947 0
0.131157894618 0.00299999986324 0
0.130999999974 0.00499999998617 0
0.131210526231 0.0039999999247 0
0.131236841843 0.00899999984275 0
0.130999999974 0.00699999991446 0
0.131421052488 0.00799999997593 0
0.131157894618 0.00599999985299 0
0.130526315653 0.00999999990421 0
0.13 0.019 21
0.132 0 1
0.130631578879 0.0119999998325 0
0.130999999974 0.0109999999657 0
0.130684210492 0.012999999894 0
0.130999999974 0.0139999999554 0
0.130999999974 0.0159999998837 0
0.130999999974 0.0149999998223 0
0.130999999974 0.017999999812 0
0.130894736749 0.0169999999452 0
0.131999999841 0.00199999999641 0
0.132052631454 0.000999999934947 0
0.132210526293 0.0039999999247 0
0.13215789468 0.00299999986324 0
0.131526315714 0.00999999990421 0
0.131999999841 0.00499999998617 0
0.131999999841 0.00599999985299 0
0.132210526098 0.00799999997593 0
0.131999999841 0.00899999984275 0
0.131999999841 0.00699999991446 0
0.131 0.019 21
0.133 0 1
0.131999999841 0.0149999998223 0
0.131999999841 0.0139999999554 0
0.13163157894 0.0119999998325 0
0.131999999841 0.0109999999657 0
0.131999999841 0.012999999894 0
0.131999999841 0.017999999812 0
0.131842105197 0.0159999998837 0
0.131999999841 0.0169999999452 0
0.133052631516 0.000999999934947 0
0.132999999903 0.00199999999641 0
0.133157894547 0.00299999986324 0
0.132999999903 0.0039999999247 0
0.133263157773 0.00499999998617 0
0.132526315776 0.00999999990421 0
0.132999999903 0.00599999985299 0
0.13347368403 0.00899999984275 0
0.132999999903 0.00799999997593 0
0.133368420998 0.00699999991446 0
0.132 0.019 21
0.132789473451 0.0109999999657 0
0.134 0 1
0.132789473646 0.0149999998223 0
0.132736842033 0.0139999999554 0
0.132999999903 0.0119999998325 0
0.132842105064 0.012999999894 0
0.13294736829 0.017999999812 0
0.132999999903 0.0159999998837 0
0.132999999903 0.0169999999452 0
0.133999999964 0.00499999998617 0
0.133999999964 0.000999999934947 0
0.134105262995 0.00199999999641 0
0.134157894608 0.00299999986324 0
0.134210526221 0.0039999999247 0
0.133526315643 0.00999999990421 0
0.134473684091 0.00899999984275 0
0.13418421022 0.00699999991446 0
0.134315789447 0.00599999985299 0
0.134421052478 0.00799999997593 0
0.133 0.019 21
0.133578947255 0.0109999999657 0
0.135 0 1
0.133789473512 0.0149999998223 0
0.133999999964 0.0139999999554 0
0.133815789319 0.0119999998325 0
0.133684210481 0.012999999894 0
0.133999999964 0.017999999812 0
0.133842105125 0.0159999998837 0
0.133999999964 0.0169999999452 0
0.135263157701 0.00499999998617 0
0.135105263057 0.00199999999641 0
0.135052631444 0.000999999934947 0
0.13515789467 0.00299999986324 0
0.135210526283 0.0039999999247 0
0.134526315704 0.00999999990421 0
0.135473684153 0.00899999984275 0
0.135315789314 0.00599999985299 0
0.13542105254 0.00799999997593 0
0.134999999831 0.00699999991446 0
0.134421052284 0.0154999997557 0
0.134 0.019 21
0.134578947317 0.0109999999657 0
0.136 0 1
0.136052631505 0.000999999934947 0
0.134999999831 0.0149999998223 0
0.134736841961 0.0139999999554 0
0.13463157893 0.0119999998325 0
0.134684210348 0.012999999894 0
0.1348947368 0.0169999999452 0
0.134947368413 0.017999999812 0
0.134999999831 0.0159999998837 0
0.136263157762 0.00499999998617 0
0.136210526149 0.0039999999247 0
0.135999999892 0.00199999999641 0
0.135999999892 0.00299999986324 0
0.135526315765 0.00999999990421 0
0.136473684019 0.00899999984275 0
0.136315789375 0.00599999985299 0
0.136210526149 0.00799999997593 0
0.135999999892 0.00699999991446 0
0.135 0.019 21
0.135578947184 0.0109999999657 0
0.137 0 1
0.136999999954 0.000999999934947 0
0.135789473635 0.0149999998223 0
0.13568421041 0.012999999894 0
0.135999999892 0.0139999999554 0
0.135631578797 0.0119999998325 0
0.135894736667 0.0169999999452 0
0.135999999892 0.017999999812 0
0.135842105248 0.0159999998837 0
0.137105262985 0.00199999999641 0
0.136999999954 0.00499999998617 0
0.136999999954 0.0039999999247 0
0.136999999954 0.00299999986324 0
0.136526315632 0.00999999990421 0
0.137315789437 0.00599999985299 0
0.137473684081 0.00899999984275 0
0.136999999954 0.00799999997593 0
0.136999999954 0.00699999991446 0
0.136 0.019 21
0.136578947245 0.0109999999657 0
0.138105263047 0.00199999999641 0
0.138 0 1
0.137999999821 0.000999999934947 0
0.136789473502 0.0149999998223 0
0.136999999954 0.0139999999554 0
0.136684210471 0.012999999894 0
0.136999999954 0.0119999998325 0
0.137 0.019 21
0.136999999954 0.017999999812 0
0.136894736728 0.0169999999452 0
0.136999999954 0.0159999998837 0
0.138157894659 0.00299999986324 0
0.137999999821 0.00499999998617 0
0.137999999821 0.0039999999247 0
0.138315789304 0.00599999985299 0
0.137526315694 0.00999999990421 0
0.138368420916 0.00699999991446 0
0.138236841884 0.00899999984275 0
0.137999999821 0.00799999997593 0
0.137578947307 0.0109999999657 0
0.139 0 1
0.138999999882 0.00199999999641 0
0.138999999882 0.000999999934947 0
0.139157894721 0.00299999986324 0
0.137789473564 0.0149999998223 0
0.137736841951 0.0139999999554 0
0.137684210338 0.012999999894 0
0.137999999821 0.0119999998325 0
0.138 0.019 21
0.137947368402 0.017999999812 0
0.137999999821 0.0159999998837 0
0.13789473679 0.0169999999452 0
0.139157894526 0.00599999985299 0
0.139210526139 0.0039999999247 0
0.138999999882 0.00499999998617 0
0.138526315755 0.00999999990421 0
0.139368420978 0.00699999991446 0
0.139421052591 0.00799999997593 0
0.138999999882 0.00899999984275 0
0.138578947368 0.0109999999657 0
0.138815789237 0.0119999998325 0
0.14 0 1
0.140052631557 0.000999999934947 0
0.139999999944 0.00199999999641 0
0.140157894588 0.00299999986324 0
0.140210526201 0.0039999999247 0
0.138789473625 0.0149999998223 0
0.138736842012 0.0139999999554 0
0.138999999882 0.012999999894 0
0.138999999882 0.0159999998837 0
0.139 0.019 21
0.138947368269 0.017999999812 0
0.138999999882 0.0169999999452 0
0.139999999944 0.00599999985299 0
0.140263157814 0.00499999998617 0
0.139578947235 0.0109999999657 0
0.140368421039 0.00699999991446 0
0.139999999944 0.00999999990421 0
0.140210526201 0.00799999997593 0
0.139999999944 0.00899999984275 0
0.139631578848 0.0119999998325 0
0.141 0 1
0.141052631423 0.000999999934947 0
0.141105263036 0.00199999999641 0
0.14099999981 0.0039999999247 0
0.14099999981 0.00299999986324 0
0.139789473492 0.0149999998223 0
0.139999999944 0.0139999999554 0
0.139999999944 0.012999999894 0
0.139999999944 0.0169999999452 0
0.139842105105 0.0159999998837 0
0.14 0.019 21
0.139999999944 0.017999999812 0
0.14099999981 0.00599999985299 0
0.141263157875 0.00499999998617 0
0.141368420906 0.00699999991446 0
0.140578947296 0.0109999999657 0
0.14099999981 0.00799999997593 0
0.14099999981 0.00999999990421 0
0.14099999981 0.00899999984275 0
0.141999999872 0.00499999998617 0
0.140631578909 0.0119999998325 0
0.14099999981 0.012999999894 0
0.142 0 1
0.141999999872 0.000999999934947 0
0.141999999872 0.00199999999641 0
0.142157894711 0.00299999986324 0
0.141999999872 0.0039999999247 0
0.140789473553 0.0149999998223 0
0.14099999981 0.0139999999554 0
0.140894736779 0.0169999999452 0
0.14099999981 0.0159999998837 0
0.14099999981 0.017999999812 0
0.141 0.019 21
0.141999999872 0.00599999985299 0
0.142368420968 0.00699999991446 0
0.141999999872 0.00799999997593 0
0.143184210384 0.00699999991446 0
0.141578947358 0.0109999999657 0
0.141999999872 0.00999999990421 0
0.141999999872 0.00899999984275 0
0.142710526062 0.00849999990934 0
0.142605263031 0.00449999985811 0
0.142631578838 0.00549999972493 0
0.141631578776 0.0119999998325 0
0.141999999872 0.012999999894 0
0.143 0 1
0.143052631546 0.000999999934947 0
0.143105262965 0.00199999999641 0
0.142999999933 0.00299999986324 0
0.14321052619 0.0039999999247 0
0.141999999872 0.0149999998223 0
0.141999999872 0.0139999999554 0
0.141999999872 0.0169999999452 0
0.141842105228 0.0159999998837 0
0.141999999872 0.017999999812 0
0.142 0.019 21
0.143315789416 0.00599999985299 0
0.14347368406 0.00899999984275 0
0.143421052447 0.00799999997593 0
0.143999999995 0.00699999991446 0
0.142578947225 0.0109999999657 0
0.142999999933 0.00999999990421 0
0.143763157737 0.00999999990421 0
0.143263157803 0.00499999998617 0
0.142631578838 0.0119999998325 0
0.142842105095 0.012999999894 0
0.144 0 1
0.144052631413 0.000999999934947 0
0.144105263026 0.00199999999641 0
0.143999999995 0.0039999999247 0
0.144157894639 0.00299999986324 0
0.143999999995 0.00499999998617 0
0.143631578899 0.0119999998325 0
0.142789473676 0.0149999998223 0
0.142999999933 0.0139999999554 0
0.142894736708 0.0169999999452 0
0.142999999933 0.0159999998837 0
0.143 0.019 21
0.142999999933 0.017999999812 0
0.144315789283 0.00599999985299 0
0.144473684122 0.00899999984275 0
0.144421052509 0.00799999997593 0
0.145026315668 0.00749999984787 0
0.144973683861 0.0064999997864 0
0.144526315735 0.00999999990421 0
0.143999999995 0.0109999999657 0
0.143684210512 0.012999999894 0
0.143999999995 0.0139999999554 0
0.144999999862 0.00199999999641 0
0.145 0 1
0.144999999862 0.000999999934947 0
0.144999999862 0.0039999999247 0
0.144999999862 0.00299999986324 0
0.144999999862 0.00499999998617 0
0.144631578766 0.0119999998325 0
0.143842105156 0.0159999998837 0
0.143999999995 0.0149999998223 0
0.143894736769 0.0169999999452 0
0.143999999995 0.017999999812 0
0.144 0.019 21
0.14568421044 0.00599999985299 0
0.145236841925 0.00899999984275 0
0.145578947214 0.00799999997593 0
0.145631578827 0.00699999991446 0
0.145473684183 0.00999999990421 0
0.14542105257 0.0109999999657 0
0.145842105084 0.00299999986324 0
0.144736841992 0.0139999999554 0
0.144999999862 0.012999999894 0
0.146 0 1
0.145894736697 0.00199999999641 0
0.145999999923 0.000999999934947 0
0.145789473666 0.0039999999247 0
0.145999999923 0.00499999998617 0
0.145973683922 0.0114999998991 0
0.145368420957 0.0119999998325 0
0.144842105218 0.0159999998837 0
0.145210526313 0.0149999998223 0
0.144947368249 0.017999999812 0
0.144999999862 0.0169999999452 0
0.145 0.019 21
0.146657894695 0.00549999972493 0
0.14651315776 0.00624999962505 0
0.146368421019 0.00699999991446 0
0.145999999923 0.00899999984275 0
0.146421052437 0.00799999997593 0
0.146526315663 0.00999999990421 0
0.146578947276 0.0109999999657 0
0.146421052437 0.00349999979665 0
0.14647368405 0.00249999992982 0
0.145999999923 0.0139999999554 0
0.145999999923 0.0149999998223 0
0.145999999923 0.012999999894 0
0.147 0 1
0.147052631403 0.000999999934947 0
0.147105263016 0.00199999999641 0
0.146999999985 0.0039999999247 0
0.147263157855 0.00499999998617 0
0.146631578889 0.0119999998325 0
0.145999999923 0.0169999999452 0
0.145999999923 0.0159999998837 0
0.145999999923 0.017999999812 0
0.146 0.019 21
0.147315789467 0.00599999985299 0
0.147368420886 0.00699999991446 0
0.146999999985 0.00899999984275 0
0.147421052499 0.00799999997593 0
0.147526315725 0.00999999990421 0
0.147578947337 0.0109999999657 0
0.147157894629 0.00299999986324 0
0.146999999985 0.012999999894 0
0.146789473533 0.0149999998223 0
0.14673684192 0.0139999999554 0
0.148 0 1
0.147999999851 0.000999999934947 0
0.147999999851 0.00499999998617 0
0.148105263077 0.00199999999641 0
0.148210526303 0.0039999999247 0
0.147631578756 0.0119999998325 0
0.146894736759 0.0169999999452 0
0.146842105146 0.0159999998837 0
0.146947368372 0.017999999812 0
0.147 0.019 21
0.148315789334 0.00599999985299 0
0.148368420947 0.00699999991446 0
0.147999999851 0.00899999984275 0
0.14842105256 0.00799999997593 0
0.148526315786 0.00999999990421 0
0.148578947204 0.0109999999657 0
0.14815789469 0.00299999986324 0
0.147999999851 0.012999999894 0
0.147789473594 0.0149999998223 0
0.147736841982 0.0139999999554 0
0.149 0 1
0.148999999913 0.000999999934947 0
0.148999999913 0.00499999998617 0
0.149105263139 0.00199999999641 0
0.148999999913 0.0039999999247 0
0.148631578817 0.0119999998325 0
0.14789473682 0.0169999999452 0
0.147999999851 0.0159999998837 0
0.147947368239 0.017999999812 0
0.148 0.019 21
0.149315789396 0.00599999985299 0
0.149368421009 0.00699999991446 0
0.148999999913 0.00899999984275 0
0.149421052622 0.00799999997593 0
0.149999999974 0.00999999990421 0
0.149578947266 0.0109999999657 0
0.149605262878 0.00449999966347 0
0.149157894557 0.00299999986324 0
0.148789473656 0.0149999998223 0
0.148999999913 0.012999999894 0
0.148736842043 0.0139999999554 0
0.15 0 1
0.150052631393 0.000999999934947 0
0.150263157844 0.00499999998617 0
0.150105263006 0.00199999999641 0
0.150210526231 0.0039999999247 0
0.149631578879 0.0119999998325 0
0.148894736687 0.0169999999452 0
0.148842105074 0.0159999998837 0
0.1489473683 0.017999999812 0
0.149 0.019 21
0.150421052488 0.00799999997593 0
0.150315789457 0.00599999985299 0
0.150368420876 0.00699999991446 0
0.150473684101 0.00899999984275 0
0.150999999841 0.00999999990421 0
0.150578947327 0.0109999999657 0
0.150157894618 0.00299999986324 0
0.14939473662 0.0144999996942 0
0.149421052427 0.0154999997557 0
0.149842104941 0.012999999894 0
0.149999999974 0.0139999999554 0
0.151263157711 0.00499999998617 0
0.151 0 1
0.151052631454 0.000999999934947 0
0.151210526293 0.0039999999247 0
0.151105263067 0.00199999999641 0
0.15115789468 0.00299999986324 0
0.15063157894 0.0119999998325 0
0.149999999974 0.0169999999452 0
0.149999999974 0.0159999998837 0
0.149999999974 0.017999999812 0
0.15 0.019 21
0.151210526098 0.00799999997593 0
0.151368420937 0.00699999991446 0
0.151315789324 0.00599999985299 0
0.151473684163 0.00899999984275 0
0.151763157645 0.00999999990421 0
0.151578947194 0.0109999999657 0
0.149999999974 0.0149999998223 0
0.150684210358 0.012999999894 0
0.150999999841 0.0139999999554 0
0.150789473584 0.0149999998223 0
0.15221052616 0.0039999999247 0
0.152263157773 0.00499999998617 0
0.152 0 1
0.151999999903 0.000999999934947 0
0.152157894547 0.00299999986324 0
0.152105263129 0.00199999999641 0
0.15168421042 0.012999999894 0
0.151999999903 0.0119999998325 0
0.15089473681 0.0169999999452 0
0.150842105197 0.0159999998837 0
0.150999999841 0.017999999812 0
0.151 0.019 21
0.151999999903 0.00799999997593 0
0.152184210353 0.00699999991446 0
0.152315789386 0.00599999985299 0
0.15247368403 0.00899999984275 0
0.152526315643 0.00999999990421 0
0.152999999964 0.0109999999657 0
0.151999999903 0.0139999999554 0
0.151789473646 0.0149999998223 0
0.152999999964 0.0039999999247 0
0.153157894608 0.00299999986324 0
0.152999999964 0.00499999998617 0
0.153 0 1
0.152999999964 0.000999999934947 0
0.153105262995 0.00199999999641 0
0.152684210481 0.012999999894 0
0.152999999964 0.0119999998325 0
0.151894736677 0.0169999999452 0
0.151999999903 0.0159999998837 0
0.151999999903 0.017999999812 0
0.152 0.019 21
0.152999999964 0.00799999997593 0
0.152999999964 0.00699999991446 0
0.153315789447 0.00599999985299 0
0.153473684091 0.00899999984275 0
0.153526315704 0.00999999990421 0
0.153999999831 0.0109999999657 0
0.152736842094 0.0139999999554 0
0.152999999964 0.0149999998223 0
0.153999999831 0.00299999986324 0
0.153999999831 0.0039999999247 0
0.154263157701 0.00499999998617 0
0.154 0 1
0.154052631444 0.000999999934947 0
0.154105263057 0.00199999999641 0
0.153684210348 0.012999999894 0
0.153999999831 0.0119999998325 0
0.152894736738 0.0169999999452 0
0.152999999964 0.0159999998837 0
0.152947368351 0.017999999812 0
0.153 0.019 21
0.153999999831 0.00799999997593 0
0.153999999831 0.00699999991446 0
0.154315789314 0.00599999985299 0
0.154473684153 0.00899999984275 0
0.154526315765 0.00999999990421 0
0.154789473441 0.0109999999657 0
0.154578947184 0.00349999979665 0
0.153999999831 0.0139999999554 0
0.153789473574 0.0149999998223 0
0.155157894731 0.00299999986324 0
0.155210526149 0.0039999999247 0
0.155263157762 0.00499999998617 0
0.155 0 1
0.155052631505 0.000999999934947 0
0.155105263118 0.00199999999641 0
0.15468421041 0.012999999894 0
0.154999999892 0.0119999998325 0
0.1538947368 0.0169999999452 0
0.153999999831 0.0159999998837 0
0.153999999831 0.017999999812 0
0.154 0.019 21
0.155315789375 0.00599999985299 0
0.154999999892 0.00799999997593 0
0.155368420988 0.00699999991446 0
0.155473684019 0.00899999984275 0
0.155526315632 0.00999999990421 0
0.155578947245 0.0109999999657 0
0.154999999892 0.0139999999554 0
0.154789473635 0.0149999998223 0
0.155999999954 0.00299999986324 0
0.155999999954 0.00499999998617 0
0.155999999954 0.0039999999247 0
0.156105262985 0.00199999999641 0
0.156 0 1
0.155999999954 0.000999999934947 0
0.155999999954 0.0119999998325 0
0.155684210471 0.012999999894 0
0.154894736667 0.0169999999452 0
0.154999999892 0.017999999812 0
0.154999999892 0.0159999998837 0
0.155 0.019 21
0.156315789437 0.00599999985299 0
0.15618421021 0.00699999991446 0
0.155999999954 0.00799999997593 0
0.156236841823 0.00899999984275 0
0.156526315694 0.00999999990421 0
0.156999999821 0.0109999999657 0
0.155736842084 0.0139999999554 0
0.155999999954 0.0149999998223 0
0.156999999821 0.0119999998325 0
0.156999999821 0.00299999986324 0
0.156999999821 0.00499999998617 0
0.156999999821 0.0039999999247 0
0.156999999821 0.000999999934947 0
0.157105263047 0.00199999999641 0
0.157 0 1
0.156736841951 0.0139999999554 0
0.156999999821 0.012999999894 0
0.155894736728 0.0169999999452 0
0.155947368341 0.017999999812 0
0.155999999954 0.0159999998837 0
0.156 0.019 21
0.157315789304 0.00599999985299 0
0.156999999821 0.00699999991446 0
0.156999999821 0.00799999997593 0
0.156999999821 0.00899999984275 0
0.157999999882 0.00699999991446 0
0.157526315755 0.00999999990421 0
0.157999999882 0.0109999999657 0
0.157999999882 0.0119999998325 0
0.156999999821 0.0149999998223 0
0.157999999882 0.012999999894 0
0.157999999882 0.00199999999641 0
0.157999999882 0.00299999986324 0
0.157999999882 0.0039999999247 0
0.157999999882 0.00499999998617 0
0.157999999882 0.000999999934947 0
0.158 0 1
0.157736842012 0.0139999999554 0
0.158861233982 0.0126986413019 0
0.156947368402 0.017999999812 0
0.156999999821 0.0159999998837 0
0.156999999821 0.0169999999452 0
0.157 0.019 21
0.158462341962 0.00585618593079 0
0.157999999882 0.00799999997593 0
0.157999999882 0.00899999984275 0
0.158899637525 0.00796485014177 0
0.158924684237 0.0067123722647 0
0.158937074455 0.00981506400645 0
0.158876398106 0.0107046096221 0
0.158954823872 0.0116715380892 0
0.157789473625 0.0149999998223 0
0.159722468276 0.0123972829045 0
0.15877288514 0.0138097393103 0
0.157999999882 0.0159999998837 0
0.158799680945 0.00176915732484 0
0.159199521476 0.00265373614785 0
0.158799680945 0.00326915731972 0
0.158997380392 0.00420653359439 0
0.159192203355 0.00513754590441 0
0.159 0 1
0.158899840347 0.000884578501838 0
0.158669830957 0.014691007587 0
0.159808928463 0.0136194786651 0
0.157947368269 0.017999999812 0
0.157999999882 0.0169999999452 0
0.158 0.019 21
0.159849368592 0.00642474461494 0
0.158997750999 0.00892551878009 0
0.159798714198 0.00842351904937 0
0.160109132412 0.0073327613971 0
0.15959640163 0.0100695114492 0
0.159909647863 0.0107498841844 0
0.160066962071 0.0116841287928 0
0.158596411496 0.0155549254713 0
0.16077884631 0.0125230854151 0
0.159550188483 0.0143820155463 0
0.159306116083 0.016448981823 0
0.159548435302 0.00169724092339 0
0.160007160852 0.00272622169543 0
0.159599362007 0.0035383147762 0
0.159994761097 0.00441306726408 0
0.160384407022 0.00527509221195 0
0.16 0 1
0.159897349518 0.000740745893578 0
0.160842303378 0.0134297079449 0
0.159680926059 0.0156569957173 0
0.160430546009 0.0140730235057 0
0.158922358796 0.0181296267354 0
0.159114237343 0.0172893042792 0
0.159 0.019 21
0.160774052947 0.00613711715982 0
0.1606760294 0.00789544467912 0
0.160206826812 0.00927107631827 0
0.160965030475 0.00877866389689 0
0.161163698872 0.00699914210769 0
0.160847441459 0.0110204730706 0
0.160614939427 0.0101186337818 0
0.161412581569 0.011805887524 0
0.161624220814 0.0125265686127 0
0.160055735839 0.0148650096115 0
0.160054660028 0.0163035478587 0
0.159881839118 0.017265309242 0
0.160414959697 0.0019141288093 0
0.160870180054 0.00293769490727 0
0.16066530302 0.00372564346239 0
0.160957537561 0.00437216231927 0
0.161407372246 0.00515437483909 0
0.160822758736 0.00110203592316 0
0.161 0 1
0.161471427658 0.014001776104 0
0.161835860254 0.0132472497014 0
0.160429470004 0.0155115615583 0
0.161106995256 0.0147563027012 0
0.159897349518 0.0182592538534 0
0.16 0.019 21
0.161716354165 0.00584132156241 0
0.161553344797 0.00786116705557 0
0.161464857757 0.00983216856046 0
0.161935324963 0.00870623265566 0
0.162003878069 0.00669666254692 0
0.161770834335 0.0107028237412 0
0.162077020353 0.0113769535818 0
0.162561702003 0.012217105917 0
0.160803204363 0.0161581138943 0
0.160989533929 0.017200659186 0
0.160822758736 0.0178979640184 0
0.161307889435 0.00220000892351 0
0.1615306681 0.0034692324266 0
0.162071311179 0.00476291870225 0
0.16259531958 0.0135907655933 0
0.162872377346 0.0129015418962 0
0.161745599206 0.00146232293976 0
0.161871134661 0.000740729932572 0
0.162 0 1
0.16231826201 0.0142799892905 0
0.161783444504 0.0154395818967 0
0.161 0.019 21
0.162658655578 0.005545525965 0
0.162844057265 0.00639418298616 0
0.16250327635 0.00793946883277 0
0.162314776282 0.00954570353375 0
0.162787208832 0.00857046658427 0
0.163148267232 0.00720594672519 0
0.162694227406 0.0103851746065 0
0.163073678725 0.0112246454846 0
0.163453130044 0.0120641163627 0
0.161532166683 0.0165462320398 0
0.161778353916 0.0177431255178 0
0.161393545927 0.0183645073469 0
0.162006387256 0.0023507962483 0
0.16245977891 0.0034290558487 0
0.163141433975 0.014502597056 0
0.162913170758 0.0045073154491 0
0.163822974005 0.0128823330198 0
0.16348220399 0.0136924650379 0
0.162836055351 0.000844090295019 0
0.162676929373 0.00166337264126 0
0.163 0 1
0.162459893946 0.0161228610922 0
0.16280066396 0.0153127290741 0
0.162 0.019 21
0.163434026082 0.00491521492607 0
0.163519494156 0.00575670740186 0
0.163670534911 0.00663400722741 0
0.1634524772 0.00801771046423 0
0.163562818167 0.0099423384332 0
0.163061082182 0.0092017773272 0
0.163807388082 0.00885785150994 0
0.163968872201 0.00726652361026 0
0.163815785713 0.0107975412188 0
0.164561486847 0.0122994997459 0
0.164186839207 0.0114706559783 0
0.162261129198 0.0169343501852 0
0.163087613267 0.0165780699651 0
0.162719407645 0.0175376768072 0
0.162364411118 0.0182592698144 0
0.16335385784 0.0021949559025 0
0.163060066322 0.00373652886868 0
0.162906818278 0.0028120058756 0
0.163824024706 0.0146588564755 0
0.163726962713 0.00426023401079 0
0.164746115009 0.0131512915476 0
0.164192230523 0.0136992498281 0
0.16359779496 0.000740745893578 0
0.164019128349 0.00174379256078 0
0.164 0 1
0.164100967046 0.0152715438385 0
0.163640447246 0.0160269216245 0
0.163 0.019 21
0.164496890124 0.00496849023469 0
0.164485267397 0.00651533675628 0
0.164485267397 0.00580331801712 0
0.164261283092 0.00789022465147 0
0.164431408928 0.0100906136513 0
0.164119398505 0.00947423248331 0
0.164553693983 0.00851392569268 0
0.164892633543 0.00734266831585 0
0.165111165023 0.0105926281752 0
0.165299999883 0.0126033332672 0
0.165299999883 0.0117166666667 0
0.163630985484 0.0172562071862 0
0.16359779496 0.0182592538534 0
0.164030455408 0.00272627931077 0
0.163540410277 0.00322759485932 0
0.164561487041 0.0145161664418 0
0.164540754668 0.00401315257248 0
0.165299999883 0.0134899998676 0
0.164447750078 0.00098160584842 0
0.164747379821 0.00216523144796 0
0.165 0 1
0.164930743365 0.0153330832501 0
0.164423015774 0.0164923840814 0
0.164 0.019 21
0.165409093556 0.00468214277442 0
0.165299999883 0.00550999987932 0
0.165299999883 0.00639666647981 0
0.165299999883 0.00816999987543 0
0.165299999883 0.00994333327105 0
0.165299999883 0.00905666647591 0
0.165572733968 0.00743035711123 0
0.166063655008 0.0130285712631 0
0.165790921118 0.011094642699 0
0.165871310478 0.0103733031214 0
0.166063655008 0.01214642844 0
0.16436715595 0.0176373005424 0
0.164692501015 0.00324617522247 0
0.165299999883 0.0143766666628 0
0.165354546622 0.00376607132882 0
0.1653 0.00285 7
0.16622174897 0.0137601027218 0
0.166009108269 0.0147589284814 0
0.166063655198 0.015675 15
0.165362745519 0.000809962354563 0
0.165 0.019 21
0.165719110799 0.00160567866429 0
0.166 0 1
0.1653 0.01615 15
0.164881007312 0.017068560837 0
0.165103326806 0.0180183938985 0
0.167065738176 0.013294405716 0
0.166063655008 0.00420714283768 0
0.166063655008 0.00508928566076 0
0.166063655008 0.00597142848384 0
0.166063655008 0.00685357130692 0
0.166063655008 0.00861785695308 0
0.165909704679 0.0094325181987 0
0.166546619098 0.00982514318728 0
0.166716306395 0.00776982202187 0
0.167065738176 0.0122102897888 0
0.166464504976 0.0108197429785 0
0.166063655198 0.003325 8
0.165719110799 0.0173943212773 0
0.166063655198 0.002375 7
0.167065738176 0.0143785216431 0
0.167065738272 0.0154626377729 14
0.166185634468 0.000936343938193 0
0.167335875287 0.00992586083531 0
0.166 0.019 21
0.167065738272 0.00216263777293 6
0.167 0 1
0.166063655198 0.016625 16
0.166525514754 0.0179336047509 0
0.167854292081 0.0121118448323 0
0.167952861417 0.0131836550183 0
0.168149999893 0.0142677711401 0
0.167065738272 0.00353736222707 8
0.166889241563 0.00567516067422 0
0.167065738176 0.00462147810382 0
0.167361445987 0.00675279312386 0
0.167065738176 0.00895794200721 0
0.167460015128 0.00782460350448 0
0.16775572294 0.0110400344517 0
0.16815 0.0153272758664 14
0.167032415487 0.0010663949961 0
0.168149999893 0.0100297521932 0
0.167 0.019 21
0.167806103273 0.00103430247324 0
0.16815 0.0020272758664 6
0.168 0 1
0.167065738272 0.0168373622271 16
0.167299834362 0.0179656970791 0
0.168655758246 0.011763077964 0
0.168878303141 0.0124787527468 0
0.169107819596 0.0152538712149 13
0.169262917456 0.0133426223588 0
0.169185368571 0.0142982467352 0
0.16815 0.0036727241336 9
0.168233291236 0.00467981227285 0
0.16831658258 0.00568690077293 0
0.168308269037 0.00769973841109 0
0.168149999893 0.0068512380803 0
0.168561649622 0.00865004582591 0
0.168721062119 0.0105775267274 0
0.169107819492 0.0094999999708 0
0.168 0.019 21
0.169107819596 0.00195387121487 5
0.168579791253 0.00100221014503 0
0.169 0 1
0.16815 0.0169727241336 17
0.168074154359 0.0179977896019 0
0.169418015615 0.011431373606 0
0.170038407862 0.0123568106587 0
0.170038407864 0.0152136215709 13
0.170038407862 0.013309080888 0
0.170038407862 0.0142613511173 0
0.169107819596 0.00374612878513 9
0.169107819492 0.00470510715885 0
0.169107819492 0.00662306420577 0
0.169107819492 0.00566408568231 0
0.169107819492 0.00758204292388 0
0.169650662659 0.00856450028225 0
0.169495564695 0.010475749035 0
0.170087516958 0.0109356041179 0
0.170038407862 0.0094999999708 0
0.170038407864 0.00191362157086 5
0.17 0 1
0.169 0.019 21
0.169107819596 0.0170461287851 17
0.170019203851 0.000956810619782 0
0.169054807345 0.0180067992007 0
0.170679469222 0.0113954593954 0
0.170999999903 0.0131272725689 0
0.170999999903 0.0120909090529 0
0.171 0.0152 13
0.170999999903 0.0141636362796 0
0.170038407864 0.00378637842914 9
0.170118540483 0.00473751345173 0
0.170198673105 0.00568864850312 0
0.170038407862 0.00664318908825 0
0.170439071163 0.00854205404659 0
0.170358938542 0.00759091880055 0
0.170599336601 0.010444324344 0
0.170799668252 0.00971307122974 0
0.170999999903 0.00898181811546 0
0.171 0.0019 5
0.171 0 2
0.17 0.019 21
0.170038407864 0.0170863784291 17
0.170999999903 0.000949999941606 0
0.170019203851 0.0180431891272 0
0.171634539051 0.0110545453422 0
0.171815836034 0.0131272725689 0
0.172269766469 0.0120909088582 0
0.171997133064 0.0151999999406 12
0.172088010899 0.0141636362796 0
0.171 0.0038 10
0.170999999903 0.00483636346738 0
0.171181296886 0.00587272717806 0
0.170999999903 0.00690909088874 0
0.170999999903 0.00794545440478 0
0.171543890657 0.0100181816315 0
0.171771199912 0.00898181811546 0
0.171989455501 0.00189999920205 4
0.171991833031 0 2
0.171 0.019 21
0.171 0.0171 18
0.172486614063 0.000949999941606 0
0.171494727643 0.0180500003893 0
0.172360644352 0.0110545453422 0
0.172996789333 0.0131272725689 0
0.172996789333 0.0120909090529 0
0.172996789333 0.0141636362796 0
0.172996789435 0.0152 12
0.171997133064 0.00380000005944 10
0.171997133017 0.00587272717806 0
0.171997133017 0.00483636366202 0
0.171997133017 0.00690909088874 0
0.171997133017 0.00794545440478 0
0.172542400116 0.00898181811546 0
0.172996789333 0.0100181816315 0
0.172981395346 0.0019 4
0.172983666062 0 2
0.171991833031 0.019 20
0.171989455501 0.0171000007979 18
0.173478513914 0.000949999941606 0
0.172486614063 0.0180499998054 0
0.173632938986 0.0110545453422 0
0.173814695918 0.0131272725689 0
0.173996453045 0.0120909090529 0
0.173996453045 0.0141636362796 0
0.173996453082 0.0152 12
0.172996789435 0.0038 10
0.172996789333 0.00587272717806 0
0.173087667799 0.00483636346738 0
0.173269424926 0.00690909088874 0
0.172996789333 0.00794545440478 0
0.173451181859 0.00898181811546 0
0.173996453045 0.0100181816315 0
0.173973361949 0.0019 4
0.173975499093 0 2
0.172983666062 0.019 20
0.172981395346 0.0171 18
0.174470413765 0.000949999941606 0
0.173478513914 0.0180499998054 0
0.174632602504 0.0110545453422 0
0.174814359631 0.0131272725689 0
0.174996116563 0.0120909090529 0
0.174996116563 0.0141636362796 0
0.174996116728 0.0152 12
0.174269088444 0.00690909088874 0
0.173996453082 0.0038 10
0.173996453045 0.00587272717806 0
0.174087331512 0.00483636346738 0
0.174359967105 0.00794545440478 0
0.174450845571 0.00898181811546 0
0.174996116563 0.00690909088874 0
0.174996116563 0.0100181816315 0
0.174965328551 0.0019 4
0.174967332123 0 2
0.173975499093 0.019 20
0.173973361949 0.0171 18
0.175958230062 0.000949999941606 0
0.174470413765 0.0180499998054 0
0.175995780276 0.0110545453422 0
0.175723144682 0.0120909090529 0
0.175814023343 0.0131272725689 0
0.175995780276 0.0141636362796 0
0.175995780375 0.0152 12
0.17517787369 0.00587272717806 0
0.174996116728 0.0038 10
0.174996116563 0.00483636346738 0
0.175359630623 0.00794545440478 0
0.175450509284 0.00898181811546 0
0.175995780276 0.00690909088874 0
0.176450172801 0.00898181811546 0
0.175995780276 0.0100181816315 0
0.175957295153 0.0019 4
0.175959165154 0 2
0.176949261756 0.0019 4
0.174967332123 0.019 20
0.174965328551 0.0171 18
0.176950129913 0.000949999941606 0
0.175462313616 0.0180499998054 0
0.176995443988 0.0120909090529 0
0.176813686861 0.0110545453422 0
0.176813686861 0.0131272725689 0
0.176995443988 0.0141636362796 0
0.176995444022 0.0152 12
0.176177537208 0.00587272717806 0
0.176086658742 0.00483636346738 0
0.175995780375 0.0038 10
0.176359294335 0.00794545440478 0
0.176995443988 0.00587272717806 0
0.177268079387 0.00690909088874 0
0.177222640154 0.00898181811546 0
0.176995443988 0.0100181816315 0
0.176950998185 0 2
0.177941228358 0.0019 4
0.175959165154 0.019 20
0.175957295153 0.0171 18
0.177942029763 0.000949999941606 0
0.176454213272 0.0180499998054 0
0.177722472107 0.0120909090529 0
0.177631593446 0.0110545453422 0
0.177995107506 0.0131272725689 0
0.177995107506 0.0141636362796 0
0.177995107668 0.0152 12
0.176995443988 0.00483636346738 0
0.176995444022 0.0038 10
0.177358958048 0.00794545440478 0
0.177995107506 0.00587272717806 0
0.177995107506 0.00690909088874 0
0.177995107506 0.00898181811546 0
0.177995107506 0.0100181816315 0
0.177942831216 0 2
0.17893319496 0.0019 4
0.176950998185 0.019 20
0.176949261756 0.0171 18
0.17893392942 0.000949999941606 0
0.177446113123 0.0180499998054 0
0.178722135625 0.0120909090529 0
0.178994771218 0.0110545453422 0
0.178994771218 0.0131272725689 0
0.179085649685 0.0141636362796 0
0.178994771315 0.0152 12
0.177995107506 0.00483636346738 0
0.177995107668 0.0038 10
0.178994771218 0.00587272717806 0
0.178358621565 0.00794545440478 0
0.178994771218 0.00690909088874 0
0.178994771218 0.00898181811546 0
0.179449163744 0.0100181816315 0
0.178934664247 0 2
0.179925161563 0.0019 4
0.179926497278 0 2
0.177942831216 0.019 20
0.177941228358 0.0171 18
0.180421812675 0.000949999941606 0
0.179994434931 0.0110545453422 0
0.178438012973 0.0180499998054 0
0.179994434931 0.0120909090529 0
0.179994434931 0.0131272725689 0
0.179994434931 0.0141636362796 0
0.179994434962 0.0152 12
0.179721799338 0.00690909088874 0
0.178994771218 0.00483636346738 0
0.178994771315 0.0038 10
0.179812677804 0.00587272717806 0
0.179630920871 0.00794545440478 0
0.180357948796 0.00742727254944 0
0.180448827457 0.00898181811546 0
0.180539705923 0.0100181816315 0
0.180917128165 0.0019 4
0.180918330309 0 2
0.178934664247 0.019 20
0.17893319496 0.0171 18
0.181909628972 0.000949999941606 0
0.180994098449 0.0110545453422 0
0.179429912824 0.0180499998054 0
0.180994098449 0.0120909090529 0
0.180812341516 0.0131272725689 0
0.180903219982 0.0141636362796 0
0.180994098608 0.0152 12
0.179994434962 0.0038 10
0.180403388029 0.0063909090334 0
0.17990355627 0.00483636346738 0
0.180539705728 0.00535454532272 0
0.181539369635 0.0100181816315 0
0.180994098449 0.00690909088874 0
0.180994098449 0.00794545440478 0
0.181448491169 0.00898181811546 0
0.181909094767 0.0019 4
0.181910163339 0 2
0.179926497278 0.019 20
0.179925161563 0.0171 18
0.18290106137 0.0019 4
0.18290199637 0 2
0.183397512033 0.000949999941606 0
0.181812005034 0.0110545453422 0
0.181721126568 0.0120909090529 0
0.180421812675 0.0180499998054 0
0.181812005034 0.0131272725689 0
0.181902883695 0.0141636362796 0
0.181993762255 0.0152 12
0.180994098608 0.0038 10
0.181993762161 0.00587272717806 0
0.181175855576 0.00587272717806 0
0.18108497711 0.00483636346738 0
0.182539033153 0.0100181816315 0
0.182448154687 0.00898181811546 0
0.181993762161 0.00690909088874 0
0.182584472386 0.0063909090334 0
0.182357276221 0.00794545440478 0
0.182402715454 0.0126090907136 0
0.180918330309 0.019 20
0.180917128165 0.0171 18
0.183893027972 0.0019 4
0.183893829401 0 2
0.184389411883 0.000949999941606 0
0.183311500505 0.0105363634868 0
0.182629911814 0.0110545453422 0
0.182993425874 0.0120909090529 0
0.181909628972 0.0180499998054 0
0.182993425874 0.0131272725689 0
0.182902547213 0.0141636362796 0
0.182993425902 0.0152 12
0.183993089391 0.0100181816315 0
0.182539033153 0.00535454532272 0
0.181993762255 0.0038 10
0.181993762161 0.00483636346738 0
0.183175182806 0.00794545440478 0
0.183447818399 0.00898181811546 0
0.183175182806 0.00587272717806 0
0.183266061272 0.00690909088874 0
0.181910163339 0.019 20
0.181909094767 0.0171 18
0.184884994574 0.0019 4
0.18290106137 0.0171 18
0.184885662432 0 2
0.185381311734 0.000949999941606 0
0.183993089391 0.0120909090529 0
0.183993089391 0.0110545453422 0
0.183993089391 0.0131272725689 0
0.18290199637 0.019 20
0.183397512033 0.0180499998054 0
0.183993089391 0.0141636362796 0
0.183993089548 0.0152 12
0.184621490365 0.00918921679383 0
0.184894125958 0.01027739869 0
0.18308430434 0.00483636346738 0
0.182993425902 0.0038 10
0.183993089391 0.00483636346738 0
0.183993089391 0.00794545440478 0
0.183993089391 0.00587272717806 0
0.183993089391 0.00690909088874 0
0.184779495958 0.0120539859898 0
0.185876961177 0.0019 4
0.183893027972 0.0171 18
0.185877495463 0 2
0.186869128031 0.000949999941606 0
0.184517360371 0.0136208390489 0
0.184958326186 0.0113507693564 0
0.185041631545 0.0130780420129 0
0.185795162525 0.0105366157486 0
0.183893829401 0.019 20
0.184389411883 0.0180499998054 0
0.184910191684 0.0143365737828 0
0.184992753195 0.0152 12
0.185394701851 0.00841187393811 0
0.185795162525 0.00939661566685 0
0.183993089548 0.0038 10
0.184743953327 0.00457737784342 0
0.184743953132 0.00535465043178 0
0.184994241176 0.00742713240402 0
0.184743953132 0.00613192321479 0
0.185565902718 0.0120170633161 0
0.186868927779 0.0019 4
0.184884994574 0.0171 18
0.186869328494 0 2
0.187860894381 0.0019 4
0.187861027882 0.000949999941606 0
0.18577225342 0.013588439374 0
0.186131050808 0.0114064479643 0
0.186696199092 0.0107958328071 0
0.186090173698 0.0126833570812 0
0.186696199092 0.00994083264851 0
0.184885662432 0.019 20
0.18587722818 0.0180499998054 0
0.185827294172 0.0145095114807 0
0.185992416842 0.0152 12
0.186696199092 0.00908583287917 0
0.186245680809 0.00820486065965 0
0.184992753195 0.0038 10
0.185827294172 0.00449048846088 0
0.185494817068 0.00535475573549 0
0.18599539296 0.00690881040325 0
0.186245680809 0.00613213362757 0
0.185876961177 0.0171 18
0.187861161525 0 2
0.188852860984 0.0019 4
0.188852994555 0 2
0.18937358549 0.000862352411274 0
0.186661835435 0.0138190229712 0
0.186888799777 0.011684126457 0
0.187597235465 0.0101525497523 0
0.187597235659 0.0110550498657 0
0.187138716045 0.01297958129 0
0.187597235465 0.00925004963893 0
0.185877495463 0.019 20
0.186868927779 0.0171 18
0.186869128031 0.0180499998054 0
0.186992080489 0.0152 12
0.186808828517 0.00726494639033 0
0.18737197642 0.0083345638844 0
0.185992416842 0.0038 10
0.186660347363 0.00449048846088 0
0.18642339513 0.00528027895506 0
0.186996544744 0.00639048840249 0
0.19 0.0019 4
0.19 0 3
0.187441387917 0.0137016799886 0
0.187744060178 0.0144237786872 0
0.187854036961 0.0122394415935 0
0.188498272226 0.00941426698264 0
0.188498272226 0.0103642670508 0
0.188498272226 0.0113142671189 0
0.187996208262 0.0131285344616 0
0.188498272226 0.00846426710916 0
0.186869328494 0.019 20
0.187860894381 0.0171 18
0.187861027882 0.0180499998054 0
0.187991744135 0.0152 12
0.187747408485 0.00703811051528 0
0.187996208262 0.00587146528533 0
0.188498272226 0.00768573262807 0
0.186992080489 0.0038 10
0.187595449973 0.00504195388052 0
0.188496040216 0.0141665805013 0
0.188664138809 0.0124380459521 0
0.189249136162 0.00924164500124 0
0.189249136162 0.0106666450061 0
0.189165458834 0.0117475574425 0
0.189248020059 0.0128713362757 0
0.189330581284 0.0138221073383 0
0.189284678987 0.00824083735178 0
0.187861161525 0.019 20
0.188852860984 0.0171 18
0.188852927733 0.0180499998054 0
0.188991407782 0.0152 12
0.188664138809 0.00656195379487 0
0.188496040216 0.00535244236281 0
0.189332069356 0.00725244230442 0
0.187991744135 0.0038 10
0.188661162665 0.00448894627731 0
0.19 0.00898097697757 11
0.19 0.0100190230224 11
0.19 0.0110570690673 11
0.19 0.0120951151122 11
0.19 0.013133161157 11
0.19 0.0141711402033 11
0.19 0.0079429309327 11
0.19 0.019 20
0.188852994555 0.019 20
0.19 0.0171 19
0.19 0.0152 12
0.189248020059 0.00612866366587 0
0.189330581284 0.00517789240864 0
0.19 0.00690488488784 11
0.19 0.00482885979668 11
0.188991407782 0.0038 10
0.19 0.00586683884298 11
0.19 0.0038 11

Edges
512
3 4 22
4 13 22
13 29 22
29 30 22
30 31 22
31 35 22
35 36 22
36 33 22
33 34 22
34 15 22
15 2 22
2 1 22
1 8 22
8 9 22
9 10 22
10 7 22
7 6 22
6 18 22
18 5 22
3585 3567 21
3567 3547 21
3547 3525 21
3525 3506 21
3506 3488 21
3488 3464 21
3464 3443 21
3443 3419 21
3419 3391 21
3391 3367 21
3367 3345 21
3345 3320 21
3320 3296 21
3296 3272 21
3272 3250 21
3250 3229 21
3229 3209 21
3209 3188 21
3188 3168 21
3168 3148 21
3148 3126 21
3126 3104 21
3104 3083 21
3083 3063 21
3063 3043 21
3043 3021 21
3021 3000 21
3000 2978 21
2978 2956 21
2956 2933 21
2933 2911 21
2911 2890 21
2890 2868 21
2868 2847 21
2847 2838 21
2838 2818 21
2818 2798 21
2798 2777 21
2777 2757 21
2757 2737 21
2737 2717 21
2717 2697 21
2697 2677 21
2677 2657 21
2657 2636 21
2636 2614 21
2614 2593 21
2593 2572 21
2572 2550 21
2550 2529 21
2529 2509 21
2509 2488 21
2488 2467 21
2467 2444 21
2444 2424 21
2424 2402 21
2402 2381 21
2381 2360 21
2360 2340 21
2340 2319 21
2319 2298 21
2298 2276 21
2276 2256 21
2256 2236 21
2236 2214 21
2214 2193 21
2193 2172 21
2172 2151 21
2151 2129 21
2129 2109 21
2109 2088 21
2088 2067 21
2067 2047 21
2047 2029 21
2029 2008 21
2008 1986 21
1986 1966 21
1966 1944 21
1944 1924 21
1924 1910 21
1910 1890 21
1890 1870 21
1870 1850 21
1850 1828 21
1828 1807 21
1807 1785 21
1785 1763 21
1763 1742 21
1742 1722 21
1722 1701 21
1701 1680 21
1680 1659 21
1659 1638 21
1638 1615 21
1615 1592 21
1592 1572 21
1572 1549 21
1549 1529 21
1529 1510 21
1510 1490 21
1490 1470 21
1470 1448 21
1448 1428 21
1428 1409 21
1409 1387 21
1387 1366 21
1366 1344 21
1344 1326 21
1326 1303 21
1303 1282 21
1282 1264 21
1264 1246 21
1246 1226 21
1226 1206 21
1206 1185 21
1185 1164 21
1164 1142 21
1142 1122 21
1122 1102 21
1102 1082 21
1082 1061 21
1061 1041 21
1041 1018 21
1018 997 21
997 977 21
977 956 21
956 936 21
936 916 21
916 895 21
895 873 21
873 853 21
853 830 21
830 810 21
810 790 21
790 769 21
769 748 21
748 726 21
726 706 21
706 686 21
686 664 21
664 643 21
643 623 21
623 602 21
602 581 21
581 560 21
560 539 21
539 519 21
519 497 21
497 475 21
475 452 21
452 446 21
446 426 21
426 405 21
405 385 21
385 364 21
364 343 21
343 321 21
321 300 21
300 279 21
279 256 21
256 236 21
236 213 21
213 189 21
189 165 21
165 140 21
140 115 21
115 92 21
92 66 21
66 41 21
41 17 21
17 3 21
3922 3923 20
3923 3906 20
3906 3889 20
3889 3869 20
3869 3847 20
3847 3825 20
3825 3804 20
3804 3795 20
3795 3775 20
3775 3754 20
3754 3735 20
3735 3716 20
3716 3697 20
3697 3679 20
3679 3660 20
3660 3640 20
3640 3621 20
3621 3603 20
3603 3585 20
3924 3922 19
3586 3604 18
3604 3622 18
3622 3641 18
3641 3661 18
3661 3680 18
3680 3698 18
3698 3717 18
3717 3736 18
3736 3755 18
3755 3776 18
3776 3796 18
3796 3798 18
3798 3818 18
3818 3838 18
3838 3858 18
3858 3870 18
3870 3890 18
3890 3907 18
3907 3924 18
3529 3548 17
3548 3568 17
3568 3586 17
3491 3510 16
3510 3529 16
3462 3467 15
3467 3491 15
3503 3485 14
3485 3462 14
3554 3533 13
3533 3514 13
3514 3503 13
3925 3909 12
3909 3892 12
3892 3872 12
3872 3850 12
3850 3828 12
3828 3807 12
3807 3786 12
3786 3764 12
3764 3743 12
3743 3724 12
3724 3705 12
3705 3687 12
3687 3668 12
3668 3648 12
3648 3629 12
3629 3611 12
3611 3593 12
3593 3574 12
3574 3554 12
3932 3929 11
3929 3931 11
3931 3928 11
3928 3921 11
3921 3915 11
3915 3916 11
3916 3917 11
3917 3918 11
3918 3919 11
3919 3920 11
3920 3925 11
3576 3594 10
3594 3612 10
3612 3631 10
3631 3650 10
3650 3671 10
3671 3689 10
3689 3707 10
3707 3727 10
3727 3744 10
3744 3765 10
3765 3789 10
3789 3811 10
3811 3831 10
3831 3853 10
3853 3875 10
3875 3896 10
3896 3913 10
3913 3930 10
3930 3932 10
3517 3536 9
3536 3556 9
3556 3576 9
3481 3496 8
3496 3517 8
3483 3459 7
3459 3481 7
3508 3489 6
3489 3483 6
3565 3545 5
3545 3526 5
3526 3508 5
3879 3860 4
3860 3840 4
3840 3837 4
3837 3817 4
3817 3797 4
3797 3777 4
3777 3756 4
3756 3752 4
3752 3733 4
3733 3714 4
3714 3696 4
3696 3678 4
3678 3659 4
3659 3657 4
3657 3638 4
3638 3619 4
3619 3601 4
3601 3583 4
3583 3565 4
3880 3879 3
3566 3584 2
3584 3602 2
3602 3620 2
3620 3639 2
3639 3658 2
3658 3677 2
3677 3695 2
3695 3713 2
3713 3715 2
3715 3734 2
3734 3753 2
3753 3757 2
3757 3778 2
3778 3799 2
3799 3819 2
3819 3839 2
3839 3859 2
3859 3861 2
3861 3880 2
5 19 1
19 43 1
43 45 1
45 70 1
70 96 1
96 119 1
119 144 1
144 169 1
169 195 1
195 219 1
219 243 1
243 263 1
263 285 1
285 306 1
306 328 1
328 350 1
350 370 1
370 390 1
390 411 1
411 431 1
431 453 1
453 476 1
476 498 1
498 520 1
520 540 1
540 561 1
561 582 1
582 603 1
603 624 1
624 644 1
644 665 1
665 687 1
687 707 1
707 727 1
727 749 1
749 770 1
770 791 1
791 811 1
811 831 1
831 855 1
855 875 1
875 898 1
898 920 1
920 940 1
940 960 1
960 982 1
982 1003 1
1003 1024 1
1024 1032 1
1032 1054 1
1054 1074 1
1074 1095 1
1095 1115 1
1115 1135 1
1135 1156 1
1156 1177 1
1177 1197 1
1197 1217 1
1217 1237 1
1237 1257 1
1257 1277 1
1277 1298 1
1298 1317 1
1317 1339 1
1339 1359 1
1359 1381 1
1381 1401 1
1401 1422 1
1422 1442 1
1442 1462 1
1462 1483 1
1483 1504 1
1504 1524 1
1524 1544 1
1544 1564 1
1564 1586 1
1586 1606 1
1606 1627 1
1627 1628 1
1628 1649 1
1649 1667 1
1667 1690 1
1690 1710 1
1710 1731 1
1731 1752 1
1752 1774 1
1774 1792 1
1792 1815 1
1815 1836 1
1836 1857 1
1857 1877 1
1877 1897 1
1897 1917 1
1917 1937 1
1937 1958 1
1958 1975 1
1975 1995 1
1995 2016 1
2016 2037 1
2037 2057 1
2057 2077 1
2077 2099 1
2099 2120 1
2120 2141 1
2141 2163 1
2163 2185 1
2185 2206 1
2206 2227 1
2227 2247 1
2247 2267 1
2267 2288 1
2288 2310 1
2310 2331 1
2331 2351 1
2351 2371 1
2371 2392 1
2392 2412 1
2412 2435 1
2435 2457 1
2457 2477 1
2477 2492 1
2492 2512 1
2512 2532 1
2532 2552 1
2552 2573 1
2573 2594 1
2594 2615 1
2615 2637 1
2637 2658 1
2658 2678 1
2678 2698 1
2698 2718 1
2718 2738 1
2738 2759 1
2759 2779 1
2779 2800 1
2800 2820 1
2820 2841 1
2841 2860 1
2860 2881 1
2881 2901 1
2901 2923 1
2923 2946 1
2946 2967 1
2967 2990 1
2990 3010 1
3010 3034 1
3034 3054 1
3054 3074 1
3074 3095 1
3095 3117 1
3117 3139 1
3139 3160 1
3160 3180 1
3180 3201 1
3201 3222 1
3222 3244 1
3244 3266 1
3266 3290 1
3290 3313 1
3313 3339 1
3339 3364 1
3364 3388 1
3388 3416 1
3416 3440 1
3440 3466 1
3466 3490 1
3490 3509 1
3509 3528 1
3528 3546 1
3546 3566 1

Triangles
7350
3 4 17 0
16 13 32 0
16 39 17 0
13 16 4 0
40 56 57 0
39 41 17 0
4 16 17 0
82 80 107 0
83 82 108 0
56 80 82 0
83 57 82 0
129 113 108 0
65 66 41 0
83 65 57 0
91 78 65 0
32 29 54 0
29 32 13 0
157 131 130 0
90 83 108 0
114 90 113 0
91 83 90 0
78 91 105 0
92 78 105 0
66 65 78 0
65 41 39 0
107 81 106 0
82 107 108 0
80 79 107 0
32 54 56 0
107 106 131 0
54 30 55 0
65 39 40 0
55 30 31 0
58 79 53 0
54 29 30 0
80 54 55 0
80 56 54 0
32 56 40 0
55 31 53 0
57 56 82 0
91 65 83 0
40 16 32 0
65 40 57 0
39 16 40 0
53 31 35 0
36 61 35 0
79 80 55 0
53 79 55 0
81 107 79 0
113 90 108 0
114 105 91 0
139 128 114 0
164 139 138 0
164 163 139 0
155 140 128 0
92 66 78 0
35 61 53 0
274 277 295 0
273 274 296 0
255 277 274 0
229 241 218 0
273 262 252 0
262 241 242 0
131 108 107 0
131 129 108 0
130 131 106 0
157 156 131 0
114 128 105 0
90 114 91 0
113 138 114 0
132 158 138 0
131 156 129 0
157 182 156 0
138 139 114 0
188 164 183 0
179 163 180 0
154 139 163 0
179 154 163 0
155 128 154 0
179 155 154 0
205 179 180 0
194 189 179 0
140 115 128 0
156 182 158 0
59 36 33 0
61 59 85 0
61 36 59 0
86 61 85 0
99 75 102 0
123 100 122 0
72 50 75 0
100 72 99 0
122 100 99 0
112 88 100 0
88 62 72 0
109 84 86 0
106 84 109 0
58 61 84 0
79 58 81 0
53 61 58 0
59 60 85 0
160 159 185 0
130 134 157 0
133 159 134 0
110 133 109 0
110 87 111 0
276 260 254 0
132 113 129 0
156 132 129 0
156 158 132 0
132 138 113 0
188 193 212 0
158 183 164 0
182 184 208 0
134 160 157 0
212 217 235 0
188 212 206 0
193 217 212 0
208 193 183 0
208 217 193 0
182 208 183 0
184 185 210 0
160 184 182 0
157 160 182 0
134 159 160 0
234 209 233 0
254 234 233 0
232 210 234 0
184 210 208 0
211 209 234 0
164 138 158 0
139 154 128 0
59 33 60 0
81 84 106 0
15 14 38 0
109 130 106 0
61 86 84 0
63 85 60 0
38 63 60 0
64 89 63 0
187 211 185 0
162 173 187 0
181 204 207 0
110 85 87 0
38 64 63 0
104 99 102 0
251 253 231 0
110 86 85 0
111 135 110 0
109 86 110 0
99 72 75 0
148 149 123 0
62 37 50 0
64 62 88 0
64 37 62 0
26 12 28 0
37 26 50 0
37 14 26 0
105 115 92 0
105 128 115 0
38 60 34 0
15 38 34 0
63 87 85 0
37 64 38 0
62 50 72 0
14 37 38 0
2 14 15 0
2 1 12 0
122 99 104 0
206 229 205 0
188 206 180 0
163 188 180 0
183 193 188 0
212 230 206 0
240 235 217 0
230 229 206 0
252 230 235 0
252 229 230 0
273 252 255 0
242 241 229 0
189 194 213 0
189 165 179 0
34 60 33 0
12 1 11 0
249 247 269 0
149 148 174 0
199 173 174 0
111 89 112 0
123 112 100 0
148 123 122 0
137 162 136 0
63 89 87 0
64 88 89 0
104 127 124 0
103 126 102 0
151 125 146 0
176 151 171 0
152 127 126 0
176 152 151 0
176 153 152 0
150 175 174 0
126 151 152 0
150 174 148 0
178 175 153 0
178 203 200 0
225 226 203 0
202 225 201 0
223 247 225 0
207 228 231 0
174 200 199 0
246 227 250 0
188 163 164 0
252 262 242 0
179 165 155 0
155 165 140 0
334 312 313 0
376 373 356 0
335 315 336 0
359 338 360 0
315 312 334 0
314 315 335 0
318 314 335 0
297 315 314 0
297 294 315 0
290 267 282 0
282 258 259 0
303 290 302 0
267 266 247 0
302 290 282 0
303 310 290 0
325 303 302 0
267 247 245 0
310 288 290 0
288 269 266 0
267 288 266 0
310 309 289 0
239 238 259 0
237 239 259 0
245 237 258 0
221 245 223 0
267 245 258 0
282 267 258 0
290 288 267 0
171 198 177 0
172 190 197 0
225 249 226 0
221 223 202 0
247 249 225 0
171 172 198 0
237 221 216 0
237 245 221 0
142 167 166 0
121 142 147 0
141 167 142 0
141 116 118 0
196 192 170 0
258 237 259 0
170 169 195 0
196 170 195 0
219 196 195 0
220 238 214 0
168 143 145 0
214 215 192 0
196 214 192 0
238 239 214 0
167 143 168 0
244 264 257 0
238 244 257 0
220 243 244 0
298 277 276 0
296 295 317 0
296 274 295 0
283 262 273 0
305 283 284 0
278 261 283 0
279 278 299 0
256 236 241 0
218 241 236 0
194 218 213 0
235 230 212 0
242 229 252 0
205 180 206 0
194 205 218 0
194 179 205 0
284 283 273 0
261 256 241 0
301 322 302 0
287 301 280 0
287 308 301 0
259 257 280 0
308 307 329 0
261 262 283 0
256 261 278 0
241 262 261 0
213 218 236 0
218 205 229 0
264 265 257 0
285 264 263 0
286 265 264 0
256 278 279 0
345 367 366 0
344 345 366 0
325 344 326 0
323 302 322 0
325 323 344 0
325 302 323 0
351 329 350 0
322 330 345 0
307 287 286 0
322 308 330 0
322 301 308 0
282 281 302 0
329 307 328 0
298 295 277 0
275 298 276 0
297 318 298 0
380 379 360 0
378 380 360 0
401 379 380 0
378 400 401 0
358 378 360 0
373 394 378 0
397 419 398 0
378 401 380 0
416 400 394 0
398 416 394 0
436 441 421 0
421 422 401 0
420 440 424 0
399 420 402 0
379 399 381 0
379 401 399 0
422 440 420 0
304 327 305 0
284 304 305 0
284 296 304 0
255 274 273 0
316 337 327 0
317 316 296 0
317 338 316 0
318 339 338 0
362 363 383 0
342 362 365 0
340 341 362 0
359 361 349 0
382 403 404 0
365 362 383 0
381 402 382 0
379 381 361 0
399 401 420 0
300 299 320 0
300 279 299 0
352 371 372 0
330 351 352 0
308 329 330 0
328 350 329 0
350 370 351 0
331 311 309 0
326 346 325 0
333 357 332 0
354 355 331 0
354 375 355 0
358 360 339 0
353 358 336 0
334 353 336 0
373 358 353 0
373 378 358 0
356 373 353 0
334 356 353 0
315 334 336 0
332 357 334 0
313 332 334 0
313 311 332 0
357 376 356 0
394 400 378 0
346 324 325 0
333 311 331 0
357 333 355 0
332 311 333 0
356 334 357 0
292 291 271 0
376 394 373 0
294 272 291 0
309 310 331 0
293 309 311 0
293 269 289 0
293 270 269 0
313 293 311 0
292 312 291 0
275 253 272 0
314 318 297 0
235 255 252 0
235 240 255 0
158 182 183 0
254 253 276 0
254 233 253 0
240 254 260 0
240 232 254 0
255 240 260 0
232 208 210 0
231 228 251 0
209 231 233 0
209 211 186 0
217 208 232 0
200 174 175 0
207 209 186 0
187 185 161 0
234 210 211 0
254 232 234 0
240 217 232 0
130 133 134 0
207 186 181 0
228 207 204 0
231 209 207 0
251 272 253 0
276 277 260 0
151 126 125 0
282 259 280 0
281 282 280 0
301 281 280 0
301 302 281 0
223 245 247 0
270 249 269 0
289 309 293 0
288 289 269 0
288 310 289 0
250 248 270 0
293 271 270 0
246 251 228 0
190 167 191 0
190 166 167 0
215 190 191 0
215 197 190 0
172 147 166 0
198 221 202 0
197 216 221 0
166 190 172 0
215 216 197 0
192 215 191 0
239 216 215 0
239 237 216 0
146 121 147 0
345 323 322 0
327 304 316 0
371 370 390 0
372 371 391 0
352 345 330 0
412 413 391 0
345 344 323 0
320 321 300 0
305 319 299 0
342 343 320 0
340 342 320 0
340 362 342 0
391 390 411 0
388 409 389 0
386 392 393 0
433 434 455 0
432 434 412 0
429 409 408 0
371 390 391 0
320 343 321 0
342 365 343 0
299 319 320 0
319 327 341 0
320 319 340 0
305 327 319 0
278 283 299 0
304 296 316 0
299 283 305 0
273 296 284 0
341 361 363 0
337 349 341 0
337 359 349 0
362 341 363 0
384 406 385 0
383 384 365 0
383 404 384 0
404 383 382 0
423 404 403 0
425 427 406 0
364 343 365 0
411 412 391 0
385 364 365 0
247 266 269 0
307 306 328 0
287 307 308 0
286 306 307 0
265 286 287 0
285 306 286 0
325 324 303 0
352 372 367 0
345 352 367 0
351 371 352 0
375 374 396 0
346 354 331 0
324 346 331 0
310 324 331 0
310 303 324 0
348 369 368 0
326 348 346 0
326 347 348 0
346 368 354 0
370 371 351 0
396 417 418 0
398 377 397 0
395 387 407 0
417 395 410 0
374 387 395 0
409 429 428 0
388 408 409 0
369 388 389 0
366 367 388 0
392 391 413 0
392 372 391 0
414 393 413 0
386 388 367 0
351 330 329 0
431 412 411 0
431 453 432 0
438 437 461 0
406 384 404 0
477 476 498 0
456 477 479 0
478 456 479 0
434 432 454 0
453 476 477 0
384 385 365 0
425 406 404 0
405 385 406 0
499 498 520 0
479 499 502 0
477 498 499 0
402 424 403 0
399 402 381 0
420 424 402 0
424 423 403 0
382 402 403 0
448 469 465 0
466 444 465 0
440 463 448 0
463 440 442 0
444 423 424 0
445 443 466 0
445 425 443 0
425 404 423 0
443 425 423 0
467 445 466 0
489 467 466 0
468 447 467 0
447 446 427 0
467 447 445 0
468 446 447 0
427 405 406 0
445 427 425 0
426 405 427 0
426 427 446 0
491 485 506 0
485 469 463 0
486 485 463 0
491 469 485 0
526 512 506 0
487 469 491 0
509 487 491 0
509 510 487 0
512 509 491 0
506 512 491 0
546 551 532 0
530 531 510 0
444 443 423 0
440 444 424 0
448 465 444 0
382 363 381 0
419 397 418 0
271 250 270 0
292 271 293 0
313 292 293 0
313 312 292 0
291 268 271 0
294 291 312 0
268 250 271 0
347 326 344 0
366 347 344 0
366 369 347 0
386 393 408 0
372 386 367 0
372 392 386 0
369 348 347 0
388 369 366 0
389 387 368 0
387 389 409 0
368 374 354 0
389 368 369 0
387 374 368 0
348 368 346 0
407 387 409 0
428 407 409 0
428 410 407 0
395 417 396 0
407 410 395 0
428 430 410 0
374 395 396 0
450 449 429 0
471 473 459 0
451 449 470 0
459 451 471 0
430 449 451 0
417 430 437 0
428 449 430 0
472 492 493 0
470 472 471 0
470 492 472 0
418 397 396 0
437 438 417 0
421 441 422 0
416 421 400 0
416 436 421 0
419 436 416 0
398 419 416 0
376 398 394 0
376 377 398 0
418 439 419 0
439 462 460 0
438 439 418 0
417 438 418 0
461 439 438 0
461 484 462 0
375 357 355 0
374 375 354 0
396 397 375 0
499 479 477 0
427 445 447 0
521 499 520 0
540 541 521 0
432 412 431 0
477 454 453 0
435 458 457 0
429 435 450 0
415 433 435 0
456 455 434 0
479 500 478 0
500 479 502 0
435 433 455 0
408 415 429 0
414 413 434 0
408 414 415 0
393 392 413 0
408 393 414 0
408 388 386 0
478 458 455 0
456 478 455 0
500 501 481 0
501 523 503 0
480 481 503 0
500 524 501 0
545 533 525 0
566 587 567 0
565 566 545 0
565 587 566 0
554 576 555 0
567 575 553 0
567 589 575 0
415 435 429 0
457 470 450 0
435 457 450 0
480 470 457 0
470 449 450 0
465 469 488 0
489 465 488 0
466 443 444 0
521 502 499 0
543 524 542 0
524 523 501 0
542 524 522 0
543 544 524 0
526 506 527 0
547 526 527 0
546 532 526 0
531 530 552 0
510 489 488 0
452 468 474 0
464 442 441 0
506 485 486 0
440 448 444 0
490 467 489 0
510 511 489 0
496 475 474 0
490 468 467 0
452 446 468 0
469 448 463 0
524 544 523 0
563 543 542 0
564 565 543 0
587 565 584 0
566 567 553 0
605 587 584 0
609 631 610 0
588 609 610 0
589 588 610 0
587 609 588 0
605 627 609 0
554 555 535 0
522 524 502 0
566 553 545 0
503 513 492 0
556 555 576 0
524 500 502 0
525 523 544 0
545 525 544 0
565 545 544 0
553 533 545 0
533 513 525 0
503 492 480 0
535 534 515 0
553 554 533 0
555 534 535 0
554 575 576 0
533 554 535 0
553 575 554 0
536 548 528 0
555 536 534 0
556 548 536 0
500 481 478 0
481 480 458 0
478 481 458 0
501 503 481 0
525 503 523 0
525 513 503 0
492 470 480 0
494 516 507 0
516 495 514 0
471 493 473 0
492 513 493 0
555 556 536 0
570 548 556 0
577 570 556 0
591 573 568 0
590 591 570 0
590 612 591 0
505 506 486 0
504 505 484 0
504 527 505 0
482 494 504 0
461 482 484 0
461 459 482 0
528 547 527 0
434 413 412 0
454 456 434 0
453 454 432 0
477 456 454 0
433 415 414 0
434 433 414 0
455 458 435 0
593 571 574 0
537 529 549 0
488 469 487 0
510 488 487 0
530 510 509 0
531 529 511 0
489 466 465 0
430 417 410 0
437 451 459 0
429 449 428 0
470 471 451 0
459 461 437 0
430 451 437 0
473 482 459 0
460 441 436 0
483 464 460 0
486 463 464 0
331 355 333 0
439 436 419 0
460 464 441 0
439 460 436 0
462 484 483 0
461 462 439 0
484 505 483 0
442 422 441 0
377 357 375 0
397 377 375 0
376 357 377 0
551 568 574 0
530 532 552 0
546 568 551 0
509 512 530 0
547 568 546 0
421 401 400 0
440 422 442 0
420 401 422 0
341 340 319 0
337 341 327 0
349 361 341 0
381 363 361 0
382 383 363 0
358 335 336 0
359 360 379 0
361 359 379 0
338 317 318 0
337 338 359 0
337 316 338 0
297 275 294 0
312 315 294 0
318 317 298 0
339 318 335 0
358 339 335 0
360 338 339 0
317 295 298 0
596 617 618 0
575 589 597 0
589 567 588 0
564 584 565 0
544 543 565 0
563 585 564 0
541 562 542 0
562 582 583 0
583 582 603 0
624 625 604 0
562 541 561 0
563 562 583 0
563 542 562 0
474 468 490 0
496 474 490 0
475 452 474 0
496 518 497 0
475 496 497 0
511 510 531 0
508 511 529 0
508 490 511 0
606 626 628 0
586 585 606 0
604 603 624 0
585 604 606 0
583 603 604 0
538 537 558 0
539 538 559 0
518 537 538 0
497 518 519 0
529 531 550 0
518 508 517 0
511 490 489 0
517 508 529 0
537 517 529 0
537 518 517 0
496 490 508 0
629 615 635 0
615 594 593 0
615 608 594 0
595 615 593 0
629 608 615 0
635 649 629 0
595 614 615 0
613 592 612 0
614 613 634 0
614 595 613 0
574 595 593 0
613 612 633 0
651 630 629 0
620 641 621 0
569 568 547 0
548 569 547 0
591 568 569 0
568 573 574 0
552 551 574 0
591 569 570 0
570 569 548 0
518 538 519 0
586 605 584 0
604 625 606 0
628 626 648 0
627 648 647 0
585 583 604 0
607 586 606 0
563 583 585 0
666 645 665 0
607 606 628 0
645 644 665 0
606 625 626 0
624 644 625 0
519 538 539 0
571 593 572 0
550 571 572 0
552 574 571 0
601 622 602 0
581 601 602 0
580 579 601 0
549 557 558 0
537 549 558 0
559 538 558 0
518 496 508 0
550 552 571 0
549 550 572 0
531 552 550 0
594 608 599 0
559 580 560 0
539 559 560 0
558 579 559 0
646 648 626 0
625 645 626 0
667 668 648 0
666 667 646 0
666 688 667 0
613 633 634 0
573 591 592 0
598 597 618 0
619 598 618 0
590 570 577 0
592 591 612 0
577 576 597 0
590 577 598 0
556 576 577 0
642 643 623 0
642 663 643 0
640 642 622 0
640 661 642 0
601 621 622 0
682 660 681 0
683 682 702 0
662 660 682 0
640 662 661 0
641 650 662 0
684 685 663 0
580 581 560 0
578 579 558 0
621 640 622 0
579 600 601 0
620 599 608 0
601 600 621 0
579 578 600 0
559 579 580 0
599 578 594 0
600 599 620 0
600 578 599 0
586 584 564 0
585 586 564 0
607 605 586 0
628 605 607 0
612 590 611 0
577 597 598 0
536 528 516 0
575 597 576 0
596 618 597 0
631 632 610 0
627 631 609 0
628 627 605 0
647 631 627 0
647 670 653 0
675 670 691 0
717 700 695 0
653 631 647 0
674 653 675 0
652 632 653 0
687 688 666 0
639 638 619 0
637 639 617 0
632 637 617 0
658 659 637 0
659 680 657 0
637 659 639 0
658 680 659 0
641 630 650 0
660 662 650 0
640 621 641 0
602 622 623 0
620 608 630 0
641 620 630 0
621 600 620 0
557 572 578 0
558 557 578 0
549 572 557 0
614 635 615 0
592 613 595 0
634 635 614 0
654 634 633 0
655 635 634 0
572 593 594 0
578 572 594 0
549 529 550 0
574 573 595 0
532 512 526 0
552 532 551 0
530 512 532 0
573 592 595 0
638 636 616 0
617 639 618 0
657 656 636 0
639 659 638 0
680 698 677 0
733 755 756 0
719 733 714 0
719 740 733 0
742 740 721 0
741 742 721 0
763 761 742 0
797 802 817 0
798 797 817 0
776 761 781 0
742 761 740 0
763 783 781 0
734 733 756 0
714 734 735 0
714 733 734 0
802 783 803 0
863 884 885 0
840 818 838 0
841 840 863 0
854 839 862 0
820 800 819 0
819 799 818 0
840 819 818 0
841 820 819 0
846 823 824 0
867 846 864 0
845 823 846 0
861 845 867 0
822 823 845 0
723 703 722 0
672 649 671 0
629 649 651 0
671 676 692 0
672 671 692 0
655 676 671 0
635 655 649 0
654 676 655 0
634 654 655 0
633 636 654 0
677 657 680 0
699 677 698 0
656 657 677 0
654 636 656 0
619 618 639 0
616 619 638 0
616 611 619 0
633 616 636 0
633 612 611 0
526 547 546 0
505 527 506 0
507 528 527 0
516 534 536 0
507 516 528 0
514 493 515 0
494 495 516 0
494 473 495 0
504 494 507 0
527 504 507 0
484 482 504 0
473 493 495 0
548 547 528 0
662 640 641 0
663 661 684 0
663 642 661 0
708 707 728 0
580 601 581 0
788 787 807 0
787 766 786 0
806 787 786 0
788 767 787 0
809 789 808 0
789 768 788 0
702 722 703 0
681 693 702 0
673 681 660 0
673 693 681 0
715 722 702 0
713 716 694 0
736 743 722 0
716 736 715 0
758 779 765 0
757 737 735 0
734 757 735 0
778 779 759 0
736 722 715 0
744 743 736 0
744 723 743 0
758 765 764 0
737 758 736 0
759 779 758 0
737 759 758 0
737 757 759 0
799 779 778 0
784 785 765 0
745 723 744 0
746 725 745 0
766 746 745 0
767 768 747 0
723 722 743 0
683 662 682 0
684 683 703 0
684 661 662 0
723 725 705 0
664 643 663 0
656 676 654 0
638 657 636 0
699 719 697 0
676 678 697 0
698 719 699 0
650 651 673 0
683 684 662 0
630 651 650 0
629 630 608 0
611 590 598 0
619 611 598 0
616 633 611 0
442 464 463 0
473 494 482 0
472 493 471 0
457 458 480 0
514 515 534 0
516 514 534 0
495 493 514 0
513 515 493 0
513 533 515 0
515 533 535 0
483 486 464 0
462 483 460 0
505 486 483 0
521 522 502 0
540 521 520 0
541 522 521 0
561 541 540 0
542 522 541 0
561 582 562 0
563 564 543 0
749 750 728 0
622 642 623 0
771 770 792 0
793 772 792 0
750 770 771 0
663 685 664 0
702 703 683 0
673 694 693 0
759 757 778 0
705 725 724 0
685 705 704 0
703 723 705 0
731 732 754 0
717 731 739 0
732 753 754 0
712 732 731 0
712 730 732 0
708 688 707 0
709 708 728 0
709 689 708 0
710 709 729 0
710 690 709 0
730 710 729 0
669 670 668 0
690 669 668 0
690 691 669 0
729 751 730 0
712 710 730 0
647 648 670 0
687 707 688 0
707 727 728 0
685 686 664 0
705 685 684 0
704 686 685 0
792 770 791 0
705 684 703 0
724 704 705 0
746 747 725 0
726 706 724 0
706 686 704 0
855 856 832 0
857 877 859 0
856 857 834 0
856 877 857 0
832 856 834 0
813 832 834 0
812 831 832 0
855 875 856 0
752 730 751 0
774 752 773 0
753 732 752 0
732 730 752 0
711 712 731 0
668 670 648 0
711 691 712 0
696 675 691 0
710 712 691 0
721 701 720 0
589 610 596 0
597 589 596 0
567 587 588 0
670 675 653 0
652 637 632 0
675 695 674 0
659 657 638 0
645 646 626 0
644 645 625 0
666 646 645 0
687 666 665 0
689 709 690 0
688 689 667 0
688 708 689 0
667 648 646 0
689 690 668 0
669 691 670 0
667 689 668 0
710 691 690 0
648 627 628 0
791 811 812 0
767 746 766 0
706 704 724 0
723 745 725 0
737 716 735 0
693 694 716 0
702 693 715 0
702 682 681 0
650 673 660 0
651 649 672 0
671 649 655 0
673 672 694 0
673 651 672 0
726 747 748 0
747 746 767 0
748 747 768 0
724 725 747 0
766 787 767 0
762 763 742 0
774 773 795 0
776 797 777 0
755 776 756 0
757 734 756 0
740 761 755 0
781 802 797 0
776 781 797 0
761 763 781 0
783 802 781 0
782 783 763 0
782 804 783 0
822 817 802 0
803 824 823 0
801 804 782 0
801 821 804 0
867 884 861 0
838 845 861 0
840 838 861 0
817 822 838 0
864 886 867 0
865 864 842 0
882 887 866 0
881 882 866 0
905 904 882 0
886 864 865 0
887 886 865 0
927 904 905 0
930 950 949 0
909 930 929 0
924 946 930 0
926 947 927 0
930 949 929 0
888 907 884 0
887 909 886 0
908 928 907 0
929 949 948 0
907 888 908 0
909 924 930 0
987 970 966 0
978 998 999 0
990 978 968 0
990 998 978 0
949 969 968 0
991 1011 1010 0
874 897 889 0
868 874 889 0
854 862 874 0
885 883 862 0
841 863 862 0
884 907 885 0
917 938 937 0
896 918 917 0
885 906 883 0
907 928 906 0
928 938 918 0
724 747 726 0
833 834 857 0
858 835 836 0
859 858 836 0
880 860 858 0
814 834 833 0
751 772 752 0
750 751 729 0
750 771 751 0
812 792 791 0
812 793 792 0
831 812 811 0
793 813 794 0
831 855 832 0
860 880 881 0
821 837 844 0
815 814 833 0
835 815 833 0
836 835 833 0
857 836 833 0
859 880 858 0
837 816 815 0
858 837 835 0
860 844 837 0
816 796 795 0
789 809 790 0
769 789 790 0
788 808 789 0
768 767 788 0
769 768 789 0
769 748 768 0
852 872 873 0
830 829 852 0
851 850 870 0
829 828 852 0
828 850 851 0
827 828 808 0
807 827 808 0
788 807 808 0
787 806 807 0
826 847 827 0
807 806 826 0
826 848 849 0
932 911 931 0
952 932 931 0
913 914 893 0
932 913 912 0
933 914 913 0
952 933 932 0
826 825 848 0
897 874 883 0
874 868 854 0
869 889 891 0
869 868 889 0
890 869 891 0
912 890 891 0
912 892 890 0
870 850 849 0
874 862 883 0
848 839 854 0
849 848 868 0
825 839 848 0
825 820 839 0
888 884 867 0
918 906 928 0
888 867 886 0
906 885 907 0
797 798 777 0
845 838 822 0
863 885 862 0
861 863 840 0
861 884 863 0
910 911 891 0
917 919 897 0
883 896 897 0
918 938 917 0
939 931 919 0
745 764 766 0
740 718 721 0
713 714 735 0
713 692 697 0
677 699 678 0
716 715 693 0
735 716 713 0
737 736 716 0
678 676 656 0
677 678 656 0
699 697 678 0
713 697 714 0
692 676 697 0
694 692 713 0
694 672 692 0
721 720 741 0
609 587 605 0
617 610 632 0
617 596 610 0
839 820 841 0
862 839 841 0
854 868 848 0
776 755 761 0
680 701 698 0
741 762 742 0
711 696 691 0
717 711 731 0
717 696 711 0
720 717 739 0
720 700 717 0
741 720 739 0
701 680 700 0
718 701 721 0
674 658 652 0
653 674 652 0
695 700 679 0
701 700 720 0
680 658 679 0
739 738 760 0
754 753 774 0
780 782 762 0
775 780 760 0
801 782 780 0
738 731 754 0
760 738 754 0
739 731 738 0
756 777 757 0
733 740 755 0
697 719 714 0
718 740 719 0
698 718 719 0
698 701 718 0
777 778 757 0
776 777 756 0
798 778 777 0
819 800 799 0
817 838 818 0
764 786 766 0
758 764 744 0
765 786 764 0
805 785 800 0
805 806 785 0
825 805 820 0
825 826 806 0
744 764 745 0
765 785 786 0
736 758 744 0
784 800 785 0
779 784 765 0
779 800 784 0
799 800 779 0
798 799 778 0
819 840 841 0
798 818 799 0
798 817 818 0
820 805 800 0
807 826 827 0
785 806 786 0
805 825 806 0
653 632 631 0
679 700 680 0
674 679 658 0
674 695 679 0
696 695 675 0
696 717 695 0
658 637 652 0
750 749 770 0
772 773 752 0
771 772 751 0
793 773 772 0
728 727 749 0
729 728 750 0
729 709 728 0
946 945 965 0
771 792 772 0
813 793 812 0
832 813 812 0
834 814 813 0
795 815 816 0
774 795 796 0
794 814 795 0
813 814 794 0
878 877 900 0
860 837 858 0
836 857 859 0
815 835 837 0
843 844 866 0
865 843 866 0
865 842 843 0
803 822 802 0
842 846 824 0
846 867 845 0
774 753 752 0
794 795 773 0
793 794 773 0
814 815 795 0
775 754 774 0
796 775 774 0
796 801 780 0
801 796 816 0
760 741 739 0
775 760 754 0
762 741 760 0
780 762 760 0
782 763 762 0
908 929 928 0
909 908 888 0
909 929 908 0
886 909 888 0
904 924 909 0
969 990 968 0
950 969 949 0
970 990 969 0
966 970 950 0
991 990 970 0
948 938 928 0
968 948 949 0
968 958 948 0
959 939 957 0
979 959 957 0
981 972 959 0
910 919 911 0
897 910 891 0
897 919 910 0
889 897 891 0
896 906 918 0
897 896 917 0
883 906 896 0
974 973 992 0
952 951 972 0
933 952 953 0
934 933 953 0
892 893 871 0
869 890 870 0
913 893 892 0
931 951 952 0
981 993 972 0
979 981 959 0
1000 1001 981 0
931 911 919 0
921 899 898 0
878 859 877 0
901 878 900 0
901 879 878 0
902 903 881 0
923 902 901 0
925 926 902 0
866 844 860 0
887 865 866 0
904 887 882 0
904 909 887 0
775 796 780 0
821 801 816 0
837 821 816 0
844 824 821 0
803 804 824 0
822 803 823 0
783 804 803 0
821 824 804 0
842 864 846 0
844 842 824 0
844 843 842 0
856 875 876 0
914 933 934 0
970 969 950 0
980 968 978 0
1020 999 998 0
979 957 958 0
1000 979 980 0
1000 981 979 0
958 938 948 0
980 958 968 0
957 937 958 0
1042 1031 1053 0
1062 1042 1053 0
1043 1020 1042 0
979 958 980 0
1010 1011 1031 0
828 829 809 0
898 920 921 0
920 940 941 0
852 828 851 0
810 829 830 0
809 808 828 0
810 809 829 0
810 790 809 0
853 830 852 0
921 922 900 0
941 921 920 0
941 922 921 0
960 941 940 0
942 922 941 0
961 942 941 0
962 944 942 0
873 894 895 0
915 916 895 0
961 941 960 0
982 983 961 0
944 943 925 0
922 942 923 0
964 963 944 0
1002 1003 1023 0
1002 983 1003 0
1005 1002 1023 0
1005 984 1002 0
1047 1048 1025 0
985 964 984 0
1005 985 984 0
1004 1006 985 0
961 960 982 0
962 961 983 0
962 942 961 0
915 935 916 0
1023 1025 1005 0
1045 1046 1067 0
1026 1006 1022 0
984 983 1002 0
1004 985 1005 0
962 983 984 0
1003 1024 1023 0
954 953 974 0
955 954 975 0
934 953 954 0
976 955 975 0
916 935 936 0
915 914 935 0
914 915 894 0
913 932 933 0
870 890 892 0
891 911 912 0
934 935 914 0
1022 1046 1026 0
1005 1025 1004 0
1025 1046 1022 0
1068 1048 1047 0
1067 1046 1048 0
1049 1026 1045 0
984 964 962 0
1027 1006 1026 0
989 1009 988 0
971 953 952 0
973 971 952 0
973 974 971 0
975 974 994 0
975 954 974 0
995 975 994 0
1016 995 994 0
996 976 995 0
996 977 976 0
946 965 966 0
927 947 945 0
903 926 905 0
882 903 905 0
881 880 902 0
902 923 925 0
1007 1006 1027 0
1009 1007 1027 0
989 986 1007 0
947 967 965 0
963 964 986 0
986 964 985 0
1007 986 1006 0
989 967 986 0
901 922 923 0
901 900 922 0
902 926 903 0
944 925 923 0
943 947 925 0
879 859 878 0
902 879 901 0
880 859 879 0
876 875 898 0
877 876 900 0
877 856 876 0
944 962 964 0
944 923 942 0
947 926 925 0
881 866 860 0
879 902 880 0
903 882 881 0
899 876 898 0
900 899 921 0
900 876 899 0
983 982 1003 0
987 1008 991 0
965 988 966 0
1009 1008 987 0
1052 1071 1050 0
1028 1029 1050 0
1049 1069 1052 0
1010 998 990 0
991 1010 990 0
1031 1019 1010 0
1063 1085 1064 0
1043 1063 1044 0
1033 1043 1044 0
1021 1033 1044 0
1021 1020 1033 0
1019 998 1010 0
1020 1019 1042 0
1020 998 1019 0
1062 1085 1063 0
1296 1276 1294 0
1260 1248 1268 0
1280 1260 1268 0
1280 1283 1260 0
1175 1174 1153 0
1173 1175 1154 0
1151 1173 1154 0
1131 1151 1154 0
1131 1130 1151 0
1172 1192 1193 0
1170 1172 1173 0
1170 1192 1172 0
1195 1194 1175 0
1213 1195 1193 0
1214 1194 1195 0
1234 1235 1215 0
1196 1176 1194 0
1214 1196 1194 0
1216 1199 1196 0
1187 1166 1186 0
1254 1252 1272 0
1292 1290 1274 0
1213 1215 1195 0
1236 1216 1235 0
1232 1212 1231 0
1253 1233 1254 0
1234 1215 1233 0
1152 1170 1173 0
1130 1152 1151 0
1113 1130 1131 0
1128 1149 1130 0
1173 1193 1175 0
1171 1170 1152 0
1192 1190 1211 0
1168 1146 1147 0
1152 1149 1171 0
1129 1108 1109 0
1149 1129 1148 0
1128 1108 1129 0
1113 1093 1110 0
1090 1093 1072 0
1107 1090 1087 0
1110 1130 1113 0
1107 1110 1090 0
1107 1128 1110 0
1233 1252 1254 0
1192 1212 1193 0
1173 1172 1193 0
1170 1171 1192 0
1232 1251 1252 0
1211 1231 1212 0
1211 1210 1231 0
1191 1210 1211 0
1169 1191 1171 0
1149 1150 1171 0
1168 1157 1178 0
1148 1168 1169 0
1146 1126 1147 0
1148 1146 1168 0
1148 1129 1146 0
1189 1209 1191 0
1218 1198 1217 0
1237 1218 1217 0
1229 1209 1218 0
1249 1229 1250 0
1230 1210 1209 0
1258 1238 1257 0
1297 1279 1278 0
1250 1238 1258 0
1270 1250 1258 0
1278 1270 1258 0
1279 1291 1270 0
1278 1279 1270 0
1299 1310 1291 0
1249 1230 1229 0
1252 1251 1271 0
1209 1210 1191 0
1251 1230 1249 0
1269 1251 1249 0
1232 1233 1213 0
1251 1232 1231 0
1252 1233 1232 0
1209 1189 1198 0
1218 1209 1198 0
1229 1230 1209 0
1231 1210 1230 0
1190 1171 1191 0
1211 1190 1191 0
1211 1212 1192 0
1117 1118 1098 0
1097 1117 1098 0
1078 1097 1098 0
1096 1116 1097 0
1084 1096 1076 0
1104 1125 1116 0
1105 1104 1085 0
1083 1103 1085 0
1123 1143 1124 0
1124 1143 1144 0
1138 1118 1117 0
1059 1039 1038 0
977 996 997 0
1015 1016 1039 0
1017 1015 1039 0
995 1016 1015 0
951 939 959 0
971 974 953 0
993 973 972 0
992 1012 994 0
993 992 973 0
993 1012 992 0
931 939 951 0
1056 1036 1044 0
973 952 972 0
1036 1021 1044 0
981 1001 993 0
1000 1021 1001 0
1070 1073 1053 0
1030 1051 1053 0
1011 1030 1031 0
1029 1009 1027 0
1011 1008 1028 0
1011 991 1008 0
1173 1151 1152 0
1153 1154 1175 0
1155 1153 1174 0
1155 1134 1153 0
1132 1112 1133 0
1134 1132 1153 0
1143 1134 1155 0
1143 1123 1134 0
1111 1112 1132 0
1133 1112 1113 0
1154 1133 1131 0
1154 1132 1133 0
1134 1114 1132 0
1105 1085 1103 0
1073 1070 1091 0
1091 1070 1071 0
1094 1091 1111 0
1094 1073 1091 0
1090 1069 1087 0
1060 1081 1061 0
1075 1057 1078 0
1079 1075 1078 0
1038 1016 1034 0
1101 1121 1102 0
1082 1101 1102 0
1100 1120 1101 0
1079 1100 1080 0
1099 1119 1120 0
1079 1099 1100 0
1140 1162 1141 0
1121 1140 1141 0
1139 1161 1162 0
1119 1139 1140 0
1119 1118 1139 0
1118 1119 1099 0
1118 1137 1139 0
852 873 853 0
871 870 892 0
872 871 893 0
851 870 871 0
827 850 828 0
852 871 872 0
849 869 870 0
847 849 850 0
827 847 850 0
826 849 847 0
868 869 849 0
912 911 932 0
915 895 894 0
935 955 936 0
1047 1023 1024 0
955 935 954 0
872 894 873 0
851 871 852 0
893 894 872 0
912 913 892 0
914 894 893 0
1053 1031 1030 0
1062 1053 1073 0
1094 1083 1073 0
1063 1043 1062 0
1062 1043 1042 0
1076 1056 1064 0
1042 1019 1031 0
1033 1020 1043 0
1021 1000 999 0
1055 1075 1058 0
1014 1036 1037 0
993 1014 1012 0
993 1001 1014 0
1037 1057 1055 0
1034 1035 1055 0
1036 1056 1037 0
1064 1056 1044 0
1057 1075 1055 0
1076 1057 1056 0
1076 1096 1077 0
999 980 978 0
1021 999 1020 0
1000 980 999 0
992 994 974 0
937 939 919 0
917 937 919 0
938 958 937 0
929 948 928 0
957 939 937 0
1029 1008 1009 0
1049 1029 1027 0
1052 1050 1029 0
1070 1051 1071 0
1028 1008 1029 0
1030 1028 1050 0
1030 1011 1028 0
1025 1022 1004 0
1047 1025 1023 0
1048 1046 1025 0
1006 1004 1022 0
1006 986 985 0
1089 1068 1086 0
1067 1066 1089 0
1048 1068 1066 0
955 956 936 0
934 954 935 0
976 956 955 0
995 976 975 0
977 956 976 0
1047 1024 1032 0
1054 1047 1032 0
970 987 991 0
988 1009 987 0
966 988 987 0
965 967 988 0
1029 1049 1052 0
1009 989 1007 0
927 924 904 0
926 927 905 0
945 924 927 0
965 945 947 0
946 924 945 0
950 946 966 0
950 930 946 0
963 943 944 0
967 963 986 0
967 947 963 0
988 967 989 0
947 943 963 0
1092 1093 1112 0
1091 1092 1112 0
1071 1072 1092 0
1072 1052 1069 0
1092 1072 1093 0
1071 1052 1072 0
1051 1050 1071 0
1053 1051 1070 0
1030 1050 1051 0
1072 1069 1090 0
1026 1049 1027 0
1045 1065 1049 0
1049 1065 1069 0
1084 1076 1064 0
1077 1078 1057 0
1076 1077 1057 0
1097 1078 1077 0
1099 1098 1118 0
1099 1078 1098 0
1012 1016 994 0
1037 1056 1057 0
1013 1036 1014 0
1001 1013 1014 0
1001 1021 1013 0
1013 1021 1036 0
1034 1016 1012 0
1035 1034 1012 0
1055 1038 1034 0
1058 1038 1055 0
1079 1058 1075 0
1099 1079 1078 0
1080 1059 1079 0
1079 1059 1058 0
1017 1040 1018 0
1058 1059 1038 0
1060 1061 1041 0
1080 1060 1059 0
1081 1101 1082 0
1080 1081 1060 0
1080 1100 1081 0
997 996 1017 0
959 972 951 0
1074 1086 1068 0
1015 996 995 0
1040 1017 1039 0
1018 997 1017 0
1015 1017 996 0
1038 1039 1016 0
1059 1060 1040 0
1088 1089 1108 0
1054 1068 1047 0
1054 1074 1068 0
1106 1109 1089 0
1135 1127 1115 0
1126 1109 1127 0
1106 1089 1086 0
1146 1129 1126 0
1128 1107 1108 0
1069 1065 1087 0
1067 1048 1066 0
1045 1067 1065 0
1045 1026 1046 0
1106 1095 1115 0
1109 1106 1127 0
1086 1095 1106 0
1066 1068 1089 0
1074 1095 1086 0
1040 1039 1059 0
1041 1040 1060 0
1041 1018 1040 0
1156 1157 1147 0
1081 1082 1061 0
1168 1189 1169 0
1147 1157 1168 0
1127 1147 1126 0
1135 1156 1147 0
1156 1177 1157 0
1120 1100 1099 0
1140 1120 1119 0
1140 1121 1120 0
1122 1121 1141 0
1100 1101 1081 0
1189 1191 1169 0
1102 1121 1122 0
1197 1178 1177 0
1138 1160 1159 0
1142 1141 1163 0
1142 1122 1141 0
1198 1197 1217 0
1238 1229 1218 0
1178 1157 1177 0
1189 1178 1198 0
1189 1168 1178 0
1101 1120 1121 0
1204 1203 1183 0
1163 1141 1162 0
1238 1218 1237 0
1257 1238 1237 0
1230 1251 1231 0
1139 1162 1140 0
1137 1159 1139 0
1138 1137 1118 0
1160 1181 1180 0
1159 1160 1180 0
1161 1159 1180 0
1137 1138 1159 0
1138 1158 1160 0
1182 1183 1161 0
1311 1312 1335 0
1295 1273 1274 0
1352 1332 1333 0
1353 1352 1375 0
1353 1335 1352 0
1334 1335 1355 0
1312 1313 1335 0
1290 1312 1311 0
1292 1293 1313 0
1313 1293 1291 0
1295 1294 1275 0
1311 1295 1290 0
1315 1314 1295 0
1272 1271 1293 0
1274 1254 1272 0
1292 1274 1272 0
1290 1295 1274 0
1274 1273 1254 0
1312 1290 1292 0
1311 1315 1295 0
1275 1256 1255 0
1252 1271 1272 0
1270 1269 1250 0
1253 1234 1233 0
1273 1253 1254 0
1273 1255 1253 0
1276 1256 1275 0
1294 1276 1275 0
1309 1323 1331 0
1259 1281 1268 0
1296 1316 1301 0
1314 1316 1296 0
1295 1314 1294 0
1337 1316 1314 0
1289 1300 1280 0
1289 1309 1300 0
1268 1289 1280 0
1268 1281 1289 0
1301 1323 1309 0
1114 1094 1111 0
1123 1114 1134 0
1123 1103 1114 0
1215 1214 1195 0
1213 1233 1215 0
1212 1213 1193 0
1212 1232 1213 0
1234 1255 1235 0
1165 1167 1145 0
1165 1187 1167 0
1166 1165 1144 0
1166 1187 1165 0
1143 1166 1144 0
1155 1174 1176 0
1199 1219 1207 0
1278 1258 1277 0
1163 1164 1142 0
1183 1163 1162 0
1184 1164 1163 0
1258 1257 1277 0
1184 1185 1164 0
1183 1184 1163 0
1161 1183 1162 0
1182 1204 1183 0
1205 1185 1184 0
1183 1203 1184 0
1180 1202 1182 0
1223 1242 1243 0
1225 1206 1205 0
1229 1238 1250 0
1180 1182 1161 0
1139 1159 1161 0
1181 1201 1202 0
1202 1201 1222 0
1204 1202 1222 0
1180 1181 1202 0
1158 1179 1160 0
1179 1167 1188 0
1117 1097 1116 0
1181 1179 1200 0
1221 1222 1201 0
1327 1304 1322 0
1283 1280 1300 0
1305 1285 1304 0
1261 1260 1283 0
1240 1248 1261 0
1221 1240 1241 0
1220 1200 1208 0
1221 1220 1240 0
1221 1200 1220 0
1200 1201 1181 0
1228 1220 1208 0
1221 1201 1200 0
1301 1281 1296 0
1281 1259 1276 0
1296 1281 1276 0
1301 1309 1289 0
1261 1248 1260 0
1247 1259 1268 0
1247 1227 1239 0
1241 1263 1242 0
1203 1224 1205 0
1184 1203 1205 0
1223 1243 1244 0
1204 1223 1224 0
1204 1222 1223 0
1241 1242 1221 0
1265 1266 1243 0
1205 1206 1185 0
1243 1242 1262 0
1245 1244 1266 0
1223 1222 1242 0
1182 1202 1204 0
1221 1242 1222 0
1245 1226 1225 0
1278 1277 1298 0
1317 1318 1298 0
1269 1271 1251 0
1250 1269 1249 0
1270 1291 1269 0
1374 1375 1354 0
1376 1355 1377 0
1363 1364 1351 0
1356 1355 1376 0
1356 1357 1336 0
1355 1356 1336 0
1376 1378 1356 0
1337 1315 1336 0
1334 1311 1335 0
1336 1334 1355 0
1336 1315 1334 0
1225 1226 1206 0
1322 1300 1321 0
1327 1322 1342 0
1304 1300 1322 0
1284 1262 1285 0
1306 1284 1285 0
1306 1286 1284 0
1283 1300 1304 0
1246 1226 1245 0
1044 1063 1064 0
1071 1092 1091 0
1083 1085 1062 0
1073 1083 1062 0
1103 1123 1105 0
1094 1103 1083 0
1094 1114 1103 0
1133 1113 1131 0
1091 1112 1111 0
1093 1113 1112 0
1136 1145 1158 0
1105 1125 1104 0
1145 1167 1158 0
1144 1145 1125 0
1144 1165 1145 0
1124 1144 1125 0
1105 1124 1125 0
1105 1123 1124 0
1143 1155 1166 0
1194 1174 1175 0
1216 1196 1214 0
1176 1174 1194 0
1186 1176 1196 0
1207 1186 1199 0
1166 1176 1186 0
1166 1155 1176 0
1132 1114 1111 0
1132 1154 1153 0
1108 1089 1109 0
1126 1129 1109 0
1107 1087 1088 0
1088 1087 1067 0
1089 1088 1067 0
1108 1107 1088 0
1130 1110 1128 0
1110 1093 1090 0
1065 1067 1087 0
1193 1195 1175 0
1136 1158 1138 0
1117 1136 1138 0
1125 1145 1136 0
1259 1256 1276 0
1240 1220 1228 0
1239 1256 1259 0
1247 1239 1259 0
1196 1199 1186 0
1235 1216 1214 0
1215 1235 1214 0
1255 1256 1236 0
1219 1199 1216 0
1227 1219 1239 0
1227 1207 1219 0
1116 1136 1117 0
1104 1116 1096 0
1125 1136 1116 0
1236 1219 1216 0
1228 1208 1227 0
1247 1228 1227 0
1248 1240 1228 0
1268 1248 1247 0
1261 1241 1240 0
1207 1187 1186 0
1208 1207 1227 0
1208 1188 1207 0
1188 1167 1187 0
1207 1188 1187 0
1208 1200 1188 0
1247 1248 1228 0
1179 1181 1160 0
1167 1179 1158 0
1188 1200 1179 0
1289 1281 1301 0
1362 1351 1372 0
1369 1362 1372 0
1342 1351 1362 0
1338 1343 1323 0
1316 1338 1323 0
1301 1316 1323 0
1296 1294 1314 0
1337 1357 1338 0
1347 1369 1348 0
1342 1347 1327 0
1362 1369 1347 0
1370 1368 1390 0
1370 1349 1368 0
1435 1414 1434 0
1453 1435 1455 0
1413 1392 1390 0
1432 1415 1435 0
1432 1412 1415 0
1415 1393 1392 0
1410 1389 1411 0
1365 1366 1344 0
1350 1371 1367 0
1345 1350 1367 0
1346 1345 1367 0
1324 1330 1345 0
1330 1349 1350 0
1388 1366 1365 0
1372 1364 1386 0
1368 1369 1390 0
1347 1348 1327 0
1394 1391 1372 0
1368 1348 1369 0
1328 1348 1329 0
1320 1306 1329 0
1330 1320 1329 0
1307 1306 1320 0
1322 1321 1342 0
1394 1386 1408 0
1414 1394 1416 0
1372 1386 1394 0
1343 1363 1351 0
1416 1429 1436 0
1391 1369 1372 0
1394 1408 1416 0
1385 1386 1364 0
1407 1421 1427 0
1429 1408 1427 0
1385 1400 1407 0
1434 1454 1435 0
1416 1434 1414 0
1436 1454 1434 0
1266 1267 1245 0
1035 1012 1014 0
1037 1035 1014 0
1037 1055 1035 0
1084 1104 1096 0
1085 1084 1064 0
1085 1104 1084 0
1096 1097 1077 0
1198 1178 1197 0
1171 1190 1192 0
1293 1292 1272 0
1236 1256 1239 0
1219 1236 1239 0
1235 1255 1236 0
1253 1255 1234 0
1273 1275 1255 0
1115 1127 1106 0
1135 1147 1127 0
1149 1152 1130 0
1129 1149 1128 0
1150 1169 1171 0
1148 1150 1149 0
1148 1169 1150 0
1246 1245 1267 0
1269 1291 1271 0
1330 1307 1320 0
1326 1325 1346 0
1324 1308 1330 0
1288 1265 1286 0
1288 1266 1265 0
1307 1288 1286 0
1308 1302 1287 0
1224 1225 1205 0
1266 1244 1243 0
1245 1225 1244 0
1306 1305 1328 0
1286 1306 1307 0
1285 1305 1306 0
1283 1285 1263 0
1283 1304 1285 0
1329 1306 1328 0
1263 1241 1261 0
1283 1263 1261 0
1262 1242 1263 0
1285 1262 1263 0
1284 1265 1262 0
1267 1287 1264 0
1224 1244 1225 0
1204 1224 1203 0
1223 1244 1224 0
1340 1360 1341 0
1339 1340 1318 0
1339 1359 1340 0
1318 1319 1299 0
1359 1360 1340 0
1354 1333 1341 0
1413 1390 1391 0
1415 1413 1435 0
1415 1392 1413 0
1412 1393 1415 0
1453 1433 1432 0
1411 1389 1393 0
1370 1390 1392 0
1349 1329 1348 0
1370 1350 1349 0
1324 1325 1302 0
1350 1345 1330 0
1345 1325 1324 0
1388 1365 1367 0
1344 1326 1346 0
1349 1348 1368 0
1286 1265 1284 0
1308 1288 1307 0
1330 1308 1307 0
1287 1282 1264 0
1308 1287 1288 0
1302 1282 1287 0
1265 1243 1262 0
1383 1381 1404 0
1319 1340 1341 0
1359 1381 1360 0
1371 1370 1392 0
1388 1367 1389 0
1345 1346 1325 0
1389 1367 1371 0
1365 1346 1367 0
1308 1324 1302 0
1349 1330 1329 0
1350 1370 1371 0
1303 1302 1325 0
1303 1282 1302 0
1351 1331 1343 0
1372 1351 1364 0
1342 1331 1351 0
1347 1342 1362 0
1328 1327 1348 0
1328 1305 1327 0
1327 1305 1304 0
1361 1360 1383 0
1354 1361 1374 0
1341 1360 1361 0
1303 1325 1326 0
1361 1383 1382 0
1422 1404 1401 0
1384 1405 1396 0
1403 1402 1380 0
1425 1403 1404 0
1424 1444 1443 0
1425 1424 1403 0
1425 1445 1424 0
1402 1424 1423 0
1422 1442 1425 0
1318 1297 1298 0
1319 1310 1299 0
1352 1333 1354 0
1332 1313 1333 0
1291 1293 1271 0
1299 1291 1279 0
1310 1313 1291 0
1319 1341 1333 0
1310 1319 1333 0
1318 1340 1319 0
1297 1318 1299 0
1279 1297 1299 0
1278 1298 1297 0
1317 1339 1318 0
1313 1312 1292 0
1333 1313 1310 0
1332 1335 1313 0
1374 1361 1382 0
1422 1425 1404 0
1423 1443 1426 0
1403 1424 1402 0
1424 1443 1423 0
1454 1455 1435 0
1476 1455 1454 0
1493 1498 1477 0
1496 1497 1474 0
1477 1498 1476 0
1517 1497 1496 0
1491 1492 1471 0
1511 1491 1495 0
1511 1512 1491 0
1476 1454 1456 0
1453 1432 1435 0
1474 1453 1455 0
1451 1433 1453 0
1469 1452 1473 0
1452 1449 1431 0
1473 1452 1451 0
1469 1449 1452 0
1435 1413 1414 0
1467 1451 1453 0
1474 1467 1453 0
1474 1473 1467 0
1393 1389 1371 0
1392 1393 1371 0
1412 1411 1393 0
1409 1388 1410 0
1267 1264 1246 0
1288 1267 1266 0
1288 1287 1267 0
1366 1388 1387 0
1365 1344 1346 0
1445 1442 1462 0
1409 1387 1388 0
1547 1526 1527 0
1487 1488 1485 0
1506 1487 1485 0
1506 1508 1487 0
1519 1508 1528 0
1519 1499 1508 0
1465 1485 1463 0
1478 1466 1488 0
1446 1437 1426 0
1478 1457 1466 0
1478 1459 1457 0
1410 1411 1430 0
1409 1410 1431 0
1388 1389 1410 0
1505 1504 1524 0
1507 1526 1506 0
1545 1527 1525 0
1546 1547 1527 0
1484 1483 1504 0
1431 1410 1430 0
1428 1431 1449 0
1428 1409 1431 0
1485 1488 1466 0
1446 1463 1466 0
1506 1526 1508 0
1486 1506 1485 0
1486 1507 1506 0
1484 1486 1464 0
1483 1484 1464 0
1505 1486 1484 0
1507 1525 1527 0
1567 1566 1589 0
1508 1526 1528 0
1546 1566 1547 0
1461 1468 1447 0
1440 1460 1441 0
1482 1502 1503 0
1602 1624 1603 0
1353 1373 1355 0
1354 1375 1352 0
1374 1380 1396 0
1426 1417 1405 0
1406 1420 1399 0
1398 1418 1397 0
1437 1419 1417 0
1439 1459 1458 0
1437 1439 1419 0
1437 1457 1439 0
1418 1439 1438 0
1426 1437 1417 0
1438 1458 1440 0
1562 1584 1574 0
1625 1605 1604 0
1613 1636 1619 0
1596 1613 1619 0
1596 1605 1613 0
1613 1625 1636 0
1642 1655 1662 0
1618 1642 1641 0
1618 1619 1642 0
1575 1596 1597 0
1636 1657 1635 0
1631 1647 1625 0
1647 1656 1636 0
1653 1673 1668 0
1654 1653 1631 0
1654 1673 1653 0
1717 1711 1729 0
1673 1691 1668 0
1695 1711 1691 0
1645 1623 1641 0
1662 1645 1641 0
1663 1666 1645 0
1657 1678 1675 0
1745 1760 1758 0
1729 1738 1719 0
1759 1780 1782 0
1749 1759 1738 0
1749 1769 1759 0
1724 1728 1708 0
1804 1803 1823 0
1768 1789 1790 0
1767 1783 1789 0
1760 1738 1759 0
1781 1760 1782 0
1745 1739 1760 0
1706 1718 1726 0
1719 1738 1739 0
1825 1846 1844 0
1823 1825 1844 0
1805 1822 1825 0
1825 1822 1826 0
1783 1805 1803 0
1789 1783 1803 0
1758 1760 1781 0
1767 1758 1781 0
1767 1745 1758 0
1802 1822 1805 0
1782 1802 1805 0
1782 1780 1802 0
1826 1834 1847 0
1846 1826 1847 0
1822 1813 1826 0
1721 1741 1722 0
1701 1700 1721 0
1743 1765 1761 0
1658 1659 1638 0
1616 1640 1637 0
1682 1700 1680 0
1661 1682 1658 0
1661 1683 1682 0
1637 1640 1658 0
1683 1703 1682 0
1660 1683 1661 0
1681 1687 1702 0
1683 1681 1702 0
1660 1665 1681 0
1438 1420 1418 0
1438 1440 1420 0
1419 1439 1418 0
1460 1479 1481 0
1439 1458 1438 0
1459 1479 1458 0
1460 1461 1441 0
1440 1441 1420 0
1480 1500 1479 0
1481 1502 1482 0
1478 1499 1480 0
1503 1509 1489 0
1523 1503 1502 0
1520 1509 1503 0
1468 1472 1450 0
1514 1534 1513 0
1509 1514 1494 0
1535 1534 1514 0
1520 1530 1509 0
1551 1557 1535 0
1535 1556 1534 0
1541 1551 1530 0
1542 1541 1520 0
1542 1562 1541 0
1575 1598 1576 0
1559 1558 1538 0
1537 1559 1538 0
1534 1537 1518 0
1534 1556 1537 0
1570 1580 1582 0
1556 1570 1559 0
1556 1580 1570 0
1358 1343 1338 0
1357 1358 1338 0
1336 1357 1337 0
1378 1358 1357 0
1379 1399 1400 0
1397 1378 1376 0
1363 1343 1358 0
1379 1363 1358 0
1385 1364 1363 0
1407 1386 1385 0
1408 1429 1416 0
1407 1408 1386 0
1407 1427 1408 0
1441 1427 1421 0
1447 1468 1450 0
1441 1447 1427 0
1441 1461 1447 0
1436 1434 1416 0
1391 1394 1414 0
1413 1391 1414 0
1390 1369 1391 0
1449 1448 1428 0
1433 1451 1430 0
1411 1433 1430 0
1412 1432 1433 0
1492 1512 1490 0
1470 1492 1490 0
1469 1473 1491 0
1430 1451 1452 0
1431 1430 1452 0
1411 1412 1433 0
1473 1495 1491 0
1464 1445 1462 0
1405 1423 1426 0
1445 1444 1424 0
1442 1445 1425 0
1464 1465 1445 0
1464 1486 1465 0
1483 1464 1462 0
1484 1504 1505 0
1353 1355 1335 0
1332 1352 1335 0
1373 1377 1355 0
1375 1373 1353 0
1375 1396 1373 0
1398 1419 1418 0
1377 1398 1397 0
1377 1395 1398 0
1446 1443 1463 0
1457 1446 1466 0
1426 1443 1446 0
1402 1423 1405 0
1437 1446 1457 0
1539 1519 1540 0
1560 1539 1540 0
1543 1522 1521 0
1539 1521 1519 0
1523 1522 1543 0
1500 1501 1522 0
1481 1500 1502 0
1480 1459 1478 0
1500 1480 1501 0
1479 1459 1480 0
1481 1479 1500 0
1460 1440 1458 0
1479 1460 1458 0
1481 1461 1460 0
1480 1499 1501 0
1397 1376 1377 0
1395 1417 1398 0
1420 1421 1399 0
1379 1400 1385 0
1378 1379 1358 0
1378 1399 1379 0
1400 1421 1407 0
1363 1379 1385 0
1399 1421 1400 0
1397 1399 1378 0
1406 1418 1420 0
1397 1406 1399 0
1397 1418 1406 0
1441 1421 1420 0
1429 1447 1450 0
1273 1295 1275 0
1334 1315 1311 0
1337 1314 1315 0
1356 1378 1357 0
1338 1316 1337 0
1331 1323 1343 0
1321 1300 1309 0
1331 1321 1309 0
1331 1342 1321 0
1361 1354 1341 0
1382 1404 1403 0
1382 1383 1404 0
1380 1382 1403 0
1380 1374 1382 0
1360 1381 1383 0
1384 1402 1405 0
1380 1384 1396 0
1380 1402 1384 0
1401 1404 1381 0
1398 1417 1419 0
1373 1395 1377 0
1373 1396 1395 0
1374 1396 1375 0
1405 1417 1396 0
1457 1459 1439 0
1396 1417 1395 0
1525 1505 1524 0
1523 1520 1503 0
1543 1563 1542 0
1502 1522 1523 0
1521 1501 1499 0
1543 1521 1539 0
1522 1501 1521 0
1569 1583 1561 0
1584 1605 1596 0
1575 1574 1596 0
1563 1583 1584 0
1561 1583 1560 0
1604 1605 1583 0
1552 1551 1541 0
1584 1583 1605 0
1523 1543 1542 0
1560 1583 1563 0
1569 1588 1583 0
1548 1547 1567 0
1540 1548 1561 0
1528 1547 1548 0
1630 1629 1650 0
1652 1630 1650 0
1671 1652 1672 0
1651 1633 1630 0
1671 1651 1652 0
1671 1654 1651 0
1633 1611 1630 0
1612 1611 1633 0
1632 1612 1633 0
1588 1569 1591 0
1609 1588 1591 0
1609 1604 1588 0
1591 1568 1567 0
1587 1608 1589 0
1608 1629 1611 0
1589 1608 1611 0
1587 1607 1608 0
1749 1732 1753 0
1699 1679 1697 0
1739 1718 1719 0
1698 1679 1699 0
1695 1715 1711 0
1673 1695 1691 0
1647 1653 1668 0
1654 1671 1674 0
1610 1632 1631 0
1651 1630 1652 0
1694 1693 1713 0
1735 1714 1713 0
1674 1671 1694 0
1581 1576 1595 0
1535 1557 1556 0
1551 1576 1557 0
1523 1542 1520 0
1500 1522 1502 0
1543 1560 1563 0
1540 1561 1560 0
1543 1539 1560 0
1519 1528 1540 0
1499 1519 1521 0
1488 1499 1478 0
1488 1508 1499 0
1528 1548 1540 0
1463 1443 1444 0
1465 1463 1444 0
1445 1465 1444 0
1486 1485 1465 0
1485 1466 1463 0
1566 1565 1585 0
1589 1566 1587 0
1546 1545 1566 0
1507 1486 1505 0
1525 1507 1505 0
1527 1526 1507 0
1528 1526 1547 0
1508 1488 1487 0
1545 1544 1564 0
1527 1545 1546 0
1525 1544 1545 0
1612 1591 1590 0
1448 1449 1470 0
1544 1525 1524 0
3862 3880 3879 0
3862 3861 3880 0
3860 3862 3879 0
3860 3840 3841 0
3862 3841 3861 0
3841 3840 3820 0
3861 3841 3859 0
3862 3860 3841 0
3839 3841 3820 0
3820 3837 3817 0
3859 3841 3839 0
3840 3837 3820 0
3820 3819 3839 0
3820 3817 3800 0
3800 3779 3799 0
3820 3800 3819 0
3817 3797 3800 0
3797 3779 3800 0
3819 3800 3799 0
3779 3778 3799 0
3777 3779 3797 0
3777 3756 3758 0
3779 3758 3778 0
3758 3757 3778 0
3777 3758 3779 0
3756 3737 3758 0
3758 3737 3757 0
3737 3752 3733 0
3757 3737 3753 0
3756 3752 3737 0
3737 3734 3753 0
3737 3733 3718 0
3718 3715 3734 0
3737 3718 3734 0
3733 3714 3718 0
3714 3699 3718 0
3718 3699 3715 0
3696 3699 3714 0
3699 3695 3713 0
3715 3699 3713 0
3696 3678 3681 0
3681 3695 3699 0
3696 3681 3699 0
3678 3659 3662 0
3677 3695 3681 0
3662 3677 3681 0
3678 3662 3681 0
3659 3642 3662 0
3642 3658 3662 0
3662 3658 3677 0
3657 3642 3659 0
3657 3638 3642 0
3623 3639 3642 0
3638 3623 3642 0
3623 3605 3620 0
3658 3642 3639 0
3638 3619 3623 0
3619 3605 3623 0
3639 3623 3620 0
3605 3602 3620 0
3601 3605 3619 0
3601 3583 3587 0
3587 3602 3605 0
3587 3605 3601 0
3569 3587 3583 0
3584 3602 3587 0
3584 3587 3569 0
3583 3565 3569 0
3545 3549 3565 0
3569 3566 3584 0
3549 3569 3565 0
3549 3566 3569 0
3526 3549 3545 0
3546 3566 3549 0
3526 3527 3549 0
3549 3528 3546 0
3508 3527 3526 0
3527 3509 3528 0
3549 3527 3528 0
3507 3489 3504 0
3507 3504 3490 0
3527 3507 3509 0
3527 3508 3507 0
3486 3489 3465 0
3509 3507 3490 0
3507 3508 3489 0
3486 3465 3463 0
3489 3483 3465 0
3465 3483 3459 0
3440 3463 3438 0
3486 3490 3504 0
3458 3459 3481 0
3381 3359 3358 0
3411 3392 3383 0
3408 3434 3411 0
3381 3408 3383 0
3381 3409 3408 0
3436 3420 3411 0
3456 3436 3434 0
3439 3456 3433 0
3459 3458 3456 0
3458 3444 3436 0
3393 3368 3392 0
3445 3422 3420 0
3368 3346 3359 0
3436 3456 3458 0
3438 3439 3415 0
3438 3465 3439 0
3439 3465 3459 0
3463 3440 3466 0
3486 3463 3466 0
3490 3486 3466 0
3504 3489 3486 0
3465 3438 3463 0
3414 3438 3415 0
3387 3414 3415 0
3388 3416 3414 0
3416 3440 3438 0
3456 3439 3459 0
3444 3445 3420 0
3407 3387 3415 0
3434 3408 3409 0
3456 3434 3433 0
3411 3383 3408 0
3433 3434 3407 0
3386 3414 3387 0
3414 3416 3438 0
3386 3388 3414 0
3363 3386 3387 0
3363 3364 3386 0
3447 3426 3423 0
3392 3420 3393 0
3445 3446 3422 0
3291 3314 3308 0
3362 3363 3387 0
3339 3314 3313 0
3313 3314 3290 0
3932 3929 3930 0
3927 3929 3931 0
3926 3927 3931 0
3911 3914 3927 0
3897 3914 3911 0
3930 3929 3914 0
3911 3894 3897 0
3929 3927 3914 0
3927 3926 3911 0
3913 3914 3897 0
3912 3928 3921 0
3888 3895 3905 0
3926 3928 3912 0
3911 3926 3910 0
3931 3928 3926 0
3914 3913 3930 0
3814 3815 3794 0
3831 3832 3812 0
3835 3856 3834 0
3833 3835 3814 0
3812 3833 3814 0
3832 3855 3833 0
3855 3857 3835 0
3875 3854 3853 0
3857 3856 3835 0
3794 3813 3791 0
3812 3832 3833 0
3793 3812 3814 0
3810 3831 3812 0
3814 3835 3815 0
3878 3857 3877 0
3835 3834 3815 0
3878 3856 3857 0
3878 3893 3873 0
3791 3773 3794 0
3792 3791 3813 0
3792 3770 3791 0
3896 3913 3897 0
3912 3921 3905 0
3854 3877 3855 0
3896 3876 3875 0
3896 3897 3876 0
3876 3897 3877 0
3900 3915 3916 0
3894 3911 3910 0
3921 3915 3905 0
3867 3864 3883 0
3915 3900 3905 0
3916 3917 3901 0
3910 3893 3894 0
3912 3910 3926 0
3912 3895 3910 0
3893 3878 3894 0
3900 3888 3905 0
3864 3866 3883 0
3822 3824 3843 0
3851 3852 3874 0
3846 3824 3830 0
3864 3844 3866 0
3864 3845 3843 0
3809 3787 3808 0
3895 3888 3874 0
3910 3895 3893 0
3912 3905 3895 0
3885 3901 3886 0
3877 3897 3878 0
3855 3877 3857 0
3897 3894 3878 0
3902 3901 3917 0
3903 3902 3918 0
3899 3886 3902 0
3920 3925 3909 0
3887 3898 3881 0
3899 3887 3883 0
3898 3882 3881 0
3909 3898 3904 0
3881 3863 3867 0
3887 3881 3867 0
3882 3863 3881 0
3892 3882 3898 0
3892 3872 3882 0
3904 3903 3919 0
3909 3904 3920 0
3909 3892 3898 0
3882 3872 3863 0
3849 3872 3850 0
3919 3903 3918 0
3919 3920 3904 0
3904 3887 3903 0
3828 3849 3850 0
3901 3900 3916 0
3918 3902 3917 0
3884 3888 3900 0
3901 3885 3900 0
3843 3844 3864 0
3822 3843 3836 0
3824 3844 3843 0
3830 3824 3809 0
3868 3874 3888 0
3885 3865 3884 0
3851 3874 3868 0
3830 3851 3846 0
3830 3852 3851 0
3846 3865 3844 0
3824 3846 3844 0
3851 3868 3846 0
3900 3885 3884 0
3886 3866 3885 0
3886 3883 3866 0
3902 3886 3901 0
3816 3836 3823 0
3822 3816 3801 0
3822 3836 3816 0
3809 3822 3802 0
3809 3824 3822 0
3808 3829 3830 0
3792 3808 3787 0
3792 3813 3808 0
3865 3846 3868 0
3884 3865 3868 0
3866 3844 3865 0
3867 3883 3887 0
3842 3823 3845 0
3849 3842 3863 0
3849 3827 3842 0
3809 3802 3787 0
3863 3842 3845 0
3801 3802 3822 0
3893 3895 3874 0
3899 3902 3903 0
3887 3899 3903 0
3883 3886 3899 0
3806 3807 3786 0
3801 3803 3784 0
3827 3828 3807 0
3887 3904 3898 0
3785 3806 3786 0
3834 3829 3813 0
3873 3852 3856 0
3878 3873 3856 0
3893 3874 3873 0
3866 3865 3885 0
3873 3874 3852 0
3888 3884 3868 0
3794 3773 3771 0
3762 3763 3742 0
3803 3806 3784 0
3816 3823 3803 0
3821 3806 3803 0
3823 3821 3803 0
3823 3842 3821 0
3785 3764 3763 0
3854 3876 3877 0
3832 3854 3855 0
3875 3876 3854 0
3762 3742 3741 0
3785 3763 3762 0
3806 3785 3784 0
3786 3764 3785 0
3764 3743 3763 0
3832 3831 3853 0
3854 3832 3853 0
3855 3835 3833 0
3794 3771 3772 0
3767 3766 3771 0
3767 3768 3790 0
3811 3831 3810 0
3742 3763 3743 0
3811 3810 3790 0
3723 3724 3704 0
3747 3728 3746 0
3768 3747 3746 0
3767 3745 3747 0
3768 3767 3747 0
3789 3768 3765 0
3789 3811 3790 0
3771 3750 3749 0
3751 3748 3732 0
3773 3751 3750 0
3773 3791 3770 0
3759 3760 3738 0
3748 3759 3738 0
3781 3760 3759 0
3769 3781 3759 0
3751 3770 3748 0
3792 3787 3769 0
3774 3784 3762 0
3802 3782 3781 0
3801 3784 3782 0
3802 3801 3782 0
3780 3802 3781 0
3813 3829 3808 0
3834 3856 3852 0
3829 3834 3852 0
3830 3829 3852 0
3830 3809 3808 0
3813 3815 3834 0
3864 3867 3845 0
3806 3827 3807 0
3827 3849 3828 0
3821 3827 3806 0
3821 3842 3827 0
3801 3816 3803 0
3845 3867 3863 0
3836 3845 3823 0
3836 3843 3845 0
3863 3872 3849 0
3686 3685 3703 0
3668 3686 3687 0
3668 3647 3667 0
3721 3722 3703 0
3686 3705 3687 0
3741 3742 3723 0
3704 3722 3723 0
3762 3784 3785 0
3740 3762 3741 0
3740 3760 3762 0
3724 3705 3704 0
3746 3727 3744 0
3746 3726 3727 0
3765 3746 3744 0
3728 3726 3746 0
3749 3745 3767 0
3771 3749 3767 0
3750 3731 3729 0
3725 3730 3729 0
3706 3707 3726 0
3728 3708 3726 0
3688 3670 3689 0
3691 3688 3706 0
3669 3670 3688 0
3667 3666 3685 0
3668 3667 3686 0
3647 3666 3667 0
3666 3664 3683 0
3701 3685 3683 0
3647 3646 3666 0
3629 3647 3648 0
3645 3664 3666 0
3790 3766 3767 0
3789 3790 3768 0
3788 3766 3790 0
3810 3788 3790 0
3810 3793 3788 0
3768 3746 3765 0
3674 3690 3672 0
3688 3691 3673 0
3692 3710 3709 0
3691 3692 3674 0
3691 3710 3692 0
3710 3729 3709 0
3773 3750 3771 0
3770 3792 3769 0
3748 3770 3769 0
3751 3773 3770 0
3794 3815 3813 0
3772 3793 3794 0
3766 3772 3771 0
3766 3788 3772 0
3793 3810 3812 0
3794 3793 3814 0
3772 3788 3793 0
3732 3738 3719 0
3711 3731 3712 0
3721 3740 3741 0
3702 3721 3701 0
3719 3738 3721 0
3702 3719 3721 0
3702 3712 3719 0
3748 3738 3732 0
3748 3769 3759 0
3731 3751 3732 0
3780 3787 3802 0
3769 3780 3781 0
3769 3787 3780 0
3635 3618 3617 0
3672 3653 3652 0
3637 3618 3635 0
3656 3637 3653 0
3656 3644 3637 0
3668 3648 3647 0
3629 3611 3610 0
3745 3728 3747 0
3730 3745 3749 0
3725 3728 3745 0
3690 3692 3709 0
3708 3728 3725 0
3690 3674 3692 0
3706 3726 3708 0
3686 3667 3685 0
3684 3701 3683 0
3731 3732 3712 0
3729 3731 3711 0
3709 3729 3711 0
3730 3749 3750 0
3729 3730 3750 0
3725 3745 3730 0
3710 3725 3729 0
3710 3708 3725 0
3750 3751 3731 0
3738 3740 3721 0
3742 3743 3724 0
3723 3742 3724 0
3703 3722 3704 0
3722 3721 3741 0
3723 3722 3741 0
3703 3701 3721 0
3760 3781 3782 0
3774 3760 3782 0
3784 3774 3782 0
3762 3760 3774 0
3740 3738 3760 0
3707 3727 3726 0
3607 3589 3600 0
3625 3607 3618 0
3625 3609 3607 0
3637 3625 3618 0
3608 3610 3592 0
3644 3627 3625 0
3628 3647 3629 0
3626 3628 3610 0
3626 3646 3628 0
3645 3646 3627 0
3645 3666 3646 0
3707 3706 3689 0
3630 3634 3615 0
3694 3693 3711 0
3702 3694 3712 0
3676 3656 3655 0
3684 3676 3694 0
3665 3644 3656 0
3684 3665 3676 0
3684 3664 3665 0
3664 3684 3683 0
3675 3655 3672 0
3694 3675 3693 0
3676 3655 3675 0
3688 3689 3706 0
3649 3670 3669 0
3671 3689 3670 0
3651 3671 3670 0
3644 3645 3627 0
3676 3665 3656 0
3664 3645 3644 0
3665 3664 3644 0
3686 3703 3704 0
3705 3686 3704 0
3666 3683 3685 0
3637 3644 3625 0
3655 3656 3653 0
3672 3655 3653 0
3654 3672 3652 0
3690 3675 3672 0
3690 3693 3675 0
3694 3711 3712 0
3676 3675 3694 0
3690 3709 3693 0
3703 3685 3701 0
3628 3629 3610 0
3582 3581 3564 0
3607 3600 3618 0
3589 3581 3600 0
3593 3574 3575 0
3582 3564 3580 0
3599 3582 3598 0
3599 3581 3582 0
3571 3581 3589 0
3573 3571 3589 0
3551 3562 3571 0
3563 3544 3564 0
3581 3563 3564 0
3562 3544 3563 0
3571 3562 3581 0
3543 3542 3562 0
3551 3543 3562 0
3551 3531 3543 0
3595 3613 3597 0
3577 3596 3578 0
3596 3613 3595 0
3631 3614 3612 0
3632 3613 3614 0
3636 3652 3634 0
3632 3649 3630 0
3654 3652 3636 0
3673 3654 3669 0
3674 3672 3654 0
3691 3708 3710 0
3673 3691 3674 0
3654 3673 3674 0
3669 3688 3673 0
3706 3708 3691 0
3709 3711 3693 0
3576 3577 3557 0
3563 3581 3562 0
3442 3441 3467 0
3524 3544 3542 0
3522 3524 3505 0
3522 3541 3524 0
3500 3522 3505 0
3501 3499 3521 0
3523 3505 3524 0
3531 3523 3542 0
3502 3505 3523 0
3479 3502 3493 0
3479 3454 3480 0
3597 3613 3615 0
3580 3597 3598 0
3596 3577 3594 0
3579 3578 3597 0
3580 3579 3597 0
3561 3559 3579 0
3558 3557 3577 0
3559 3558 3578 0
3559 3538 3539 0
3513 3531 3532 0
3544 3562 3542 0
3634 3617 3616 0
3560 3564 3544 0
3524 3541 3544 0
3580 3598 3582 0
3561 3580 3560 0
3561 3579 3580 0
3616 3598 3597 0
3634 3616 3615 0
3617 3599 3616 0
3635 3617 3634 0
3652 3635 3634 0
3653 3637 3635 0
3599 3598 3616 0
3600 3599 3617 0
3600 3581 3599 0
3560 3580 3564 0
3702 3701 3684 0
3694 3702 3684 0
3712 3732 3719 0
3610 3611 3593 0
3609 3627 3626 0
3608 3626 3610 0
3649 3632 3651 0
3634 3630 3636 0
3653 3635 3652 0
3618 3600 3617 0
3615 3632 3630 0
3512 3513 3493 0
3543 3531 3542 0
3551 3553 3532 0
3495 3514 3503 0
3494 3515 3495 0
3515 3534 3535 0
3495 3515 3516 0
3513 3532 3515 0
3512 3531 3513 0
3502 3512 3493 0
3502 3523 3512 0
3532 3553 3552 0
3515 3532 3534 0
3531 3551 3532 0
3555 3575 3574 0
3534 3555 3535 0
3552 3572 3555 0
3535 3533 3516 0
3515 3535 3516 0
3534 3552 3555 0
3573 3553 3571 0
3591 3573 3589 0
3591 3590 3573 0
3651 3650 3671 0
3626 3627 3646 0
3647 3628 3646 0
3608 3609 3626 0
3575 3590 3592 0
3591 3589 3607 0
3608 3591 3609 0
3572 3553 3573 0
3535 3555 3554 0
3575 3592 3593 0
3554 3555 3574 0
3572 3590 3575 0
3553 3572 3552 0
3534 3532 3552 0
3551 3571 3553 0
3609 3625 3627 0
3590 3591 3608 0
3592 3590 3608 0
3572 3573 3590 0
3591 3607 3609 0
3610 3593 3592 0
3636 3649 3654 0
3649 3651 3670 0
3654 3649 3669 0
3636 3630 3649 0
3613 3632 3615 0
3616 3597 3615 0
3596 3594 3612 0
3613 3596 3614 0
3595 3578 3596 0
3633 3631 3650 0
3633 3650 3651 0
3633 3651 3632 0
3614 3633 3632 0
3614 3631 3633 0
3559 3561 3540 0
3519 3539 3538 0
3578 3595 3597 0
3594 3577 3576 0
3559 3578 3579 0
3575 3555 3572 0
3554 3533 3535 0
3612 3614 3596 0
3514 3516 3533 0
3495 3516 3514 0
3485 3484 3503 0
3494 3513 3515 0
3470 3494 3495 0
3470 3479 3494 0
3539 3537 3557 0
3559 3539 3558 0
3519 3537 3539 0
3537 3556 3557 0
3484 3495 3503 0
3461 3484 3485 0
3460 3470 3484 0
3518 3517 3536 0
3537 3518 3536 0
3556 3537 3536 0
3557 3558 3539 0
3519 3498 3518 0
3513 3494 3493 0
3498 3517 3518 0
3461 3485 3462 0
3467 3441 3462 0
3541 3540 3561 0
3544 3541 3560 0
3522 3540 3541 0
3542 3523 3524 0
3557 3556 3576 0
3578 3558 3577 0
3519 3518 3537 0
3193 3192 3213 0
3215 3194 3214 0
3173 3192 3193 0
3154 3173 3174 0
3153 3152 3172 0
3171 3179 3191 0
3233 3232 3253 0
3234 3233 3254 0
3213 3232 3233 0
3231 3252 3253 0
3210 3231 3212 0
3230 3252 3231 0
3287 3263 3262 0
3311 3288 3310 0
3289 3264 3288 0
3273 3264 3289 0
3297 3273 3289 0
3277 3255 3273 0
3240 3219 3241 0
3251 3240 3264 0
3251 3230 3240 0
3240 3241 3264 0
3308 3285 3291 0
3338 3333 3314 0
3286 3285 3308 0
3287 3286 3310 0
3288 3287 3310 0
3262 3286 3287 0
3262 3261 3286 0
3243 3261 3262 0
3243 3265 3261 0
3363 3338 3339 0
3388 3386 3364 0
3362 3338 3363 0
3380 3357 3362 0
3407 3409 3387 0
3358 3357 3380 0
3309 3310 3286 0
3309 3334 3335 0
3308 3309 3286 0
3333 3334 3309 0
3314 3333 3308 0
3338 3362 3357 0
3335 3311 3310 0
3358 3335 3334 0
3358 3359 3336 0
3289 3311 3312 0
3321 3297 3312 0
3264 3263 3288 0
3358 3334 3357 0
3522 3500 3501 0
3531 3512 3523 0
3487 3500 3505 0
3502 3487 3505 0
3477 3500 3487 0
3447 3475 3449 0
3447 3450 3475 0
3398 3397 3372 0
3425 3398 3426 0
3449 3425 3426 0
3424 3396 3425 0
3425 3397 3398 0
3349 3347 3370 0
3473 3497 3499 0
3446 3473 3474 0
3445 3472 3473 0
3474 3473 3499 0
3501 3478 3499 0
3450 3446 3474 0
3446 3445 3473 0
3350 3347 3325 0
3427 3446 3450 0
3427 3421 3446 0
3447 3427 3450 0
3399 3421 3427 0
3373 3399 3395 0
3394 3421 3399 0
3373 3394 3399 0
3369 3393 3394 0
3422 3446 3421 0
3424 3425 3448 0
3395 3423 3398 0
3373 3395 3370 0
3350 3373 3370 0
3369 3394 3373 0
3394 3393 3422 0
3447 3449 3426 0
3423 3427 3447 0
3398 3423 3426 0
3399 3427 3423 0
3444 3472 3445 0
3481 3471 3458 0
3173 3193 3174 0
3213 3233 3214 0
3231 3232 3212 0
3253 3274 3275 0
3231 3253 3232 0
3252 3274 3253 0
3256 3235 3234 0
3420 3422 3393 0
3411 3420 3392 0
3436 3444 3420 0
3395 3399 3423 0
3327 3302 3301 0
3298 3323 3301 0
3348 3351 3327 0
3371 3348 3349 0
3371 3374 3351 0
3337 3321 3312 0
3422 3421 3394 0
3346 3321 3337 0
3322 3325 3347 0
3349 3324 3347 0
3300 3297 3321 0
3299 3300 3322 0
3299 3276 3300 0
3300 3276 3277 0
3333 3309 3308 0
3289 3288 3311 0
3286 3261 3285 0
3288 3263 3287 0
3263 3239 3262 0
3254 3256 3234 0
3276 3298 3274 0
3276 3299 3298 0
3255 3276 3274 0
3277 3297 3300 0
3255 3277 3276 0
3255 3251 3273 0
3324 3349 3348 0
3328 3326 3351 0
3402 3376 3375 0
3454 3430 3452 0
3401 3384 3376 0
3430 3401 3402 0
3429 3412 3401 0
3451 3429 3454 0
3479 3451 3454 0
3460 3437 3451 0
3457 3461 3441 0
3437 3457 3435 0
3437 3460 3457 0
3278 3301 3279 0
3280 3303 3282 0
3376 3384 3361 0
3260 3258 3268 0
3410 3413 3435 0
3365 3360 3382 0
3361 3384 3385 0
3402 3401 3376 0
3377 3354 3366 0
3378 3377 3403 0
3355 3354 3377 0
3332 3355 3356 0
3332 3307 3331 0
3329 3328 3353 0
3315 3329 3341 0
3305 3328 3329 0
3315 3305 3329 0
3365 3343 3340 0
3317 3293 3315 0
3303 3302 3326 0
3282 3303 3305 0
3315 3293 3305 0
3280 3279 3302 0
3268 3280 3282 0
3268 3258 3280 0
3280 3258 3257 0
3417 3435 3441 0
3390 3417 3418 0
3410 3435 3417 0
3390 3410 3417 0
3382 3385 3410 0
3365 3382 3390 0
3385 3413 3410 0
3267 3245 3246 0
3246 3245 3225 0
3260 3246 3238 0
3260 3267 3246 0
3498 3496 3517 0
3497 3498 3519 0
3472 3471 3498 0
3479 3493 3494 0
3451 3479 3470 0
3454 3452 3480 0
3487 3502 3480 0
3460 3451 3470 0
3495 3484 3470 0
3437 3413 3412 0
3437 3435 3413 0
3451 3437 3429 0
3460 3461 3457 0
3417 3442 3418 0
3404 3418 3431 0
3476 3500 3477 0
3472 3497 3473 0
3475 3478 3500 0
3471 3472 3444 0
3458 3471 3444 0
3481 3496 3471 0
3478 3501 3500 0
3450 3478 3475 0
3450 3474 3478 0
3498 3497 3472 0
3474 3499 3478 0
3519 3499 3497 0
3519 3538 3521 0
3521 3538 3540 0
3520 3521 3540 0
3522 3520 3540 0
3501 3521 3520 0
3499 3519 3521 0
3540 3538 3559 0
3560 3541 3561 0
3522 3501 3520 0
3320 3344 3345 0
3410 3390 3382 0
3431 3418 3442 0
3404 3389 3418 0
3405 3404 3431 0
3377 3378 3355 0
3404 3403 3389 0
3405 3378 3403 0
3453 3448 3476 0
3480 3453 3477 0
3480 3452 3453 0
3429 3430 3454 0
3476 3449 3475 0
3453 3476 3477 0
3448 3449 3476 0
3396 3400 3374 0
3428 3402 3400 0
3448 3428 3424 0
3452 3430 3428 0
3430 3429 3401 0
3428 3430 3402 0
3461 3462 3441 0
3435 3457 3441 0
3460 3484 3461 0
3468 3491 3482 0
3498 3471 3496 0
3908 3922 3923 0
3908 3923 3906 0
3924 3908 3907 0
3924 3922 3908 0
3906 3891 3908 0
3891 3890 3907 0
3908 3891 3907 0
3906 3889 3891 0
3871 3870 3890 0
3889 3871 3891 0
3889 3869 3871 0
3891 3871 3890 0
3871 3869 3848 0
3871 3848 3870 0
3848 3869 3847 0
3826 3848 3847 0
3858 3870 3848 0
3848 3838 3858 0
3805 3826 3825 0
3826 3805 3818 0
3848 3826 3838 0
3847 3825 3826 0
3825 3804 3805 0
3805 3798 3818 0
3838 3826 3818 0
3804 3795 3783 0
3783 3795 3775 0
3798 3783 3796 0
3805 3804 3783 0
3805 3783 3798 0
3783 3775 3761 0
3783 3776 3796 0
3739 3754 3735 0
3783 3761 3776 0
3775 3754 3761 0
3761 3755 3776 0
3739 3735 3720 0
3739 3720 3736 0
3761 3739 3755 0
3761 3754 3739 0
3700 3720 3716 0
3720 3700 3717 0
3755 3739 3736 0
3735 3716 3720 0
3700 3716 3697 0
3700 3698 3717 0
3736 3720 3717 0
3697 3679 3682 0
3663 3682 3679 0
3682 3663 3680 0
3700 3682 3698 0
3700 3697 3682 0
3663 3679 3660 0
3640 3643 3660 0
3680 3698 3682 0
3663 3661 3680 0
3624 3643 3640 0
3643 3624 3641 0
3663 3643 3661 0
3663 3660 3643 0
3624 3640 3621 0
3606 3621 3603 0
3641 3624 3622 0
3641 3661 3643 0
3588 3606 3603 0
3606 3624 3621 0
3604 3606 3588 0
3622 3624 3606 0
3588 3585 3570 0
3622 3606 3604 0
3603 3585 3588 0
3588 3586 3604 0
3570 3586 3588 0
3585 3567 3570 0
3570 3568 3586 0
3550 3570 3567 0
3550 3568 3570 0
3550 3548 3568 0
3547 3550 3567 0
3547 3525 3530 0
3548 3550 3529 0
3530 3550 3547 0
3506 3511 3525 0
3529 3550 3530 0
3492 3511 3506 0
3511 3530 3525 0
3510 3511 3492 0
3510 3529 3511 0
3492 3506 3488 0
3469 3492 3488 0
3511 3529 3530 0
3491 3510 3492 0
3488 3464 3469 0
3469 3464 3443 0
3467 3491 3468 0
3482 3492 3469 0
3468 3482 3469 0
3455 3468 3469 0
3442 3467 3468 0
3491 3492 3482 0
3432 3455 3443 0
3432 3419 3406 0
3455 3432 3431 0
3442 3455 3431 0
3469 3443 3455 0
3443 3419 3432 0
3379 3391 3367 0
3292 3281 3267 0
3406 3391 3379 0
3405 3406 3378 0
3405 3432 3406 0
3442 3417 3441 0
3292 3304 3281 0
3268 3282 3293 0
3304 3284 3281 0
3306 3330 3316 0
3307 3284 3304 0
3292 3306 3316 0
3332 3344 3319 0
3377 3366 3389 0
3356 3344 3332 0
3412 3429 3437 0
3384 3412 3413 0
3384 3401 3412 0
3431 3432 3405 0
3379 3367 3356 0
3378 3379 3356 0
3378 3406 3379 0
3344 3367 3345 0
3267 3260 3283 0
3406 3419 3391 0
3405 3403 3404 0
3442 3468 3455 0
3294 3318 3296 0
3225 3224 3246 0
3234 3235 3215 0
3256 3257 3235 0
3476 3475 3500 0
3480 3502 3479 0
3428 3453 3452 0
3477 3487 3480 0
3255 3252 3251 0
3255 3274 3252 0
3264 3273 3251 0
3300 3325 3322 0
3300 3321 3325 0
3273 3297 3277 0
3289 3312 3297 0
3381 3358 3380 0
3409 3381 3380 0
3387 3409 3380 0
3407 3434 3409 0
3383 3359 3381 0
3436 3411 3434 0
3392 3368 3383 0
3368 3359 3383 0
3369 3368 3393 0
3369 3346 3368 0
3337 3336 3359 0
3346 3337 3359 0
3350 3346 3369 0
3350 3325 3346 0
3312 3311 3336 0
3400 3402 3375 0
3374 3400 3375 0
3428 3448 3453 0
3396 3424 3400 0
3396 3397 3425 0
3257 3258 3235 0
3256 3275 3278 0
3274 3298 3275 0
3280 3302 3303 0
3256 3279 3257 0
3301 3302 3279 0
3299 3323 3298 0
3323 3324 3348 0
3301 3323 3327 0
3299 3324 3323 0
3351 3374 3352 0
3324 3299 3322 0
3347 3324 3322 0
3348 3327 3323 0
3326 3302 3327 0
3351 3326 3327 0
3371 3351 3348 0
3352 3328 3351 0
3328 3305 3303 0
3278 3279 3256 0
3298 3278 3275 0
3298 3301 3278 0
3370 3372 3349 0
3397 3396 3374 0
3349 3372 3371 0
3372 3395 3398 0
3371 3372 3397 0
3370 3395 3372 0
3257 3279 3280 0
3375 3352 3374 0
3375 3376 3353 0
3400 3424 3428 0
3371 3397 3374 0
3425 3449 3448 0
3385 3384 3413 0
3382 3360 3385 0
3360 3341 3361 0
3385 3360 3361 0
3365 3341 3360 0
3366 3365 3390 0
3389 3366 3390 0
3342 3330 3343 0
3366 3342 3343 0
3354 3331 3342 0
3340 3315 3341 0
3365 3340 3341 0
3343 3317 3340 0
3389 3403 3377 0
3306 3283 3293 0
3293 3283 3268 0
3305 3293 3282 0
3306 3292 3283 0
3317 3306 3293 0
3331 3354 3355 0
3316 3331 3307 0
3316 3342 3331 0
3304 3316 3307 0
3330 3342 3316 0
3317 3330 3306 0
3342 3366 3354 0
3317 3343 3330 0
3317 3315 3340 0
3353 3376 3361 0
3341 3353 3361 0
3352 3375 3353 0
3233 3234 3214 0
3275 3254 3253 0
3275 3256 3254 0
3294 3296 3272 0
3250 3269 3272 0
3318 3319 3344 0
3271 3270 3295 0
3294 3271 3295 0
3269 3248 3271 0
3326 3328 3303 0
3353 3328 3352 0
3353 3341 3329 0
3331 3355 3332 0
3304 3292 3316 0
3343 3365 3366 0
3418 3389 3390 0
3378 3356 3355 0
3292 3267 3283 0
3344 3356 3367 0
3296 3318 3320 0
3295 3284 3307 0
3319 3295 3307 0
3332 3319 3307 0
3318 3294 3319 0
3320 3318 3344 0
3294 3295 3319 0
3294 3269 3271 0
3206 3208 3187 0
3247 3248 3227 0
3228 3247 3226 0
3270 3284 3295 0
3249 3270 3271 0
3249 3259 3270 0
3259 3249 3237 0
3271 3248 3247 0
3248 3250 3229 0
3228 3249 3247 0
3207 3228 3226 0
3207 3217 3228 0
3269 3250 3248 0
3266 3265 3244 0
3291 3290 3314 0
3265 3291 3285 0
3265 3266 3291 0
3269 3294 3272 0
3229 3208 3227 0
3270 3259 3281 0
3182 3198 3177 0
3158 3162 3177 0
3203 3221 3218 0
3181 3202 3182 0
3202 3201 3222 0
3203 3202 3223 0
3181 3201 3202 0
3202 3222 3223 0
3241 3263 3264 0
3230 3219 3240 0
3220 3239 3241 0
3221 3239 3218 0
3338 3314 3339 0
3309 3335 3310 0
3415 3433 3407 0
3336 3311 3335 0
3358 3336 3335 0
3337 3312 3336 0
3357 3334 3333 0
3338 3357 3333 0
3362 3387 3380 0
3239 3243 3262 0
3291 3266 3290 0
3261 3265 3285 0
3242 3223 3244 0
3243 3242 3265 0
3243 3221 3242 0
3227 3226 3247 0
3229 3227 3248 0
3208 3226 3227 0
3242 3221 3223 0
3208 3229 3209 0
3216 3217 3196 0
3204 3216 3196 0
3236 3237 3217 0
3267 3259 3245 0
3237 3228 3217 0
3188 3208 3209 0
3185 3187 3167 0
3364 3363 3339 0
3439 3433 3415 0
3350 3369 3373 0
3347 3350 3370 0
3325 3321 3346 0
3265 3242 3244 0
3198 3182 3203 0
3200 3210 3191 0
3178 3199 3179 0
3219 3230 3210 0
3220 3219 3200 0
3220 3241 3219 0
3239 3220 3218 0
3219 3210 3200 0
3162 3158 3141 0
3218 3199 3198 0
3142 3120 3140 0
3161 3162 3142 0
3160 3161 3140 0
3160 3180 3161 0
3137 3157 3138 0
3141 3137 3119 0
3141 3157 3137 0
3178 3157 3158 0
3195 3178 3177 0
3198 3195 3177 0
3198 3199 3195 0
3179 3159 3178 0
3119 3116 3097 0
3142 3141 3121 0
3137 3138 3116 0
3223 3222 3244 0
3203 3223 3221 0
3203 3182 3202 0
3186 3166 3176 0
3187 3185 3206 0
3188 3187 3208 0
3188 3168 3187 0
3165 3166 3185 0
3167 3165 3185 0
3168 3167 3187 0
3147 3165 3167 0
3147 3125 3145 0
3148 3147 3168 0
3124 3123 3101 0
3113 3133 3124 0
3092 3113 3102 0
3092 3112 3113 0
3146 3123 3124 0
3147 3145 3165 0
3133 3136 3124 0
3112 3133 3113 0
3115 3136 3133 0
3125 3123 3145 0
3101 3082 3080 0
3125 3103 3123 0
3125 3104 3103 0
3180 3181 3161 0
3125 3147 3148 0
3112 3115 3133 0
3094 3112 3092 0
3094 3115 3112 0
3126 3125 3148 0
3126 3104 3125 0
3238 3235 3258 0
3260 3238 3258 0
3224 3235 3238 0
3236 3225 3245 0
3215 3235 3224 0
3140 3118 3139 0
3118 3120 3098 0
3139 3118 3117 0
3140 3120 3118 0
3160 3140 3139 0
3161 3181 3162 0
3176 3196 3197 0
3166 3165 3146 0
3104 3083 3103 0
3094 3073 3071 0
3115 3094 3093 0
3092 3072 3094 0
3081 3072 3092 0
3123 3103 3101 0
3061 3072 3081 0
3051 3073 3053 0
3134 3122 3143 0
3110 3088 3109 0
3132 3110 3109 0
3089 3079 3069 0
3122 3100 3110 0
3122 3134 3114 0
3132 3122 3110 0
3114 3093 3100 0
3122 3114 3100 0
3134 3115 3114 0
3051 3059 3071 0
3068 3048 3066 0
3088 3068 3086 0
3069 3049 3068 0
3059 3049 3069 0
3071 3059 3079 0
3039 3049 3059 0
3015 3016 3006 0
3028 3015 3006 0
3028 3039 3015 0
3153 3131 3152 0
3087 3108 3086 0
3107 3128 3127 0
3106 3107 3085 0
3106 3129 3107 0
3127 3130 3108 0
3108 3088 3086 0
3067 3087 3086 0
3130 3109 3108 0
3152 3130 3149 0
3109 3088 3108 0
3152 3131 3130 0
3172 3173 3153 0
3169 3172 3152 0
3192 3173 3172 0
3154 3144 3132 0
3132 3144 3122 0
3131 3132 3109 0
3130 3131 3109 0
3153 3132 3131 0
3153 3154 3132 0
3089 3110 3100 0
3079 3089 3100 0
3069 3068 3089 0
3066 3067 3086 0
3083 3082 3103 0
3098 3096 3118 0
2995 3016 3009 0
2986 2995 2973 0
2986 3006 2995 0
2963 2985 2986 0
2958 2963 2962 0
2958 2981 2963 0
2940 2941 2962 0
3002 3003 3025 0
3005 3002 3025 0
2981 2982 3002 0
2959 2982 2958 0
2959 2960 2982 0
3003 3026 3025 0
3127 3108 3105 0
3088 3089 3068 0
3051 3039 3059 0
3002 2985 2981 0
3027 3005 3025 0
3046 3027 3025 0
3026 3046 3025 0
3066 3048 3046 0
3048 3028 3027 0
3006 2985 3005 0
3046 3048 3027 0
3016 2995 3006 0
3087 3085 3107 0
3108 3087 3105 0
3067 3085 3087 0
3046 3047 3066 0
3064 3044 3056 0
3065 3064 3084 0
3065 3045 3064 0
3047 3045 3065 0
3026 3003 3004 0
3027 3028 3006 0
3086 3068 3066 0
3049 3028 3048 0
2994 2980 2972 0
3022 3001 3014 0
3004 2984 3001 0
3023 3024 3004 0
3022 3023 3001 0
3022 3044 3023 0
3003 2982 2983 0
2958 2982 2981 0
2913 2896 2893 0
2936 2917 2915 0
2959 2936 2935 0
2940 2917 2936 0
2958 2962 2941 0
2962 2961 2939 0
2899 2877 2898 0
3090 3097 3076 0
3091 3099 3078 0
3119 3097 3099 0
3151 3129 3138 0
3159 3171 3151 0
3150 3149 3128 0
3129 3150 3128 0
3170 3169 3150 0
3120 3121 3111 0
3084 3076 3097 0
3085 3084 3106 0
3064 3045 3044 0
3085 3065 3084 0
3085 3067 3065 0
3056 3058 3076 0
3067 3047 3065 0
3111 3091 3098 0
3120 3111 3098 0
3121 3099 3111 0
3058 3078 3076 0
3058 3070 3078 0
3038 3014 3037 0
3044 3038 3056 0
3022 3014 3038 0
3044 3022 3038 0
3044 3045 3023 0
3076 3064 3056 0
3045 3024 3023 0
3037 3050 3058 0
3056 3038 3058 0
3070 3050 3057 0
3013 3007 3029 0
2993 2992 2971 0
2994 2972 2992 0
3001 2994 3014 0
3001 2980 2994 0
2971 2969 2989 0
2993 2971 2989 0
3007 2993 2989 0
3007 3013 2993 0
2970 2950 2971 0
3058 3038 3037 0
2905 2904 2885 0
2972 2964 2970 0
2992 2972 2970 0
2980 2957 2972 0
2927 2904 2905 0
2949 2927 2926 0
2920 2914 2927 0
2964 2943 2942 0
2970 2964 2950 0
2957 2935 2934 0
2972 2957 2964 0
2980 2960 2957 0
2893 2896 2876 0
2873 2894 2874 0
2915 2934 2935 0
2894 2913 2893 0
2914 2934 2913 0
2915 2917 2896 0
2943 2957 2934 0
2941 2940 2936 0
2959 2941 2936 0
2959 2958 2941 0
2937 2959 2935 0
2957 2937 2935 0
2960 2959 2937 0
2984 2983 2960 0
3001 2984 2980 0
3004 2983 2984 0
2983 2982 2960 0
2980 2984 2960 0
3004 3003 2983 0
2940 2919 2917 0
2830 2815 2809 0
2830 2852 2834 0
2832 2851 2853 0
2873 2884 2885 0
2854 2856 2834 0
2898 2877 2876 0
2917 2898 2896 0
2917 2919 2898 0
2857 2878 2875 0
2855 2857 2875 0
2835 2858 2857 0
3036 3030 3011 0
3087 3107 3105 0
3214 3234 3215 0
3194 3193 3214 0
3211 3189 3190 0
3213 3211 3232 0
3213 3192 3211 0
3169 3189 3172 0
3149 3169 3152 0
3170 3190 3169 0
3254 3233 3253 0
3193 3213 3214 0
3192 3189 3211 0
3028 3049 3039 0
3016 3015 3039 0
3006 3005 3027 0
2985 3002 3005 0
2963 2981 2985 0
2982 3003 3002 0
3047 3067 3066 0
3026 3047 3046 0
3026 3045 3047 0
3146 3165 3145 0
3146 3136 3156 0
3123 3146 3145 0
3136 3135 3156 0
3124 3136 3146 0
3115 3135 3136 0
3207 3197 3217 0
3206 3207 3226 0
3208 3206 3226 0
3185 3186 3206 0
3186 3197 3207 0
3166 3186 3185 0
3176 3197 3186 0
3155 3163 3175 0
3115 3134 3135 0
3144 3163 3143 0
3186 3207 3206 0
3204 3225 3216 0
3236 3245 3237 0
3217 3216 3236 0
3249 3228 3237 0
3197 3196 3217 0
3204 3184 3205 0
3183 3204 3196 0
3175 3183 3196 0
3163 3164 3183 0
3246 3224 3238 0
3216 3225 3236 0
3204 3205 3225 0
3247 3249 3271 0
3245 3259 3237 0
3281 3284 3270 0
3267 3281 3259 0
3283 3260 3268 0
3147 3167 3168 0
3082 3083 3063 0
3061 3081 3080 0
3101 3102 3124 0
3082 3101 3103 0
3080 3081 3101 0
3096 3117 3118 0
3060 3040 3061 0
3080 3060 3061 0
3080 3062 3060 0
3063 3062 3082 0
3063 3043 3062 0
3096 3098 3077 0
3095 3096 3075 0
3095 3117 3096 0
3021 3042 3043 0
3075 3077 3057 0
3141 3158 3157 0
3121 3141 3119 0
3099 3121 3119 0
3120 3142 3121 0
3142 3162 3141 0
3029 3050 3037 0
3013 3029 3037 0
3007 3030 3029 0
2992 2993 3013 0
3014 2994 3013 0
2970 2971 2992 0
3011 3012 3036 0
2989 3011 3007 0
2989 2991 3011 0
2968 2991 2969 0
3057 3055 3075 0
3070 3057 3077 0
3036 3055 3057 0
3030 3036 3050 0
3029 3030 3050 0
3007 3011 3030 0
3035 3055 3036 0
3012 3035 3036 0
3012 3034 3035 0
2991 3012 3011 0
2969 2991 2989 0
2968 2990 2991 0
3010 3034 3012 0
3091 3111 3099 0
3076 3084 3064 0
3033 3009 3016 0
3032 3052 3041 0
3008 3031 3018 0
3053 3052 3032 0
3051 3053 3033 0
3039 3051 3033 0
3071 3073 3051 0
3073 3052 3053 0
3093 3094 3071 0
3072 3052 3073 0
3052 3061 3041 0
3018 3031 3032 0
3072 3061 3052 0
3124 3102 3113 0
3081 3092 3102 0
3072 3073 3094 0
3042 3021 3019 0
3129 3106 3116 0
3150 3129 3151 0
3128 3107 3129 0
3170 3150 3151 0
3127 3105 3107 0
3149 3127 3128 0
3149 3130 3127 0
3042 3020 3040 0
3000 3019 3021 0
2976 2979 2955 0
3017 2998 2996 0
2999 2979 2998 0
3000 2999 3019 0
3000 2979 2999 0
2997 2977 2974 0
3019 2999 3020 0
2978 2956 2979 0
3035 3034 3054 0
3164 3154 3174 0
3184 3164 3174 0
3194 3205 3184 0
3193 3194 3174 0
3215 3205 3194 0
3204 3183 3184 0
3163 3144 3164 0
3173 3154 3153 0
3194 3184 3174 0
3224 3205 3215 0
3224 3225 3205 0
3184 3183 3164 0
3164 3144 3154 0
3176 3175 3196 0
3114 3115 3093 0
3079 3100 3093 0
3143 3135 3134 0
3163 3155 3143 0
3183 3175 3163 0
3155 3135 3143 0
3176 3156 3175 0
3176 3166 3156 0
3156 3166 3146 0
3155 3156 3135 0
3155 3175 3156 0
3069 3079 3059 0
3048 3068 3049 0
3088 3110 3089 0
3189 3169 3190 0
3212 3211 3190 0
3192 3172 3189 0
3144 3143 3122 0
3149 3150 3169 0
3090 3076 3078 0
3099 3090 3078 0
3099 3097 3090 0
3106 3097 3116 0
3106 3084 3097 0
3071 3079 3093 0
3077 3098 3091 0
3070 3077 3091 0
3075 3096 3077 0
3074 3075 3055 0
3074 3095 3075 0
3239 3221 3243 0
3263 3241 3239 0
3252 3230 3251 0
3171 3170 3151 0
3138 3159 3151 0
3191 3190 3171 0
3171 3190 3170 0
3200 3191 3179 0
3210 3212 3191 0
3212 3232 3211 0
3119 3137 3116 0
3177 3178 3158 0
3159 3138 3157 0
3178 3159 3157 0
3179 3171 3159 0
3218 3220 3199 0
3191 3212 3190 0
3199 3220 3200 0
3179 3199 3200 0
3178 3195 3199 0
3230 3231 3210 0
3129 3116 3138 0
3181 3180 3201 0
3218 3198 3203 0
3161 3142 3140 0
3182 3162 3181 0
3182 3177 3162 0
3055 3054 3074 0
3057 3050 3036 0
3078 3070 3091 0
3058 3050 3070 0
3035 3054 3055 0
3012 2990 3010 0
2955 2979 2956 0
2933 2955 2956 0
2953 2976 2955 0
2933 2912 2932 0
2977 2996 2998 0
2954 2977 2953 0
2954 2974 2977 0
2931 2951 2954 0
2910 2889 2906 0
2909 2910 2931 0
2909 2892 2910 0
2922 2921 2944 0
3031 3009 3033 0
3017 2997 3018 0
2988 2987 3009 0
2997 2988 3008 0
2975 2987 2988 0
3012 2991 2990 0
3024 3045 3026 0
3004 3024 3026 0
3004 3001 3023 0
2994 2992 3013 0
3013 3037 3014 0
2966 2975 2952 0
2995 2987 2973 0
3009 3008 2988 0
3039 3033 3016 0
2932 2953 2955 0
2933 2932 2955 0
2912 2909 2930 0
2862 2860 2881 0
2882 2862 2881 0
2861 2840 2862 0
2882 2883 2862 0
2901 2882 2881 0
2902 2883 2882 0
2971 2950 2949 0
2816 2836 2814 0
2817 2816 2795 0
2817 2837 2816 0
2796 2817 2795 0
2815 2834 2837 0
2842 2829 2821 0
2832 2853 2831 0
2861 2851 2840 0
2863 2873 2851 0
2769 2768 2789 0
2770 2769 2788 0
2749 2730 2748 0
2769 2749 2748 0
2770 2771 2749 0
2968 2967 2990 0
2948 2968 2969 0
2947 2967 2968 0
3060 3062 3042 0
3102 3101 3081 0
3082 3062 3080 0
3042 3040 3060 0
3043 3042 3062 0
3019 3020 3042 0
3020 3017 3041 0
2978 2979 3000 0
2997 2975 2988 0
2997 2974 2975 0
3018 2997 3008 0
3031 3053 3032 0
3009 3031 3008 0
3033 3053 3031 0
3041 3040 3020 0
3032 3041 3018 0
3061 3040 3041 0
2996 2977 2997 0
2999 2998 3020 0
2976 2953 2977 0
2998 2976 2977 0
2998 2979 2976 0
2951 2931 2928 0
2947 2924 2946 0
2967 2947 2946 0
2948 2949 2926 0
2968 2948 2947 0
2969 2971 2948 0
2930 2953 2932 0
2931 2930 2909 0
2931 2954 2930 0
2883 2884 2863 0
2862 2883 2861 0
2902 2924 2903 0
2923 2902 2901 0
2905 2926 2927 0
2883 2903 2884 0
2925 2926 2905 0
2924 2925 2903 0
2924 2947 2925 0
2946 2924 2923 0
2942 2950 2964 0
2927 2942 2920 0
2927 2950 2942 0
2925 2948 2926 0
2948 2971 2949 0
2912 2933 2911 0
2890 2912 2911 0
2912 2930 2932 0
2953 2930 2954 0
2890 2891 2912 0
2887 2865 2866 0
2908 2907 2888 0
2906 2889 2886 0
2931 2910 2928 0
2864 2850 2843 0
2864 2870 2850 0
2906 2886 2887 0
2889 2870 2886 0
2928 2910 2906 0
2892 2870 2889 0
2892 2869 2871 0
2912 2891 2892 0
2843 2822 2824 0
2865 2864 2844 0
2850 2828 2843 0
2871 2849 2850 0
2892 2871 2870 0
2869 2848 2871 0
2848 2847 2827 0
3017 2996 2997 0
3041 3017 3018 0
3020 2998 3017 0
2951 2952 2974 0
2954 2951 2974 0
2928 2929 2951 0
2966 2965 2973 0
2975 2966 2987 0
2945 2965 2966 0
2923 2924 2902 0
2824 2844 2843 0
2802 2824 2822 0
2825 2819 2839 0
2824 2803 2823 0
2778 2799 2782 0
2823 2805 2825 0
2845 2823 2825 0
2845 2824 2823 0
2803 2781 2805 0
2839 2846 2825 0
2833 2839 2819 0
2833 2855 2839 0
2859 2875 2879 0
2945 2952 2929 0
2965 2945 2944 0
2929 2928 2907 0
2908 2929 2907 0
2952 2951 2929 0
2966 2952 2945 0
2975 2974 2952 0
2864 2887 2886 0
2871 2850 2870 0
2848 2849 2871 0
2847 2848 2869 0
2827 2849 2848 0
2826 2807 2806 0
2818 2827 2838 0
2806 2786 2808 0
2828 2826 2808 0
2807 2784 2806 0
2825 2846 2845 0
2892 2889 2910 0
2868 2847 2869 0
2957 2960 2937 0
2864 2865 2887 0
2870 2864 2886 0
2843 2844 2864 0
2845 2844 2824 0
2845 2866 2844 0
2803 2805 2823 0
2846 2867 2866 0
2859 2855 2875 0
2907 2928 2906 0
2887 2907 2906 0
2922 2945 2929 0
2908 2922 2929 0
2908 2921 2922 0
2902 2882 2901 0
2847 2838 2827 0
2842 2840 2829 0
2841 2842 2821 0
2862 2840 2842 0
2743 2741 2762 0
2763 2743 2762 0
2783 2763 2762 0
2783 2761 2763 0
2740 2722 2743 0
2682 2680 2701 0
2701 2681 2700 0
2702 2701 2721 0
2700 2679 2699 0
2680 2681 2701 0
2680 2661 2681 0
2675 2679 2660 0
2719 2720 2741 0
2701 2700 2721 0
2699 2720 2719 0
2695 2699 2679 0
2716 2731 2720 0
2852 2874 2854 0
2853 2852 2830 0
2853 2874 2852 0
2894 2904 2914 0
2873 2885 2894 0
2853 2873 2874 0
2863 2884 2873 0
2884 2905 2885 0
2837 2858 2836 0
2872 2856 2854 0
2876 2877 2856 0
2837 2817 2815 0
2856 2837 2834 0
2836 2816 2837 0
2856 2858 2837 0
2877 2878 2858 0
2896 2898 2876 0
2899 2878 2877 0
2835 2857 2855 0
2856 2877 2858 0
2899 2897 2878 0
2835 2833 2814 0
2775 2753 2767 0
2794 2809 2815 0
2771 2787 2767 0
2791 2810 2787 0
2776 2773 2754 0
2774 2776 2756 0
2775 2774 2756 0
2796 2776 2774 0
2796 2795 2776 0
2777 2784 2798 0
2655 2660 2638 0
2655 2656 2675 0
2634 2655 2638 0
2634 2635 2655 0
2617 2616 2638 0
2654 2651 2673 0
2613 2635 2634 0
2613 2608 2630 0
2695 2679 2675 0
2675 2676 2695 0
2716 2699 2695 0
2735 2755 2754 0
2731 2735 2752 0
2734 2755 2735 0
2714 2734 2735 0
2714 2736 2734 0
2695 2696 2716 0
2715 2710 2732 0
2736 2715 2733 0
2694 2710 2715 0
2651 2652 2672 0
2753 2733 2732 0
2767 2753 2751 0
2756 2736 2753 0
2713 2736 2714 0
2712 2693 2714 0
2694 2715 2713 0
2756 2753 2775 0
2713 2715 2736 0
2732 2729 2750 0
2715 2732 2733 0
2710 2711 2732 0
2682 2701 2702 0
2719 2741 2721 0
2716 2720 2699 0
2742 2741 2720 0
2731 2742 2720 0
2696 2712 2716 0
2752 2742 2731 0
2743 2763 2761 0
2752 2772 2758 0
2799 2792 2813 0
2804 2799 2819 0
2778 2792 2799 0
2758 2778 2762 0
2742 2758 2762 0
2742 2752 2758 0
2758 2772 2778 0
2724 2745 2723 0
2724 2739 2745 0
2726 2704 2723 0
2722 2740 2724 0
2702 2722 2724 0
2702 2721 2722 0
2700 2681 2679 0
2719 2700 2699 0
2719 2721 2700 0
2664 2680 2682 0
2661 2660 2681 0
2740 2761 2739 0
2724 2740 2739 0
2721 2741 2743 0
2797 2780 2802 0
2808 2797 2802 0
2785 2780 2797 0
2743 2761 2740 0
2803 2824 2802 0
2780 2760 2761 0
2803 2780 2781 0
2785 2765 2780 0
2782 2783 2762 0
2778 2782 2762 0
2804 2805 2782 0
2813 2833 2819 0
2799 2813 2819 0
2792 2793 2813 0
2825 2804 2819 0
2776 2755 2756 0
2753 2736 2733 0
2796 2774 2775 0
2755 2736 2756 0
2790 2811 2812 0
2789 2788 2769 0
2789 2811 2788 0
2820 2801 2800 0
2821 2811 2801 0
2841 2821 2820 0
2829 2811 2821 0
2841 2862 2842 0
2840 2851 2829 0
2863 2851 2861 0
2832 2812 2811 0
2851 2832 2829 0
2831 2810 2832 0
2943 2920 2942 0
2957 2943 2964 0
2934 2920 2943 0
2915 2913 2934 0
2936 2915 2935 0
2896 2913 2915 0
2914 2920 2934 0
2876 2856 2872 0
2904 2927 2914 0
2894 2885 2904 0
2913 2894 2914 0
2893 2874 2894 0
2834 2852 2854 0
2853 2851 2873 0
2948 2925 2947 0
2950 2927 2949 0
2903 2883 2902 0
2905 2903 2925 0
2905 2884 2903 0
2787 2775 2767 0
2868 2869 2891 0
2807 2818 2798 0
2784 2807 2798 0
2766 2784 2764 0
2786 2806 2784 0
2746 2745 2765 0
2764 2746 2766 0
2744 2725 2746 0
2808 2822 2828 0
2828 2822 2843 0
2826 2806 2808 0
2827 2826 2849 0
2827 2807 2826 0
2808 2785 2797 0
2849 2826 2828 0
2786 2785 2808 0
2860 2862 2841 0
2827 2818 2807 0
2673 2651 2672 0
2654 2656 2635 0
2651 2654 2635 0
2673 2656 2654 0
2693 2673 2672 0
2676 2656 2673 0
2693 2676 2673 0
2696 2695 2676 0
2675 2660 2655 0
2652 2651 2631 0
2610 2628 2631 0
2674 2672 2652 0
2801 2820 2821 0
2764 2777 2757 0
2766 2786 2784 0
2744 2746 2764 0
2765 2785 2766 0
2739 2760 2745 0
2781 2761 2783 0
2802 2780 2803 0
2780 2761 2781 0
2745 2760 2765 0
2739 2761 2760 0
2784 2777 2764 0
2789 2779 2800 0
2811 2789 2801 0
2768 2779 2789 0
2725 2744 2737 0
2717 2725 2737 0
2726 2746 2725 0
2801 2789 2800 0
2721 2743 2722 0
2785 2786 2766 0
2760 2780 2765 0
2802 2822 2808 0
2783 2805 2781 0
2828 2850 2849 0
2744 2757 2737 0
2745 2746 2726 0
2764 2757 2744 0
2730 2749 2750 0
2728 2747 2748 0
2707 2728 2727 0
2718 2738 2728 0
2768 2769 2748 0
2759 2768 2747 0
2759 2779 2768 0
2717 2697 2706 0
2759 2747 2738 0
2677 2686 2697 0
2747 2728 2738 0
2709 2711 2691 0
2687 2707 2689 0
2730 2711 2709 0
2748 2730 2727 0
2729 2711 2730 0
2750 2729 2730 0
2750 2751 2732 0
2648 2647 2669 0
2688 2708 2687 0
2668 2688 2687 0
2678 2698 2688 0
2698 2718 2708 0
2666 2686 2677 0
2691 2711 2710 0
2670 2691 2690 0
2689 2709 2691 0
2687 2689 2669 0
2707 2708 2728 0
2686 2706 2697 0
2645 2665 2666 0
2706 2725 2717 0
2705 2704 2726 0
2706 2705 2726 0
2685 2683 2704 0
2726 2725 2706 0
2686 2685 2705 0
2746 2765 2766 0
2692 2672 2674 0
2693 2692 2713 0
2693 2672 2692 0
2714 2693 2713 0
2696 2676 2693 0
2712 2731 2716 0
2676 2675 2656 0
2630 2651 2635 0
2609 2630 2608 0
2631 2651 2630 0
2587 2609 2608 0
2628 2629 2650 0
2632 2628 2650 0
2652 2632 2650 0
2631 2628 2632 0
2610 2607 2628 0
2671 2649 2669 0
2649 2650 2629 0
2648 2649 2629 0
2671 2650 2649 0
2689 2671 2669 0
2670 2650 2671 0
2691 2670 2671 0
2690 2674 2670 0
2652 2631 2632 0
2728 2708 2718 0
2748 2727 2728 0
2768 2748 2747 0
2769 2770 2749 0
2730 2709 2727 0
2986 2962 2963 0
3006 2986 2985 0
2973 2961 2986 0
3009 2987 2995 0
2961 2962 2986 0
2965 2961 2973 0
2987 2966 2973 0
2944 2961 2965 0
2938 2916 2918 0
2944 2938 2961 0
2944 2921 2938 0
2891 2869 2892 0
2909 2912 2892 0
2890 2868 2891 0
2939 2940 2962 0
2938 2939 2961 0
2916 2897 2918 0
2813 2814 2833 0
2773 2793 2792 0
2773 2795 2793 0
2897 2895 2875 0
2919 2918 2899 0
2898 2919 2899 0
2940 2918 2919 0
2916 2895 2897 0
2887 2888 2907 0
2866 2867 2888 0
2844 2866 2865 0
2845 2846 2866 0
2880 2879 2895 0
2888 2880 2900 0
2867 2879 2880 0
2887 2866 2888 0
2846 2839 2859 0
2880 2895 2900 0
2859 2879 2867 0
2846 2859 2867 0
2839 2855 2859 0
2875 2895 2879 0
2857 2858 2878 0
2833 2835 2855 0
2814 2836 2835 0
2878 2897 2875 0
2916 2921 2900 0
2741 2742 2762 0
2691 2710 2690 0
2707 2727 2709 0
2689 2707 2709 0
2687 2708 2707 0
2729 2732 2711 0
2771 2750 2749 0
2751 2753 2732 0
2771 2751 2750 0
2771 2767 2751 0
2790 2771 2770 0
2791 2787 2771 0
2790 2812 2791 0
2788 2790 2770 0
2788 2811 2790 0
2794 2815 2817 0
2787 2794 2775 0
2787 2809 2794 0
2810 2809 2787 0
2830 2834 2815 0
2831 2830 2809 0
2831 2853 2830 0
2794 2796 2775 0
2735 2754 2752 0
2736 2755 2734 0
2776 2795 2773 0
2712 2714 2735 0
2731 2712 2735 0
2696 2693 2712 0
2773 2792 2772 0
2755 2776 2754 0
2795 2816 2793 0
2794 2817 2796 0
2793 2814 2813 0
2816 2814 2793 0
2836 2858 2835 0
2772 2752 2754 0
2773 2772 2754 0
2792 2778 2772 0
2922 2944 2945 0
2900 2921 2908 0
2916 2938 2921 0
2880 2888 2867 0
2916 2900 2895 0
2908 2888 2900 0
2918 2940 2939 0
2938 2918 2939 0
2897 2899 2918 0
2782 2805 2783 0
2799 2804 2782 0
2825 2805 2804 0
2713 2692 2694 0
2863 2861 2883 0
2872 2893 2876 0
2874 2872 2854 0
2874 2893 2872 0
2790 2791 2771 0
2829 2832 2811 0
2810 2791 2812 0
2832 2810 2812 0
2831 2809 2810 0
2636 2653 2657 0
2521 2520 2541 0
2500 2479 2501 0
2501 2520 2521 0
2501 2499 2520 0
2522 2501 2521 0
2479 2499 2501 0
2459 2479 2478 0
2459 2456 2476 0
2492 2512 2499 0
2552 2541 2532 0
2543 2562 2563 0
2526 2546 2547 0
2678 2667 2658 0
2678 2688 2667 0
2648 2627 2647 0
2668 2669 2647 0
2646 2667 2647 0
2687 2669 2668 0
2497 2475 2498 0
2540 2519 2518 0
2507 2487 2497 0
2579 2599 2600 0
2557 2579 2559 0
2538 2537 2557 0
2577 2575 2596 0
2536 2556 2557 0
2536 2534 2554 0
2577 2598 2579 0
2556 2577 2579 0
2556 2575 2577 0
2574 2576 2555 0
2574 2595 2576 0
2535 2553 2555 0
2515 2533 2535 0
2523 2526 2545 0
2567 2547 2566 0
2586 2567 2587 0
2565 2547 2567 0
2574 2565 2586 0
2545 2547 2565 0
2553 2545 2565 0
2555 2553 2574 0
2533 2545 2553 0
2533 2523 2545 0
2608 2613 2595 0
2596 2617 2598 0
2576 2596 2575 0
2576 2597 2596 0
2703 2684 2702 0
2724 2703 2702 0
2724 2723 2703 0
2726 2723 2745 0
2705 2706 2686 0
2657 2666 2677 0
2663 2644 2664 0
2683 2662 2663 0
2666 2665 2685 0
2645 2643 2662 0
2653 2645 2666 0
2657 2653 2666 0
2633 2645 2653 0
2624 2643 2645 0
2624 2603 2622 0
2602 2600 2620 0
2621 2602 2623 0
2601 2581 2602 0
2568 2560 2581 0
2590 2568 2581 0
2569 2560 2568 0
2661 2639 2660 0
2578 2579 2600 0
2580 2578 2600 0
2559 2579 2578 0
2554 2534 2535 0
2556 2554 2575 0
2556 2536 2554 0
2663 2664 2684 0
2641 2659 2644 0
2623 2641 2644 0
2640 2639 2661 0
2681 2660 2679 0
2659 2661 2680 0
2664 2659 2680 0
2641 2661 2659 0
2641 2640 2661 0
2627 2606 2626 0
2629 2607 2627 0
2607 2606 2627 0
2629 2628 2607 0
2648 2629 2627 0
2648 2669 2649 0
2610 2589 2588 0
2592 2611 2612 0
2642 2644 2663 0
2622 2621 2642 0
2624 2622 2643 0
2603 2621 2622 0
2623 2644 2642 0
2580 2600 2602 0
2619 2599 2618 0
2559 2578 2580 0
2620 2640 2641 0
2602 2620 2623 0
2600 2599 2619 0
2633 2653 2636 0
2614 2633 2636 0
2624 2645 2633 0
2663 2643 2642 0
2682 2684 2664 0
2684 2683 2663 0
2683 2685 2665 0
2662 2683 2665 0
2645 2662 2665 0
2643 2663 2662 0
2684 2703 2704 0
2702 2684 2682 0
2704 2705 2685 0
2684 2704 2683 0
2703 2723 2704 0
2686 2666 2685 0
2612 2611 2624 0
2614 2612 2633 0
2614 2593 2612 0
2621 2601 2602 0
2643 2622 2642 0
2603 2601 2621 0
2611 2603 2624 0
2633 2612 2624 0
2592 2571 2591 0
2621 2623 2642 0
2581 2601 2603 0
2581 2580 2602 0
2698 2708 2688 0
2592 2612 2593 0
2667 2668 2647 0
2658 2667 2646 0
2688 2668 2667 0
2694 2674 2690 0
2646 2626 2625 0
2670 2674 2652 0
2650 2670 2652 0
2689 2691 2671 0
2710 2694 2690 0
2694 2692 2674 0
2625 2604 2615 0
2637 2625 2615 0
2626 2604 2625 0
2627 2626 2647 0
2606 2584 2605 0
2592 2593 2572 0
2550 2551 2572 0
2591 2590 2611 0
2592 2591 2611 0
2570 2590 2591 0
2604 2582 2594 0
2584 2606 2585 0
2564 2563 2585 0
2583 2605 2584 0
2561 2583 2562 0
2552 2561 2541 0
2552 2573 2561 0
2605 2626 2606 0
2604 2605 2583 0
2604 2626 2605 0
2615 2604 2594 0
2646 2637 2658 0
2626 2646 2647 0
2625 2637 2646 0
2586 2587 2608 0
2574 2586 2595 0
2574 2553 2565 0
2525 2546 2524 0
2502 2525 2524 0
2522 2543 2525 0
2586 2608 2595 0
2566 2589 2567 0
2546 2566 2547 0
2564 2585 2566 0
2609 2631 2630 0
2610 2609 2587 0
2610 2631 2609 0
2551 2550 2529 0
2549 2551 2531 0
2571 2592 2572 0
2570 2571 2551 0
2570 2591 2571 0
2509 2510 2530 0
2488 2489 2510 0
2573 2594 2582 0
2582 2604 2583 0
2561 2582 2583 0
2561 2573 2582 0
2338 2353 2355 0
2396 2416 2397 0
2481 2483 2463 0
2480 2481 2461 0
2504 2526 2503 0
2502 2504 2482 0
2478 2500 2482 0
2522 2525 2502 0
2505 2523 2515 0
2503 2505 2483 0
2503 2526 2505 0
2524 2526 2504 0
2524 2546 2526 0
2515 2535 2514 0
2294 2315 2306 0
2272 2294 2282 0
2314 2315 2294 0
2316 2314 2295 0
2291 2297 2295 0
2317 2335 2316 0
2337 2315 2314 0
2378 2369 2358 0
2398 2378 2376 0
2390 2369 2378 0
2399 2390 2378 0
2410 2400 2390 0
2390 2400 2380 0
2431 2410 2419 0
2441 2431 2419 0
2453 2452 2431 0
2452 2473 2464 0
2431 2452 2442 0
2453 2473 2452 0
2422 2431 2442 0
2449 2463 2471 0
2441 2449 2453 0
2441 2463 2449 0
2423 2430 2409 0
2452 2443 2442 0
2464 2465 2451 0
2423 2443 2430 0
2422 2423 2401 0
2422 2442 2423 0
2366 2368 2348 0
2401 2388 2400 0
2422 2401 2400 0
2430 2429 2409 0
2389 2368 2366 0
2366 2388 2389 0
2359 2366 2348 0
2380 2388 2366 0
2359 2380 2366 0
2328 2339 2348 0
2349 2369 2359 0
2369 2390 2380 0
2500 2502 2482 0
2479 2500 2478 0
2522 2502 2500 0
2563 2584 2585 0
2544 2563 2564 0
2562 2583 2563 0
2561 2562 2542 0
2583 2584 2563 0
2524 2504 2502 0
2544 2546 2525 0
2544 2564 2546 0
2543 2544 2525 0
2543 2563 2544 0
2521 2543 2522 0
2542 2562 2543 0
2521 2542 2543 0
2541 2561 2542 0
2589 2610 2587 0
2585 2589 2566 0
2588 2607 2610 0
2585 2588 2589 0
2585 2607 2588 0
2607 2585 2606 0
2589 2587 2567 0
2503 2483 2481 0
2504 2503 2481 0
2526 2523 2505 0
2547 2545 2526 0
2564 2566 2546 0
2567 2586 2565 0
2441 2419 2418 0
2461 2441 2438 0
2449 2471 2453 0
2461 2481 2463 0
2460 2461 2438 0
2460 2480 2461 0
2496 2513 2517 0
2555 2575 2554 0
2533 2553 2535 0
2576 2575 2555 0
2613 2616 2595 0
2598 2599 2579 0
2596 2598 2577 0
2617 2639 2618 0
2595 2616 2597 0
2619 2640 2620 0
2600 2619 2620 0
2618 2640 2619 0
2638 2639 2617 0
2638 2660 2639 0
2616 2634 2638 0
2597 2616 2617 0
2596 2597 2617 0
2576 2595 2597 0
2613 2634 2616 0
2630 2635 2613 0
2635 2656 2655 0
2620 2641 2623 0
2618 2639 2640 0
2598 2618 2599 0
2598 2617 2618 0
2644 2659 2664 0
2408 2429 2411 0
2389 2408 2387 0
2409 2429 2408 0
2388 2409 2389 0
2401 2423 2409 0
2431 2441 2453 0
2579 2557 2556 0
2558 2540 2559 0
2581 2560 2580 0
2560 2540 2558 0
2537 2536 2557 0
2559 2538 2557 0
2516 2506 2517 0
2537 2516 2517 0
2518 2498 2516 0
2519 2497 2498 0
2539 2519 2540 0
2527 2507 2519 0
2517 2536 2537 0
2518 2516 2537 0
2506 2496 2517 0
2498 2495 2516 0
2455 2472 2475 0
2486 2485 2506 0
2472 2486 2495 0
2465 2485 2486 0
2422 2410 2431 0
2443 2423 2442 0
2400 2410 2422 0
2513 2514 2534 0
2517 2513 2534 0
2496 2514 2513 0
2495 2486 2506 0
2493 2514 2496 0
2473 2493 2496 0
2473 2471 2493 0
2443 2452 2464 0
2494 2483 2505 0
2453 2471 2473 0
2463 2483 2471 0
2554 2535 2555 0
2517 2534 2536 0
2514 2535 2534 0
2485 2473 2496 0
2515 2523 2533 0
2494 2515 2514 0
2493 2494 2514 0
2471 2483 2494 0
2494 2505 2515 0
2493 2471 2494 0
2463 2441 2461 0
2520 2532 2541 0
2433 2447 2428 0
2411 2433 2420 0
2454 2447 2433 0
2432 2455 2433 0
2429 2432 2411 0
2429 2450 2432 0
2474 2487 2466 0
2455 2475 2454 0
2450 2472 2455 0
2430 2450 2429 0
2451 2465 2472 0
2430 2451 2450 0
2430 2443 2451 0
2475 2474 2454 0
2450 2451 2472 0
2498 2518 2519 0
2495 2498 2475 0
2495 2506 2516 0
2466 2447 2454 0
2474 2466 2454 0
2487 2491 2484 0
2497 2487 2474 0
2511 2528 2531 0
2475 2497 2474 0
2590 2570 2569 0
2568 2590 2569 0
2603 2611 2590 0
2519 2507 2497 0
2528 2527 2539 0
2560 2548 2539 0
2508 2511 2491 0
2487 2508 2491 0
2528 2511 2508 0
2528 2508 2527 0
2548 2531 2528 0
2539 2548 2528 0
2569 2570 2549 0
2549 2570 2551 0
2548 2549 2531 0
2548 2569 2549 0
2560 2569 2548 0
2540 2560 2539 0
2558 2580 2560 0
2581 2603 2590 0
2571 2572 2551 0
2551 2529 2530 0
2510 2509 2488 0
2490 2510 2489 0
2530 2529 2509 0
2511 2530 2510 0
2531 2551 2530 0
2520 2499 2512 0
2542 2521 2541 0
2501 2522 2500 0
2511 2490 2491 0
2530 2511 2531 0
2510 2490 2511 0
2467 2489 2488 0
2467 2444 2468 0
2490 2468 2469 0
2446 2426 2448 0
2469 2446 2448 0
2469 2468 2445 0
2467 2468 2489 0
2444 2424 2445 0
2404 2405 2427 0
2532 2520 2512 0
2459 2437 2456 0
2476 2479 2459 0
2457 2476 2456 0
2499 2479 2476 0
2458 2436 2459 0
2478 2458 2459 0
2478 2482 2462 0
2477 2499 2476 0
2440 2438 2418 0
2439 2440 2417 0
2460 2438 2440 0
2416 2439 2417 0
2480 2504 2481 0
2462 2480 2460 0
2482 2504 2480 0
2401 2409 2388 0
2519 2539 2527 0
2538 2540 2518 0
2537 2538 2518 0
2559 2540 2538 0
2559 2580 2558 0
2425 2445 2424 0
2499 2477 2492 0
2414 2434 2437 0
2457 2477 2476 0
2425 2426 2446 0
2403 2425 2424 0
2403 2426 2425 0
2434 2413 2435 0
2457 2434 2435 0
2456 2437 2434 0
2375 2377 2357 0
2374 2375 2355 0
2396 2377 2375 0
2439 2462 2440 0
2415 2439 2416 0
2436 2458 2439 0
2399 2419 2410 0
2390 2399 2410 0
2378 2398 2399 0
2377 2398 2376 0
2397 2418 2398 0
2416 2417 2397 0
2395 2414 2415 0
2462 2458 2478 0
2396 2395 2415 0
2437 2459 2436 0
2418 2419 2398 0
2440 2418 2417 0
2438 2441 2418 0
2413 2412 2435 0
2415 2416 2396 0
2437 2415 2414 0
2436 2439 2415 0
2393 2392 2412 0
2420 2428 2407 0
2402 2403 2424 0
2408 2411 2391 0
2472 2495 2475 0
2432 2450 2455 0
2465 2486 2472 0
2443 2464 2451 0
2485 2496 2506 0
2464 2485 2465 0
2464 2473 2485 0
2455 2454 2433 0
2427 2426 2404 0
2421 2427 2405 0
2448 2426 2427 0
2470 2491 2490 0
2448 2470 2469 0
2484 2491 2470 0
2466 2484 2470 0
2466 2487 2484 0
2445 2468 2444 0
2446 2445 2425 0
2446 2469 2445 0
2447 2466 2470 0
2490 2489 2468 0
2448 2447 2470 0
2508 2507 2527 0
2469 2470 2490 0
2487 2507 2508 0
2448 2427 2428 0
2385 2384 2406 0
2404 2383 2405 0
2364 2363 2385 0
2387 2367 2389 0
2409 2408 2389 0
2350 2365 2345 0
2387 2370 2367 0
2391 2407 2386 0
2434 2457 2456 0
2382 2381 2360 0
2364 2382 2361 0
2383 2403 2382 0
2426 2403 2404 0
2402 2381 2403 0
2462 2460 2440 0
2458 2462 2439 0
2482 2480 2462 0
2392 2373 2371 0
2393 2412 2413 0
2382 2364 2383 0
2340 2341 2361 0
2421 2406 2428 0
2427 2421 2428 0
2405 2406 2421 0
2383 2385 2405 0
2385 2406 2405 0
2363 2379 2385 0
2362 2345 2365 0
2371 2373 2352 0
2361 2382 2360 0
2353 2334 2354 0
2344 2322 2343 0
2361 2341 2344 0
2382 2403 2381 0
2385 2383 2364 0
2404 2403 2383 0
2360 2340 2361 0
2340 2319 2341 0
2312 2333 2311 0
2351 2332 2331 0
2352 2333 2332 0
2371 2352 2351 0
2354 2373 2372 0
2302 2319 2298 0
2373 2354 2352 0
2374 2354 2372 0
2333 2352 2354 0
2258 2278 2256 0
2407 2391 2411 0
2367 2368 2389 0
2391 2370 2387 0
2408 2391 2387 0
2391 2386 2370 0
2350 2345 2330 0
2378 2358 2376 0
2388 2380 2400 0
2349 2329 2336 0
2380 2359 2369 0
2348 2327 2328 0
2346 2348 2368 0
2307 2284 2306 0
2329 2307 2306 0
2328 2327 2307 0
2346 2327 2348 0
2325 2326 2309 0
2305 2325 2304 0
2346 2326 2325 0
2264 2245 2265 0
2349 2358 2369 0
2242 2243 2233 0
2281 2263 2284 0
2305 2281 2284 0
2307 2305 2284 0
2327 2325 2305 0
2286 2264 2265 0
2243 2223 2233 0
2245 2243 2263 0
2245 2223 2243 0
2246 2244 2264 0
2242 2233 2221 0
2262 2242 2241 0
2262 2263 2242 0
2222 2223 2245 0
2244 2222 2245 0
2201 2202 2222 0
2202 2179 2192 0
2222 2202 2223 0
2201 2179 2202 0
2394 2372 2373 0
2414 2394 2413 0
2434 2414 2413 0
2437 2436 2415 0
2395 2374 2394 0
2414 2395 2394 0
2396 2375 2395 0
2333 2354 2334 0
2393 2394 2373 0
2392 2393 2373 0
2413 2394 2393 0
2374 2353 2354 0
2394 2374 2372 0
2395 2375 2374 0
2397 2377 2396 0
2418 2397 2417 0
2398 2377 2397 0
2419 2399 2398 0
2313 2297 2291 0
2356 2337 2335 0
2358 2356 2376 0
2358 2337 2356 0
2336 2315 2337 0
2358 2336 2337 0
2358 2349 2336 0
2335 2337 2316 0
2355 2335 2338 0
2357 2356 2335 0
2375 2357 2355 0
2376 2356 2357 0
2292 2313 2291 0
2269 2292 2271 0
2311 2313 2292 0
2310 2312 2290 0
2333 2313 2311 0
2351 2352 2332 0
2334 2313 2333 0
2316 2337 2314 0
2353 2338 2334 0
2355 2357 2335 0
2374 2355 2353 0
2377 2376 2357 0
2312 2311 2290 0
2331 2312 2310 0
2332 2333 2312 0
2338 2317 2318 0
2270 2273 2253 0
2283 2263 2262 0
2252 2253 2273 0
2272 2252 2273 0
2295 2293 2273 0
2261 2241 2251 0
2272 2261 2251 0
2282 2283 2261 0
2229 2209 2230 0
2242 2221 2241 0
2232 2210 2211 0
2252 2232 2253 0
2230 2210 2232 0
2229 2230 2252 0
2209 2210 2230 0
2191 2190 2211 0
2210 2191 2211 0
2189 2190 2191 0
2166 2148 2169 0
2187 2166 2168 0
2145 2126 2147 0
2167 2145 2147 0
2167 2146 2145 0
2170 2190 2189 0
2149 2170 2169 0
2149 2164 2170 0
2205 2206 2227 0
2231 2211 2228 0
2184 2185 2205 0
2207 2186 2205 0
2162 2185 2184 0
2268 2269 2249 0
2332 2312 2331 0
2322 2321 2343 0
2276 2278 2302 0
2296 2274 2280 0
2303 2296 2280 0
2303 2299 2296 0
2318 2313 2334 0
2338 2318 2334 0
2297 2313 2318 0
2317 2297 2318 0
2335 2317 2338 0
2316 2297 2317 0
2316 2295 2297 0
2273 2291 2295 0
2270 2292 2291 0
2250 2271 2253 0
2231 2250 2253 0
2231 2228 2249 0
2289 2290 2311 0
2292 2289 2311 0
2292 2269 2289 0
2288 2290 2268 0
2288 2310 2290 0
2258 2256 2236 0
2257 2277 2278 0
2235 2257 2238 0
2255 2274 2275 0
2278 2276 2256 0
2257 2278 2258 0
2277 2300 2302 0
2288 2268 2267 0
2235 2217 2218 0
2274 2255 2254 0
2238 2217 2235 0
2237 2238 2258 0
2236 2237 2258 0
2236 2215 2237 0
2236 2214 2215 0
2268 2248 2267 0
2268 2289 2269 0
2249 2269 2250 0
2248 2249 2228 0
2248 2268 2249 0
2239 2254 2234 0
2324 2320 2303 0
2308 2324 2303 0
2345 2342 2324 0
2257 2258 2238 0
2275 2277 2257 0
2299 2275 2274 0
2299 2321 2301 0
2302 2298 2276 0
2277 2302 2278 0
2323 2341 2319 0
2322 2323 2302 0
2322 2344 2323 0
2193 2195 2215 0
2173 2195 2172 0
2153 2173 2152 0
2174 2194 2173 0
2151 2152 2173 0
2207 2228 2211 0
2190 2207 2211 0
2205 2226 2207 0
2289 2268 2290 0
2250 2269 2271 0
2250 2231 2249 0
2226 2248 2228 0
2247 2267 2248 0
2253 2232 2231 0
2211 2231 2232 0
2189 2191 2210 0
2190 2170 2186 0
2226 2228 2207 0
2227 2226 2205 0
2227 2248 2226 0
2227 2247 2248 0
2206 2205 2185 0
2213 2223 2202 0
2225 2246 2224 0
2222 2244 2225 0
2245 2264 2244 0
2305 2304 2281 0
2266 2279 2260 0
2286 2266 2264 0
2287 2309 2308 0
2286 2287 2266 0
2286 2309 2287 0
2330 2308 2309 0
2350 2367 2370 0
2326 2347 2330 0
2326 2346 2347 0
2342 2343 2321 0
2300 2301 2322 0
2303 2279 2285 0
2259 2280 2274 0
2259 2260 2280 0
2300 2322 2302 0
2275 2300 2277 0
2301 2321 2322 0
2275 2301 2300 0
2275 2299 2301 0
2320 2321 2299 0
2303 2320 2299 0
2342 2362 2343 0
2324 2342 2320 0
2345 2362 2342 0
2344 2364 2361 0
2323 2344 2341 0
2343 2363 2344 0
2320 2342 2321 0
2363 2364 2344 0
2362 2363 2343 0
2379 2384 2385 0
2362 2379 2363 0
2362 2384 2379 0
2386 2406 2384 0
2386 2407 2406 0
2365 2386 2384 0
2365 2370 2386 0
2362 2365 2384 0
2325 2309 2304 0
2368 2347 2346 0
2330 2309 2326 0
2350 2330 2347 0
2367 2350 2347 0
2370 2365 2350 0
2345 2324 2330 0
2428 2447 2448 0
2407 2428 2406 0
2420 2433 2428 0
2411 2420 2407 0
2411 2432 2433 0
2323 2319 2302 0
2215 2214 2193 0
2216 2215 2195 0
2173 2194 2195 0
2217 2238 2216 0
2238 2237 2215 0
2091 2112 2092 0
2090 2091 2070 0
2090 2111 2091 0
2114 2111 2094 0
2116 2114 2094 0
2134 2132 2114 0
2132 2112 2111 0
2101 2121 2100 0
2215 2216 2238 0
2172 2195 2193 0
2174 2175 2196 0
2172 2151 2173 0
2154 2131 2133 0
2129 2130 2152 0
2160 2140 2138 0
2179 2182 2159 0
2161 2181 2157 0
2140 2161 2139 0
2183 2181 2161 0
2204 2203 2183 0
2158 2156 2136 0
2144 2148 2166 0
2143 2149 2128 0
2122 2143 2121 0
2164 2186 2170 0
2162 2164 2143 0
2162 2184 2164 0
2189 2210 2209 0
2169 2189 2168 0
2169 2170 2189 0
2143 2164 2149 0
2186 2184 2205 0
2190 2186 2207 0
2164 2184 2186 0
2141 2163 2142 0
2163 2185 2162 0
2130 2129 2109 0
2142 2163 2162 0
2110 2092 2113 0
2088 2089 2110 0
2088 2067 2089 0
2127 2106 2108 0
2142 2122 2141 0
2143 2142 2162 0
2143 2122 2142 0
2127 2125 2107 0
2128 2127 2108 0
2144 2147 2127 0
2078 2064 2077 0
2099 2078 2077 0
2085 2065 2064 0
2100 2085 2078 0
2100 2106 2085 0
2108 2100 2121 0
2106 2084 2085 0
2108 2106 2100 0
2143 2128 2121 0
2125 2126 2104 0
2107 2125 2103 0
2144 2166 2147 0
2128 2144 2127 0
2121 2128 2108 0
2149 2144 2128 0
2166 2169 2168 0
2149 2148 2144 0
2149 2169 2148 0
2104 2082 2103 0
2125 2104 2103 0
2105 2083 2104 0
2044 2023 2045 0
2065 2044 2045 0
2063 2084 2066 0
2065 2084 2063 0
2065 2085 2084 0
2101 2099 2120 0
2121 2101 2122 0
2100 2078 2101 0
2120 2141 2122 0
2071 2051 2069 0
2067 2071 2089 0
2067 2051 2071 0
2023 2024 2045 0
2043 2025 2022 0
2063 2046 2043 0
2044 2063 2043 0
2084 2086 2066 0
2066 2059 2046 0
2063 2066 2046 0
2086 2081 2066 0
2002 2024 2023 0
2043 2022 2023 0
2044 2043 2023 0
2046 2025 2043 0
2044 2065 2063 0
2017 2005 2025 0
1980 2003 2002 0
2005 2004 2025 0
2057 2077 2064 0
2266 2246 2264 0
2303 2280 2279 0
2330 2324 2308 0
2299 2274 2296 0
2259 2240 2260 0
2254 2259 2274 0
2255 2257 2235 0
2254 2255 2235 0
2275 2257 2255 0
2239 2219 2240 0
2254 2239 2259 0
2234 2218 2239 0
2239 2218 2219 0
2235 2234 2254 0
2235 2218 2234 0
2217 2196 2212 0
2260 2246 2266 0
2280 2260 2279 0
2240 2246 2260 0
2239 2240 2259 0
2219 2220 2240 0
2177 2156 2158 0
2199 2198 2177 0
2203 2199 2180 0
2220 2198 2199 0
2176 2175 2154 0
2212 2196 2197 0
2218 2212 2197 0
2218 2217 2212 0
2174 2153 2175 0
2225 2244 2246 0
2204 2225 2224 0
2204 2222 2225 0
2182 2201 2204 0
2160 2182 2183 0
2160 2159 2182 0
2171 2192 2179 0
2159 2171 2179 0
2165 2178 2171 0
2252 2230 2232 0
2208 2200 2187 0
2229 2208 2209 0
2221 2200 2208 0
2241 2221 2229 0
2233 2213 2221 0
2188 2189 2209 0
2270 2253 2271 0
2292 2270 2271 0
2291 2273 2270 0
2293 2294 2272 0
2273 2293 2272 0
2314 2294 2293 0
2251 2241 2229 0
2252 2251 2229 0
2272 2282 2261 0
2200 2221 2213 0
2252 2272 2251 0
2295 2314 2293 0
2283 2284 2263 0
2294 2306 2282 0
2339 2349 2359 0
2329 2339 2328 0
2329 2349 2339 0
2307 2329 2328 0
2315 2336 2329 0
2242 2263 2243 0
2261 2262 2241 0
2283 2306 2284 0
2261 2283 2262 0
2282 2306 2283 0
2307 2327 2305 0
2315 2329 2306 0
2339 2359 2348 0
2285 2287 2308 0
2303 2285 2308 0
2279 2266 2285 0
2265 2263 2281 0
2286 2265 2281 0
2245 2263 2265 0
2266 2287 2285 0
2304 2309 2286 0
2281 2304 2286 0
2327 2346 2325 0
2347 2368 2367 0
2229 2221 2208 0
2223 2213 2233 0
2150 2159 2137 0
2146 2150 2137 0
2171 2159 2150 0
2122 2101 2120 0
2071 2092 2089 0
2101 2078 2099 0
2147 2126 2125 0
2127 2147 2125 0
2166 2167 2147 0
2187 2167 2166 0
2146 2137 2124 0
2126 2145 2123 0
2165 2150 2146 0
2187 2165 2167 0
2188 2208 2187 0
2189 2188 2168 0
2209 2208 2188 0
2178 2165 2187 0
2200 2178 2187 0
2200 2192 2178 0
2168 2188 2187 0
2192 2171 2178 0
2213 2192 2200 0
2213 2202 2192 0
2123 2105 2126 0
2145 2146 2123 0
2124 2119 2102 0
2146 2124 2123 0
2137 2138 2124 0
2171 2150 2165 0
2138 2140 2119 0
2124 2138 2119 0
2159 2160 2138 0
2203 2220 2199 0
2183 2203 2181 0
2161 2160 2183 0
2182 2179 2201 0
2224 2220 2203 0
1998 2020 2000 0
2167 2165 2146 0
2059 2082 2060 0
2123 2124 2105 0
2056 2058 2076 0
2096 2075 2076 0
2036 2041 2056 0
2097 2117 2096 0
2076 2097 2096 0
2098 2119 2118 0
2158 2181 2180 0
2135 2157 2136 0
2116 2135 2136 0
2115 2117 2135 0
2139 2161 2157 0
2118 2139 2117 0
2140 2160 2161 0
2204 2224 2203 0
2182 2204 2183 0
2201 2222 2204 0
2020 2021 2000 0
2017 2039 2018 0
2042 2021 2020 0
2042 2062 2041 0
2019 2040 2020 0
2061 2082 2083 0
2061 2060 2082 0
2020 2040 2042 0
2039 2060 2040 0
2039 2038 2060 0
2079 2076 2058 0
2080 2079 2058 0
2098 2097 2079 0
2105 2124 2102 0
2118 2117 2097 0
2072 2075 2093 0
2080 2102 2079 0
2093 2115 2095 0
2073 2087 2095 0
2075 2096 2093 0
2079 2097 2076 0
2117 2115 2096 0
2075 2055 2056 0
2115 2093 2096 0
2072 2055 2075 0
2053 2072 2073 0
2052 2035 2055 0
2131 2153 2152 0
2109 2110 2130 0
2133 2132 2155 0
2113 2133 2131 0
2112 2132 2133 0
2176 2154 2155 0
2070 2091 2092 0
2094 2095 2116 0
2090 2094 2111 0
2112 2091 2111 0
2070 2068 2090 0
2068 2048 2054 0
2090 2068 2074 0
2070 2049 2068 0
2134 2156 2155 0
2134 2136 2156 0
2197 2198 2219 0
2175 2197 2196 0
2197 2219 2218 0
2177 2198 2197 0
2177 2180 2199 0
2139 2135 2117 0
2158 2136 2157 0
2181 2158 2157 0
2180 2177 2158 0
2134 2114 2116 0
2196 2217 2216 0
2194 2196 2216 0
2195 2194 2216 0
2174 2196 2194 0
2176 2155 2156 0
2197 2176 2177 0
2197 2175 2176 0
2220 2219 2198 0
2181 2203 2180 0
2224 2240 2220 0
2224 2246 2240 0
2049 2050 2028 0
2013 2026 2006 0
1993 1973 1972 0
2014 1993 1992 0
1991 1971 1993 0
2053 2073 2054 0
2034 2053 2054 0
2033 2032 2053 0
2070 2050 2049 0
2114 2132 2111 0
2116 2136 2134 0
2115 2116 2095 0
2115 2135 2116 0
2087 2072 2093 0
2095 2087 2093 0
2073 2072 2087 0
2135 2139 2157 0
2154 2175 2153 0
2131 2154 2153 0
2133 2155 2154 0
2134 2155 2132 0
2156 2177 2176 0
2113 2092 2112 0
2133 2113 2112 0
2131 2130 2113 0
2152 2130 2131 0
2174 2173 2153 0
2151 2129 2152 0
2110 2089 2092 0
2130 2110 2113 0
2109 2088 2110 0
2069 2070 2092 0
2047 2051 2067 0
2030 2029 2008 0
2050 2030 2028 0
2051 2047 2029 0
2050 2051 2030 0
2050 2069 2051 0
2009 2030 2008 0
1986 2009 2008 0
2007 2028 2009 0
2064 2045 2057 0
2004 2005 1984 0
1981 2001 2004 0
1961 1981 1982 0
1960 1980 1981 0
2022 2002 2023 0
2004 2022 2025 0
2001 2002 2022 0
1982 1981 2004 0
1980 2002 2001 0
2001 2022 2004 0
2025 2038 2017 0
2081 2082 2059 0
2106 2127 2107 0
2126 2105 2104 0
2062 2083 2080 0
2058 2062 2080 0
2042 2040 2061 0
2081 2103 2082 0
2066 2081 2059 0
2086 2103 2081 0
2105 2102 2083 0
2041 2021 2042 0
1999 2019 2020 0
1997 1999 1998 0
1997 2019 1999 0
1988 2010 1990 0
1970 1988 1990 0
1970 1953 1974 0
2021 2015 2000 0
2015 2031 2010 0
2032 2052 2053 0
2010 2031 2011 0
2035 2052 2031 0
2036 2035 2015 0
2036 2056 2055 0
2021 2036 2015 0
2041 2058 2056 0
2072 2053 2052 0
1998 1978 1977 0
2075 2056 2076 0
2052 2055 2072 0
2035 2036 2055 0
1955 1976 1977 0
2017 2018 2005 0
2017 2038 2039 0
2011 2012 1990 0
1895 1896 1876 0
1914 1895 1894 0
1915 1896 1895 0
1955 1954 1934 0
1916 1933 1927 0
1934 1936 1915 0
1935 1934 1915 0
1954 1936 1934 0
1954 1956 1936 0
2045 2024 2037 0
2057 2045 2037 0
2064 2078 2085 0
1952 1971 1949 0
1971 1991 1985 0
1950 1971 1965 0
1973 1993 1971 0
1972 1973 1952 0
2014 2012 2033 0
2013 2014 2034 0
2026 2013 2034 0
2048 2026 2034 0
2048 2049 2027 0
2006 1991 2013 0
1992 1989 2012 0
2013 1993 2014 0
1972 1989 1992 0
2006 2007 1991 0
1991 1993 2013 0
2028 2030 2009 0
2051 2029 2030 0
1987 1986 1967 0
2003 1979 1995 0
2037 2024 2016 0
2065 2045 2064 0
2107 2086 2106 0
2046 2059 2038 0
2016 2024 2003 0
2086 2084 2106 0
2103 2086 2107 0
2046 2038 2025 0
2034 2014 2033 0
2026 2048 2027 0
2054 2048 2034 0
2074 2094 2090 0
2054 2074 2068 0
2054 2073 2074 0
2033 2053 2034 0
2073 2095 2074 0
1985 1965 1971 0
2007 1985 1991 0
2007 2009 1987 0
2003 1995 2016 0
1967 1986 1966 0
1944 1967 1966 0
1965 1985 1967 0
1945 1930 1950 0
1944 1945 1967 0
1944 1924 1945 0
1992 1993 1972 0
1979 1975 1995 0
1984 1982 2004 0
1958 1975 1979 0
1911 1891 1909 0
1972 1952 1951 0
1989 1972 1968 0
2007 2006 2028 0
1992 2012 2014 0
1969 1989 1968 0
1990 2012 1989 0
1947 1948 1969 0
1974 1953 1956 0
1988 1974 1994 0
1988 1970 1974 0
2015 1994 2000 0
2048 2068 2049 0
2032 2031 2052 0
2011 2032 2033 0
2011 2031 2032 0
2095 2094 2074 0
2071 2069 2092 0
2027 2049 2028 0
2006 2027 2028 0
2006 2026 2027 0
2070 2069 2050 0
1891 1911 1890 0
1870 1891 1890 0
1871 1889 1891 0
1979 1960 1957 0
1930 1911 1929 0
1924 1930 1945 0
1924 1910 1930 0
1912 1913 1893 0
1926 1912 1905 0
1931 1913 1912 0
1946 1931 1926 0
1932 1913 1931 0
1949 1932 1952 0
1949 1928 1932 0
1967 1945 1965 0
1930 1910 1911 0
1994 2010 1988 0
2021 2041 2036 0
2033 2012 2011 0
1979 1980 1960 0
1932 1931 1951 0
1868 1848 1853 0
1889 1869 1888 0
1908 1889 1888 0
1909 1891 1889 0
1868 1849 1848 0
1888 1869 1868 0
1871 1850 1851 0
1830 1850 1828 0
1827 1848 1829 0
1831 1832 1853 0
1788 1810 1809 0
1806 1788 1809 0
1765 1764 1787 0
1811 1832 1831 0
1790 1811 1810 0
1790 1789 1811 0
1831 1853 1848 0
1809 1831 1827 0
1810 1811 1831 0
1809 1810 1831 0
1832 1845 1852 0
1851 1850 1830 0
1829 1851 1830 0
1869 1889 1871 0
1918 1939 1919 0
1917 1918 1898 0
1938 1939 1918 0
1947 1926 1925 0
1970 1969 1948 0
1946 1926 1947 0
1968 1946 1947 0
1968 1951 1946 0
1976 1997 1977 0
1964 1976 1955 0
1983 1997 1976 0
2083 2082 2104 0
2080 2083 2102 0
2098 2079 2102 0
2058 2041 2062 0
2061 2040 2060 0
2062 2061 2083 0
2062 2042 2061 0
2019 2039 2040 0
1998 1999 2020 0
1997 1996 2019 0
2038 2059 2060 0
2000 1978 1998 0
1996 1983 2005 0
1983 1964 1984 0
2005 1983 1984 0
1997 1998 1977 0
1996 1997 1983 0
2018 2039 2019 0
1996 2018 2019 0
1996 2005 2018 0
1994 1974 1978 0
1976 1964 1983 0
1956 1954 1977 0
1935 1943 1955 0
1876 1856 1875 0
1882 1902 1881 0
1920 1901 1900 0
1921 1922 1901 0
1923 1903 1922 0
1935 1923 1943 0
1914 1903 1923 0
1914 1894 1903 0
1937 1918 1917 0
1961 1939 1959 0
1919 1920 1899 0
1980 1979 2003 0
2024 2002 2003 0
1981 1961 1959 0
1964 1963 1984 0
1957 1938 1958 0
1938 1959 1939 0
1958 1938 1937 0
1957 1959 1938 0
1979 1957 1958 0
1960 1959 1957 0
2001 1981 1980 0
1981 1959 1960 0
1941 1921 1940 0
1961 1941 1940 0
1962 1942 1941 0
1940 1939 1961 0
1922 1942 1923 0
1941 1942 1921 0
1963 1943 1942 0
1984 1963 1982 0
1964 1943 1963 0
1878 1858 1877 0
1899 1878 1898 0
1899 1879 1878 0
1919 1899 1898 0
1918 1919 1898 0
1939 1940 1919 0
1900 1880 1879 0
1920 1900 1899 0
1962 1963 1942 0
1961 1962 1941 0
1961 1982 1962 0
1921 1901 1920 0
1881 1861 1862 0
1938 1918 1937 0
1923 1935 1914 0
1962 1982 1963 0
1964 1955 1943 0
1833 1854 1835 0
1881 1883 1863 0
1894 1895 1875 0
1837 1857 1858 0
1897 1917 1898 0
1869 1849 1868 0
1878 1897 1898 0
1912 1926 1931 0
1908 1893 1913 0
1865 1845 1864 0
1811 1824 1832 0
1788 1787 1810 0
1784 1761 1765 0
1806 1784 1788 0
1827 1806 1809 0
1829 1830 1808 0
1786 1762 1784 0
1747 1748 1768 0
1743 1747 1764 0
1743 1727 1747 0
1762 1742 1741 0
1727 1748 1747 0
1748 1744 1766 0
1768 1748 1766 0
1789 1768 1766 0
1787 1788 1765 0
1768 1787 1764 0
1790 1810 1787 0
1724 1708 1704 0
1727 1728 1748 0
1727 1708 1728 0
1745 1726 1739 0
1745 1746 1726 0
1738 1760 1739 0
1767 1746 1745 0
1781 1783 1767 0
1805 1781 1782 0
1805 1783 1781 0
1813 1822 1802 0
1804 1811 1789 0
1803 1804 1789 0
1824 1811 1804 0
1766 1744 1746 0
1789 1766 1767 0
1764 1765 1743 0
1768 1764 1747 0
1768 1790 1787 0
1744 1724 1725 0
1878 1877 1897 0
1830 1828 1807 0
1786 1808 1807 0
1849 1869 1851 0
1829 1849 1851 0
1829 1848 1849 0
1857 1877 1858 0
1845 1824 1844 0
1864 1845 1844 0
1865 1852 1845 0
1904 1885 1884 0
1873 1868 1853 0
1831 1848 1827 0
1865 1872 1852 0
1873 1892 1893 0
1852 1872 1853 0
1832 1852 1853 0
1832 1824 1845 0
1865 1885 1872 0
1912 1893 1892 0
1888 1868 1873 0
1908 1909 1889 0
1932 1928 1913 0
1929 1909 1908 0
1871 1891 1870 0
1850 1871 1870 0
1851 1869 1871 0
1893 1908 1888 0
1911 1910 1890 0
1929 1911 1909 0
1929 1950 1930 0
1829 1806 1827 0
1808 1786 1806 0
1829 1808 1806 0
1830 1807 1808 0
1761 1740 1743 0
1788 1784 1765 0
1762 1763 1742 0
1784 1762 1761 0
1786 1763 1762 0
1948 1927 1933 0
1970 1948 1953 0
2031 2015 2035 0
1990 2010 2011 0
1994 2015 2010 0
1956 1978 1974 0
1978 2000 1994 0
1969 1968 1947 0
1990 1969 1970 0
1990 1989 1969 0
1925 1906 1927 0
1947 1925 1927 0
1926 1905 1925 0
1856 1855 1835 0
1835 1854 1856 0
1875 1895 1876 0
1874 1875 1856 0
1874 1894 1875 0
1887 1906 1886 0
1916 1907 1896 0
1915 1916 1896 0
1936 1933 1916 0
1915 1936 1916 0
1953 1948 1933 0
1927 1906 1907 0
1916 1927 1907 0
1948 1947 1927 0
1867 1886 1866 0
1896 1887 1876 0
1907 1906 1887 0
1896 1907 1887 0
1904 1905 1885 0
1951 1931 1946 0
1972 1951 1968 0
1952 1932 1951 0
1950 1965 1945 0
1949 1950 1929 0
1949 1971 1950 0
1928 1949 1929 0
1908 1928 1929 0
1908 1913 1928 0
1952 1973 1971 0
1862 1861 1841 0
1842 1840 1862 0
1880 1900 1882 0
1834 1835 1855 0
1847 1834 1855 0
1813 1835 1834 0
1798 1776 1775 0
1776 1791 1769 0
1798 1797 1776 0
1777 1798 1775 0
1820 1797 1798 0
1820 1833 1814 0
1800 1779 1796 0
1821 1800 1819 0
1799 1779 1800 0
1777 1799 1798 0
1777 1778 1799 0
1812 1835 1813 0
1814 1812 1791 0
1814 1835 1812 0
1821 1843 1820 0
1863 1861 1881 0
1820 1843 1833 0
1841 1861 1843 0
1791 1801 1780 0
1801 1791 1813 0
1802 1801 1813 0
1802 1780 1801 0
1760 1759 1782 0
1759 1769 1780 0
1729 1749 1738 0
1717 1729 1719 0
1699 1717 1719 0
1697 1711 1717 0
1732 1733 1753 0
1711 1732 1729 0
1711 1715 1732 0
1769 1791 1780 0
1753 1769 1749 0
1776 1797 1791 0
1753 1776 1769 0
1753 1775 1776 0
1679 1678 1657 0
1635 1655 1642 0
1636 1635 1619 0
1657 1655 1635 0
1656 1657 1636 0
1677 1697 1676 0
1691 1677 1668 0
1691 1697 1677 0
1679 1698 1678 0
1668 1677 1676 0
1697 1717 1699 0
1676 1697 1679 0
1691 1711 1697 0
1675 1686 1662 0
1676 1679 1657 0
1698 1686 1678 0
1718 1698 1699 0
1719 1718 1699 0
1739 1726 1718 0
1686 1663 1662 0
1718 1706 1698 0
1704 1708 1688 0
1706 1705 1686 0
1725 1726 1746 0
1744 1725 1746 0
1705 1726 1725 0
1698 1706 1686 0
1724 1744 1728 0
1705 1724 1704 0
1684 1685 1704 0
1688 1684 1704 0
1666 1663 1684 0
1706 1726 1705 0
1705 1725 1724 0
1548 1568 1561 0
1590 1591 1589 0
1611 1590 1589 0
1611 1612 1590 0
1612 1609 1591 0
1632 1609 1612 0
1654 1632 1633 0
1654 1631 1632 0
1604 1583 1588 0
1733 1737 1755 0
1919 1940 1920 0
1902 1903 1883 0
1882 1901 1902 0
1862 1882 1881 0
1862 1880 1882 0
1923 1942 1943 0
1901 1922 1902 0
1921 1942 1922 0
1940 1921 1920 0
1922 1903 1902 0
1915 1914 1935 0
1894 1874 1883 0
1915 1895 1914 0
1876 1855 1856 0
1772 1794 1778 0
1770 1772 1756 0
1770 1793 1772 0
1734 1751 1756 0
1795 1792 1815 0
1793 1795 1816 0
1774 1792 1795 0
1863 1874 1854 0
1902 1883 1881 0
1903 1894 1883 0
1812 1813 1791 0
1836 1837 1818 0
1836 1857 1837 0
1987 1967 1985 0
2007 1987 1985 0
2009 1986 1987 0
1956 1977 1978 0
1933 1936 1953 0
1954 1955 1977 0
1953 1936 1956 0
1934 1935 1955 0
2119 2098 2102 0
2159 2138 2137 0
2118 2097 2098 0
2140 2118 2119 0
2140 2139 2118 0
1836 1818 1815 0
1786 1807 1785 0
1841 1842 1862 0
1854 1833 1843 0
1863 1854 1843 0
1861 1863 1843 0
1883 1874 1863 0
1874 1856 1854 0
1820 1798 1799 0
1754 1775 1753 0
1733 1754 1753 0
1733 1755 1754 0
1821 1799 1800 0
1799 1778 1779 0
1754 1777 1775 0
1755 1757 1777 0
1757 1756 1778 0
1786 1785 1763 0
1867 1855 1876 0
1886 1867 1887 0
1847 1855 1867 0
1866 1847 1867 0
1846 1825 1826 0
1823 1805 1825 0
1826 1813 1834 0
1887 1867 1876 0
1904 1886 1906 0
1866 1864 1846 0
1864 1884 1865 0
1846 1864 1844 0
1866 1884 1864 0
1847 1866 1846 0
1886 1884 1866 0
1904 1884 1886 0
1925 1904 1906 0
1925 1905 1904 0
1873 1893 1888 0
1872 1873 1853 0
1872 1892 1873 0
1885 1892 1872 0
1884 1885 1865 0
1905 1892 1885 0
1905 1912 1892 0
1823 1803 1805 0
1824 1823 1844 0
1824 1804 1823 0
1879 1859 1858 0
1901 1882 1900 0
1840 1842 1838 0
1860 1840 1838 0
1860 1862 1840 0
1741 1761 1762 0
1722 1741 1742 0
1740 1761 1741 0
1860 1880 1862 0
1839 1860 1838 0
1839 1859 1860 0
1878 1879 1858 0
1899 1900 1879 0
1814 1791 1797 0
1820 1814 1797 0
1833 1835 1814 0
1794 1779 1778 0
1793 1794 1772 0
1771 1793 1770 0
1816 1794 1793 0
1816 1839 1817 0
1796 1819 1800 0
1816 1817 1794 0
1838 1819 1817 0
1842 1841 1821 0
1721 1740 1741 0
1701 1721 1722 0
1700 1703 1720 0
1680 1700 1701 0
1683 1660 1681 0
1695 1674 1696 0
1816 1795 1818 0
1818 1795 1815 0
1859 1880 1860 0
1772 1778 1756 0
1796 1817 1819 0
1794 1796 1779 0
1794 1817 1796 0
1773 1774 1795 0
1838 1842 1819 0
1818 1839 1816 0
1859 1837 1858 0
1880 1859 1879 0
1839 1837 1859 0
1817 1839 1838 0
1818 1837 1839 0
1821 1841 1843 0
1799 1821 1820 0
1819 1842 1821 0
1723 1727 1743 0
1740 1723 1743 0
1720 1703 1723 0
1682 1703 1700 0
1723 1707 1727 0
1683 1702 1703 0
1687 1707 1702 0
1730 1734 1712 0
1731 1730 1710 0
1750 1734 1730 0
1752 1750 1731 0
1751 1734 1750 0
1771 1751 1750 0
1770 1756 1751 0
1771 1770 1751 0
1774 1771 1752 0
1773 1795 1793 0
1771 1773 1793 0
1771 1774 1773 0
1693 1672 1692 0
1712 1693 1692 0
1716 1736 1737 0
1695 1716 1715 0
1714 1736 1716 0
1696 1714 1716 0
1694 1713 1714 0
1712 1713 1693 0
1709 1712 1692 0
1689 1709 1692 0
1669 1689 1692 0
1669 1667 1689 0
1690 1710 1709 0
1734 1735 1712 0
1715 1733 1732 0
1696 1694 1714 0
1695 1696 1716 0
1674 1694 1696 0
1716 1737 1715 0
1735 1736 1714 0
1712 1735 1713 0
1734 1756 1735 0
1737 1733 1715 0
1757 1737 1736 0
1755 1777 1754 0
1757 1755 1737 0
1757 1778 1777 0
1749 1729 1732 0
1730 1712 1709 0
1756 1757 1735 0
1650 1629 1648 0
1669 1650 1648 0
1670 1672 1652 0
1806 1786 1784 0
1634 1644 1621 0
1624 1643 1620 0
1664 1644 1643 0
1646 1664 1643 0
1685 1705 1704 0
1686 1685 1663 0
1686 1705 1685 0
1684 1688 1666 0
1665 1644 1664 0
1688 1665 1664 0
1687 1681 1665 0
1665 1660 1644 0
1688 1687 1665 0
1666 1688 1664 0
1708 1687 1688 0
1663 1685 1684 0
1744 1748 1728 0
1720 1740 1721 0
1700 1720 1721 0
1703 1702 1723 0
1746 1767 1766 0
1723 1740 1720 0
1658 1682 1659 0
1752 1771 1750 0
1647 1631 1653 0
1656 1647 1668 0
1676 1656 1668 0
1676 1657 1656 0
1636 1625 1647 0
1552 1575 1576 0
1562 1552 1541 0
1562 1574 1552 0
1552 1574 1575 0
1563 1562 1542 0
1563 1584 1562 0
1584 1596 1574 0
1625 1613 1605 0
1597 1598 1575 0
1619 1597 1596 0
1619 1598 1597 0
1604 1610 1625 0
1694 1672 1693 0
1694 1671 1672 0
1673 1674 1695 0
1673 1654 1674 0
1654 1633 1651 0
1610 1609 1632 0
1625 1610 1631 0
1604 1609 1610 0
1611 1629 1630 0
1607 1626 1608 0
1585 1607 1587 0
1566 1585 1587 0
1565 1586 1585 0
1606 1627 1607 0
1627 1628 1648 0
1670 1669 1692 0
1680 1659 1682 0
1710 1730 1709 0
1731 1750 1730 0
1735 1757 1736 0
1638 1637 1658 0
1594 1592 1572 0
1549 1550 1572 0
1614 1637 1615 0
1593 1616 1594 0
1616 1637 1614 0
1594 1616 1614 0
1622 1639 1616 0
1690 1709 1689 0
1650 1670 1652 0
1649 1669 1648 0
1692 1672 1670 0
1532 1531 1553 0
1533 1532 1554 0
1511 1531 1532 0
1669 1649 1667 0
1690 1689 1667 0
1670 1650 1669 0
1626 1648 1629 0
1608 1626 1629 0
1607 1627 1626 0
1628 1649 1648 0
1593 1594 1573 0
1578 1555 1579 0
1601 1616 1593 0
1618 1598 1619 0
1635 1642 1619 0
1617 1595 1598 0
1641 1617 1618 0
1641 1623 1617 0
1662 1641 1642 0
1675 1662 1655 0
1657 1675 1655 0
1678 1686 1675 0
1663 1645 1662 0
1623 1602 1617 0
1603 1620 1599 0
1645 1624 1623 0
1646 1666 1664 0
1645 1646 1624 0
1645 1666 1646 0
1702 1707 1723 0
1708 1707 1687 0
1708 1727 1707 0
1594 1614 1592 0
1640 1661 1658 0
1639 1640 1616 0
1639 1661 1640 0
1644 1639 1622 0
1660 1661 1639 0
1638 1615 1637 0
1592 1614 1615 0
1634 1643 1644 0
1620 1634 1621 0
1620 1643 1634 0
1644 1660 1639 0
1606 1607 1586 0
1626 1627 1648 0
1533 1511 1532 0
1515 1495 1497 0
1516 1536 1515 0
1517 1516 1497 0
1517 1538 1516 0
1531 1511 1515 0
1515 1511 1495 0
1536 1553 1531 0
1518 1537 1538 0
1582 1599 1577 0
1533 1550 1529 0
1511 1533 1512 0
1554 1550 1533 0
1553 1554 1532 0
1553 1578 1554 0
1578 1579 1601 0
1554 1578 1571 0
1553 1555 1578 0
1620 1600 1599 0
1578 1593 1571 0
1621 1601 1600 0
1622 1616 1601 0
1594 1572 1573 0
1512 1492 1491 0
1510 1512 1533 0
1510 1490 1512 0
1621 1644 1622 0
1601 1621 1622 0
1600 1620 1621 0
1603 1624 1620 0
1582 1603 1599 0
1582 1602 1603 0
1643 1624 1646 0
1585 1586 1607 0
1581 1595 1602 0
1582 1580 1602 0
1557 1576 1581 0
1552 1576 1551 0
1598 1595 1576 0
1536 1531 1515 0
1538 1536 1516 0
1518 1538 1517 0
1558 1536 1538 0
1558 1555 1536 0
1555 1553 1536 0
1577 1555 1558 0
1579 1600 1601 0
1577 1579 1555 0
1577 1600 1579 0
1550 1549 1529 0
1571 1550 1554 0
1573 1572 1550 0
1571 1573 1550 0
1571 1593 1573 0
1475 1496 1474 0
1455 1475 1474 0
1455 1476 1475 0
1565 1566 1545 0
1586 1565 1564 0
1567 1589 1591 0
1568 1548 1567 0
1569 1568 1591 0
1569 1561 1568 0
1547 1566 1567 0
1557 1581 1580 0
1618 1617 1598 0
1570 1582 1559 0
1557 1580 1556 0
1581 1602 1580 0
1617 1602 1595 0
1623 1624 1602 0
1545 1564 1565 0
1533 1529 1510 0
1471 1470 1449 0
1482 1489 1468 0
1481 1482 1461 0
1503 1489 1482 0
1530 1535 1514 0
1541 1530 1520 0
1551 1535 1530 0
1482 1468 1461 0
1494 1489 1509 0
1494 1472 1489 0
1530 1514 1509 0
1493 1477 1494 0
1514 1513 1494 0
1559 1537 1556 0
1513 1493 1494 0
1518 1513 1534 0
1518 1498 1513 0
1582 1558 1559 0
1517 1496 1498 0
1593 1578 1601 0
1582 1577 1558 0
1599 1600 1577 0
1467 1473 1451 0
1476 1498 1475 0
1497 1473 1474 0
1516 1515 1497 0
1495 1473 1497 0
1450 1436 1429 0
1427 1447 1429 0
1472 1477 1456 0
1498 1496 1475 0
1513 1498 1493 0
1518 1517 1498 0
1454 1436 1456 0
1471 1492 1470 0
1469 1471 1449 0
1469 1491 1471 0
1472 1468 1489 0
1477 1472 1494 0
1456 1436 1450 0
1472 1456 1450 0
1477 1476 1456 0
18 5 19 0
42 20 18 0
67 44 42 0
45 67 43 0
69 93 67 0
23 22 21 0
44 23 21 0
47 73 46 0
44 47 23 0
68 71 47 0
42 44 20 0
43 42 19 0
43 67 42 0
45 69 67 0
47 44 68 0
7 21 22 0
20 44 21 0
18 20 6 0
18 19 42 0
6 21 7 0
93 68 67 0
70 95 69 0
94 98 71 0
116 94 93 0
116 117 94 0
118 116 95 0
119 118 96 0
119 143 118 0
117 121 98 0
7 22 10 0
118 95 96 0
170 145 169 0
141 143 167 0
119 144 143 0
46 25 22 0
101 97 120 0
77 101 103 0
74 49 73 0
77 74 101 0
77 76 74 0
76 52 74 0
51 28 52 0
50 51 75 0
50 26 51 0
11 8 24 0
73 47 71 0
101 73 97 0
46 22 23 0
6 20 21 0
95 70 96 0
93 95 116 0
93 69 95 0
44 67 68 0
45 70 69 0
94 71 68 0
120 97 98 0
120 125 101 0
176 201 178 0
176 177 201 0
127 152 153 0
171 177 176 0
147 171 146 0
198 197 221 0
177 198 202 0
172 197 198 0
147 172 171 0
147 142 166 0
202 201 177 0
102 75 76 0
226 249 248 0
246 228 222 0
227 246 222 0
200 224 222 0
248 250 227 0
250 268 246 0
203 201 225 0
178 201 203 0
200 175 178 0
224 200 203 0
222 199 200 0
153 176 178 0
150 127 153 0
150 124 127 0
175 150 153 0
148 124 150 0
136 135 111 0
173 162 149 0
161 135 136 0
122 124 148 0
122 104 124 0
126 103 125 0
104 126 127 0
104 102 126 0
202 223 225 0
251 246 268 0
253 233 231 0
224 203 226 0
248 224 226 0
227 222 224 0
248 227 224 0
204 199 222 0
171 151 146 0
249 270 248 0
101 74 73 0
102 77 103 0
52 27 49 0
74 52 49 0
76 51 52 0
102 76 77 0
75 51 76 0
49 48 73 0
27 48 49 0
46 23 47 0
48 46 73 0
48 25 46 0
25 10 22 0
27 24 48 0
9 10 25 0
145 143 144 0
169 145 144 0
168 191 167 0
170 168 145 0
170 192 168 0
121 117 142 0
120 98 121 0
125 120 146 0
125 103 101 0
117 116 141 0
142 117 141 0
98 94 117 0
146 120 121 0
94 68 93 0
97 71 98 0
97 73 71 0
141 118 143 0
220 219 243 0
263 244 243 0
192 191 168 0
220 214 196 0
214 239 215 0
24 25 48 0
11 24 27 0
9 25 24 0
220 196 219 0
58 84 81 0
228 204 222 0
298 275 297 0
255 260 277 0
253 275 276 0
111 87 89 0
137 123 149 0
162 137 149 0
136 112 137 0
88 112 89 0
88 72 100 0
135 133 110 0
135 159 133 0
136 162 161 0
112 136 111 0
112 123 137 0
161 159 135 0
187 186 211 0
162 187 161 0
173 181 187 0
174 173 149 0
181 186 187 0
199 181 173 0
199 204 181 0
185 159 161 0
210 185 211 0
184 160 185 0
130 109 133 0
272 294 275 0
268 272 251 0
268 291 272 0
285 286 264 0
24 8 9 0
28 12 11 0
1 8 11 0
28 11 27 0
52 28 27 0
51 26 28 0
14 12 26 0
14 2 12 0
263 264 244 0
280 265 287 0
244 238 220 0
280 257 265 0
259 238 257 0

SubDomainFromMesh
1
3 1 1 0

SubDomainFromGeom
1
2 190 1 0

VertexOnGeometricVertex
512
 1 1
 2 2
 3 3
 4 4
 5 5
 6 6
 7 7
 8 8
 9 9
 10 10
 13 11
 15 12
 17 13
 18 14
 19 15
 29 16
 30 17
 31 18
 33 19
 34 20
 35 21
 36 22
 41 23
 43 24
 45 25
 66 26
 70 27
 92 28
 96 29
 115 30
 119 31
 140 32
 144 33
 165 34
 169 35
 189 36
 195 37
 213 38
 219 39
 236 40
 243 41
 256 42
 263 43
 279 44
 285 45
 300 46
 306 47
 321 48
 328 49
 343 50
 350 51
 364 52
 370 53
 385 54
 390 55
 405 56
 411 57
 426 58
 431 59
 446 60
 452 61
 453 62
 475 63
 476 64
 497 65
 498 66
 519 67
 520 68
 539 69
 540 70
 560 71
 561 72
 581 73
 582 74
 602 75
 603 76
 623 77
 624 78
 643 79
 644 80
 664 81
 665 82
 686 83
 687 84
 706 85
 707 86
 726 87
 727 88
 748 89
 749 90
 769 91
 770 92
 790 93
 791 94
 810 95
 811 96
 830 97
 831 98
 853 99
 855 100
 873 101
 875 102
 895 103
 898 104
 916 105
 920 106
 936 107
 940 108
 956 109
 960 110
 977 111
 982 112
 997 113
 1003 114
 1018 115
 1024 116
 1032 117
 1041 118
 1054 119
 1061 120
 1074 121
 1082 122
 1095 123
 1102 124
 1115 125
 1122 126
 1135 127
 1142 128
 1156 129
 1164 130
 1177 131
 1185 132
 1197 133
 1206 134
 1217 135
 1226 136
 1237 137
 1246 138
 1257 139
 1264 140
 1277 141
 1282 142
 1298 143
 1303 144
 1317 145
 1326 146
 1339 147
 1344 148
 1359 149
 1366 150
 1381 151
 1387 152
 1401 153
 1409 154
 1422 155
 1428 156
 1442 157
 1448 158
 1462 159
 1470 160
 1483 161
 1490 162
 1504 163
 1510 164
 1524 165
 1529 166
 1544 167
 1549 168
 1564 169
 1572 170
 1586 171
 1592 172
 1606 173
 1615 174
 1627 175
 1628 176
 1638 177
 1649 178
 1659 179
 1667 180
 1680 181
 1690 182
 1701 183
 1710 184
 1722 185
 1731 186
 1742 187
 1752 188
 1763 189
 1774 190
 1785 191
 1792 192
 1807 193
 1815 194
 1828 195
 1836 196
 1850 197
 1857 198
 1870 199
 1877 200
 1890 201
 1897 202
 1910 203
 1917 204
 1924 205
 1937 206
 1944 207
 1958 208
 1966 209
 1975 210
 1986 211
 1995 212
 2008 213
 2016 214
 2029 215
 2037 216
 2047 217
 2057 218
 2067 219
 2077 220
 2088 221
 2099 222
 2109 223
 2120 224
 2129 225
 2141 226
 2151 227
 2163 228
 2172 229
 2185 230
 2193 231
 2206 232
 2214 233
 2227 234
 2236 235
 2247 236
 2256 237
 2267 238
 2276 239
 2288 240
 2298 241
 2310 242
 2319 243
 2331 244
 2340 245
 2351 246
 2360 247
 2371 248
 2381 249
 2392 250
 2402 251
 2412 252
 2424 253
 2435 254
 2444 255
 2457 256
 2467 257
 2477 258
 2488 259
 2492 260
 2509 261
 2512 262
 2529 263
 2532 264
 2550 265
 2552 266
 2572 267
 2573 268
 2593 269
 2594 270
 2614 271
 2615 272
 2636 273
 2637 274
 2657 275
 2658 276
 2677 277
 2678 278
 2697 279
 2698 280
 2717 281
 2718 282
 2737 283
 2738 284
 2757 285
 2759 286
 2777 287
 2779 288
 2798 289
 2800 290
 2818 291
 2820 292
 2838 293
 2841 294
 2847 295
 2860 296
 2868 297
 2881 298
 2890 299
 2901 300
 2911 301
 2923 302
 2933 303
 2946 304
 2956 305
 2967 306
 2978 307
 2990 308
 3000 309
 3010 310
 3021 311
 3034 312
 3043 313
 3054 314
 3063 315
 3074 316
 3083 317
 3095 318
 3104 319
 3117 320
 3126 321
 3139 322
 3148 323
 3160 324
 3168 325
 3180 326
 3188 327
 3201 328
 3209 329
 3222 330
 3229 331
 3244 332
 3250 333
 3266 334
 3272 335
 3290 336
 3296 337
 3313 338
 3320 339
 3339 340
 3345 341
 3364 342
 3367 343
 3388 344
 3391 345
 3416 346
 3419 347
 3440 348
 3443 349
 3459 350
 3462 351
 3464 352
 3466 353
 3467 354
 3481 355
 3483 356
 3485 357
 3488 358
 3489 359
 3490 360
 3491 361
 3496 362
 3503 363
 3506 364
 3508 365
 3509 366
 3510 367
 3514 368
 3517 369
 3525 370
 3526 371
 3528 372
 3529 373
 3533 374
 3536 375
 3545 376
 3546 377
 3547 378
 3548 379
 3554 380
 3556 381
 3565 382
 3566 383
 3567 384
 3568 385
 3574 386
 3576 387
 3583 388
 3584 389
 3585 390
 3586 391
 3593 392
 3594 393
 3601 394
 3602 395
 3603 396
 3604 397
 3611 398
 3612 399
 3619 400
 3620 401
 3621 402
 3622 403
 3629 404
 3631 405
 3638 406
 3639 407
 3640 408
 3641 409
 3648 410
 3650 411
 3657 412
 3658 413
 3659 414
 3660 415
 3661 416
 3668 417
 3671 418
 3677 419
 3678 420
 3679 421
 3680 422
 3687 423
 3689 424
 3695 425
 3696 426
 3697 427
 3698 428
 3705 429
 3707 430
 3713 431
 3714 432
 3715 433
 3716 434
 3717 435
 3724 436
 3727 437
 3733 438
 3734 439
 3735 440
 3736 441
 3743 442
 3744 443
 3752 444
 3753 445
 3754 446
 3755 447
 3756 448
 3757 449
 3764 450
 3765 451
 3775 452
 3776 453
 3777 454
 3778 455
 3786 456
 3789 457
 3795 458
 3796 459
 3797 460
 3798 461
 3799 462
 3804 463
 3807 464
 3811 465
 3817 466
 3818 467
 3819 468
 3825 469
 3828 470
 3831 471
 3837 472
 3838 473
 3839 474
 3840 475
 3847 476
 3850 477
 3853 478
 3858 479
 3859 480
 3860 481
 3861 482
 3869 483
 3870 484
 3872 485
 3875 486
 3879 487
 3880 488
 3889 489
 3890 490
 3892 491
 3896 492
 3906 493
 3907 494
 3909 495
 3913 496
 3915 497
 3916 498
 3917 499
 3918 500
 3919 501
 3920 502
 3921 503
 3922 504
 3923 505
 3924 506
 3925 507
 3928 508
 3929 509
 3930 510
 3931 511
 3932 512

VertexOnGeometricEdge
0

EdgeOnGeometricEdge
512
1 1
2 2
3 3
4 4
5 5
6 6
7 7
8 8
9 9
10 10
11 11
12 12
13 13
14 14
15 15
16 16
17 17
18 18
19 19
20 20
21 21
22 22
23 23
24 24
25 25
26 26
27 27
28 28
29 29
30 30
31 31
32 32
33 33
34 34
35 35
36 36
37 37
38 38
39 39
40 40
41 41
42 42
43 43
44 44
45 45
46 46
47 47
48 48
49 49
50 50
51 51
52 52
53 53
54 54
55 55
56 56
57 57
58 58
59 59
60 60
61 61
62 62
63 63
64 64
65 65
66 66
67 67
68 68
69 69
70 70
71 71
72 72
73 73
74 74
75 75
76 76
77 77
78 78
79 79
80 80
81 81
82 82
83 83
84 84
85 85
86 86
87 87
88 88
89 89
90 90
91 91
92 92
93 93
94 94
95 95
96 96
97 97
98 98
99 99
100 100
101 101
102 102
103 103
104 104
105 105
106 106
107 107
108 108
109 109
110 110
111 111
112 112
113 113
114 114
115 115
116 116
117 117
118 118
119 119
120 120
121 121
122 122
123 123
124 124
125 125
126 126
127 127
128 128
129 129
130 130
131 131
132 132
133 133
134 134
135 135
136 136
137 137
138 138
139 139
140 140
141 141
142 142
143 143
144 144
145 145
146 146
147 147
148 148
149 149
150 150
151 151
152 152
153 153
154 154
155 155
156 156
157 157
158 158
159 159
160 160
161 161
162 162
163 163
164 164
165 165
166 166
167 167
168 168
169 169
170 170
171 171
172 172
173 173
174 174
175 175
176 176
177 177
178 178
179 179
180 180
181 181
182 182
183 183
184 184
185 185
186 186
187 187
188 188
189 189
190 190
191 191
192 192
193 193
194 194
195 195
196 196
197 197
198 198
199 199
200 200
201 201
202 202
203 203
204 204
205 205
206 206
207 207
208 208
209 209
210 210
211 211
212 212
213 213
214 214
215 215
216 216
217 217
218 218
219 219
220 220
221 221
222 222
223 223
224 224
225 225
226 226
227 227
228 228
229 229
230 230
231 231
232 232
233 233
234 234
235 235
236 236
237 237
238 238
239 239
240 240
241 241
242 242
243 243
244 244
245 245
246 246
247 247
248 248
249 249
250 250
251 251
252 252
253 253
254 254
255 255
256 256
257 257
258 258
259 259
260 260
261 261
262 262
263 263
264 264
265 265
266 266
267 267
268 268
269 269
270 270
271 271
272 272
273 273
274 274
275 275
276 276
277 277
278 278
279 279
280 280
281 281
282 282
283 283
284 284
285 285
286 286
287 287
288 288
289 289
290 290
291 291
292 292
293 293
294 294
295 295
296 296
297 297
298 298
299 299
300 300
301 301
302 302
303 303
304 304
305 305
306 306
307 307
308 308
309 309
310 310
311 311
312 312
313 313
314 314
315 315
316 316
317 317
318 318
319 319
320 320
321 321
322 322
323 323
324 324
325 325
326 326
327 327
328 328
329 329
330 330
331 331
332 332
333 333
334 334
335 335
336 336
337 337
338 338
339 339
340 340
341 341
342 342
343 343
344 344
345 345
346 346
347 347
348 348
349 349
350 350
351 351
352 352
353 353
354 354
355 355
356 356
357 357
358 358
359 359
360 360
361 361
362 362
363 363
364 364
365 365
366 366
367 367
368 368
369 369
370 370
371 371
372 372
373 373
374 374
375 375
376 376
377 377
378 378
379 379
380 380
381 381
382 382
383 383
384 384
385 385
386 386
387 387
388 388
389 389
390 390
391 391
392 392
393 393
394 394
395 395
396 396
397 397
398 398
399 399
400 400
401 401
402 402
403 403
404 404
405 405
406 406
407 407
408 408
409 409
410 410
411 411
412 412
413 413
414 414
415 415
416 416
417 417
418 418
419 419
420 420
421 421
422 422
423 423
424 424
425 425
426 426
427 427
428 428
429 429
430 430
431 431
432 432
433 433
434 434
435 435
436 436
437 437
438 438
439 439
440 440
441 441
442 442
443 443
444 444
445 445
446 446
447 447
448 448
449 449
450 450
451 451
452 452
453 453
454 454
455 455
456 456
457 457
458 458
459 459
460 460
461 461
462 462
463 463
464 464
465 465
466 466
467 467
468 468
469 469
470 470
471 471
472 472
473 473
474 474
475 475
476 476
477 477
478 478
479 479
480 480
481 481
482 482
483 483
484 484
485 485
486 486
487 487
488 488
489 489
490 490
491 491
492 492
493 493
494 494
495 495
496 496
497 497
498 498
499 499
500 500
501 501
502 502
503 503
504 504
505 505
506 506
507 507
508 508
509 509
510 510
511 511
512 512

End
