MeshVersionFormatted 1

Dimension
2

Identifier
";10, Date: 26/03/20 10:40 25s"

Geometry
"Maillage.mesh.gmsh"

Vertices
1624
0 0.00213010166671 22
0 0.00249857004606 22
0 0.00177511830359 22
9.35815910197e-05 0.00199330769164 0
0.000112507762202 0.00233998763039 0
0 0.00286703366316 22
0.000144463573603 0.00267504881449 0
0 0.00142506176533 22
5.60015887263e-05 0.00155005291467 0
0.000108610709499 0.0016592829713 0
0.000222106880522 0.00214731847754 0
0.000200238677978 0.00182227666135 0
0.000291829539344 0.00244859560849 0
0 0.00323495748983 22
0.000172816698512 0.0030144482961 0
0 0 0
0 0.0036 0
0 0.000335263404473 22
0 0.000694119910994 22
0 0.00106117193529 22
0.000362994326062 0.00277999020167 0
0.000113721652905 0.00128902097802 0
0.000222460715593 0.00146489596411 0
0.000500185524491 0.00220496215426 0
0.000357781685416 0.00198088690012 0
0.000355704609621 0.00167403155161 0
0.000570881130473 0.00257448521036 0
0.000258012254985 0.00333579816999 0
0.000423076439959 0.00306803906265 0
9.65312630634e-05 0.000243242952945 0
0.000190828648377 0 1
0.000351016668985 0.0036 21
0.000108771990588 0.000582888921954 0
0.000122835081771 0.000945259678625 0
0.000717550415305 0.00294186419512 0
0.000302384866702 0.00113658618252 0
0.000466334107695 0.00143371551627 0
0.000784550003832 0.00232051988505 0
0.000821377374288 0.00199849795756 0
0.000583899650597 0.00180786317128 0
0.000902443418158 0.00262372911071 0
0.000622283228612 0.00330455678614 0
0.000219039016269 0.000410992345372 0
0.000364683598605 0.000258426115629 0
0.00050356989841 0 1
0.000710051216226 0.0036 21
0.000251203033644 0.000762664715905 0
0.00105884421952 0.00293924673426 0
0.00100966475807 0.00326113772958 0
0.000509288744147 0.000889220801772 0
0.000647574233954 0.00120444141492 0
0.000805971973355 0.00156194063735 0
0.0011049390188 0.00227279716676 0
0.00108420974304 0.00186158864159 0
0.00122025201659 0.00264326116506 0
0.00045608064824 0.000566131093251 0
0.000675140549968 0.00030024806912 0
0.000864844482468 0 1
0.00106917047647 0.0036 21
0.00137081491293 0.00202243564404 0
0.00140144626428 0.00300828370516 0
0.00141593979023 0.00334135686845 0
0.000854457334397 0.000921913391143 0
0.000788111807441 0.000619282137017 0
0.00102530348732 0.00118336837025 0
0.00110616453097 0.00151480963543 0
0.00144821166525 0.00235888616219 0
0.00138214409107 0.00167150980055 0
0.00152281304203 0.00266827817171 0
0.00102923722685 0.000341985810823 0
0.00122611906652 0 1
0.00142828973672 0.0036 21
0.00165076424464 0.00180194259779 0
0.00168859626883 0.00214762613333 0
0.0019118308136 0.00193362081094 0
0.0022031369288 0.00190773491681 0
0.00177922950575 0.00286215796173 0
0.00177854332952 0.00320788543275 0
0.00178740899696 0.0036 21
0.00117144986107 0.000719727373304 0
0.00132409678063 0.0010515564285 0
0.00139132725283 0.00133628301356 0
0.00181682022616 0.00248779185613 0
0.00170041855669 0.00147105403315 0
0.00137447101402 0.000335836184867 0
0.00158739365058 0 1
0.00197689456948 0.00163691377569 0
0.00202389667041 0.00221895421028 0
0.00251425337367 0.00188938005603 0
0.002301041292 0.00159129122836 0
0.00235658695869 0.00218611403601 0
0.00150472724078 0.000856766128155 0
0.00215014439375 0.00301979219451 0
0.00209854204809 0.00273214717426 0
0.00214336878652 0.00334469559912 0
0.0021465282572 0.0036 21
0.00159070928184 0.00058341050655 0
0.00172468729249 0.00114180318734 0
0.0022069240198 0.00248680100564 0
0.00205151698095 0.00131696499257 0
0.00176756643791 0.000306583670696 0
0.00194866823464 0 1
0.00263404899529 0.00160674633496 0
0.00285086010689 0.00190248550217 0
0.0026864945499 0.00217655605417 0
0.00243253349727 0.00128151721868 0
0.00250521484033 0.00247135316547 0
0.00182562270739 0.000845961667416 0
0.00249622465138 0.0031957809165 0
0.00250441272197 0.0027962569732 0
0.00250564751745 0.0036 21
0.00200694824995 0.000605507982624 0
0.00213730553019 0.000972353797287 0
0.00213979029309 0.000310387258277 0
0.0023099428187 0 1
0.00299720932113 0.0016551115916 0
0.00283782020012 0.00139661432487 0
0.00303439182556 0.00217132334704 0
0.0032367175081 0.00188601485938 0
0.00279012777641 0.00247677478401 0
0.00273499870251 0.00109411368013 0
0.0024610597961 0.000936655782288 0
0.00283700616896 0.00302976355547 0
0.00285738504213 0.00334551938599 0
0.00292606059553 0.0027325882848 0
0.00286476677769 0.0036 21
0.00240454003418 0.000609592126395 0
0.00248207013336 0.000288937809311 0
0.00267121740275 0 1
0.0032651778131 0.00148403221898 0
0.00305623290196 0.00120163499503 0
0.00311589423199 0.00245758823368 0
0.00338901189748 0.00228329148533 0
0.00357787039798 0.00169356382493 0
0.00353532720036 0.00199869617793 0
0.00306459998831 0.000917213491691 0
0.00276579715877 0.000742007901844 0
0.00319318709405 0.00293730511867 0
0.00322004523337 0.00323234456073 0
0.00322388603794 0.0036 21
0.00333022030027 0.00266973712441 0
0.00281705715606 0.000365001738336 0
0.00303249198681 0 1
0.00338017861727 0.0011593165932 0
0.00366602540875 0.00137090096449 0
0.00362860565682 0.0026060482858 0
0.00374026155873 0.00226136483189 0
0.00395976119047 0.00166636465304 0
0.00388053680114 0.00195550370596 0
0.00310499704432 0.000590343505888 0
0.00336895298342 0.000836855331828 0
0.00358300529818 0.0036 21
0.00393149132122 0.0025181548722 0
0.00357291027645 0.00299372540215 0
0.00359116969604 0.00333760069424 0
0.00324032010121 0.000296570936301 0
0.00339376657087 0 1
0.00367585092094 0.000947017809049 0
0.00392672382494 0.00115373386325 0
0.00405536658094 0.00139628515156 0
0.00391550093621 0.00285861554319 0
0.00411268676153 0.00222869597496 0
0.00429153583251 0.00191677052229 0
0.00433562216996 0.00154671793199 0
0.00348635226184 0.000576072496359 0
0.00394212455843 0.0036 21
0.00422696694245 0.00258893718079 0
0.00397856289182 0.00324877235432 0
0.00364278658597 0.000291301098494 0
0.00375504115493 0 1
0.0040557024602 0.000876546178396 0
0.00383169783625 0.000605432171647 0
0.00431694227555 0.00114906943023 0
0.00422824462582 0.00299719696782 0
0.00447640734548 0.00228557593841 0
0.00467730310762 0.00204649012416 0
0.00464505889847 0.00171453491986 0
0.00464216648017 0.00135153192602 0
0.00430124381867 0.0036 21
0.00442832192891 0.00279921596675 0
0.00461046372404 0.00257673139444 0
0.00441468313945 0.00329032231645 0
0.00403461575843 0.000289976195043 0
0.00411631573898 0 1
0.00418109531045 0.000558232196961 0
0.00440115326049 0.000766112676827 0
0.00466670095349 0.000984713373035 0
0.00463652507383 0.00299717433098 0
0.00492905788408 0.0023846549144 0
0.00497834271195 0.00211556028163 0
0.00500426402183 0.00183231099314 0
0.00498510738692 0.00153005622692 0
0.00495406163324 0.00118504264123 0
0.00466036307892 0.0036 21
0.00486284391387 0.00273510487842 0
0.00447759032304 0 1
0.00481644159989 0.00330028997184 0
0.00448028289884 0.000322016194289 0
0.00470458065447 0.000615744669068 0
0.00501068239997 0.000793670506931 0
0.00502135404503 0.00302337973014 0
0.00527857676988 0.00209843257344 0
0.00518004227853 0.00270879362921 0
0.00532902032556 0.00244329149818 0
0.00536839503396 0.00173060386752 0
0.00529778927607 0.0013924952661 0
0.00523667832625 0.00107207727375 0
0.00501948233916 0.0036 21
0.0048388649071 0 1
0.0052127660467 0.00330223880574 0
0.00495983621861 0.000354293615868 0
0.00543119204466 0.000847585421475 0
0.00525531306889 0.000566911240838 0
0.00540385626713 0.00300451383999 0
0.00558362166671 0.00229178699375 0
0.00564329393408 0.00198427933638 0
0.00554075716928 0.00270925918167 0
0.00577374255899 0.00175175800356 0
0.00565940823015 0.00148245263779 0
0.00557986797266 0.00116875791594 0
0.00537860159941 0.0036 21
0.00520013949115 0 1
0.00560249281483 0.00327981164714 0
0.00540639901977 0.00029753665674 0
0.00564195850674 0.000594507177706 0
0.00582091931108 0.000919024703173 0
0.00581395762231 0.00294293356515 0
0.0058996433908 0.00221289112595 0
0.00581509730355 0.00253407938653 0
0.00607511329587 0.00194888063247 0
0.00603667641163 0.00158004960922 0
0.00594592606109 0.00124769804334 0
0.00573772085965 0.0036 21
0.00556141407521 0 1
0.0060766752297 0.00267624031313 0
0.00635577065134 0.00171236947783 0
0.00597793129913 0.00327411551014 0
0.00581670508819 0.000313031456139 0
0.00602655423736 0.000639412816032 0
0.00622301510217 0.000983942232161 0
0.0062114944219 0.00297530221469 0
0.00620205910711 0.00233235372321 0
0.00644897185347 0.00204199865803 0
0.00629409387005 0.00135033753906 0
0.00609684011989 0.0036 21
0.00592268865927 0 1
0.00640735284838 0.00264218789804 0
0.0066155282324 0.00150662906153 0
0.00671039958098 0.00181963966852 0
0.00636484719785 0.00328144815039 0
0.00620693679837 0.00031756542144 0
0.00639573940951 0.000630458481446 0
0.00658494881256 0.00118001868106 0
0.00658906267782 0.000901322717219 0
0.00659277720494 0.00295917331134 0
0.00659915691317 0.00233729174605 0
0.00686233117158 0.00209985525425 0
0.00645595938014 0.0036 21
0.00628396324333 0 1
0.00674293772255 0.0026468154691 0
0.00688856446884 0.00131254338181 0
0.00694419300473 0.00159985236376 0
0.00710087201471 0.00182427715352 0
0.00675143309622 0.00325572966639 0
0.00662064675571 0.000300819615584 0
0.00677783643166 0.000655383265894 0
0.00695712600804 0.00103026640095 0
0.00699494697194 0.00287286518258 0
0.00697939821604 0.00242779658401 0
0.0072496945948 0.00214022444728 0
0.00681507864038 0.0036 21
0.00664523782738 0 1
0.00720896878841 0.00139530209944 0
0.007396040378 0.0017325160916 0
0.00711997969748 0.00325320804159 0
0.00700651241144 0 1
0.00700369004934 0.000387101105537 0
0.00710229601822 0.000744234767696 0
0.00735629934432 0.00102143533164 0
0.00736774444238 0.0029451339502 0
0.00728012928355 0.00255515194487 0
0.00759319676245 0.00199438448847 0
0.00756359268222 0.00230291771916 0
0.00717419790063 0.0036 21
0.00754580637543 0.00139406063906 0
0.00774869118842 0.001712015125 0
0.00753331716087 0.0036 21
0.00753380159207 0.0033072818935 0
0.00730909801137 0.000273399214362 0
0.0073677869955 0 1
0.00736341066694 0.0005942729529 0
0.00771866914708 0.0010999183021 0
0.00763275689294 0.000748338126494 0
0.00774085296518 0.00299675136061 0
0.00761070951981 0.00265912699455 0
0.00791633958713 0.00207150453647 0
0.00785835058217 0.00240229981744 0
0.00790446150578 0.00139636776379 0
0.00806732632297 0.00170169366848 0
0.00789243642112 0.0036 21
0.00795250943263 0.00330423568492 0
0.00766425817123 0.000341163823204 0
0.00772906157956 0 1
0.00794937863514 0.000854923132265 0
0.00809891585619 0.00109406935506 0
0.00793008453809 0.000558303005802 0
0.00796867978668 0.00269801799011 0
0.00810576133083 0.00301090038112 0
0.00821209406463 0.00198799908988 0
0.00819237588374 0.00235450375606 0
0.00826023988932 0.0013923924378 0
0.00840940415053 0.00170651514921 0
0.00825155568136 0.0036 21
0.00833914752141 0.00331337242433 0
0.00809893723082 0.000290573038444 0
0.00809033616361 0 1
0.00826081559313 0.000689849475965 0
0.00841299599475 0.00104611680975 0
0.00830864892664 0.00269975643703 0
0.00843108514616 0.00302139000209 0
0.00848585458981 0.00209389230337 0
0.00855201344815 0.00243965747615 0
0.00860379522901 0.0013870163641 0
0.00870410053215 0.00179539073975 0
0.00861067494161 0.0036 21
0.00871108243594 0.00323316896701 0
0.00848391230509 0.000343865457024 0
0.00845161074767 0 1
0.00862255324158 0.000704257247957 0
0.00870813149078 0.00100964660969 0
0.00864987696923 0.00281630623267 0
0.00883584302145 0.00216704542994 0
0.00887178548782 0.00256290222731 0
0.00890522274996 0.00117782343333 0
0.00891138768578 0.0015106625829 0
0.00902523868437 0.00185195929183 0
0.00896979420185 0.0036 21
0.00880657674471 0.000417328832643 0
0.00897390624447 0.00291910734522 0
0.00902331564503 0.00322928617269 0
0.00881288533173 0 1
0.00902154303684 0.000797925776512 0
0.00924649507617 0.00209529439895 0
0.00910843294588 0.00236646061518 0
0.0092322178791 0.00267392974028 0
0.00917658342586 0.0012105097883 0
0.00920837180626 0.00155194861257 0
0.00938254451711 0.00179673429196 0
0.0093289134621 0.0036 21
0.00926854817639 0.00333085324483 0
0.00908499613409 0.000375884510584 0
0.00936284939019 0.00299883900925 0
0.00917415991578 0 1
0.00938684620247 0.000986777344826 0
0.00936653042588 0.000615123314461 0
0.00964219412265 0.00206651960467 0
0.00945596409265 0.00237827213892 0
0.00959935151348 0.00269756788256 0
0.00949395990273 0.00138794383356 0
0.00965292441371 0.00171180441049 0
0.00968803272234 0.0036 21
0.00958891190504 0.00328592532245 0
0.00939579357796 0.000279922336189 0
0.00977876861737 0.0029858612345 0
0.00953543449984 0 1
0.00966034304486 0.000759286439073 0
0.00973164384603 0.00110514207095 0
0.00972429724082 0.000395482388434 0
0.00981194589575 0.00239750292997 0
0.0100229770856 0.00213161233371 0
0.00993449176207 0.00181863034357 0
0.00998939806034 0.00269808015389 0
0.00984882493068 0.00145778296654 0
0.0099480256088 0.00328521432373 0
0.0100471519826 0.0036 21
0.0101864545638 0.00298532173237 0
0.0098967090839 0 1
0.00998661521096 0.000783087646995 0
0.0100686465792 0.00119990749242 0
0.010065867611 0.00036799284419 0
0.010201239695 0.00241466182061 0
0.0104081366607 0.00212307443659 0
0.0102602904613 0.00187695208149 0
0.0101869097282 0.00157059488132 0
0.0103811831136 0.00270053117996 0
0.0103129820609 0.00328332037944 0
0.0104062712428 0.0036 21
0.0106138259356 0.00299899908687 0
0.010257983668 0 1
0.0103230670003 0.000637740556458 0
0.0103347487197 0.00100004834766 0
0.0104184886502 0.00137358794071 0
0.010385932786 0.000281046486614 0
0.0105876801289 0.00238757570917 0
0.0105685729702 0.00175514442865 0
0.0107598645687 0.00206677971252 0
0.0107222427646 0.00267108577772 0
0.0106486087526 0.00331756164295 0
0.0107653905031 0.0036 21
0.0109876917779 0.00282580161021 0
0.010980400919 0.00322490088027 0
0.010619258252 0 1
0.0106369524216 0.000447096951219 0
0.0106456725316 0.000822397346239 0
0.0106892231536 0.00117517210792 0
0.0107578871176 0.00150801049518 0
0.0109692944087 0.00242626233805 0
0.0110171959748 0.00175473100772 0
0.0110688876551 0.00209156170796 0
0.0111245097633 0.0036 21
0.0112720512206 0.0029629585579 0
0.0113182263328 0.00261306983006 0
0.0113700158334 0.00325464939306 0
0.0109805328361 0 1
0.0108892585591 0.000283619627159 0
0.0109499138439 0.000640655034028 0
0.010992998342 0.00100126743349 0
0.011052706321 0.00136424304273 0
0.0113061304924 0.00230383565 0
0.0113881135772 0.00196464470177 0
0.0113814423615 0.0015719902847 0
0.0114836290236 0.0036 21
0.0115903092848 0.00283455389162 0
0.0116269129421 0.00233044415889 0
0.0117092022831 0.00325535203768 0
0.0112137902312 0.000382227940676 0
0.0113418074201 0 1
0.0112890873938 0.000787133739392 0
0.011350719911 0.00116515108371 0
0.0117101745955 0.00183618477246 0
0.0116877597574 0.00136767889077 0
0.0118427482838 0.0036 21
0.0118846216508 0.00258357819656 0
0.0118832343222 0.00296516684764 0
0.0119877765925 0.00154161427191 0
0.0119631287949 0.00219645011237 0
0.0120856852236 0.00324817297513 0
0.0115196328126 0.000267015996049 0
0.011569232393 0.000586620945377 0
0.0117030820042 0 1
0.0116513292827 0.000959076327085 0
0.0120492203002 0.00189778790513 0
0.0120095955558 0.00111891033871 0
0.0122018675441 0.0036 21
0.0121391604458 0.00282830922384 0
0.012215913357 0.00244523488438 0
0.0123129599935 0.00176635789603 0
0.0122973289417 0.0014075768084 0
0.0123735737232 0.00212665518108 0
0.0124457039526 0.00332528085849 0
0.0123897272843 0.00301291414986 0
0.0118587491389 0.000326724579881 0
0.011918706064 0.000689980699569 0
0.0120643565882 0 1
0.0122131973863 0.000790942239959 0
0.0123982400059 0.00111261518755 0
0.0125609868043 0.0036 21
0.0124189060174 0.0026866869405 0
0.0125882361314 0.00242799434641 0
0.012584073393 0.00162265130301 0
0.0126621745963 0.00191042649851 0
0.0126768978846 0.0013560916586 0
0.0127967119691 0.00220904966384 0
0.0126954416306 0.00307660075423 0
0.0128311248899 0.00331441642346 0
0.012709418004 0.00277580348362 0
0.0122111074507 0.000363952358109 0
0.0124256311723 0 1
0.0125511920208 0.000842153408725 0
0.0124532145225 0.000559058418527 0
0.0127784846054 0.00104071050636 0
0.0129201060645 0.0036 21
0.0129425006568 0.00253855311523 0
0.0129491841969 0.00165467806734 0
0.0130057205787 0.00196287480133 0
0.0130162990495 0.0013362314259 0
0.0131897417894 0.00224115133802 0
0.0130228195135 0.0029455636749 0
0.0131773377628 0.00327813108411 0
0.0126225426256 0.000295319010533 0
0.0127869057564 0 1
0.0127968885885 0.000613815659707 0
0.0130161405882 0.000808197861489 0
0.0131170982767 0.00105019742759 0
0.0132792253248 0.0036 21
0.0132452018528 0.00265264468356 0
0.0133131799637 0.00186237672971 0
0.0133042191782 0.00153768844154 0
0.0133537601861 0.00118193489299 0
0.0134474595276 0.00240216404344 0
0.0135869769654 0.00137642173475 0
0.0135864757958 0.00207470296392 0
0.0134034539168 0.00297630605244 0
0.0135474953135 0.00327951606046 0
0.0130013670685 0.000295403555994 0
0.0131481803404 0 1
0.0131649320494 0.000547942981381 0
0.0133765318738 0.000789793453043 0
0.013638344585 0.0036 21
0.0136107123082 0.00270305496554 0
0.0136699469147 0.00168036914241 0
0.0136395188702 0.00101964720484 0
0.0137473253441 0.00239790856388 0
0.0138708223959 0.00130973330041 0
0.0139119062046 0.0018818222458 0
0.0139544019738 0.00220309765922 0
0.0138143693959 0.00296604636684 0
0.0139051222648 0.00327125758798 0
0.0134259153273 0.00034941426816 0
0.0135094549245 0 1
0.0136865093403 0.000634013869071 0
0.0139974638453 0.0036 21
0.0139770181651 0.00262764684897 0
0.0140858356276 0.00158103385017 0
0.0139407300844 0.00091550775807 0
0.0141682587654 0.00117248745027 0
0.0138707295085 0 1
0.014243069582 0.0019825467468 0
0.014231062944 0.00235650247675 0
0.0142250125336 0.00297989287289 0
0.0142160392968 0.00330594218866 0
0.0138612990539 0.00027954271326 0
0.014020938247 0.000557043030119 0
0.0143565831055 0.0036 21
0.0142847242571 0.00268094796361 0
0.0144370530826 0.00139349856921 0
0.0143955393387 0.00170989346924 0
0.0142547936754 0.000750761430429 0
0.0144344985306 0.000989097573677 0
0.0142320040926 0 1
0.014515758187 0.00225962862181 0
0.0146094163919 0.00198669938529 0
0.0145452158708 0.0025878946073 0
0.0146409456702 0.00294936696773 0
0.0145356192687 0.00326848102519 0
0.0143311906201 0.000342457806893 0
0.0147157023658 0.0036 21
0.0146633558762 0.00117150392735 0
0.0147131766612 0.00167536263256 0
0.0148314101798 0.00139688368987 0
0.0145851572746 0.00061605037893 0
0.0147475362479 0.00086753965282 0
0.0145932786766 0 1
0.014832111682 0.0026692183745 0
0.0148450225068 0.00231249178636 0
0.0149321975049 0.00197265576857 0
0.0149074730005 0.00326857111749 0
0.0150355644118 0.00294503154515 0
0.0147829424042 0.000332665099371 0
0.015074821626 0.0036 21
0.0149927188076 0.00106522415093 0
0.0150624188516 0.001645333774 0
0.0151785265732 0.00134560580995 0
0.0150098326206 0.000671147646451 0
0.0149545532607 0 1
0.0151107214987 0.00256263986465 0
0.0152236143324 0.00220409690067 0
0.0152451401323 0.00188809517204 0
0.015307640056 0.00322637767619 0
0.0153569399338 0.00283044386445 0
0.0152000434343 0.000320693202223 0
0.0154339408863 0.0036 21
0.0153168833244 0.000966593986938 0
0.0154442346211 0.0016329736266 0
0.0154683753433 0.00131319558348 0
0.0153670750713 0.000597064767841 0
0.0153158278448 0 1
0.0153904322688 0.00247140556306 0
0.0156771024288 0 1
0.027 0 0
0.0156279504925 0.00225996343168 0
0.0155436866743 0.00198249011314 0
0.0156605557005 0.00296879400661 0
0.0156878777498 0.00327666158155 0
0.0156495794446 0.00260926209448 0
0.0156798106895 0.000322719986897 0
0.0157930601465 0.0036 21
0.0156437678096 0.000722983184854 0
0.0156619723741 0.00108672098378 0
0.0157793499514 0.00144888864816 0
0.0157614824871 0.0017693232898 0
0.0160383770129 0 1
0.027 0.00036 0
0.0269484380656 0.000194218273162 0
0.026813523432 0.000202482638115 0
0.0267174505921 0 2
0.027 0.0036 0
0.015919874013 0.00272800641188 0
0.0159450763922 0.00239743470175 0
0.0159371384008 0.00205601182102 0
0.0160629244987 0.00300162211899 0
0.0160091778055 0.0033200945136 0
0.0160058908253 0.000577834203027 0
0.0161730726881 0.00030441412434 0
0.0161521794067 0.0036 21
0.0159149473972 0.000877605895603 0
0.0160018359309 0.00115962237085 0
0.0160591169617 0.00172270460834 0
0.0161099067566 0.00142508679631 0
0.0163996515969 0 1
0.0267810093519 0.00036 4
0.0266225019799 0.000179731898074 0
0.026376850134 0 2
0.0267234989844 0.0036 20
0.0268187992773 0.00339962263226 0
0.0269413972789 0.00339121293459 0
0.027 0.00324 0
0.0162244939093 0.00263738584291 0
0.0264450091732 0.000176747174352 0
0.0162554864511 0.0022644049273 0
0.0162946641377 0.00193210612694 0
0.0164862111784 0.00288834508452 0
0.0163415279826 0.00325189373758 0
0.0162501907501 0.000884225444814 0
0.0164206359918 0.000605138238584 0
0.016606811643 0.000314476889508 0
0.016511298667 0.0036 21
0.0163591837622 0.00120243383021 0
0.0163726365795 0.00158021479129 0
0.016760926181 0 1
0.0264923362154 0.00036 4
0.0260328688673 0 2
0.0262615404761 0.000185847582408 0
0.0266379802668 0.00342159161254 0
0.0263830445133 0.0036 20
0.0267858871666 0.00324 18
0.0165254518274 0.00248211251134 0
0.0264534454532 0.00342234248451 0
0.0260838040499 0.000176076384664 0
0.0165820009123 0.00210135354039 0
0.016629919854 0.00177214520084 0
0.0168226885688 0.00263011524012 0
0.0166873557478 0.00325511341085 0
0.0168471885575 0.0029452127169 0
0.0166332037123 0.00096015571914 0
0.0168136250762 0.000639325905528 0
0.0170092915988 0.000321581112733 0
0.0168704179272 0.0036 21
0.0166292939737 0.00138548038078 0
0.017122200765 0 1
0.0261342158187 0.00036 4
0.0256888876005 0 2
0.0259085502951 0.000186317583707 0
0.0264899448588 0.00324 18
0.0260382889492 0.0036 20
0.026264894427 0.00341547404951 0
0.0168052564164 0.0022807234831 0
0.0172295371875 0.0036 21
0.0257326310396 0.000174239926472 0
0.026083814818 0.00342141851715 0
0.0168685097649 0.00122414533815 0
0.0169648501762 0.00196544132025 0
0.0169282945744 0.00160651996248 0
0.017175317697 0.00275721242157 0
0.0170818725308 0.00235300943384 0
0.0170706222926 0.00320520217344 0
0.0170552155669 0.00095881597564 0
0.0171859368677 0.000634376049632 0
0.0173785943552 0.000280441378387 0
0.0174834753491 0 1
0.0257757564158 0.00036 4
0.0253449063338 0 2
0.0255568784967 0.000185784401063 0
0.0261326033988 0.00324 18
0.025693533385 0.0036 20
0.0259096652258 0.00341479126511 0
0.0175886564477 0.0036 21
0.0173652518554 0.0033176559037 0
0.0171444255284 0.0013699597351 0
0.0257338731598 0.00342517421431 0
0.025380030578 0.000176149144865 0
0.0173500627953 0.00245223359802 0
0.0173080523397 0.00173258610368 0
0.0173228048875 0.00207345428707 0
0.0176086741057 0.00263736734655 0
0.0174310940307 0.0029852298881 0
0.0173552031352 0.00112973757004 0
0.017469734769 0.00086461411785 0
0.0175118659894 0.00056194236054 0
0.0177316018554 0.000330519750249 0
0.0178447499332 0 1
0.0254172970129 0.000360000000011 4
0.025000925067 0 2
0.0252052644753 0.000186484666988 0
0.0257743743418 0.00324 18
0.0253487778208 0.0036 20
0.0255584215124 0.00341433999084 0
0.0176759607734 0.00327692708627 0
0.017947775708 0.0036 21
0.0174599904202 0.00141795876535 0
0.0175894454425 0.00226194138421 0
0.0253823949262 0.00342544799707 0
0.0250283520109 0.000175675651418 0
0.0176795209823 0.00158123111029 0
0.0177041220838 0.00193872194668 0
0.0178706301186 0.00230228725569 0
0.0178082557286 0.0029320250246 0
0.0179970534628 0.00264319646839 0
0.0177140409702 0.00114247586107 0
0.0178378450071 0.000728874722583 0
0.0180561369391 0.00035619239104 0
0.0182060245172 0 1
0.02505883761 0.000359999998447 4
0.0248535358351 0.000187625251167 0
0.0246569438003 0 2
0.0254161452848 0.00324 18
0.0252067439754 0.00341410867126 0
0.0250040222567 0.0036 20
0.0179610802439 0.00322161437688 0
0.0183068949682 0.0036 21
0.0182156618969 0.0033143280099 0
0.0179975675121 0.00169775638687 0
0.0179486186917 0.00136859485204 0
0.025030410197 0.00342579456172 0
0.0246765003189 0.000175621188032 0
0.0181401644833 0.00201831659323 0
0.0181814553724 0.00234637212691 0
0.0182172148883 0.00294625529254 0
0.018371813464 0.00259151649959 0
0.0180774024219 0.00103899937167 0
0.0182066226941 0.000684919593669 0
0.0184076673737 0.000326406813375 0
0.0185672991013 0 1
0.0247003782071 0.000360000045244 4
0.0243129625335 0 2
0.0245019318216 0.000186403962295 0
0.0250579162278 0.00323999999999 18
0.0248546839926 0.00341341291213 0
0.0246592666925 0.0036 20
0.0186660142285 0.0036 21
0.0185176517956 0.00321880822225 0
0.0183153209031 0.00172028477894 0
0.0182739303677 0.00137668181986 0
0.0189285736853 0 1
0.0246774954008 0.00342409745247 0
0.0243246006929 0.000177432073007 0
0.018481225438 0.00221626222359 0
0.0185761654958 0.00191085431288 0
0.0185917508832 0.00282640097602 0
0.0187197247658 0.00244589047483 0
0.0184407999994 0.000980523823382 0
0.0185354570189 0.000632668357439 0
0.0187838542284 0.000363922606871 0
0.0243419188042 0.000359999927164 4
0.0239689812668 0 2
0.0241505152528 0.00018663528033 0
0.0246996871708 0.00323999999344 18
0.0243145111283 0.0036 20
0.0245026223326 0.00341380003083 0
0.0188466312233 0.00333067093245 0
0.0190251334887 0.0036 21
0.0188589832951 0.00302911828673 0
0.0186288738168 0.00158929576363 0
0.0185675242115 0.00128580911262 0
0.0191173466846 0.000284223808103 0
0.0192898482694 0 1
0.024324953695 0.00342235290824 0
0.0239734343778 0.000175276940392 0
0.0188653647937 0.00209439177769 0
0.0189733128215 0.00173801842656 0
0.0189430994 0.00267416375392 0
0.0190957971003 0.00233925470986 0
0.0188162027432 0.000761685240867 0
0.018784624355 0.00106063585443 0
0.0191231305208 0.000612916526373 0
0.0239834594021 0.000359975565053 4
0.023625 0 0
0.0237961466165 0.000188354269353 0
0.0243414581138 0.00324000009074 18
0.0239697555642 0.0036 20
0.0241508476772 0.00341382478696 0
0.0192006342551 0.00325738515494 0
0.0193842527489 0.0036 21
0.0191613328164 0.0029192714502 0
0.0189050968985 0.0013643950536 0
0.0194471988788 0.000368800919194 0
0.0196511228534 0 1
0.0239729121409 0.00342460993712 0
0.023610387501 0.000173606058195 0
0.0192605872502 0.00201163344404 0
0.0193676977409 0.0017232993319 0
0.0192044616922 0.00139954049501 0
0.0193081841145 0.00261313653946 0
0.0194609290254 0.00228141400341 0
0.0191240251967 0.00101342946574 0
0.0194368640226 0.000772468571904 0
0.023625 0.00036 0
0.0234177152802 0.000206643530672 0
0.0232637254159 0 1
0.0239832290499 0.0032400085676 18
0.0237932394468 0.00341090632511 0
0.023625 0.0036 0
0.019568793677 0.00328588685323 0
0.0194803946536 0.00295503157156 0
0.0197433720092 0.0036 21
0.0197890587245 0.000276245472964 0
0.0197491786783 0.000592522813698 0
0.0200123974375 0 1
0.027 0.00072 0
0.0269963680368 0.00072 10
0.023598039193 0.00343272623715 0
0.0232274659642 0.000194026332401 0
0.0207349466056 0 1
0.0197157878418 0.00195561842453 0
0.0195259384544 0.00142365742867 0
0.0196946503939 0.00165312523448 0
0.0194754732241 0.00113206158755 0
0.0196434646542 0.00262450957909 0
0.0197658426481 0.00228194270899 0
0.0197659129795 0.00097209634825 0
0.023196401716 0.0003914132738 0
0.0230178488557 0.000203809361912 0
0.0229024524202 0 1
0.023625 0.00324 0
0.0234077021136 0.0033886914295 0
0.0232658858507 0.0036 21
0.0198470511008 0.00301984357666 0
0.0199126923843 0.00332591376903 0
0.0201024912694 0.0036 21
0.020109815783 0.000361264583703 0
0.0200227889693 0.000763073872382 0
0.0203736720216 0 1
0.0269978335474 0.000722424713854 0
0.027 0.000723588726868 11
0.0269927360736 0.00072 10
0.0269948663039 0.000722856363783 0
0.0206449820583 0.00024906017003 0
0.0209606778073 0.000263873660165 0
0.0210962211897 0 1
0.0198967300786 0.00275010748869 0
0.0225412508682 0 1
0.0231761270052 0.0033929992892 0
0.0200676476903 0.00214982138482 0
0.0201724073142 0.00185771916276 0
0.019980423926 0.00164828406866 0
0.0198559083179 0.00133181585986 0
0.0199998125963 0.00248859453818 0
0.0201082980414 0.00114388246983 0
0.0228968428217 0.000434386034429 6
0.0228416995708 0.000253898828124 0
0.0226761631627 0.000205605968374 0
0.023196401716 0.0032085867262 0
0.0229102721535 0.0036 21
0.0201852449829 0.00282502814475 0
0.0202278644933 0.00324162998018 0
0.0204616105297 0.0036 21
0.0204738472468 0.000428470675819 0
0.0203093758182 0.000643040813686 0
0.0203229291934 0.000932606591012 0
0.0269968391346 0.000726112269368 0
0.027 0.000727177453735 11
0.026991273836 0.000722933372515 0
0.0269891041103 0.00072 10
0.0269936238005 0.000725623684356 0
0.0208445704265 0.000543505471361 0
0.0212351440303 0.000385045265268 0
0.0214574957737 0 1
0.022433362083 0.000216099867492 0
0.0221800449418 0 1
0.0229549038948 0.00335671693551 0
0.0208207297899 0.0036 21
0.0218187703578 0 1
0.020430017343 0.0021145999613 0
0.0203064442903 0.00243821333639 0
0.0205355284635 0.0017896822547 0
0.0202795941513 0.00148391786056 0
0.0204906595442 0.0011924225799 0
0.0227089887112 0.000365939579073 0
0.0227334796428 0.000468566952661 0
0.0225578980423 0.000356619597417 0
0.0228969613159 0.00316572920946 16
0.0227151798015 0.00339419519507 0
0.0225823906816 0.0036 21
0.0205060562127 0.00268025014847 0
0.0204454558401 0.00301341224795 0
0.0206316826972 0.00327496117468 0
0.0206423897473 0.000820512990222 0
0.0269935036683 0.00072897669528 0
0.0269971682836 0.000730295249273 0
0.027 0.000730766180603 11
0.026990323659 0.000726325173818 0
0.0269877052437 0.000723197523918 0
0.0269854721471 0.00072 10
0.0210505153863 0.000804423691684 0
0.0213927403076 0.000674620827887 0
0.0216178964384 0.000346921829248 0
0.022244367537 0.000314829750996 0
0.0224093187098 0.000386653336501 0
0.0219724395167 0.00028793567878 0
0.0227812203449 0.00325500229081 0
0.0209702824554 0.0033530055035 0
0.0211798490502 0.0036 21
0.0215389683104 0.0036 21
0.0269867589723 0.000726409343784 0
0.0226635757837 0.00318792581283 0
0.0224785289143 0.000462089977683 0
0.0206726416834 0.00237779387013 0
0.0207918103534 0.00209394063142 0
0.0206952076681 0.00148418241128 0
0.0208980279185 0.00178297890919 0
0.0208359145775 0.00115256155395 0
0.022591439031 0.000451548546837 0
0.0226293902075 0.000504291962179 7
0.0227334796428 0.00313143304734 0
0.0225848527426 0.00326275690777 0
0.022464619012 0.00337456719755 0
0.0222564263708 0.0036 21
0.0208627741509 0.00261673623855 0
0.0207473972593 0.00289873271417 0
0.0209487060856 0.00306163039404 0
0.0269884732013 0.000729679895187 0
0.0269949224931 0.00073346485025 0
0.0269918111741 0.00073145714375 0
0.027 0.000734354907471 11
0.0269839499659 0.000723641760058 0
0.0269818401839 0.00072 10
0.021367497546 0.000989703767106 0
0.0211272256868 0.00117604104756 0
0.0216758104868 0.000711696502728 0
0.0219259069907 0.000544716370148 0
0.0223489597345 0.000471686871203 0
0.0221734314123 0.000482236854461 0
0.0212444834289 0.00317902990708 0
0.0215265283078 0.00333781705684 0
0.0218980775406 0.0036 21
0.0269836652464 0.000727755629961 0
0.0225416565518 0.00317427502325 0
0.0225990161577 0.00313190372849 0
0.0225056161739 0.000519412278365 0
0.0224326351119 0.000540771919907 0
0.027 0.000741532361206 11
0.027 0.000745121155647 11
0.027 0.000737943634338 11
0.027 0.000748831938804 11
0.0210959279711 0.00238464266325 0
0.0211208604179 0.00208786681569 0
0.021098532406 0.00150404108341 0
0.0212415130357 0.00183067652931 0
0.022545 0.00054 0
0.0226318540818 0.00309663442476 15
0.022428895977 0.00319634712484 0
0.0222743671966 0.0032871483471 0
0.0220525938229 0.00333586816779 0
0.0211544126475 0.00278654924585 0
0.0269845011337 0.000732102126366 0
0.0269899234953 0.000733828767063 0
0.026992816343 0.000736702863931 0
0.0269963509086 0.000737530896929 0
0.0269803229454 0.000724287373193 0
0.0269780602061 0.00072 10
0.0216664393036 0.00107943013024 0
0.0214275516529 0.00135597259896 0
0.0219443371594 0.000855694262387 0
0.022177063421 0.000683334494812 0
0.0223342064323 0.000595612601507 0
0.0215050503267 0.00294448670854 0
0.0217999802988 0.00319940706224 0
0.0269795057253 0.000728819435347 0
0.0224922041869 0.0031254761312 0
0.0225738472318 0.00309749085228 0
0.0225305491957 0.00309679614395 0
0.0224681853581 0.000620732069535 0
0.0269971365747 0.000741472404486 0
0.0269960409066 0.000745756145639 0
0.027 0.00075268719032 11
0.0269959718265 0.000749547071647 0
0.0226339363338 0.000577318570593 7
0.0269872230094 0.00073535090376 0
0.0223050692044 0.00315221425192 0
0.0224808286585 0.00308181971846 0
0.021439092687 0.00252755896091 0
0.0214777223968 0.00214186851175 0
0.021499418315 0.00172289466996 0
0.0225838796028 0.000672503492341 0
0.0225748787714 0.00307330955369 15
0.0224095777427 0.00309567268344 0
0.0220934555716 0.00311389348061 0
0.0269841150606 0.000736750354625 0
0.0269795008665 0.000733767472142 0
0.0269892931006 0.00073799977503 0
0.0269929862728 0.000741396752369 0
0.0269759792486 0.000724728259348 0
0.0269736986739 0.00072 10
0.0219775489953 0.00121987081839 0
0.0217463755262 0.00148886369381 0
0.0222068169868 0.000963600144821 0
0.0223946501981 0.000762082673996 0
0.0218798722987 0.00294559289131 0
0.0217097182391 0.00268498665419 0
0.0269745743462 0.000729906161179 0
0.02254226715 0.00307612100674 0
0.0225081037571 0.00306699788166 0
0.0269917305743 0.000747203482435 0
0.027 0.000756758762219 11
0.0269942360306 0.00075219588467 0
0.0269971669832 0.000755350817954 0
0.0227334796428 0.000611433047339 0
0.0222809958721 0.00306194457528 0
0.022457048026 0.00304698759556 0
0.0225256356676 0.00305855048534 0
0.026980093064 0.00073913672152 0
0.0218292116451 0.00235500082555 0
0.0218330092644 0.00192904623546 0
0.0227491709954 0.000804690627623 0
0.0225918165843 0.000835441804663 0
0.022545 0.00306 0
0.0223601684898 0.00301244793319 0
0.02218460089 0.00293736617058 0
0.0269852736036 0.000740941287218 0
0.0269740637388 0.000736182099167 0
0.0269887721716 0.000742765034547 0
0.0269693099444 0.000725632067498 0
0.0269679568543 0.00072 10
0.022324153102 0.00130456560335 0
0.0220596448102 0.00158721968213 0
0.0224444485492 0.00100902799611 0
0.0220197349457 0.00271105622233 0
0.026968869885 0.000731814499722 0
0.0225158432595 0.00303785909944 0
0.0269872814147 0.000747831724725 0
0.026989467995 0.000752263562706 0
0.027 0.000761711971109 11
0.0269943589454 0.000757232765083 0
0.0228901609289 0.000644514462456 8
0.0224424308062 0.00299311812266 0
0.0224946522774 0.0030135930644 0
0.0225420647069 0.0030446862426 0
0.026974225288 0.000742168048546 0
0.0269803690397 0.000743854959477 0
0.0222098882418 0.00250796924362 0
0.0221698568373 0.00219263494018 0
0.0221928935351 0.00190165588704 0
0.0229487940417 0.000938997032125 0
0.0226782235508 0.00111865962958 0
0.0225759934888 0.00304621461068 15
0.0223810386745 0.00291757678764 0
0.0222994400656 0.00277979914774 0
0.0269832217911 0.000746681143948 0
0.0269669523592 0.000737958889291 0
0.0269602489292 0.00072 10
0.026961177827 0.000729714630803 0
0.02239954189 0.00166900195178 0
0.022651502472 0.0014306305138 0
0.0225454146237 0.0029926359334 0
0.0225677506365 0.00302104050416 0
0.0269846080144 0.00075579253306 0
0.0269830332681 0.000751411687845 0
0.026989356958 0.000758611639242 0
0.027 0.000768564112142 11
0.0269939808091 0.000764132980147 0
0.023196401716 0.0006885867262 0
0.0224980276119 0.00294719924834 0
0.0269682183155 0.000746454099666 0
0.026976875325 0.000747937190533 0
0.027 0.000778047026934 11
0.0225227424316 0.00236908658999 0
0.0224904303973 0.00265626893859 0
0.0225447021508 0.00204794852282 0
0.0230077949985 0.00127706722802 0
0.0232861780653 0.000978867902611 0
0.0226363875957 0.00302181097225 15
0.022498153988 0.00284056206746 0
0.0269769996349 0.000755300647539 0
0.0269583122631 0.0007411898835 0
0.0269499109832 0.00072 10
0.0269510143994 0.000733308281152 0
0.0226869025046 0.0017676110458 0
0.0229334662678 0.00158756819574 0
0.0226350993409 0.00297594407897 0
0.0225979337101 0.00291918733775 0
0.0269787697461 0.000761738631178 0
0.0269852361264 0.00076464669406 0
0.0269904259049 0.000771669800785 0
0.023625 0.00072 0
0.026971252007 0.000753537172215 0
0.0269599557775 0.000753703585464 0
0.027 0.000791787935053 11
0.0269882320706 0.000782818402809 0
0.027 0.00119044076502 11
0.027 0.00105263109564 11
0.027 0.001164828884 11
0.027 0.000927128481372 11
0.027 0.00112806007976 11
0.027 0.00108509599759 11
0.027 0.000908423401221 11
0.027 0.00102734923453 11
0.027 0.000887469961396 11
0.026997444806 0.000997337405146 0
0.027 0.00100588617232 11
0.027 0.00121167303786 11
0.027 0.00098609847417 11
0.027 0.000814107102284 11
0.0227559857134 0.00259272084494 0
0.022879594529 0.00229390753604 0
0.0226625958029 0.00279868199016 0
0.0229272484954 0.00194672481114 0
0.0232067623433 0.00166642637874 0
0.0233478711816 0.0012964971502 0
0.0236392579157 0.000997699581214 0
0.0227334796428 0.00298856695266 0
0.0269693162731 0.00077004144131 0
0.0269654588 0.000763522121022 0
0.0269456070853 0.000750255336932 0
0.0269348721925 0.00072 10
0.0269371219127 0.000732506443453 0
0.0227314202308 0.00290572501429 0
0.0269781267893 0.000774430704576 0
0.0239881963218 0.000719999350929 10
0.0269519434467 0.000766235272713 0
0.0269863572105 0.000801865101305 0
0.0269753486064 0.000794077920164 0
0.026997193818 0.00119182531266 0
0.0269967210311 0.00105525160881 0
0.0269967607468 0.00115700567301 0
0.0269945497364 0.000918091302751 0
0.027 0.000945667164565 11
0.026996122117 0.000933066605614 0
0.0269968082774 0.00110365519282 0
0.0269920894555 0.000900985675499 0
0.0269965123099 0.00102114031416 0
0.027 0.000865021362964 11
0.02699301839 0.000875221494136 0
0.0269953102888 0.000986039792445 0
0.027 0.00123236209164 11
0.0269970726243 0.00121742555379 0
0.027 0.000965728410961 11
0.0269869329565 0.000825310079513 0
0.027 0.000840669738263 11
0.027 0.00140196202429 11
0.027 0.00130486468575 11
0.027 0.00125363307758 11
0.027 0.00159139500655 11
0.027 0.00138275882038 11
0.027 0.00136064257194 11
0.027 0.00133446721788 11
0.0230534505912 0.00262263827672 0
0.0228809772817 0.00280352273 0
0.02321286382 0.00207257957697 0
0.0232159738436 0.0023766610264 0
0.0234660559857 0.00191950241279 0
0.0235318383995 0.00159600151151 0
0.0236640090826 0.00130370461244 0
0.0239392824784 0.00113942924063 0
0.0228866648172 0.00295660270141 14
0.0269639791093 0.000786222364253 0
0.0269512175403 0.000783317498017 0
0.0269316333554 0.000772707738149 0
0.0269268485817 0.000747129100128 0
0.0269103280873 0.00072 10
0.0242221234012 0.00104820043947 0
0.0243513926435 0.000719997220519 10
0.0269729675342 0.000830176197645 0
0.0269624906011 0.00080939036176 0
0.0269934669122 0.00119073376925 0
0.0269930955758 0.00108463545991 0
0.0269920557705 0.00102851238697 0
0.0269935555416 0.00114255027206 0
0.0269905435368 0.000932723997822 0
0.0269940858522 0.000954151730002 0
0.0269839072055 0.000915433383961 0
0.026985595642 0.000883520290178 0
0.0269867983367 0.000853504167779 0
0.0269903818572 0.000984709898736 0
0.026997355547 0.00124384722041 0
0.0269946034963 0.00122719267877 0
0.027 0.00141986616166 11
0.0269975972278 0.00140119386303 0
0.027 0.00127766362146 11
0.026997568691 0.00130592742998 0
0.0269966706819 0.00126672008416 0
0.0269970555902 0.00158197478056 0
0.027 0.00156058334681 11
0.0269963292957 0.00161606435632 0
0.027 0.00162250773522 11
0.0269972139403 0.00137434123662 0
0.0269970198364 0.00134041632057 0
0.027 0.00166771420733 11
0.027 0.00152066447858 11
0.027 0.00173485672949 11
0.027 0.0014721415852 11
0.027 0.00144022154134 11
0.0234060207788 0.00264132683701 0
0.023196401716 0.0029114132738 0
0.0235404127848 0.00230277795249 0
0.0237127485037 0.00209951547455 0
0.0237991912342 0.0018312119304 0
0.0238779557795 0.00153113071772 0
0.0241576115158 0.00144486473607 0
0.0269453830024 0.000813148996453 0
0.0269274492951 0.000808089501681 0
0.0269000401512 0.000754051156529 0
0.026906250891 0.000790402607277 0
0.0268734857544 0.00072 10
0.024427096867 0.0013189963428 0
0.0245699553943 0.00102838213864 0
0.0247145889653 0.000720000237547 10
0.0269528272344 0.000848233595312 0
0.0269729371542 0.000877056270541 0
0.0269900688054 0.00122078031326 0
0.0269884767279 0.00115004741026 0
0.0269873815902 0.00107433124087 0
0.0269833039779 0.00101297670561 0
0.0269845611008 0.000958365620483 0
0.0269732774489 0.000932370575147 0
0.0269932113819 0.00125184425653 0
0.0269965021918 0.00142226417777 0
0.0269942650926 0.00139793996036 0
0.026995227496 0.00128861302588 0
0.0269940737272 0.00131759249578 0
0.0269917607907 0.00127604332717 0
0.0269940061045 0.00157702541947 0
0.0269966848561 0.00153930745285 0
0.0269929518778 0.00163758824451 0
0.026996686073 0.00167134582523 0
0.0269939983986 0.00136227542241 0
0.0269964702629 0.00148540258975 0
0.0269969156679 0.00174524086203 0
0.027 0.00180862734395 11
0.026996888735 0.00144759871187 0
0.027 0.00194825276215 11
0.027 0.00197354432426 11
0.027 0.00186353310971 11
0.027 0.00192479965324 11
0.027 0.00203566251026 11
0.027 0.00200229372129 11
0.027 0.00189849060064 11
0.023625 0.00288 0
0.0237665772212 0.0025610869348 0
0.0239594188504 0.00219736758564 0
0.0241199611812 0.00183770456683 0
0.0244688690374 0.00163695361723 0
0.026923388625 0.000857064967301 0
0.0268877257793 0.000836255869036 0
0.0268618481813 0.000786041090408 0
0.0268095369992 0.00072 10
0.0247382960795 0.00136009683827 0
0.024923464468 0.00105493555794 0
0.0250777852871 0.000719999993034 10
0.0269530849092 0.000912842603064 0
0.0269863797963 0.00125898185095 0
0.0269837134092 0.00120373522306 0
0.0269777623386 0.00111170512518 0
0.0269690270151 0.000999585565045 0
0.0269928155463 0.00144012935265 0
0.0269893560453 0.00139554267779 0
0.0269885127439 0.00130511957317 0
0.0269904918494 0.00134345931361 0
0.0269924444262 0.00151118899378 0
0.0269904051678 0.00158933833689 0
0.0269927686805 0.00170537194205 0
0.0269880436327 0.00166225554303 0
0.0269938461571 0.00177968972331 0
0.0269967553445 0.00182255267671 0
0.0269975284509 0.00194973034198 0
0.0269970570427 0.00198530649708 0
0.0269963794183 0.00188061223197 0
0.0269965738636 0.00191850854641 0
0.027 0.00207278695597 11
0.0269967106378 0.0020525784931 0
0.0269965659296 0.00201936806416 0
0.0243710677712 0.00193626697992 0
0.027 0.00211387110545 11
0.0268013150441 0.000790878472073 0
0.0239891080066 0.00287998849503 12
0.0240764014961 0.00250207425199 0
0.0243393410687 0.00222430986812 0
0.0246485411652 0.00193677466586 0
0.0248545841933 0.00165984851275 0
0.0269192376148 0.000924954231637 0
0.0268771595416 0.000905526451165 0
0.0268196206743 0.000873319887296 0
0.0266939644566 0.00072 10
0.0250929116467 0.0013934689332 0
0.025286210528 0.00108586913916 0
0.0254409816088 0.000720000000068 10
0.0269386645895 0.00101274541494 0
0.0269786628664 0.00129554948671 0
0.0269746441458 0.00122434809628 0
0.0269598462656 0.00112244922628 0
0.0269867249002 0.00145350177505 0
0.0269828609139 0.00137061555257 0
0.0269859821549 0.00154769921112 0
0.0269887123627 0.00177878730893 0
0.0269817551499 0.00167610154345 0
0.0269929018091 0.00185156227117 0
0.0269943988583 0.00195451079054 0
0.026993558921 0.00199715457768 0
0.0269928705467 0.00190997748577 0
0.0269961781914 0.0020926392935 0
0.0269933978833 0.00203086329963 0
0.0269928358293 0.00205825072127 0
0.0269972976898 0.00214167242217 0
0.027 0.00216166355579 11
0.0267246575658 0.000842884063135 0
0.027 0.00225992604103 11
0.027 0.00220563484163 11
0.027 0.00223771501877 11
0.026994283049 0.00212531019179 0
0.024353216013 0.00288000428205 12
0.0243419200508 0.00262629379618 0
0.0247352553071 0.00222374934553 0
0.0245941531339 0.00250002707978 0
0.0249890644508 0.00194893141907 0
0.0252390425613 0.00171254860968 0
0.0268821845906 0.00102730512057 0
0.0268065150742 0.000992368178791 0
0.0267027428728 0.00097476976718 0
0.0265705366918 0.000910242815704 0
0.0264854478197 0.00072 10
0.0254529135033 0.001473027158 0
0.0256240481709 0.000971882652535 0
0.0256259598989 0.00123862953305 0
0.0258041779306 0.00072 10
0.0269269239198 0.00117625525368 0
0.0269592803633 0.00125726942604 0
0.0269695095778 0.001365451665 0
0.0269772819527 0.00149496045826 0
0.0269805865932 0.00183506924754 0
0.0269880270635 0.00188729701567 0
0.0269718875243 0.00168142497478 0
0.0269898720783 0.00195670385226 0
0.0269885716279 0.00200472563653 0
0.0269915452318 0.00209385235546 0
0.0269883817576 0.00203294897782 0
0.0269876771733 0.00206685693429 0
0.0269962898688 0.0021854726067 0
0.026993556354 0.00215453514831 0
0.0269974350392 0.00226400784332 0
0.027 0.00227901242787 11
0.0269969175461 0.00222546378803 0
0.0269898899323 0.00213322988359 0
0.027 0.00236960373991 11
0.027 0.00229741258646 11
0.027 0.0024079315258 11
0.026994938733 0.0022783911653 0
0.0261668752254 0.00072 10
0.027 0.00234262490095 11
0.027 0.00241854086787 11
0.027 0.00231828499071 11
0.027 0.00239251831982 11
0.0269946967769 0.00224740768798 0
0.026992274307 0.00218104849299 0
0.0247173240198 0.00287999949132 12
0.024898052868 0.00256683398928 0
0.025063367151 0.00226916534753 0
0.0253285975376 0.00200979803362 0
0.0256186085859 0.00178212541116 0
0.0268714479185 0.00119014349447 0
0.0267901977295 0.00117554889426 0
0.0266966541068 0.00112304996282 0
0.0265236592904 0.00115595866231 0
0.0263143104167 0.00101913415046 0
0.0258526400265 0.00143852559639 0
0.0259737078122 0.00108082591423 0
0.0269420738611 0.00136908271132 0
0.0268958155623 0.00138015717163 0
0.0269591249546 0.00150903731132 0
0.0269673551851 0.00187488240234 0
0.0269815121986 0.00195598489377 0
0.0269551908366 0.00172090550938 0
0.0269818001543 0.00203743712839 0
0.0269846218421 0.00211046791812 0
0.026992045049 0.00222482668214 0
0.0269875175591 0.00216266131574 0
0.0269962533106 0.00230138607332 0
0.0269970337656 0.00237024762171 0
0.0269971892718 0.00240852007644 0
0.0269917463364 0.00228490031956 0
0.0269962398979 0.00233682069276 0
0.0269962535407 0.00242271816883 0
0.027 0.00242824281826 11
0.0269961942724 0.00239161157528 0
0.0269860262508 0.00221307128218 0
0.027 0.00243810123839 11
0.027 0.00245202924793 11
0.026993549048 0.00236177166695 0
0.0250814320266 0.00288000002558 12
0.0252427672424 0.00259346572465 0
0.0253699077682 0.00232073666621 0
0.0256311359683 0.00217201206906 0
0.0259788252975 0.00169101275709 0
0.0258717320396 0.0019937984392 0
0.0267989085452 0.00143418432372 0
0.0266130303368 0.00135375957427 0
0.0262571506508 0.00137001144896 0
0.0269259804995 0.00161274664532 0
0.0268694534769 0.00163841497815 0
0.0269371558244 0.00184950352669 0
0.0269550675761 0.00196017827047 0
0.0269714531335 0.00200377079191 0
0.0269753151821 0.00210067559446 0
0.0269794214616 0.00217669020612 0
0.0269859514669 0.00228190574684 0
0.0269908501503 0.00233136896687 0
0.0269924056811 0.00238408614288 0
0.0269930755706 0.00240569669385 0
0.0269955907125 0.00243778536247 0
0.0269917811237 0.00242661850305 0
0.0269747802972 0.00225418690993 0
0.0269971754694 0.00244710369136 0
0.0269974171582 0.00246752205815 0
0.027 0.00247418196084 11
0.0269884955393 0.00236837191559 0
0.027 0.00252192058899 11
0.027 0.00249933299599 11
0.0269785145321 0.00231218882362 0
0.0254455400333 0.00287999999952 12
0.0256135738776 0.00254381504882 0
0.0259528887048 0.00230582217209 0
0.0262571353041 0.0016950096 0
0.0261613663493 0.00201256865157 0
0.0267032258635 0.0016274318038 0
0.0268033311842 0.00183179270682 0
0.0265038635128 0.00163596360896 0
0.0268938428417 0.00190732613361 0
0.0269328784769 0.00204183808096 0
0.0269591998963 0.00209130962012 0
0.0269657313656 0.00218886097071 0
0.026982829805 0.00235547404186 0
0.0269866498763 0.0023991223126 0
0.0269902464535 0.00245317633475 0
0.0269942725608 0.00246208968036 0
0.0269854234306 0.00243355570161 0
0.0269714734127 0.00235005251442 0
0.0269586676298 0.00228287706974 0
0.0269963851281 0.00249311028958 0
0.0269967363064 0.00252262742159 0
0.027 0.00254117311811 11
0.027 0.00255969382404 11
0.0258096480401 0.00288 12
0.0259178464531 0.00262532097027 0
0.026349167659 0.00229091586744 0
0.0261808410769 0.00252179354923 0
0.0264461545446 0.00198175008537 0
0.0266486407825 0.00193459520941 0
0.0267452521112 0.00213816937555 0
0.0268444853101 0.00214238625061 0
0.0269053548962 0.00219051393585 0
0.0269413598779 0.00221866222127 0
0.0269758351781 0.00240858450414 0
0.0269817957134 0.00246991280322 0
0.026991138075 0.00249829230277 0
0.0269547433381 0.00236204698406 0
0.0269970176582 0.00255504845116 0
0.026993691334 0.00253649906273 0
0.027 0.00257894217309 11
0.027 0.00265946507362 11
0.027 0.0025990227566 11
0.027 0.00263997433108 11
0.027 0.00261957877987 11
0.0269967548285 0.00261356416703 0
0.0261729162732 0.00288 12
0.0266100124975 0.00226919080311 0
0.0264180196348 0.00263446463157 0
0.0265901926887 0.0025073642795 0
0.0267768112823 0.00237633505874 0
0.0268702732002 0.00239307559875 0
0.0269286513742 0.00238169982832 0
0.0269619957573 0.00244472018126 0
0.0269731491501 0.00251435356881 0
0.0269844102599 0.00253538767398 0
0.0269897367372 0.00255456583854 0
0.0269941123274 0.00257329233871 0
0.0269952885348 0.00259431678505 0
0.0269965337974 0.00265630790429 0
0.027 0.00267940856207 11
0.0269961440493 0.00263427873993 0
0.0269928584532 0.0026160541034 0
0.0269112635335 0.00251537701552 0
0.0264896258141 0.00288 12
0.026739205702 0.00251744838837 0
0.0266353480657 0.00272363482093 0
0.0267450048829 0.00265568819836 0
0.0268431587047 0.00254590468778 0
0.0269526955068 0.00252689961331 0
0.0269755064136 0.00258531580336 0
0.026988159335 0.00259545440416 0
0.026991403091 0.00264491516915 0
0.026995170932 0.00267877505354 0
0.027 0.00270286335123 11
0.026898233929 0.00262206392278 0
0.0269392762909 0.0026216063097 0
0.0266953656168 0.00288 12
0.0268468403466 0.00266021022339 0
0.0267705970956 0.00278505190036 0
0.0268287508456 0.0027364677777 0
0.0269657053709 0.0026472666676 0
0.0269831806159 0.002649022869 0
0.0269912518504 0.00269656823779 0
0.027 0.00273165468849 11
0.0269113239903 0.00269074142689 0
0.026945419382 0.0027015330341 0
0.026964399907 0.00272367390892 0
0.0268791758406 0.00278607277462 0
0.026884237547 0.00274404441406 0
0.0268091182683 0.00288 12
0.0269137268365 0.00274398575021 0
0.0268513749408 0.0028225605339 0
0.0269800870791 0.00271664224193 0
0.0269898591755 0.00274070223598 0
0.027 0.00276387411362 11
0.0269444184516 0.00275275003068 0
0.0269701367163 0.00276345484659 0
0.026903651989 0.00281880489709 0
0.0269185955783 0.00279005794847 0
0.0268715975113 0.00288 12
0.0269424185383 0.00278895937343 0
0.0268939447705 0.00285198248759 0
0.0269865641319 0.00277895237608 0
0.027 0.00279251754194 11
0.0269588604146 0.00278916825927 0
0.0269737206032 0.0027948392772 0
0.0269350777636 0.00282162331929 0
0.026920918179 0.0028423312138 0
0.0269490048792 0.00281265750627 0
0.0269816763373 0.00280751158952 0
0.0269066340764 0.00288 12
0.0269668114962 0.00281386874019 0
0.0269247797241 0.00286194379448 0
0.0269917589281 0.00281081716603 0
0.027 0.00281203580737 11
0.0269546278123 0.00283312104131 0
0.02694015579 0.0028428860487 0
0.0269655128547 0.00282796723966 0
0.02698170918 0.00282249004746 0
0.027 0.00282403529272 11
0.0269303733879 0.00288 12
0.0269761122579 0.00283151352832 0
0.0269422907062 0.00285745159301 0
0.0269438951308 0.00286916653185 0
0.0269914960771 0.002826429193 0
0.0269686979161 0.0028394504249 0
0.0269641781537 0.00284580938516 0
0.0269541306481 0.00284956250848 0
0.0269763630954 0.00284106817871 0
0.0269845903704 0.0028348650277 0
0.027 0.00283265289732 11
0.0269950858233 0.00283217505822 0
0.027 0.00283914904211 11
0.0269704598296 0.00285270757924 0
0.0269477650889 0.00288 12
0.0269829794827 0.00284382736178 0
0.0269560775649 0.00286260459112 0
0.02695701871 0.00287161930349 0
0.0269895825068 0.00284063006469 0
0.0269752172629 0.00284888338526 0
0.0269645590359 0.00285750136491 0
0.0269809681663 0.00284958213394 0
0.0269953963743 0.00283950412479 0
0.0269965846885 0.00284460136396 0
0.027 0.00284386627514 11
0.0269743491854 0.00285737859739 0
0.0269594196499 0.00288 12
0.0269878969982 0.00284907182005 0
0.026985202047 0.00285263014473 0
0.02696548503 0.0028666484927 0
0.0269659776541 0.00287329678461 0
0.0269923555607 0.00284716720812 0
0.0269814097544 0.00285538040856 0
0.0269709443145 0.00286299846325 0
0.0269963531549 0.00284877891852 0
0.027 0.00284770145819 11
0.0269761787105 0.00286387348524 0
0.0269796207377 0.00285953799994 0
0.0269677259669 0.00288 12
0.0269899200774 0.00285393511966 0
0.0269873540771 0.00285751724476 0
0.0269730580029 0.00286966955664 0
0.0269715874213 0.00287493751597 0
0.026993366919 0.00285176876707 0
0.0269855098561 0.00286054987766 0
0.026996959355 0.00285251527477 0
0.027 0.00285129018506 11
0.0269786814844 0.00286759944871 0
0.0269817636798 0.002863595698 0
0.0269736967456 0.00288 12
0.0269938646066 0.00285594674234 0
0.0269914883882 0.00285836804404 0
0.0269899189382 0.00286175700665 0
0.0269783068099 0.002872303805 0
0.0269758832215 0.0028757019589 0
0.026986608627 0.00286404592262 0
0.026997310969 0.00285642989144 0
0.027 0.00285487891193 11
0.0269834687654 0.00286665020495 0
0.0269817966022 0.00286978905931 0
0.0269780975935 0.00288 12
0.0269935763789 0.00286080381972 0
0.0269962439593 0.00285947323554 0
0.0269929847033 0.00286396360549 0
0.026990152754 0.00286586230276 0
0.0269828148137 0.0028731599565 0
0.0269799177887 0.00287617633156 0
0.0269869873345 0.00286764752072 0
0.027 0.00285846763879 11
0.0269846929086 0.0028699718796 0
0.0269817929933 0.00288 12
0.0269964140269 0.00286347432991 0
0.027 0.00286205636566 11
0.026993632225 0.00286703964127 0
0.0269902126086 0.00286926799918 0
0.0269830646537 0.00287700046972 0
0.0269870548528 0.00287180774956 0
0.0269855634771 0.00287546607738 0
0.0269854356797 0.00288 12
0.027 0.00286564509253 11
0.0269968354743 0.00286747182341 0
0.02699383585 0.00287037925981 0
0.0269909616459 0.00287257162587 0
0.0269887180998 0.00287449872221 0
0.0269878785501 0.00287748507799 0
0.0269890767598 0.00288 12
0.027 0.0028692338194 11
0.0269969611368 0.00287144451341 0
0.0269939855179 0.00287379605085 0
0.0269913131748 0.00287657687057 0
0.0269927178399 0.00288 12
0.027 0.00287282254626 11
0.0269971334493 0.00287466091696 0
0.0269945554 0.00287708451177 0
0.0269963589199 0.00288 12
0.027 0.00287641127313 11
0.0269976897943 0.00287772549525 0
0.027 0.00288 0

Edges
357
17 14 22
14 6 22
6 2 22
2 1 22
1 3 22
3 8 22
8 20 22
20 19 22
19 18 22
18 16 22
792 816 21
816 843 21
843 873 21
873 907 21
907 925 21
925 893 21
893 892 21
892 861 21
861 846 21
846 819 21
819 795 21
795 773 21
773 751 21
751 730 21
730 710 21
710 689 21
689 667 21
667 648 21
648 638 21
638 617 21
617 595 21
595 577 21
577 562 21
562 550 21
550 537 21
537 524 21
524 512 21
512 499 21
499 485 21
485 472 21
472 457 21
457 444 21
444 432 21
432 422 21
422 410 21
410 399 21
399 387 21
387 375 21
375 361 21
361 349 21
349 337 21
337 325 21
325 313 21
313 300 21
300 287 21
287 284 21
284 271 21
271 258 21
258 245 21
245 233 21
233 221 21
221 208 21
208 194 21
194 179 21
179 166 21
166 152 21
152 140 21
140 126 21
126 111 21
111 96 21
96 79 21
79 72 21
72 59 21
59 46 21
46 32 21
32 17 21
587 604 20
604 625 20
625 645 20
645 665 20
665 686 20
686 708 20
708 729 20
729 748 20
748 770 20
770 792 20
607 587 19
814 790 18
790 769 18
769 747 18
747 727 18
727 706 18
706 685 18
685 664 18
664 644 18
644 626 18
626 607 18
842 814 17
904 871 16
871 842 16
1100 1061 15
1061 1035 15
1035 1006 15
1006 975 15
975 940 15
940 904 15
1183 1144 14
1144 1100 14
1227 1183 13
1624 1621 12
1621 1617 12
1617 1612 12
1612 1605 12
1605 1597 12
1597 1587 12
1587 1576 12
1576 1565 12
1565 1553 12
1553 1541 12
1541 1527 12
1527 1517 12
1517 1506 12
1506 1496 12
1496 1483 12
1483 1470 12
1470 1452 12
1452 1430 12
1430 1407 12
1407 1377 12
1377 1343 12
1343 1299 12
1299 1264 12
1264 1227 12
799 824 11
824 851 11
851 880 11
880 914 11
914 933 11
933 931 11
931 932 11
932 934 11
934 965 11
965 994 11
994 1022 11
1022 1049 11
1049 1055 11
1055 1077 11
1077 1092 11
1092 1128 11
1128 1121 11
1121 1087 11
1087 1085 11
1085 1082 11
1082 1116 11
1116 1126 11
1126 1091 11
1091 1089 11
1089 1086 11
1086 1080 11
1080 1084 11
1084 1083 11
1083 1081 11
1081 1079 11
1079 1090 11
1090 1124 11
1124 1131 11
1131 1168 11
1168 1130 11
1130 1135 11
1135 1134 11
1134 1133 11
1133 1129 11
1129 1166 11
1166 1181 11
1181 1180 11
1180 1178 11
1178 1172 11
1172 1132 11
1132 1174 11
1174 1177 11
1177 1179 11
1179 1218 11
1218 1222 11
1222 1226 11
1226 1223 11
1223 1220 11
1220 1221 11
1221 1225 11
1225 1224 11
1224 1258 11
1258 1262 11
1262 1293 11
1293 1296 11
1296 1297 11
1297 1295 11
1295 1329 11
1329 1333 11
1333 1339 11
1339 1337 11
1337 1332 11
1332 1340 11
1340 1334 11
1334 1338 11
1338 1371 11
1371 1374 11
1374 1375 11
1375 1402 11
1402 1405 11
1405 1404 11
1404 1428 11
1428 1429 11
1429 1446 11
1446 1448 11
1448 1450 11
1450 1449 11
1449 1447 11
1447 1466 11
1466 1480 11
1480 1490 11
1490 1501 11
1501 1510 11
1510 1521 11
1521 1526 11
1526 1537 11
1537 1539 11
1539 1551 11
1551 1562 11
1562 1573 11
1573 1584 11
1584 1595 11
1595 1599 11
1599 1606 11
1606 1613 11
1613 1618 11
1618 1622 11
1622 1624 11
1074 1108 10
1108 1151 10
1151 1196 10
1196 1238 10
1238 1275 10
1275 1313 10
1313 1336 10
1336 1309 10
1309 1272 10
1272 1235 10
1235 1193 10
1193 1149 10
1149 1104 10
1104 1065 10
1065 1040 10
1040 1013 10
1013 983 10
983 950 10
950 916 10
916 883 10
883 853 10
853 825 10
825 800 10
800 799 10
1051 1074 9
997 1024 8
1024 1051 8
869 903 7
903 939 7
939 967 7
967 997 7
811 839 6
839 869 6
787 811 5
583 601 4
601 621 4
621 641 4
641 661 4
661 682 4
682 703 4
703 724 4
724 744 4
744 766 4
766 787 4
570 583 3
767 745 2
745 725 2
725 705 2
705 683 2
683 662 2
662 642 2
642 622 2
622 603 2
603 586 2
586 570 2
16 31 1
31 45 1
45 58 1
58 71 1
71 86 1
86 102 1
102 115 1
115 129 1
129 143 1
143 157 1
157 170 1
170 184 1
184 196 1
196 209 1
209 222 1
222 234 1
234 246 1
246 259 1
259 272 1
272 276 1
276 290 1
290 303 1
303 316 1
316 328 1
328 341 1
341 353 1
353 365 1
365 377 1
377 389 1
389 402 1
402 414 1
414 427 1
427 440 1
440 454 1
454 468 1
468 481 1
481 496 1
496 510 1
510 517 1
517 530 1
530 543 1
543 555 1
555 567 1
567 569 1
569 582 1
582 600 1
600 620 1
620 640 1
640 660 1
660 681 1
681 702 1
702 723 1
723 734 1
734 756 1
756 777 1
777 798 1
798 822 1
822 803 1
803 829 1
829 857 1
857 862 1
862 859 1
859 831 1
831 813 1
813 789 1
789 767 1

Triangles
2889
28 17 14 0
15 14 6 0
2 5 7 0
29 35 42 0
28 14 15 0
21 29 15 0
32 17 28 0
7 6 2 0
4 5 1 0
22 23 10 0
25 12 26 0
40 25 26 0
24 11 25 0
3 10 4 0
13 24 27 0
7 13 21 0
5 11 13 0
3 4 1 0
11 24 13 0
4 11 5 0
12 25 11 0
52 54 39 0
42 32 28 0
43 30 31 0
45 44 31 0
44 43 31 0
57 44 45 0
57 56 44 0
30 18 16 0
31 30 16 0
43 33 30 0
64 56 57 0
33 18 30 0
57 45 58 0
71 85 70 0
50 63 51 0
36 50 51 0
23 36 37 0
22 34 36 0
47 56 50 0
44 56 43 0
64 63 50 0
85 71 86 0
97 85 101 0
80 64 70 0
34 22 20 0
19 34 20 0
47 36 34 0
43 47 33 0
56 64 50 0
33 34 19 0
26 23 37 0
8 20 22 0
42 35 49 0
32 42 46 0
29 21 35 0
28 29 42 0
28 15 29 0
9 8 22 0
10 9 22 0
12 10 23 0
12 4 10 0
3 8 9 0
114 101 102 0
113 112 127 0
106 113 122 0
100 98 113 0
92 80 97 0
108 92 97 0
98 82 81 0
113 98 108 0
137 136 121 0
84 98 100 0
90 87 100 0
73 68 84 0
60 73 74 0
68 82 84 0
68 66 82 0
60 68 73 0
60 54 68 0
68 54 66 0
83 69 67 0
53 38 39 0
52 40 37 0
60 53 54 0
24 25 40 0
42 49 46 0
27 41 35 0
13 27 21 0
38 41 27 0
41 53 55 0
54 53 39 0
67 74 83 0
55 67 69 0
60 74 67 0
5 2 1 0
12 11 4 0
7 15 6 0
13 7 5 0
21 15 7 0
63 64 80 0
52 51 65 0
50 36 47 0
97 101 112 0
108 97 112 0
113 108 112 0
98 92 108 0
80 85 97 0
81 65 80 0
98 81 92 0
82 65 81 0
84 82 98 0
65 63 80 0
66 65 82 0
66 52 65 0
70 57 58 0
80 70 85 0
64 57 70 0
92 81 80 0
23 22 36 0
12 23 26 0
3 9 10 0
33 19 18 0
56 47 43 0
47 34 33 0
70 58 71 0
61 77 78 0
48 55 61 0
35 48 49 0
35 41 48 0
53 60 67 0
86 101 85 0
62 79 72 0
94 93 77 0
83 94 77 0
99 110 94 0
106 100 113 0
89 90 103 0
87 84 100 0
76 87 90 0
76 75 87 0
107 110 99 0
110 125 123 0
114 102 115 0
128 114 115 0
112 101 114 0
51 37 36 0
65 51 63 0
52 37 51 0
54 52 66 0
40 26 37 0
39 40 52 0
39 24 40 0
86 102 101 0
62 72 59 0
49 62 59 0
46 49 59 0
38 24 39 0
27 35 21 0
53 41 38 0
55 48 41 0
67 55 53 0
61 62 49 0
69 61 55 0
69 77 61 0
27 24 38 0
78 93 95 0
49 48 61 0
83 99 94 0
69 83 77 0
74 88 83 0
127 112 114 0
142 127 128 0
122 113 127 0
78 62 61 0
93 78 77 0
95 79 78 0
156 142 143 0
106 90 100 0
121 106 122 0
121 117 106 0
104 103 116 0
104 105 89 0
142 129 143 0
78 79 62 0
110 109 93 0
96 79 95 0
76 90 89 0
127 137 122 0
114 128 127 0
115 129 128 0
121 131 117 0
103 106 117 0
122 137 121 0
143 157 156 0
111 96 95 0
110 93 94 0
120 110 107 0
123 109 110 0
169 183 172 0
109 111 95 0
93 109 95 0
123 124 109 0
138 123 125 0
124 111 109 0
211 198 209 0
145 158 159 0
183 184 198 0
124 139 140 0
111 124 126 0
123 139 124 0
120 125 110 0
105 120 107 0
105 118 120 0
139 155 140 0
133 147 146 0
141 133 146 0
120 132 125 0
105 104 118 0
119 116 130 0
133 119 135 0
104 116 119 0
161 174 168 0
146 161 154 0
153 167 161 0
214 203 217 0
194 197 208 0
195 203 201 0
179 182 194 0
178 164 173 0
193 178 187 0
164 160 173 0
177 164 178 0
177 163 164 0
192 177 178 0
202 190 191 0
216 202 205 0
215 204 202 0
181 195 188 0
175 189 181 0
205 202 191 0
202 189 190 0
204 203 189 0
147 153 146 0
175 181 167 0
163 175 162 0
176 189 175 0
177 176 163 0
190 189 176 0
167 153 162 0
174 167 180 0
134 119 130 0
148 149 134 0
153 147 162 0
138 154 139 0
133 141 132 0
146 154 141 0
118 133 132 0
134 135 119 0
145 134 130 0
145 148 134 0
149 147 135 0
118 104 119 0
133 118 119 0
132 120 118 0
99 91 107 0
75 88 74 0
87 75 73 0
76 88 75 0
107 91 105 0
75 74 73 0
91 88 76 0
99 83 88 0
88 91 99 0
84 87 73 0
89 91 76 0
104 89 103 0
105 91 89 0
136 144 131 0
150 151 136 0
169 165 156 0
169 172 165 0
158 144 151 0
183 170 184 0
196 198 184 0
171 186 173 0
158 171 159 0
185 186 171 0
139 154 155 0
187 186 199 0
124 140 126 0
132 141 125 0
155 168 166 0
140 155 152 0
154 168 155 0
138 141 154 0
123 138 139 0
125 141 138 0
146 153 161 0
211 222 224 0
155 166 152 0
167 174 161 0
182 179 168 0
176 177 191 0
147 149 162 0
148 164 163 0
149 148 163 0
162 149 163 0
147 133 135 0
148 145 160 0
164 148 160 0
149 135 134 0
117 130 116 0
117 131 130 0
103 117 116 0
103 90 106 0
136 151 144 0
121 136 131 0
137 142 150 0
144 158 145 0
131 144 130 0
151 150 165 0
169 157 170 0
169 156 157 0
183 169 170 0
172 158 165 0
185 172 183 0
158 151 165 0
171 173 159 0
145 130 144 0
142 128 129 0
150 142 156 0
165 150 156 0
136 137 150 0
137 127 142 0
192 206 205 0
177 192 191 0
193 206 192 0
178 193 192 0
173 187 178 0
159 173 160 0
145 159 160 0
158 172 171 0
186 187 173 0
171 172 185 0
185 198 186 0
199 200 187 0
198 199 186 0
183 198 185 0
196 209 198 0
212 213 225 0
198 211 199 0
209 222 211 0
235 229 242 0
195 189 203 0
189 202 204 0
192 205 191 0
207 206 193 0
187 200 193 0
212 220 207 0
220 219 206 0
218 230 216 0
205 218 216 0
219 232 231 0
168 179 166 0
174 182 168 0
154 161 168 0
180 188 174 0
181 180 167 0
162 175 167 0
189 195 181 0
188 182 174 0
181 188 180 0
195 201 188 0
197 201 210 0
182 197 194 0
188 201 197 0
200 211 213 0
234 224 222 0
234 246 238 0
206 219 205 0
207 220 206 0
200 213 212 0
193 200 207 0
199 211 200 0
225 226 212 0
212 226 220 0
234 238 224 0
265 259 272 0
239 238 251 0
240 239 252 0
226 225 239 0
246 259 251 0
208 197 210 0
188 197 182 0
254 266 267 0
240 254 253 0
252 266 254 0
239 251 252 0
224 238 225 0
246 251 238 0
251 259 265 0
210 221 208 0
203 214 201 0
214 223 210 0
226 232 220 0
238 239 225 0
240 232 226 0
254 240 252 0
244 232 240 0
236 244 248 0
240 226 239 0
231 218 219 0
236 231 244 0
236 230 231 0
219 220 232 0
229 217 215 0
214 217 227 0
237 223 227 0
210 201 214 0
203 204 217 0
265 272 276 0
252 265 266 0
252 251 265 0
298 305 311 0
342 330 329 0
355 342 351 0
355 354 342 0
347 348 336 0
334 346 335 0
354 367 359 0
241 247 255 0
217 229 227 0
242 247 235 0
213 224 225 0
207 200 212 0
211 224 213 0
231 230 218 0
262 249 248 0
244 231 232 0
280 295 294 0
268 280 275 0
264 268 275 0
260 269 268 0
281 295 280 0
268 281 280 0
250 241 255 0
247 242 256 0
257 249 263 0
270 257 263 0
269 256 257 0
191 190 176 0
175 163 176 0
253 248 244 0
240 253 244 0
266 278 267 0
276 277 265 0
267 279 273 0
228 215 216 0
242 228 230 0
242 229 228 0
223 214 227 0
233 223 237 0
233 221 223 0
223 221 210 0
277 278 266 0
250 264 258 0
245 250 258 0
242 230 243 0
243 257 256 0
215 217 204 0
228 229 215 0
235 227 229 0
216 230 228 0
202 216 215 0
205 219 218 0
283 270 282 0
236 249 243 0
236 248 249 0
289 276 290 0
302 289 290 0
291 278 277 0
302 290 303 0
264 271 258 0
255 260 268 0
250 255 264 0
247 260 255 0
241 235 247 0
237 241 250 0
237 227 241 0
242 243 256 0
236 243 230 0
270 263 274 0
281 270 283 0
269 257 270 0
268 269 281 0
257 243 249 0
260 256 269 0
260 247 256 0
275 288 284 0
255 268 264 0
280 288 275 0
241 227 235 0
245 237 250 0
245 233 237 0
315 302 303 0
288 287 284 0
271 275 284 0
294 307 308 0
280 294 288 0
295 307 294 0
327 317 315 0
301 308 314 0
287 288 300 0
302 291 289 0
316 315 303 0
306 293 302 0
315 306 302 0
328 315 316 0
329 338 342 0
318 329 330 0
327 338 329 0
328 327 315 0
328 341 327 0
305 318 311 0
285 292 298 0
304 317 305 0
317 327 329 0
330 334 323 0
298 286 285 0
308 301 294 0
294 301 288 0
319 308 307 0
319 331 320 0
314 313 301 0
275 271 264 0
277 266 265 0
289 277 276 0
289 291 277 0
279 278 291 0
306 304 293 0
285 273 279 0
261 262 248 0
267 261 253 0
267 273 261 0
274 273 285 0
261 248 253 0
338 341 351 0
262 263 249 0
267 278 279 0
262 261 273 0
253 254 267 0
273 263 262 0
304 305 292 0
293 304 292 0
279 293 292 0
291 302 293 0
306 317 304 0
286 296 282 0
286 299 296 0
270 274 282 0
298 299 286 0
292 305 298 0
279 292 285 0
279 291 293 0
311 299 298 0
330 323 318 0
323 324 312 0
323 335 324 0
318 323 311 0
334 335 323 0
342 334 330 0
342 354 346 0
333 344 345 0
322 333 331 0
322 332 333 0
324 332 321 0
336 343 332 0
347 336 335 0
348 343 336 0
307 310 319 0
338 327 341 0
342 338 351 0
317 318 305 0
315 317 306 0
329 318 317 0
301 300 288 0
351 341 353 0
365 363 353 0
314 325 313 0
380 389 393 0
326 325 314 0
352 339 345 0
337 340 350 0
337 325 326 0
368 380 378 0
363 368 355 0
365 377 368 0
352 340 339 0
349 350 362 0
349 337 350 0
346 354 359 0
335 346 347 0
334 342 346 0
363 355 351 0
353 363 351 0
365 368 363 0
366 367 354 0
368 366 355 0
378 367 366 0
368 378 366 0
389 380 377 0
393 403 390 0
402 393 389 0
393 390 380 0
402 403 393 0
391 405 392 0
403 404 390 0
416 417 404 0
404 417 405 0
386 398 387 0
374 386 375 0
361 374 375 0
385 372 381 0
362 364 374 0
352 350 340 0
358 352 345 0
362 350 352 0
388 400 401 0
376 388 386 0
397 407 400 0
376 385 388 0
385 381 394 0
417 418 405 0
419 409 420 0
407 396 409 0
361 362 374 0
366 354 355 0
390 391 378 0
359 347 346 0
373 359 367 0
373 360 359 0
370 369 356 0
383 370 371 0
381 369 370 0
312 321 309 0
336 324 335 0
336 332 324 0
331 333 339 0
340 326 339 0
310 297 296 0
322 310 321 0
322 319 310 0
320 308 319 0
326 320 331 0
314 308 320 0
326 314 320 0
339 326 331 0
340 337 326 0
313 300 301 0
307 297 310 0
382 395 396 0
356 348 360 0
371 356 360 0
369 357 356 0
376 386 374 0
372 376 364 0
358 372 364 0
369 381 372 0
385 397 388 0
372 385 376 0
381 382 394 0
343 348 356 0
357 343 356 0
358 357 369 0
358 345 357 0
344 332 343 0
373 367 379 0
392 384 379 0
360 348 359 0
371 360 373 0
382 370 383 0
370 356 371 0
348 347 359 0
283 297 295 0
269 270 281 0
282 296 283 0
274 286 282 0
273 274 263 0
285 286 274 0
296 297 283 0
309 296 299 0
311 312 299 0
321 310 309 0
312 324 321 0
299 312 309 0
311 323 312 0
322 331 319 0
332 322 321 0
332 344 333 0
283 295 281 0
309 310 296 0
307 295 297 0
380 368 377 0
458 459 466 0
423 424 433 0
400 412 411 0
419 424 412 0
407 419 412 0
401 398 388 0
413 401 411 0
413 410 401 0
396 395 408 0
397 394 407 0
382 383 395 0
394 382 396 0
407 394 396 0
397 385 394 0
381 370 382 0
406 395 392 0
418 406 405 0
418 408 406 0
420 408 421 0
409 396 408 0
456 443 455 0
462 460 448 0
476 462 471 0
476 474 462 0
435 442 430 0
443 435 431 0
448 447 435 0
471 462 456 0
442 449 436 0
433 436 446 0
424 420 430 0
433 424 436 0
445 433 446 0
445 434 433 0
431 421 429 0
448 435 443 0
430 421 431 0
419 420 424 0
419 407 409 0
418 417 429 0
408 418 421 0
408 395 406 0
421 418 429 0
384 373 379 0
395 384 392 0
383 371 384 0
404 403 416 0
391 390 404 0
405 391 404 0
379 378 391 0
378 380 390 0
416 428 417 0
439 426 438 0
417 428 429 0
416 426 428 0
379 367 378 0
392 379 391 0
406 392 405 0
395 383 384 0
384 371 373 0
352 364 362 0
343 357 344 0
369 372 358 0
402 414 415 0
362 361 349 0
352 358 364 0
333 345 339 0
344 357 345 0
374 364 376 0
415 414 426 0
416 415 426 0
403 402 415 0
458 446 459 0
464 451 466 0
478 464 466 0
465 450 464 0
445 446 458 0
425 434 437 0
422 425 432 0
413 411 423 0
422 413 425 0
422 410 413 0
423 412 424 0
425 423 434 0
411 412 423 0
410 399 401 0
408 420 409 0
441 431 429 0
430 420 421 0
456 448 443 0
436 424 430 0
400 388 397 0
388 398 386 0
412 400 407 0
411 401 400 0
399 387 398 0
414 427 426 0
439 452 453 0
427 438 426 0
440 452 438 0
375 386 387 0
454 452 440 0
398 401 399 0
480 467 468 0
441 429 428 0
439 441 428 0
467 453 452 0
455 443 453 0
443 431 441 0
460 474 461 0
447 460 461 0
449 447 461 0
463 449 461 0
446 436 449 0
442 435 447 0
448 456 462 0
469 471 456 0
455 469 456 0
470 482 469 0
476 489 488 0
483 484 471 0
483 498 484 0
449 463 459 0
447 448 460 0
430 442 436 0
430 431 435 0
474 475 461 0
438 427 440 0
439 428 426 0
452 439 438 0
453 441 439 0
416 403 415 0
413 423 425 0
476 471 484 0
489 476 484 0
474 460 462 0
463 461 475 0
469 455 470 0
467 470 455 0
454 467 452 0
454 468 467 0
468 481 480 0
432 425 437 0
451 458 466 0
437 451 450 0
445 458 451 0
437 445 451 0
434 423 433 0
482 483 471 0
480 482 470 0
467 480 470 0
481 496 495 0
495 496 509 0
482 495 497 0
480 481 495 0
482 480 495 0
465 464 478 0
444 450 457 0
437 434 445 0
444 437 450 0
444 432 437 0
509 497 495 0
522 509 510 0
511 498 509 0
511 523 515 0
497 509 498 0
522 523 511 0
517 522 510 0
517 530 522 0
453 443 441 0
467 455 453 0
469 482 471 0
449 459 446 0
477 463 475 0
477 486 473 0
478 466 473 0
493 478 486 0
479 465 478 0
465 457 450 0
536 530 543 0
541 528 536 0
538 529 542 0
551 538 542 0
540 526 538 0
516 515 528 0
526 516 529 0
539 526 540 0
527 514 526 0
539 527 526 0
552 539 540 0
546 545 532 0
518 505 514 0
515 523 528 0
504 515 516 0
502 498 511 0
523 522 536 0
528 529 516 0
536 528 523 0
541 529 528 0
515 502 511 0
449 442 447 0
498 489 484 0
491 502 504 0
474 476 488 0
498 502 489 0
497 498 483 0
482 497 483 0
496 510 509 0
509 522 511 0
532 539 546 0
518 532 531 0
527 539 532 0
500 503 513 0
560 568 575 0
565 580 564 0
563 565 553 0
563 578 579 0
547 550 537 0
524 535 537 0
533 544 534 0
519 533 525 0
531 545 533 0
556 568 560 0
548 556 560 0
520 525 534 0
533 545 544 0
545 546 557 0
544 545 556 0
531 532 545 0
559 574 562 0
550 559 562 0
548 560 559 0
590 581 598 0
610 590 611 0
630 610 611 0
608 591 588 0
589 608 588 0
627 632 612 0
571 568 557 0
590 571 572 0
589 575 571 0
548 544 556 0
573 559 560 0
547 534 548 0
572 581 590 0
589 571 590 0
557 558 572 0
591 592 574 0
508 499 494 0
519 506 518 0
513 503 506 0
520 513 525 0
507 500 513 0
500 486 490 0
494 493 507 0
490 492 503 0
519 531 533 0
519 518 531 0
513 519 525 0
506 505 518 0
513 506 519 0
503 492 506 0
501 491 504 0
492 501 505 0
492 487 501 0
474 488 487 0
501 504 514 0
489 491 488 0
489 502 491 0
514 516 526 0
501 488 491 0
502 515 504 0
514 504 516 0
518 514 527 0
505 501 514 0
522 530 536 0
552 558 546 0
553 552 540 0
553 564 552 0
572 558 564 0
556 557 568 0
546 558 557 0
518 527 532 0
539 552 546 0
479 494 485 0
478 493 479 0
473 486 478 0
459 473 466 0
463 477 473 0
490 503 500 0
477 490 486 0
492 505 506 0
477 492 490 0
477 475 487 0
500 507 493 0
486 500 493 0
459 463 473 0
487 488 501 0
477 487 492 0
475 474 487 0
520 534 535 0
555 561 549 0
494 507 508 0
485 494 499 0
465 472 457 0
451 464 450 0
479 472 465 0
494 479 493 0
485 472 479 0
554 549 561 0
508 507 520 0
512 508 521 0
512 499 508 0
578 566 576 0
551 554 563 0
541 536 549 0
554 541 549 0
542 529 541 0
526 529 538 0
549 543 555 0
542 541 554 0
536 543 549 0
520 507 513 0
533 534 525 0
521 508 520 0
535 521 520 0
547 535 534 0
547 537 535 0
524 512 521 0
576 561 567 0
582 576 569 0
566 563 554 0
593 578 576 0
579 565 563 0
596 579 578 0
596 597 579 0
535 524 521 0
576 567 569 0
540 538 551 0
555 567 561 0
544 548 534 0
545 557 556 0
573 574 559 0
593 614 596 0
582 594 576 0
594 600 616 0
576 594 593 0
582 600 594 0
575 573 560 0
616 620 637 0
614 615 635 0
600 620 616 0
551 553 540 0
554 551 542 0
563 553 551 0
566 578 563 0
561 566 554 0
561 576 566 0
579 597 580 0
594 616 615 0
564 558 552 0
598 611 590 0
580 598 581 0
619 631 611 0
580 597 599 0
639 631 619 0
608 610 627 0
573 588 591 0
575 568 571 0
573 575 588 0
571 557 572 0
599 597 618 0
598 599 619 0
598 580 599 0
630 647 627 0
631 630 611 0
631 652 630 0
651 669 653 0
637 659 658 0
658 659 679 0
660 681 680 0
673 695 674 0
581 572 564 0
580 581 564 0
553 565 564 0
618 614 635 0
619 618 639 0
597 614 618 0
565 579 580 0
596 614 597 0
589 610 608 0
575 589 588 0
590 610 589 0
733 720 741 0
694 713 712 0
699 720 713 0
613 595 592 0
593 596 578 0
657 635 636 0
635 639 618 0
635 651 639 0
615 616 636 0
593 615 614 0
593 594 615 0
657 651 635 0
678 657 658 0
677 699 690 0
673 694 695 0
657 678 677 0
677 678 699 0
669 677 690 0
669 657 677 0
619 611 598 0
618 619 599 0
654 634 632 0
617 633 638 0
612 608 627 0
633 612 634 0
613 591 612 0
595 613 617 0
591 608 612 0
574 573 591 0
562 574 577 0
559 547 548 0
559 550 547 0
636 637 658 0
592 577 574 0
613 592 591 0
595 577 592 0
636 658 657 0
615 636 635 0
616 637 636 0
640 637 620 0
640 659 637 0
617 613 633 0
701 680 681 0
701 721 700 0
702 701 681 0
702 722 701 0
678 658 679 0
638 633 656 0
640 660 659 0
655 654 632 0
652 655 647 0
674 691 672 0
754 733 741 0
680 701 700 0
659 680 679 0
659 660 680 0
702 723 722 0
675 672 691 0
697 675 698 0
718 697 698 0
709 688 697 0
676 654 675 0
668 656 676 0
632 627 647 0
655 632 647 0
634 612 632 0
676 656 654 0
633 613 612 0
742 743 763 0
738 737 716 0
761 740 762 0
783 761 762 0
774 752 761 0
739 719 740 0
656 668 648 0
634 656 633 0
634 654 656 0
651 653 639 0
655 652 674 0
647 630 652 0
610 630 627 0
720 699 700 0
700 699 678 0
741 720 721 0
733 754 753 0
712 733 732 0
713 720 733 0
694 690 699 0
713 694 699 0
733 712 713 0
738 732 753 0
738 716 732 0
716 696 695 0
732 716 712 0
760 738 753 0
737 717 716 0
759 737 738 0
740 719 737 0
717 696 716 0
673 652 653 0
672 655 674 0
696 675 691 0
654 655 672 0
669 651 657 0
673 669 690 0
694 673 690 0
674 652 673 0
653 631 639 0
673 653 669 0
652 631 653 0
755 743 734 0
775 785 782 0
741 764 754 0
763 785 764 0
785 765 786 0
810 836 807 0
786 765 776 0
810 786 797 0
807 785 786 0
821 849 838 0
733 753 732 0
763 764 741 0
764 785 775 0
743 723 734 0
743 722 723 0
765 743 755 0
742 722 743 0
741 742 763 0
721 722 742 0
721 701 722 0
805 781 782 0
833 809 804 0
760 753 775 0
780 759 760 0
759 740 737 0
774 761 783 0
709 711 689 0
688 709 689 0
648 668 667 0
676 675 697 0
668 676 688 0
667 668 688 0
648 638 656 0
654 672 675 0
697 718 709 0
691 695 696 0
711 710 689 0
718 711 709 0
719 718 698 0
739 731 718 0
731 730 710 0
718 731 711 0
752 774 772 0
731 752 750 0
739 740 761 0
688 676 697 0
700 679 680 0
720 700 721 0
678 679 700 0
739 761 752 0
776 756 777 0
797 786 776 0
765 763 743 0
776 765 755 0
785 763 765 0
782 785 807 0
775 753 754 0
764 775 754 0
782 760 775 0
741 721 742 0
734 756 755 0
750 752 772 0
730 750 751 0
731 739 752 0
689 667 688 0
759 738 760 0
781 780 760 0
762 740 759 0
719 717 737 0
718 719 739 0
698 717 719 0
695 691 674 0
712 695 694 0
712 716 695 0
698 696 717 0
698 675 696 0
820 796 798 0
796 776 777 0
810 797 821 0
810 807 786 0
755 756 776 0
772 773 751 0
750 772 751 0
774 794 772 0
794 783 808 0
730 731 750 0
731 710 711 0
822 827 847 0
820 821 797 0
847 848 820 0
822 847 820 0
827 855 847 0
877 849 848 0
899 867 901 0
796 797 776 0
798 796 777 0
820 797 796 0
822 820 798 0
848 821 820 0
838 810 821 0
805 782 807 0
866 865 834 0
836 866 835 0
867 899 866 0
781 760 782 0
817 808 830 0
827 803 828 0
877 847 855 0
822 803 827 0
794 793 772 0
784 809 808 0
780 784 762 0
780 804 784 0
759 780 762 0
781 804 780 0
877 901 867 0
821 848 849 0
856 829 857 0
827 828 855 0
803 829 828 0
891 892 861 0
876 891 861 0
910 923 891 0
944 908 935 0
956 944 971 0
910 909 944 0
892 891 923 0
876 875 909 0
846 845 876 0
874 864 897 0
909 874 908 0
944 909 908 0
910 876 909 0
875 844 874 0
924 957 925 0
909 875 874 0
989 1017 988 0
817 830 844 0
793 817 818 0
794 808 817 0
793 794 817 0
773 793 795 0
773 772 793 0
774 783 794 0
952 918 917 0
973 952 985 0
937 918 952 0
936 900 938 0
899 901 937 0
857 886 856 0
952 917 951 0
917 885 919 0
920 922 954 0
864 833 863 0
897 864 863 0
844 830 837 0
818 795 793 0
844 845 817 0
819 795 818 0
783 762 784 0
886 857 862 0
876 861 846 0
819 845 846 0
935 897 898 0
898 863 865 0
936 898 900 0
972 936 938 0
972 971 935 0
897 863 898 0
936 935 898 0
908 874 897 0
956 923 944 0
874 844 864 0
845 818 817 0
876 845 875 0
819 818 845 0
837 833 864 0
844 837 864 0
830 808 837 0
875 845 844 0
833 834 863 0
808 809 837 0
806 781 805 0
834 804 835 0
809 784 804 0
837 809 833 0
808 783 784 0
865 899 900 0
834 865 863 0
834 835 866 0
953 951 919 0
836 805 807 0
838 836 810 0
867 838 849 0
867 866 838 0
877 867 849 0
899 865 866 0
835 806 836 0
838 866 836 0
834 833 804 0
856 828 829 0
885 856 886 0
885 884 856 0
856 884 855 0
918 884 917 0
918 901 884 0
877 848 847 0
889 887 922 0
862 889 886 0
862 859 889 0
887 888 921 0
1007 998 1008 0
1037 1036 1008 0
999 976 1007 0
928 960 940 0
1019 1000 992 0
1006 975 991 0
925 893 924 0
910 891 876 0
601 584 583 0
585 584 601 0
586 570 585 0
570 583 584 0
602 601 621 0
623 609 621 0
585 601 602 0
586 585 602 0
585 570 584 0
602 603 586 0
609 603 602 0
621 609 602 0
623 603 609 0
641 623 621 0
629 622 623 0
641 629 623 0
641 661 643 0
622 603 623 0
643 642 622 0
641 643 629 0
649 663 642 0
661 649 643 0
661 663 649 0
643 622 629 0
682 663 661 0
663 662 642 0
643 649 642 0
671 662 663 0
682 671 663 0
682 703 684 0
684 683 662 0
682 684 671 0
693 683 684 0
703 693 684 0
703 724 704 0
671 684 662 0
704 693 703 0
715 704 724 0
715 705 704 0
683 693 704 0
726 744 736 0
726 724 744 0
725 726 736 0
715 724 726 0
705 715 726 0
705 683 704 0
726 725 705 0
766 746 744 0
746 745 725 0
744 746 736 0
758 745 746 0
766 758 746 0
766 787 768 0
746 725 736 0
768 779 767 0
766 768 758 0
787 779 768 0
768 745 758 0
811 788 787 0
767 745 768 0
779 788 767 0
788 789 767 0
787 788 779 0
811 802 788 0
802 789 788 0
839 812 811 0
812 789 802 0
812 813 789 0
811 812 802 0
840 841 813 0
839 840 812 0
839 868 840 0
839 869 868 0
868 841 840 0
841 831 813 0
812 840 813 0
868 870 841 0
903 902 869 0
902 939 929 0
870 858 841 0
869 902 868 0
888 858 870 0
896 888 870 0
987 986 954 0
955 987 954 0
939 962 929 0
939 967 974 0
1005 1016 987 0
921 888 896 0
930 962 955 0
921 930 955 0
929 962 930 0
922 887 921 0
955 962 987 0
922 955 954 0
921 896 930 0
920 889 922 0
887 858 888 0
858 887 859 0
841 858 831 0
902 903 939 0
870 902 896 0
870 868 902 0
1005 974 1004 0
859 887 889 0
859 831 858 0
886 889 920 0
1015 1003 985 0
900 937 938 0
865 900 898 0
899 937 900 0
806 805 836 0
804 806 835 0
804 781 806 0
828 856 855 0
919 885 886 0
919 951 917 0
1068 1043 1059 0
1032 1042 1058 0
1032 1015 1042 0
951 953 984 0
985 951 984 0
919 886 920 0
953 919 920 0
917 884 885 0
985 952 951 0
884 901 877 0
973 937 952 0
884 877 855 0
1016 1005 1034 0
1014 1016 1034 0
986 987 1016 0
953 986 984 0
955 922 921 0
953 954 986 0
953 920 954 0
974 987 962 0
1014 986 1016 0
896 929 930 0
902 929 896 0
974 967 997 0
987 974 1005 0
962 939 974 0
974 997 1004 0
1033 1004 1024 0
1033 1034 1004 0
1014 984 986 0
1043 1014 1034 0
1042 1015 1014 0
1014 1015 984 0
1056 1031 1058 0
1002 989 971 0
1032 1031 1003 0
1030 1017 1002 0
985 984 1015 0
935 971 944 0
897 935 908 0
936 972 935 0
973 972 938 0
1003 1002 972 0
973 1003 972 0
937 973 938 0
985 1003 973 0
1031 1030 1002 0
1003 1031 1002 0
1032 1058 1031 0
918 937 901 0
1004 997 1024 0
1025 1052 1026 0
999 1025 1026 0
1007 1036 1025 0
1093 1136 1137 0
1056 1093 1057 0
1094 1136 1093 0
1057 1093 1095 0
1045 1019 1044 0
1006 1027 1035 0
1006 1000 1027 0
960 991 975 0
940 960 975 0
960 961 991 0
1019 1026 1044 0
972 1002 971 0
1002 1017 989 0
1056 1030 1031 0
1037 1008 1017 0
1057 1037 1030 0
1057 1062 1037 0
1056 1057 1030 0
1094 1056 1058 0
1094 1093 1056 0
1062 1052 1036 0
1008 998 977 0
1030 1037 1017 0
1036 1052 1025 0
1008 1036 1007 0
1037 1062 1036 0
1069 1044 1070 0
1070 1106 1069 0
1061 1045 1069 0
957 943 925 0
956 957 924 0
969 998 976 0
977 969 942 0
977 998 969 0
988 977 957 0
988 1008 977 0
957 977 943 0
989 988 956 0
1017 1008 988 0
991 1000 1006 0
928 961 960 0
961 970 992 0
1025 999 1007 0
1026 1019 999 0
1044 1026 1052 0
1070 1044 1052 0
1062 1070 1052 0
1069 1106 1100 0
1045 1035 1027 0
1069 1045 1044 0
1061 1035 1045 0
1019 1027 1000 0
971 989 956 0
923 910 944 0
1032 1003 1015 0
1033 1051 1060 0
1027 1019 1045 0
1142 1099 1143 0
1069 1100 1061 0
1062 1095 1070 0
1067 1096 1058 0
1139 1184 1182 0
1094 1139 1136 0
1138 1184 1139 0
1144 1100 1106 0
1060 1051 1074 0
1099 1060 1074 0
1108 1099 1074 0
1142 1098 1099 0
1098 1059 1060 0
1137 1183 1144 0
1139 1094 1138 0
1183 1136 1182 0
1095 1062 1057 0
1137 1095 1093 0
1137 1106 1095 0
1106 1137 1144 0
1106 1070 1095 0
1096 1097 1138 0
1043 1068 1067 0
1014 1043 1042 0
1034 1059 1043 0
1059 1097 1068 0
1033 1059 1034 0
1005 1004 1034 0
1024 1051 1033 0
1096 1138 1094 0
1058 1096 1094 0
1067 1068 1096 0
1098 1097 1059 0
1098 1142 1141 0
1033 1060 1059 0
1185 1229 1184 0
1138 1140 1184 0
1186 1229 1185 0
1140 1141 1186 0
1184 1140 1185 0
1138 1097 1140 0
1230 1231 1261 0
1141 1187 1186 0
1060 1099 1098 0
1143 1187 1142 0
1188 1150 1194 0
1108 1143 1099 0
1227 1183 1182 0
1265 1229 1266 0
1264 1265 1300 0
1228 1229 1265 0
1227 1228 1264 0
1184 1229 1228 0
1136 1139 1182 0
1140 1097 1141 0
1151 1150 1108 0
1137 1136 1183 0
1096 1068 1097 0
1042 1067 1058 0
1042 1043 1067 0
1141 1142 1187 0
1185 1140 1186 0
1097 1098 1141 0
1143 1150 1188 0
1228 1227 1182 0
1184 1228 1182 0
1196 1195 1151 0
1623 1624 1621 0
1623 1622 1624 0
1617 1616 1620 0
1619 1622 1623 0
1608 1600 1607 0
1613 1614 1607 0
1615 1609 1608 0
1621 1617 1620 0
1611 1612 1605 0
1610 1611 1604 0
1610 1616 1611 0
1615 1616 1609 0
1617 1612 1616 0
1614 1615 1608 0
1622 1619 1618 0
1623 1620 1619 0
1596 1603 1592 0
1616 1610 1609 0
1616 1612 1611 0
1614 1613 1618 0
1619 1614 1618 0
1608 1607 1614 0
1603 1604 1592 0
1603 1610 1604 0
1594 1603 1596 0
1601 1609 1603 0
1603 1609 1610 0
1591 1601 1594 0
1600 1608 1601 0
1620 1623 1621 0
1615 1620 1616 0
1615 1619 1620 0
1605 1597 1602 0
1607 1606 1613 0
1581 1593 1587 0
1598 1606 1607 0
1580 1592 1593 0
1590 1588 1598 0
1601 1591 1600 0
1579 1567 1578 0
1591 1582 1579 0
1600 1591 1590 0
1594 1582 1591 0
1571 1567 1579 0
1559 1567 1571 0
1555 1554 1566 0
1566 1577 1578 0
1583 1584 1595 0
1577 1583 1589 0
1572 1584 1583 0
1598 1600 1590 0
1615 1614 1619 0
1593 1581 1580 0
1602 1593 1592 0
1602 1597 1593 0
1585 1586 1574 0
1571 1582 1575 0
1559 1571 1564 0
1579 1578 1588 0
1594 1596 1585 0
1591 1579 1590 0
1585 1582 1594 0
1571 1579 1582 0
1575 1564 1571 0
1585 1575 1582 0
1585 1574 1575 0
1589 1595 1599 0
1578 1577 1588 0
1577 1572 1583 0
1601 1608 1609 0
1576 1581 1587 0
1598 1607 1600 0
1589 1598 1588 0
1589 1599 1598 0
1611 1605 1604 0
1544 1553 1541 0
1530 1544 1541 0
1527 1530 1541 0
1529 1534 1543 0
1519 1529 1530 0
1519 1514 1523 0
1543 1556 1544 0
1530 1529 1543 0
1547 1540 1552 0
1579 1588 1590 0
1566 1578 1567 0
1577 1589 1588 0
1557 1565 1553 0
1544 1557 1553 0
1556 1568 1557 0
1547 1556 1543 0
1568 1563 1574 0
1557 1568 1569 0
1560 1563 1568 0
1598 1599 1606 0
1565 1569 1576 0
1549 1538 1537 0
1550 1558 1549 0
1539 1550 1549 0
1558 1566 1554 0
1562 1561 1550 0
1572 1570 1561 0
1595 1589 1583 0
1558 1554 1545 0
1561 1558 1550 0
1561 1570 1558 0
1577 1570 1572 0
1558 1545 1549 0
1566 1558 1570 0
1577 1566 1570 0
1567 1555 1566 0
1555 1542 1554 0
1580 1581 1568 0
1592 1580 1586 0
1596 1592 1586 0
1585 1596 1586 0
1594 1601 1603 0
1593 1597 1587 0
1604 1602 1592 0
1604 1605 1602 0
1581 1569 1568 0
1514 1513 1523 0
1542 1555 1548 0
1556 1557 1544 0
1584 1572 1573 0
1572 1561 1573 0
1561 1562 1573 0
1550 1551 1562 0
1563 1564 1575 0
1574 1563 1575 0
1580 1574 1586 0
1580 1568 1574 0
1560 1552 1563 0
1568 1556 1560 0
1576 1569 1581 0
1565 1557 1569 0
1546 1533 1532 0
1552 1540 1546 0
1563 1552 1564 0
1560 1547 1552 0
1547 1533 1540 0
1556 1547 1560 0
1543 1534 1547 0
1534 1522 1533 0
1544 1530 1543 0
1523 1513 1522 0
1529 1523 1534 0
1529 1519 1523 0
1531 1520 1521 0
1545 1531 1538 0
1545 1536 1531 0
1536 1528 1525 0
1531 1536 1525 0
1545 1542 1536 0
1518 1511 1512 0
1524 1518 1528 0
1524 1515 1518 0
1542 1535 1528 0
1515 1513 1505 0
1549 1545 1538 0
1539 1549 1537 0
1539 1551 1550 0
1548 1555 1559 0
1532 1535 1546 0
1522 1532 1533 0
1524 1535 1532 0
1535 1542 1548 0
1546 1535 1548 0
1559 1546 1548 0
1540 1533 1546 0
1524 1528 1535 0
1538 1531 1526 0
1537 1538 1526 0
1524 1532 1522 0
1536 1542 1528 0
1545 1554 1542 0
1527 1519 1530 0
1521 1520 1510 0
1509 1520 1516 0
1502 1511 1507 0
1497 1502 1507 0
1492 1493 1502 0
1503 1499 1509 0
1509 1510 1520 0
1509 1499 1500 0
1501 1510 1509 0
1508 1514 1519 0
1498 1508 1506 0
1498 1504 1508 0
1496 1498 1506 0
1494 1495 1505 0
1481 1482 1491 0
1508 1517 1506 0
1559 1555 1567 0
1552 1559 1564 0
1552 1546 1559 0
1527 1517 1519 0
1485 1498 1496 0
1508 1519 1517 0
1504 1514 1508 0
1494 1504 1498 0
1486 1494 1498 0
1486 1495 1494 0
1505 1497 1507 0
1534 1533 1547 0
1504 1513 1514 0
1531 1521 1526 0
1518 1516 1525 0
1516 1512 1509 0
1525 1516 1520 0
1531 1525 1520 0
1528 1518 1525 0
1512 1503 1509 0
1518 1512 1516 0
1511 1503 1512 0
1485 1486 1498 0
1472 1485 1483 0
1472 1473 1485 0
1484 1473 1471 0
1453 1456 1471 0
1473 1484 1486 0
1457 1474 1456 0
1481 1491 1484 0
1469 1481 1474 0
1469 1482 1481 0
1458 1475 1469 0
1487 1476 1488 0
1492 1487 1493 0
1482 1475 1487 0
1488 1477 1478 0
1493 1487 1499 0
1499 1487 1488 0
1461 1442 1462 0
1460 1461 1476 0
1460 1441 1461 0
1476 1477 1488 0
1443 1459 1458 0
1440 1424 1419 0
1441 1440 1423 0
1459 1443 1440 0
1465 1447 1466 0
1478 1465 1479 0
1467 1449 1465 0
1495 1486 1484 0
1491 1497 1484 0
1523 1522 1534 0
1494 1505 1504 0
1505 1507 1515 0
1504 1505 1513 0
1495 1497 1505 0
1515 1507 1518 0
1518 1507 1511 0
1522 1515 1524 0
1522 1513 1515 0
1497 1491 1502 0
1484 1497 1495 0
1491 1492 1502 0
1511 1502 1503 0
1474 1481 1484 0
1502 1493 1503 0
1482 1492 1491 0
1482 1487 1492 0
1458 1459 1475 0
1475 1476 1487 0
1499 1503 1493 0
1489 1500 1499 0
1478 1489 1488 0
1479 1480 1489 0
1467 1465 1478 0
1480 1490 1489 0
1500 1501 1509 0
1488 1489 1499 0
1490 1501 1500 0
1489 1490 1500 0
1466 1480 1479 0
1485 1496 1483 0
1471 1455 1453 0
1474 1471 1456 0
1473 1455 1471 0
1485 1473 1486 0
1472 1455 1473 0
1470 1472 1483 0
1454 1433 1432 0
1470 1454 1472 0
1470 1452 1454 0
1451 1450 1467 0
1464 1451 1468 0
1464 1448 1451 0
1465 1466 1479 0
1467 1450 1449 0
1447 1465 1449 0
1478 1468 1467 0
1467 1468 1451 0
1477 1468 1478 0
1477 1464 1468 0
1464 1463 1446 0
1461 1462 1477 0
1427 1404 1428 0
1427 1445 1442 0
1426 1405 1427 0
1463 1477 1462 0
1448 1464 1446 0
1448 1450 1451 0
1463 1445 1444 0
1477 1463 1464 0
1462 1445 1463 0
1427 1405 1404 0
1428 1444 1427 0
1374 1400 1397 0
1426 1402 1405 0
1426 1442 1422 0
1426 1401 1402 0
1398 1397 1421 0
1401 1400 1375 0
1422 1401 1426 0
1422 1400 1401 0
1421 1422 1442 0
1356 1383 1348 0
1386 1387 1356 0
1360 1388 1386 0
1320 1360 1357 0
1320 1358 1360 0
1415 1387 1386 0
1415 1438 1437 0
1389 1416 1388 0
1390 1389 1358 0
1390 1391 1417 0
1425 1439 1418 0
1399 1425 1418 0
1443 1439 1425 0
1437 1456 1436 0
1458 1457 1438 0
1458 1469 1457 0
1413 1412 1383 0
1415 1413 1387 0
1436 1435 1413 0
1437 1436 1413 0
1415 1437 1413 0
1438 1457 1437 0
1413 1383 1387 0
1435 1412 1413 0
1453 1435 1436 0
1434 1414 1435 0
1434 1410 1414 0
1367 1372 1340 0
1371 1370 1338 0
1372 1366 1340 0
1338 1370 1367 0
1372 1395 1366 0
1366 1332 1340 0
1334 1367 1340 0
1329 1365 1328 0
1339 1365 1333 0
1369 1394 1365 0
1395 1396 1420 0
1394 1376 1403 0
1372 1396 1395 0
1362 1392 1391 0
1335 1365 1368 0
1392 1418 1391 0
1342 1373 1364 0
1399 1418 1392 0
1406 1399 1393 0
1419 1406 1393 0
1424 1399 1406 0
1424 1443 1425 0
1394 1403 1419 0
1365 1394 1368 0
1376 1395 1403 0
1369 1376 1394 0
1369 1366 1376 0
1337 1369 1339 0
1337 1366 1369 0
1332 1366 1337 0
1475 1460 1476 0
1469 1475 1482 0
1459 1460 1475 0
1424 1440 1443 0
1441 1460 1459 0
1440 1441 1459 0
1421 1442 1441 0
1444 1429 1446 0
1444 1446 1463 0
1442 1445 1462 0
1426 1427 1442 0
1428 1429 1444 0
1461 1477 1476 0
1445 1427 1444 0
1478 1479 1489 0
1453 1432 1434 0
1456 1453 1436 0
1455 1432 1453 0
1471 1474 1484 0
1472 1454 1455 0
1361 1359 1322 0
1388 1358 1389 0
1386 1388 1415 0
1386 1357 1360 0
1318 1283 1319 0
1366 1395 1376 0
1369 1365 1339 0
1365 1329 1333 0
1365 1335 1328 0
1393 1363 1368 0
1328 1295 1329 0
1368 1341 1335 0
1297 1295 1328 0
1341 1330 1328 0
1335 1341 1328 0
1330 1363 1326 0
1368 1363 1341 0
1363 1330 1341 0
1297 1330 1296 0
1297 1328 1330 0
1342 1364 1327 0
1326 1342 1327 0
1363 1373 1342 0
1424 1425 1399 0
1441 1442 1461 0
1423 1421 1441 0
1419 1403 1420 0
1398 1370 1397 0
1420 1398 1423 0
1396 1370 1398 0
1397 1371 1374 0
1423 1398 1421 0
1367 1334 1338 0
1396 1367 1370 0
1396 1372 1367 0
1420 1403 1395 0
1440 1420 1423 0
1440 1419 1420 0
1398 1420 1396 0
1406 1419 1424 0
1393 1368 1394 0
1419 1393 1394 0
1400 1374 1375 0
1402 1401 1375 0
1397 1370 1371 0
1422 1397 1400 0
1422 1421 1397 0
1331 1323 1298 0
1298 1292 1327 0
1364 1331 1327 0
1292 1289 1262 0
1293 1296 1326 0
1326 1363 1342 0
1292 1262 1293 0
1326 1292 1293 0
1292 1298 1289 0
1296 1330 1326 0
1331 1298 1327 0
1362 1331 1364 0
1362 1323 1331 0
1373 1392 1364 0
1393 1373 1363 0
1393 1399 1373 0
1373 1399 1392 0
1458 1439 1443 0
1437 1457 1456 0
1416 1438 1415 0
1388 1416 1415 0
1389 1417 1416 0
1439 1458 1438 0
1320 1284 1318 0
1388 1360 1358 0
1357 1317 1320 0
1325 1362 1361 0
1290 1291 1324 0
1323 1362 1325 0
1291 1323 1325 0
1324 1291 1325 0
1290 1259 1291 0
1322 1290 1324 0
1289 1259 1258 0
1289 1298 1323 0
1457 1469 1474 0
1326 1327 1292 0
1291 1259 1289 0
1258 1262 1289 0
1259 1260 1224 0
1323 1291 1289 0
1290 1260 1259 0
1361 1362 1391 0
1359 1361 1390 0
1324 1325 1361 0
1287 1290 1322 0
1258 1259 1224 0
1225 1260 1255 0
1225 1224 1260 0
1287 1260 1290 0
1286 1287 1321 0
1286 1255 1287 0
1287 1255 1260 0
1256 1253 1222 0
1319 1285 1288 0
1283 1252 1285 0
1254 1255 1286 0
1221 1225 1255 0
1254 1221 1255 0
1254 1220 1221 0
1257 1254 1286 0
1257 1223 1254 0
1254 1223 1220 0
1288 1257 1286 0
1288 1256 1257 0
1257 1226 1223 0
1257 1256 1226 0
1285 1253 1256 0
1439 1438 1416 0
1318 1358 1320 0
1283 1318 1284 0
1359 1358 1318 0
1322 1359 1321 0
1287 1322 1321 0
1324 1361 1322 0
1390 1358 1359 0
1391 1390 1361 0
1364 1392 1362 0
1418 1439 1417 0
1417 1439 1416 0
1390 1417 1389 0
1391 1418 1417 0
1317 1284 1320 0
1277 1315 1278 0
1171 1212 1172 0
1173 1171 1132 0
1173 1213 1211 0
1280 1248 1282 0
1244 1219 1216 0
1217 1218 1253 0
1288 1285 1256 0
1321 1288 1286 0
1321 1359 1319 0
1253 1218 1222 0
1226 1256 1222 0
1214 1213 1173 0
1285 1252 1253 0
1250 1213 1214 0
1283 1250 1252 0
1283 1251 1250 0
1319 1283 1285 0
1321 1319 1288 0
1359 1318 1319 0
1211 1249 1248 0
1214 1217 1250 0
1173 1174 1214 0
1177 1179 1214 0
1283 1284 1251 0
1252 1217 1253 0
1217 1214 1179 0
1218 1217 1179 0
1252 1250 1217 0
1251 1282 1249 0
1250 1251 1213 0
1284 1282 1251 0
1211 1212 1171 0
823 799 824 0
850 878 854 0
850 854 826 0
851 850 824 0
851 880 879 0
879 912 878 0
850 879 878 0
880 914 879 0
879 850 851 0
912 879 914 0
826 825 800 0
823 826 800 0
799 823 800 0
824 850 823 0
854 852 826 0
823 850 826 0
881 911 894 0
882 881 894 0
854 878 881 0
978 980 1009 0
881 852 854 0
914 933 948 0
852 853 825 0
826 852 825 0
881 882 852 0
878 911 881 0
915 883 882 0
963 933 931 0
932 964 963 0
982 1012 983 0
950 982 983 0
949 958 982 0
911 946 945 0
913 946 911 0
912 913 878 0
912 946 913 0
912 947 946 0
1028 1029 1054 0
958 945 979 0
1009 1038 1029 0
968 980 978 0
945 968 978 0
979 945 978 0
926 911 945 0
946 947 980 0
980 947 981 0
1009 980 1011 0
968 946 980 0
982 958 990 0
916 949 950 0
915 926 949 0
853 882 883 0
926 958 949 0
882 894 915 0
945 946 968 0
894 911 926 0
915 894 926 0
882 853 852 0
878 913 911 0
964 932 934 0
948 912 914 0
966 995 993 0
915 916 883 0
1071 1046 1072 0
1101 1146 1102 0
1063 1038 1047 0
1001 979 978 0
993 964 966 0
963 964 981 0
948 963 981 0
912 948 947 0
933 963 948 0
931 932 963 0
966 965 995 0
915 949 916 0
996 994 1022 0
1023 996 1022 0
995 965 996 0
966 964 934 0
965 966 934 0
993 1021 1020 0
981 993 1011 0
995 1021 993 0
1023 1021 995 0
1049 1050 1022 0
1050 1049 1073 0
1012 1013 983 0
950 949 982 0
1065 1040 1041 0
990 1018 1012 0
1039 1053 1064 0
1041 1039 1064 0
1018 1010 1039 0
1078 1110 1111 0
1055 1078 1073 0
1077 1110 1078 0
996 965 994 0
1012 1041 1040 0
1063 1071 1101 0
1072 1107 1071 0
1048 1072 1046 0
1023 1048 1021 0
1073 1049 1055 0
1023 1050 1048 0
1023 1022 1050 0
1048 1050 1072 0
1078 1055 1077 0
1072 1073 1107 0
1072 1050 1073 0
1110 1077 1092 0
990 1012 982 0
979 990 958 0
1018 1041 1012 0
1010 1018 990 0
1010 1028 1039 0
979 1010 990 0
926 945 958 0
1001 1029 1028 0
1010 1001 1028 0
978 1009 1001 0
1018 1039 1041 0
1109 1146 1147 0
1103 1109 1147 0
1076 1075 1102 0
1066 1064 1103 0
1101 1071 1107 0
1053 1075 1076 0
1053 1054 1075 0
1012 1040 1013 0
1064 1066 1041 0
1076 1064 1053 0
1103 1148 1105 0
1076 1103 1064 0
1076 1109 1103 0
1103 1105 1066 0
1191 1148 1147 0
1191 1149 1148 0
1149 1104 1105 0
1041 1066 1065 0
1192 1190 1233 0
1191 1192 1234 0
1147 1190 1192 0
1103 1147 1148 0
1146 1190 1147 0
1101 1102 1063 0
1145 1101 1107 0
1145 1146 1101 0
1054 1063 1075 0
1028 1054 1053 0
1039 1028 1053 0
1010 979 1001 0
1029 1038 1054 0
1023 995 996 0
1046 1021 1048 0
1047 1046 1071 0
1046 1020 1021 0
1063 1047 1071 0
1038 1011 1020 0
1054 1038 1063 0
1029 1001 1009 0
981 947 948 0
993 981 964 0
1011 980 981 0
1020 1011 993 0
1046 1047 1020 0
1047 1038 1020 0
1038 1009 1011 0
1153 1145 1111 0
1197 1153 1152 0
1189 1145 1153 0
1102 1075 1063 0
1109 1102 1146 0
1109 1076 1102 0
1128 1127 1092 0
1107 1111 1145 0
1107 1073 1078 0
1078 1111 1107 0
1128 1162 1127 0
1153 1197 1189 0
1110 1152 1111 0
1198 1197 1152 0
1066 1105 1065 0
1127 1152 1110 0
1092 1127 1110 0
1162 1152 1127 0
1121 1162 1128 0
1161 1198 1162 0
1121 1122 1162 0
1162 1198 1152 0
1122 1161 1162 0
1087 1122 1121 0
1087 1119 1122 0
1119 1160 1161 0
1085 1119 1087 0
1160 1204 1198 0
1158 1160 1119 0
1158 1203 1160 0
1104 1065 1105 0
1163 1159 1123 0
1115 1085 1082 0
1115 1082 1117 0
1116 1117 1082 0
1189 1190 1146 0
1314 1305 1276 0
1355 1386 1356 0
1315 1355 1314 0
1357 1386 1355 0
1349 1350 1306 0
1383 1349 1348 0
1383 1384 1349 0
1233 1234 1192 0
1148 1149 1105 0
1232 1233 1190 0
1193 1149 1191 0
1116 1159 1117 0
1116 1126 1159 0
1123 1126 1091 0
1088 1120 1123 0
1115 1158 1119 0
1085 1115 1119 0
1117 1158 1115 0
1161 1160 1198 0
1159 1158 1117 0
1153 1111 1152 0
1122 1119 1161 0
1204 1239 1198 0
1203 1204 1160 0
1159 1203 1158 0
1202 1243 1203 0
1243 1276 1239 0
1123 1120 1156 0
1126 1123 1159 0
1088 1089 1120 0
1091 1088 1123 0
1091 1089 1088 0
1279 1276 1243 0
1202 1201 1242 0
1315 1316 1355 0
1189 1146 1145 0
1232 1189 1197 0
1232 1190 1189 0
1163 1156 1202 0
1159 1163 1203 0
1123 1156 1163 0
1086 1120 1089 0
1086 1080 1113 0
1203 1243 1204 0
1163 1202 1203 0
1201 1200 1242 0
1156 1201 1202 0
1156 1155 1201 0
1113 1118 1155 0
1086 1113 1120 0
1080 1084 1113 0
1113 1084 1118 0
1234 1193 1191 0
1201 1155 1200 0
1118 1084 1083 0
1155 1118 1157 0
1200 1155 1157 0
1113 1156 1120 0
1113 1155 1156 0
1239 1197 1198 0
1243 1239 1204 0
1276 1269 1239 0
1314 1276 1279 0
1269 1232 1239 0
1305 1269 1276 0
1305 1306 1270 0
1118 1083 1114 0
1112 1081 1079 0
1090 1125 1112 0
1157 1118 1114 0
1112 1154 1114 0
1090 1112 1079 0
1125 1154 1112 0
1307 1350 1351 0
1294 1307 1308 0
1294 1271 1307 0
1235 1263 1272 0
1270 1269 1305 0
1271 1270 1306 0
1307 1271 1306 0
1263 1234 1271 0
1233 1232 1270 0
1197 1239 1232 0
1348 1349 1305 0
1081 1112 1114 0
1199 1240 1241 0
1157 1154 1200 0
1205 1170 1210 0
1165 1205 1199 0
1165 1164 1205 0
1125 1165 1154 0
1124 1125 1090 0
1124 1164 1125 0
1164 1131 1170 0
1125 1164 1165 0
1124 1131 1164 0
1170 1205 1164 0
1168 1170 1131 0
1210 1240 1205 0
1169 1168 1130 0
1279 1242 1278 0
1154 1157 1114 0
1199 1154 1165 0
1199 1200 1154 0
1241 1242 1200 0
1246 1247 1281 0
1315 1279 1278 0
1242 1243 1202 0
1241 1278 1242 0
1199 1241 1200 0
1240 1278 1241 0
1279 1243 1242 0
1083 1081 1114 0
1208 1170 1168 0
1209 1208 1169 0
1210 1170 1208 0
1280 1244 1248 0
1281 1280 1317 0
1281 1245 1280 0
1209 1246 1208 0
1277 1246 1281 0
1316 1277 1281 0
1278 1240 1277 0
1240 1210 1246 0
1246 1209 1247 0
1135 1176 1169 0
1134 1133 1175 0
1234 1263 1235 0
1147 1192 1191 0
1233 1271 1234 0
1269 1270 1232 0
1306 1350 1307 0
1263 1271 1294 0
1305 1349 1306 0
1169 1130 1135 0
1134 1176 1135 0
1168 1169 1208 0
1176 1209 1169 0
1240 1199 1205 0
1207 1244 1245 0
1215 1207 1245 0
1209 1215 1247 0
1175 1207 1215 0
1175 1133 1167 0
1167 1129 1166 0
1181 1206 1166 0
1207 1175 1167 0
1206 1244 1207 0
1166 1206 1167 0
1219 1244 1206 0
1207 1167 1206 0
1181 1219 1206 0
1175 1176 1134 0
1129 1167 1133 0
1215 1176 1175 0
1215 1209 1176 0
1246 1210 1208 0
1174 1177 1214 0
1356 1314 1355 0
1383 1356 1387 0
1314 1279 1315 0
1348 1314 1356 0
1348 1305 1314 0
1171 1172 1132 0
1211 1248 1212 0
1173 1211 1171 0
1249 1282 1248 0
1213 1249 1211 0
1213 1251 1249 0
1317 1282 1284 0
1317 1280 1282 0
1216 1219 1180 0
1248 1216 1212 0
1248 1244 1216 0
1245 1247 1215 0
1280 1245 1244 0
1281 1247 1245 0
1357 1316 1317 0
1277 1240 1246 0
1216 1180 1178 0
1219 1181 1180 0
1178 1212 1216 0
1294 1308 1272 0
1271 1233 1270 0
1272 1263 1294 0
1235 1193 1234 0
1383 1412 1384 0
1316 1281 1317 0
1355 1316 1357 0
1316 1315 1277 0
1385 1410 1381 0
1354 1385 1353 0
1352 1351 1385 0
1349 1384 1350 0
1381 1382 1347 0
1414 1410 1385 0
1412 1414 1384 0
1412 1435 1414 0
1434 1411 1410 0
1172 1212 1178 0
1132 1174 1173 0
1452 1433 1454 0
1308 1309 1272 0
1351 1352 1308 0
1384 1351 1350 0
1384 1385 1351 0
1352 1354 1336 0
1307 1351 1308 0
1384 1414 1385 0
1453 1434 1435 0
1454 1432 1455 0
1430 1431 1452 0
1409 1380 1382 0
1411 1434 1432 0
1433 1409 1432 0
1382 1381 1411 0
1431 1433 1452 0
1408 1431 1430 0
1408 1380 1409 0
1408 1430 1407 0
1385 1354 1352 0
1347 1353 1381 0
1312 1354 1353 0
1274 1312 1310 0
1311 1354 1312 0
1352 1336 1309 0
1344 1345 1378 0
1354 1311 1313 0
1309 1308 1352 0
1353 1347 1310 0
1385 1381 1353 0
1410 1411 1381 0
1300 1343 1299 0
1303 1345 1301 0
1231 1236 1268 0
1346 1380 1379 0
1345 1346 1379 0
1304 1347 1346 0
1377 1343 1344 0
1311 1275 1313 0
1336 1354 1313 0
1274 1238 1275 0
1312 1274 1311 0
1310 1304 1273 0
1236 1231 1194 0
1311 1274 1275 0
1347 1304 1310 0
1409 1431 1408 0
1411 1409 1382 0
1433 1431 1409 0
1378 1377 1344 0
1379 1378 1345 0
1303 1346 1345 0
1380 1408 1379 0
1408 1407 1378 0
1411 1432 1409 0
1407 1377 1378 0
1268 1303 1267 0
1231 1268 1267 0
1236 1273 1268 0
1274 1273 1237 0
1304 1303 1268 0
1302 1300 1266 0
1267 1301 1266 0
1344 1343 1302 0
1353 1310 1312 0
1380 1347 1382 0
1380 1346 1347 0
1230 1229 1186 0
1301 1302 1266 0
1303 1301 1267 0
1345 1344 1301 0
1300 1265 1266 0
1343 1300 1302 0
1299 1264 1300 0
1195 1150 1151 0
1238 1237 1196 0
1194 1150 1195 0
1237 1236 1195 0
1188 1187 1143 0
1231 1188 1194 0
1231 1230 1188 0
1268 1273 1304 0
1195 1236 1194 0
1237 1273 1236 0
1267 1266 1261 0
1301 1344 1302 0
1304 1346 1303 0
1379 1408 1378 0
1230 1186 1187 0
1188 1230 1187 0
1261 1266 1230 0
1267 1261 1231 0
1266 1229 1230 0
1108 1150 1143 0
1237 1238 1274 0
1310 1273 1274 0
1195 1196 1237 0
1228 1265 1264 0
606 607 587 0
604 605 587 0
626 607 606 0
605 606 587 0
625 624 604 0
626 606 605 0
624 626 605 0
624 605 604 0
628 624 625 0
644 626 624 0
646 625 645 0
646 628 625 0
664 646 650 0
664 644 646 0
644 624 628 0
666 645 665 0
644 628 646 0
646 645 650 0
666 664 650 0
670 665 687 0
664 666 685 0
650 645 666 0
670 685 666 0
665 670 666 0
687 685 670 0
687 706 685 0
686 687 665 0
692 707 706 0
686 692 687 0
686 707 692 0
707 727 706 0
687 692 706 0
686 708 707 0
708 728 714 0
728 735 747 0
714 728 727 0
707 714 727 0
707 708 714 0
708 729 728 0
735 728 729 0
749 729 748 0
769 749 757 0
735 729 749 0
747 735 749 0
747 727 728 0
757 749 748 0
771 748 770 0
769 757 771 0
769 747 749 0
771 770 778 0
769 771 790 0
757 748 771 0
791 770 792 0
791 778 770 0
814 791 801 0
814 790 791 0
790 771 778 0
791 792 801 0
815 792 816 0
843 832 816 0
801 792 815 0
814 801 815 0
791 790 778 0
814 815 842 0
860 843 872 0
832 860 842 0
815 832 842 0
815 816 832 0
832 843 860 0
871 860 890 0
872 843 873 0
860 871 842 0
872 890 860 0
907 906 873 0
928 940 904 0
890 905 895 0
873 906 872 0
941 959 927 0
970 999 992 0
991 992 1000 0
991 961 992 0
927 959 928 0
895 927 928 0
905 941 927 0
999 1019 992 0
959 970 961 0
928 959 961 0
941 969 976 0
959 976 970 0
904 871 890 0
872 905 890 0
895 905 927 0
904 895 928 0
904 890 895 0
943 942 907 0
906 941 905 0
906 942 941 0
872 906 905 0
907 942 906 0
943 977 942 0
976 999 970 0
941 976 959 0
998 1007 976 0
969 941 942 0
907 925 943 0
924 893 892 0
956 924 923 0
956 988 957 0
923 924 892 0

SubDomainFromMesh
1
3 1 1 0

SubDomainFromGeom
1
2 1 1 0

VertexOnGeometricVertex
357
 1 1
 2 2
 3 3
 6 4
 8 5
 14 6
 16 7
 17 8
 18 9
 19 10
 20 11
 31 12
 32 13
 45 14
 46 15
 58 16
 59 17
 71 18
 72 19
 79 20
 86 21
 96 22
 102 23
 111 24
 115 25
 126 26
 129 27
 140 28
 143 29
 152 30
 157 31
 166 32
 170 33
 179 34
 184 35
 194 36
 196 37
 208 38
 209 39
 221 40
 222 41
 233 42
 234 43
 245 44
 246 45
 258 46
 259 47
 271 48
 272 49
 276 50
 284 51
 287 52
 290 53
 300 54
 303 55
 313 56
 316 57
 325 58
 328 59
 337 60
 341 61
 349 62
 353 63
 361 64
 365 65
 375 66
 377 67
 387 68
 389 69
 399 70
 402 71
 410 72
 414 73
 422 74
 427 75
 432 76
 440 77
 444 78
 454 79
 457 80
 468 81
 472 82
 481 83
 485 84
 496 85
 499 86
 510 87
 512 88
 517 89
 524 90
 530 91
 537 92
 543 93
 550 94
 555 95
 562 96
 567 97
 569 98
 570 99
 577 100
 582 101
 583 102
 586 103
 587 104
 595 105
 600 106
 601 107
 603 108
 604 109
 607 110
 617 111
 620 112
 621 113
 622 114
 625 115
 626 116
 638 117
 640 118
 641 119
 642 120
 644 121
 645 122
 648 123
 660 124
 661 125
 662 126
 664 127
 665 128
 667 129
 681 130
 682 131
 683 132
 685 133
 686 134
 689 135
 702 136
 703 137
 705 138
 706 139
 708 140
 710 141
 723 142
 724 143
 725 144
 727 145
 729 146
 730 147
 734 148
 744 149
 745 150
 747 151
 748 152
 751 153
 756 154
 766 155
 767 156
 769 157
 770 158
 773 159
 777 160
 787 161
 789 162
 790 163
 792 164
 795 165
 798 166
 799 167
 800 168
 803 169
 811 170
 813 171
 814 172
 816 173
 819 174
 822 175
 824 176
 825 177
 829 178
 831 179
 839 180
 842 181
 843 182
 846 183
 851 184
 853 185
 857 186
 859 187
 861 188
 862 189
 869 190
 871 191
 873 192
 880 193
 883 194
 892 195
 893 196
 903 197
 904 198
 907 199
 914 200
 916 201
 925 202
 931 203
 932 204
 933 205
 934 206
 939 207
 940 208
 950 209
 965 210
 967 211
 975 212
 983 213
 994 214
 997 215
 1006 216
 1013 217
 1022 218
 1024 219
 1035 220
 1040 221
 1049 222
 1051 223
 1055 224
 1061 225
 1065 226
 1074 227
 1077 228
 1079 229
 1080 230
 1081 231
 1082 232
 1083 233
 1084 234
 1085 235
 1086 236
 1087 237
 1089 238
 1090 239
 1091 240
 1092 241
 1100 242
 1104 243
 1108 244
 1116 245
 1121 246
 1124 247
 1126 248
 1128 249
 1129 250
 1130 251
 1131 252
 1132 253
 1133 254
 1134 255
 1135 256
 1144 257
 1149 258
 1151 259
 1166 260
 1168 261
 1172 262
 1174 263
 1177 264
 1178 265
 1179 266
 1180 267
 1181 268
 1183 269
 1193 270
 1196 271
 1218 272
 1220 273
 1221 274
 1222 275
 1223 276
 1224 277
 1225 278
 1226 279
 1227 280
 1235 281
 1238 282
 1258 283
 1262 284
 1264 285
 1272 286
 1275 287
 1293 288
 1295 289
 1296 290
 1297 291
 1299 292
 1309 293
 1313 294
 1329 295
 1332 296
 1333 297
 1334 298
 1336 299
 1337 300
 1338 301
 1339 302
 1340 303
 1343 304
 1371 305
 1374 306
 1375 307
 1377 308
 1402 309
 1404 310
 1405 311
 1407 312
 1428 313
 1429 314
 1430 315
 1446 316
 1447 317
 1448 318
 1449 319
 1450 320
 1452 321
 1466 322
 1470 323
 1480 324
 1483 325
 1490 326
 1496 327
 1501 328
 1506 329
 1510 330
 1517 331
 1521 332
 1526 333
 1527 334
 1537 335
 1539 336
 1541 337
 1551 338
 1553 339
 1562 340
 1565 341
 1573 342
 1576 343
 1584 344
 1587 345
 1595 346
 1597 347
 1599 348
 1605 349
 1606 350
 1612 351
 1613 352
 1617 353
 1618 354
 1621 355
 1622 356
 1624 357

VertexOnGeometricEdge
0

EdgeOnGeometricEdge
357
1 1
2 2
3 3
4 4
5 5
6 6
7 7
8 8
9 9
10 10
11 11
12 12
13 13
14 14
15 15
16 16
17 17
18 18
19 19
20 20
21 21
22 22
23 23
24 24
25 25
26 26
27 27
28 28
29 29
30 30
31 31
32 32
33 33
34 34
35 35
36 36
37 37
38 38
39 39
40 40
41 41
42 42
43 43
44 44
45 45
46 46
47 47
48 48
49 49
50 50
51 51
52 52
53 53
54 54
55 55
56 56
57 57
58 58
59 59
60 60
61 61
62 62
63 63
64 64
65 65
66 66
67 67
68 68
69 69
70 70
71 71
72 72
73 73
74 74
75 75
76 76
77 77
78 78
79 79
80 80
81 81
82 82
83 83
84 84
85 85
86 86
87 87
88 88
89 89
90 90
91 91
92 92
93 93
94 94
95 95
96 96
97 97
98 98
99 99
100 100
101 101
102 102
103 103
104 104
105 105
106 106
107 107
108 108
109 109
110 110
111 111
112 112
113 113
114 114
115 115
116 116
117 117
118 118
119 119
120 120
121 121
122 122
123 123
124 124
125 125
126 126
127 127
128 128
129 129
130 130
131 131
132 132
133 133
134 134
135 135
136 136
137 137
138 138
139 139
140 140
141 141
142 142
143 143
144 144
145 145
146 146
147 147
148 148
149 149
150 150
151 151
152 152
153 153
154 154
155 155
156 156
157 157
158 158
159 159
160 160
161 161
162 162
163 163
164 164
165 165
166 166
167 167
168 168
169 169
170 170
171 171
172 172
173 173
174 174
175 175
176 176
177 177
178 178
179 179
180 180
181 181
182 182
183 183
184 184
185 185
186 186
187 187
188 188
189 189
190 190
191 191
192 192
193 193
194 194
195 195
196 196
197 197
198 198
199 199
200 200
201 201
202 202
203 203
204 204
205 205
206 206
207 207
208 208
209 209
210 210
211 211
212 212
213 213
214 214
215 215
216 216
217 217
218 218
219 219
220 220
221 221
222 222
223 223
224 224
225 225
226 226
227 227
228 228
229 229
230 230
231 231
232 232
233 233
234 234
235 235
236 236
237 237
238 238
239 239
240 240
241 241
242 242
243 243
244 244
245 245
246 246
247 247
248 248
249 249
250 250
251 251
252 252
253 253
254 254
255 255
256 256
257 257
258 258
259 259
260 260
261 261
262 262
263 263
264 264
265 265
266 266
267 267
268 268
269 269
270 270
271 271
272 272
273 273
274 274
275 275
276 276
277 277
278 278
279 279
280 280
281 281
282 282
283 283
284 284
285 285
286 286
287 287
288 288
289 289
290 290
291 291
292 292
293 293
294 294
295 295
296 296
297 297
298 298
299 299
300 300
301 301
302 302
303 303
304 304
305 305
306 306
307 307
308 308
309 309
310 310
311 311
312 312
313 313
314 314
315 315
316 316
317 317
318 318
319 319
320 320
321 321
322 322
323 323
324 324
325 325
326 326
327 327
328 328
329 329
330 330
331 331
332 332
333 333
334 334
335 335
336 336
337 337
338 338
339 339
340 340
341 341
342 342
343 343
344 344
345 345
346 346
347 347
348 348
349 349
350 350
351 351
352 352
353 353
354 354
355 355
356 356
357 357

End
