MeshVersionFormatted 1

Dimension
2

Identifier
";2, Date: 26/03/14 10:42 47s"

Geometry
"Maillage_L0.095.mesh.gmsh"

Vertices
1964
0.095 0.00690488488784 11
0.095 0.00586683884298 11
0.095 0.0079429309327 11
0.095 0.00898097697757 11
0.095 0.0100190230224 11
0.0941654587858 0.00725244240174 0
0.095 0.0038 11
0.095 0.00482885979668 11
0.0942480201079 0.00612866366587 0
0.0943305813326 0.00517789250596 0
0.095 0.0152 12
0.095 0.0110570690673 11
0.095 0.0120951151122 11
0.095 0.013133161157 11
0.095 0.0141711402033 11
0.0942491361131 0.00833335483818 0
0.0942491361131 0.00924164509856 0
0.0942491361131 0.0106666451034 0
0.0936641388577 0.0065619538922 0
0.0934982723722 0.00768573272539 0
0.0939914077819 0.0038 10
0.0933969666973 0.00566293084511 0
0.0934960401671 0.00483341934298 0
0.095 0 3
0.095 0.0019 4
0.0939914077819 0.0152 12
0.0943320694045 0.0117475575399 0
0.0942480201079 0.0128713362757 0
0.0943305813326 0.0138221074356 0
0.0936611627139 0.0145110536643 0
0.0935693580227 0.0114993020917 0
0.0934982723722 0.00846426720648 0
0.0932479843288 0.00963014124732 0
0.09299769648 0.0107960152882 0
0.0924963765519 0.00587146538265 0
0.0927474085339 0.00703811051528 0
0.0925596925987 0.00781588266368 0
0.0929917441352 0.0038 10
0.0920783618845 0.00518097687311 0
0.0927440603236 0.00457622115708 0
0.0943735855391 0.000862352411274 0
0.0938529945554 0 2
0.0938528609839 0.0019 4
0.095 0.019 20
0.095 0.0171 19
0.0938529945554 0.019 20
0.0929917441352 0.0152 12
0.0933309177175 0.0124380459521 0
0.0933969666973 0.0133370689992 0
0.0927440603236 0.0144237786872 0
0.0927474085339 0.011961889329 0
0.0921216886201 0.0107829380659 0
0.0923719766635 0.0085936549094 0
0.0918088287605 0.00917005327001 0
0.0919652586903 0.00997649566794 0
0.0919965446957 0.00639048840249 0
0.0918088287605 0.007524037318 0
0.0919920804885 0.0038 10
0.0912456809548 0.0057428662897 0
0.0916603473145 0.00449048846088 0
0.0933570112377 0.000949999941606 0
0.0928611615245 0 2
0.0928608943815 0.0019 4
0.0938529276839 0.0180499999027 0
0.0938528609839 0.0171 18
0.0928611615245 0.019 20
0.0928608943815 0.0171 18
0.0919920804885 0.0152 12
0.0921387160941 0.01297958129 0
0.0916603473145 0.0145095114807 0
0.0923282778613 0.0138190229712 0
0.0918088287605 0.0117350532593 0
0.091527254809 0.0124960934069 0
0.0912456808574 0.0107698608436 0
0.0912456809548 0.00872304261231 0
0.0912456808574 0.00974645172795 0
0.090870248987 0.00800996431537 0
0.0909953929114 0.00656335583303 0
0.0903696730948 0.00602367070659 0
0.0909924168418 0.0038 10
0.0904948171165 0.00509524417691 0
0.092365111387 0.000949999941606 0
0.0918693284936 0 2
0.0918689277791 0.0019 4
0.0908774954628 0 2
0.0928610279305 0.01805 0
0.0918693284936 0.019 20
0.0918689277791 0.0171 18
0.0909924168418 0.0152 12
0.0907080741655 0.0144598603911 0
0.0912456809548 0.0132571335546 0
0.0904948171165 0.0125229373865 0
0.0904948171165 0.0101738466009 0
0.090870248987 0.0115082172869 0
0.0901193852461 0.00885243031522 0
0.0900568132352 0.00779432683805 0
0.0899942412244 0.00673622336088 0
0.0897439532783 0.00548398567749 0
0.0899927531951 0.0038 10
0.0897439532783 0.00457737784342 0
0.090877228229 0.000949999941606 0
0.0908769611768 0.0019 4
0.0898856624319 0 2
0.0913732115362 0.0180499999027 0
0.0908774954628 0.019 20
0.0908769611768 0.0171 18
0.0899927531951 0.0152 12
0.0898505818514 0.0137935665287 0
0.0897439532783 0.00957783226085 0
0.0895621962485 0.0124796504561 0
0.0893685214078 0.0103161887042 0
0.0899316692135 0.0112813813146 0
0.0895249513376 0.00838807247676 0
0.0889930895374 0.00898181811546 0
0.0892590204375 0.00764858163409 0
0.0889930895374 0.00587272717806 0
0.0889930895374 0.00690909088874 0
0.0889930895374 0.0048363635647 0
0.0889930895484 0.0038 10
0.0898853284755 0.000949999941606 0
0.0898849945744 0.0019 4
0.0888938294011 0 2
0.0888930279721 0.0019 4
0.0903813117828 0.01805 0
0.0898856624319 0.019 20
0.0898849945744 0.0171 18
0.0889930895484 0.0152 12
0.0889022109738 0.0141636362796 0
0.0889930895374 0.0131272726662 0
0.0885386969142 0.0100181817288 0
0.088720453944 0.0120909090529 0
0.0889930895374 0.0110545454395 0
0.0882206220878 0.00898181811546 0
0.0883569398845 0.0079454545021 0
0.0879934258249 0.00690909088874 0
0.0881751828547 0.00587272717806 0
0.0879934258249 0.0048363635647 0
0.0879934259017 0.0038 10
0.0888934286247 0.000949999941606 0
0.0879019963702 0 2
0.0879010613697 0.0019 4
0.0888938294011 0.019 20
0.089389411932 0.0180499999027 0
0.0888930279721 0.0171 18
0.0879019963702 0.019 20
0.0879025473587 0.0141636362796 0
0.0879934259017 0.0152 12
0.0877207903289 0.0120909090529 0
0.0878116687951 0.0131272726662 0
0.087766229562 0.0100181817288 0
0.0876299117653 0.0110545454395 0
0.0874481547356 0.00898181811546 0
0.0869937622098 0.00587272717806 0
0.0869937622098 0.0079454545021 0
0.0872663977058 0.00690909088874 0
0.087084640676 0.0048363635647 0
0.0869937622551 0.0038 10
0.0874056123278 0.000949999941606 0
0.0869101633394 0 2
0.0869090947674 0.0019 4
0.087901528774 0.0180499999027 0
0.0879010613697 0.0171 18
0.0869101633394 0.019 20
0.0859940986084 0.0152 12
0.0869937622098 0.0141636362796 0
0.0869937622551 0.0152 12
0.0869937622098 0.0120909090529 0
0.08681200518 0.0131272726662 0
0.0869937622098 0.0100181817288 0
0.0866302481502 0.0110545454395 0
0.0861758555271 0.0079454545021 0
0.0864484911204 0.00898181811546 0
0.0861758556244 0.00587272717806 0
0.0862667340906 0.00690909088874 0
0.0859940986084 0.0038 10
0.0860849770609 0.0048363635647 0
0.086413712477 0.000949999941606 0
0.0859183303085 0 2
0.085917128165 0.0019 4
0.0869096290205 0.01805 0
0.0869090947674 0.0171 18
0.0859183303085 0.019 20
0.085917128165 0.0171 18
0.0849944349617 0.0152 12
0.0859940985946 0.0131272726662 0
0.0859940985946 0.0141636362796 0
0.0859940985946 0.0120909090529 0
0.0849944348822 0.0141636362796 0
0.0859940985946 0.0100181817288 0
0.0858123414675 0.0110545452449 0
0.0849944348822 0.00898181811546 0
0.0853579489417 0.0079454545021 0
0.0849944348822 0.00690909088874 0
0.085176191912 0.00587272717806 0
0.0849944349617 0.0038 10
0.0849944348822 0.0048363635647 0
0.0849264972777 0 2
0.0854218126262 0.000949999941606 0
0.0849251615627 0.0019 4
0.0859177291698 0.0180499999027 0
0.0849264972777 0.019 20
0.0849251615627 0.0171 18
0.083994771315 0.0152 12
0.0849944348822 0.0120909090529 0
0.0844491637928 0.0136454544242 0
0.0849944348822 0.0131272726662 0
0.0839038928008 0.0141636362796 0
0.0849944348822 0.0100181817288 0
0.0842219675299 0.00898181811546 0
0.0849944348822 0.0110545454395 0
0.083994771267 0.0079454545021 0
0.0842674067631 0.00690909088874 0
0.083994771267 0.00587272717806 0
0.083994771315 0.0038 10
0.0840856497333 0.0048363635647 0
0.0839346642468 0 2
0.0844299128728 0.000949999941606 0
0.0839331949603 0.0019 4
0.082942831216 0 2
0.0844299128728 0.0180499999027 0
0.0839346642468 0.019 20
0.0839331949603 0.0171 18
0.082942831216 0.019 20
0.0829951076683 0.0152 12
0.083994771267 0.0120909090529 0
0.0838130142373 0.0131272726662 0
0.0829951076519 0.0141636362796 0
0.083994771267 0.0100181817288 0
0.0834495001777 0.00898181811546 0
0.0836312572075 0.0110545454395 0
0.0834495001777 0.00535454532272 0
0.0829951076519 0.0079454545021 0
0.0832677431479 0.00690909088874 0
0.0828133506221 0.00587272717806 0
0.0829951076683 0.0038 10
0.0829042290884 0.0048363635647 0
0.0829420297148 0.000949999941606 0
0.0829412283579 0.0019 4
0.0819509981851 0 2
0.0829420297148 0.0180499999027 0
0.0829412283579 0.0171 18
0.0819509981851 0.019 20
0.0819954440216 0.0152 12
0.0819954439395 0.0141636362796 0
0.0818136869097 0.0131272726662 0
0.0829951076519 0.0120909090529 0
0.0829951076519 0.0131272726662 0
0.0829951076519 0.0100181817288 0
0.0825407150288 0.00898181811546 0
0.082358957999 0.0110545454395 0
0.0819954439395 0.0079454545021 0
0.0819954439395 0.00690909088874 0
0.0819954439395 0.00587272717806 0
0.0819954439395 0.0048363635647 0
0.0819954440216 0.0038 10
0.0819501299613 0.000949999941606 0
0.0819492617556 0.0019 4
0.0809572951532 0.0019 4
0.0809591651543 0 2
0.0819501299613 0.0180499999027 0
0.0819492617556 0.0171 18
0.0809591651543 0.019 20
0.0809957803749 0.0152 12
0.0809049018581 0.0141636362796 0
0.0809957803243 0.0131272726662 0
0.0819954439395 0.0120909090529 0
0.0816319298799 0.0110545454395 0
0.0809049017608 0.00846363626012 0
0.0814501728501 0.00898181811546 0
0.0819954439395 0.0100181817288 0
0.0810866587906 0.00768636357443 0
0.0812684158203 0.00690909088874 0
0.0809957803243 0.00587272717806 0
0.0803596307688 0.0079454545021 0
0.0809957803243 0.0048363635647 0
0.0809957803749 0.0038 10
0.0809582301105 0.000949999941606 0
0.0799653285509 0.0019 4
0.0799673321234 0 2
0.0809582301105 0.0180499999027 0
0.0809572951532 0.0171 18
0.0799673321234 0.019 20
0.0799961167282 0.0152 12
0.0799052381456 0.0141636362796 0
0.0799961167092 0.0131272726662 0
0.0807231448283 0.0120909090529 0
0.0810866587906 0.0105363634868 0
0.0809049017608 0.0113136361725 0
0.0799961167092 0.00898181811546 0
0.0805413877985 0.0100181817288 0
0.0799961167092 0.00690909088874 0
0.080177873739 0.00587272717806 0
0.0793599670563 0.0079454545021 0
0.0789964529967 0.00690909088874 0
0.0799961167092 0.0048363635647 0
0.0799961167282 0.0038 10
0.0794704138136 0.000949999941606 0
0.0789733619485 0.0019 4
0.0789754990926 0 2
0.0799663302598 0.0180499999027 0
0.0799653285509 0.0171 18
0.0789754990926 0.019 20
0.0789733619485 0.0171 18
0.0789964530815 0.0152 12
0.0789055745305 0.0141636362796 0
0.078814695967 0.0131272726662 0
0.0797234811159 0.0120909090529 0
0.0799961167092 0.0110545454395 0
0.0792236492596 0.00898181811546 0
0.0795417240861 0.0100181817288 0
0.0787238175007 0.0120909090529 0
0.0784511819074 0.00898181811546 0
0.0791782100265 0.00587272717806 0
0.0783603034412 0.0079454545021 0
0.0782694248776 0.00690909088874 0
0.0789964529967 0.0048363635647 0
0.0789964530815 0.0038 10
0.0779813953462 0.0019 4
0.0784785139628 0.000949999941606 0
0.0779836660617 0 2
0.0789744305063 0.0180499999027 0
0.0779836660617 0.019 20
0.0779813953462 0.0171 18
0.0779967894348 0.0152 12
0.0779059114993 0.0141636362796 0
0.0778150337143 0.0131272726662 0
0.0786329389372 0.0110545454395 0
0.0785420604709 0.0100181817288 0
0.0777241558321 0.0120909090529 0
0.0774515222825 0.00898181821278 0
0.0775424001648 0.0100181818261 0
0.0773606444002 0.0079454545021 0
0.0779967893816 0.00587272717806 0
0.0774973061371 0.00690909088874 0
0.0780876679452 0.0048363635647 0
0.0779967894348 0.0038 10
0.0769894555014 0.00189999920205 4
0.077486614112 0.000949999941606 0
0.0769918330309 0 2
0.077486614112 0.0180499999027 0
0.0769918330309 0.019 20
0.0769894555014 0.0171000007979 18
0.0769971330638 0.0151999999406 12
0.0769971329684 0.0141636362796 0
0.0765438907056 0.00898181821278 0
0.0769971329684 0.0131272726662 0
0.0776332779498 0.0110545454395 0
0.0769524968464 0.0105363634868 0
0.0769971329684 0.0120909090529 0
0.0764532422141 0.0100181818261 0
0.0766345391971 0.0079454545021 0
0.0767251875913 0.00690909088874 0
0.077178888733 0.00587272727538 0
0.0769064845742 0.00483636366202 0
0.0769971330638 0.00380000005944 10
0.076 0.0019 5
0.076 0 2
0.0759999999513 0.000949999941606 0
0.0758364735051 0.00777045686116 0
0.076 0.0152 13
0.0764947276919 0.0180500003893 0
0.076 0.019 21
0.076 0.0171 18
0.0760906484428 0.0141636362796 0
0.076181296837 0.0131272726662 0
0.0754390712121 0.00854205404659 0
0.0757458249163 0.00975909080115 0
0.0762719453285 0.0120909090529 0
0.07636259382 0.0110545454395 0
0.0755993365523 0.010444324344 0
0.0750384078131 0.0142613512146 0
0.0759999999513 0.00690909088874 0
0.0759999999513 0.0048363635647 0
0.0759999999513 0.00587272717806 0
0.076 0.0038 10
0.0750384078644 0.00191362157086 5
0.075 0 1
0.0750192039001 0.000956810717105 0
0.0750384078131 0.00759545941487 0
0.0750384078644 0.0152136215709 13
0.075 0.019 21
0.0755192039309 0.0180431891272 0
0.0750384078644 0.0170863784291 17
0.0750384078131 0.012356810756 0
0.0750384078131 0.0133090809853 0
0.0746506627075 0.00856450037958 0
0.0750384078131 0.0094999999708 0
0.0750384078131 0.0114045404294 0
0.0744955646459 0.0104757491323 0
0.0741853685225 0.0142982467352 0
0.0748057607692 0.00665325152949 0
0.0749608588309 0.00474200277672 0
0.0750384078131 0.00569091885895 0
0.0750384078644 0.00378637842914 9
0.0741078195964 0.00195387121487 5
0.074 0 1
0.0735797913986 0.00100221024235 0
0.0741078195403 0.00758204292388 0
0.074 0.019 21
0.0741078195964 0.0152538712149 13
0.0741078195964 0.0170461287851 17
0.0740548072963 0.0180067992007 0
0.0741078195403 0.0133359140647 0
0.0736422946992 0.0127589275799 0
0.0743404665842 0.0123869979824 0
0.073721062168 0.00842247311685 0
0.0741078195403 0.0094999999708 0
0.0733559196965 0.00920705769524 0
0.0741078195403 0.0114179570177 0
0.0736422946992 0.0107432539434 0
0.0731499999416 0.0142677711401 0
0.0741078195403 0.00662306430309 0
0.0741078195403 0.00470510725617 0
0.0739548086721 0.00559620770742 0
0.0741078195964 0.00374612878513 9
0.07315 0.0020272758664 6
0.073 0 1
0.0725685174165 0.00100221024235 0
0.0731499999416 0.00685123817762 0
0.0731499999416 0.00791074291436 0
0.073 0.019 21
0.07315 0.0153272758664 14
0.07315 0.0169727241336 17
0.0725685174165 0.0179977896993 0
0.0729528614652 0.0131836551156 0
0.0731499999416 0.0121487616667 0
0.0725585844152 0.00889641378778 0
0.0731499999416 0.0100297522905 0
0.0727557229889 0.0110400344517 0
0.0720657382243 0.0132944058133 0
0.0720657382243 0.0143785217405 0
0.0731499999416 0.00579173353821 0
0.0731499999416 0.00473222880148 0
0.07315 0.0036727241336 9
0.072065738272 0.00216263777293 6
0.0717876480543 0.00110997331213 0
0.072 0 1
0.0716895803227 0.0063482810785 0
0.0723614459388 0.00675279312386 0
0.0720657382243 0.0078738259827 0
0.0716311251809 0.0088015720285 0
0.072 0.019 21
0.072065738272 0.0154626377729 14
0.072065738272 0.0168373622271 16
0.0710636551541 0.0147928571039 0
0.0715255147058 0.0179336048482 0
0.0720657382243 0.0122102898861 0
0.0720657382243 0.0100420579344 0
0.0718805117194 0.0111560268801 0
0.0710636551541 0.0130285713604 0
0.0710636551541 0.0139107142808 0
0.0720657382243 0.00570559412833 0
0.0721643074624 0.00460917255726 0
0.072065738272 0.00353736222707 8
0.0710636551984 0.002375 7
0.0710636551984 0.003325 8
0.0710636551541 0.00597142848384 0
0.071032542676 0.00121418097044 0
0.071 0 1
0.0698810072636 0.00193143910457 0
0.0710636551541 0.00685357140424 0
0.0710636551541 0.00773571422732 0
0.0709489558592 0.00847790666495 0
0.0710636551541 0.0094999999708 0
0.071 0.019 21
0.0702999999319 0.0143766666628 0
0.0708482989409 0.0174905409386 0
0.0710636551984 0.015675 15
0.0710636551984 0.016625 16
0.0702999999319 0.0152633332633 0
0.0703646470682 0.0181857915701 0
0.0710636551541 0.0121464285374 0
0.0710636551541 0.0103821427939 0
0.0710636551541 0.011264285617 0
0.0702999999319 0.0126033332672 0
0.0702999999319 0.013489999965 0
0.0710636551541 0.00508928566076 0
0.0710636551541 0.00420714283768 0
0.0703 0.00285 7
0.0703545467682 0.00376607142614 0
0.0704636403436 0.00559821422002 0
0.0702999999319 0.00639666657713 0
0.07 0 1
0.0701033268551 0.000981605945743 0
0.0691801203531 0.00146232303708 0
0.0694230158228 0.00250761576291 0
0.0702999999319 0.00728333327494 0
0.0702999999319 0.00816999997275 0
0.0702999999319 0.00905666657324 0
0.0702999999319 0.00994333327105 0
0.07 0.019 21
0.0695614869928 0.0145161665391 0
0.0702033093236 0.017068560837 0
0.0703 0.01615 15
0.0696914070537 0.0156667923688 0
0.0694477500298 0.0180183939959 0
0.0694352103236 0.017244746697 0
0.0702999999319 0.0117166666667 0
0.0702999999319 0.0108299999689 0
0.0697461152519 0.0131512915476 0
0.0695614869928 0.0122994998432 0
0.0691922305719 0.0136992498281 0
0.0702999999319 0.00462333327883 0
0.0697153437943 0.00321285487 0
0.069524885583 0.00398210666341 0
0.0695404531116 0.0057043020654 0
0.0694852674457 0.00651533685361 0
0.069 0 1
0.068597795009 0.000740745990901 0
0.0681222955122 0.00127745302713 0
0.0685657809287 0.00206547233622 0
0.0688224249562 0.00296012557122 0
0.0695536939342 0.00851392579001 0
0.0694692800648 0.00763463930579 0
0.0695578928467 0.0103704373422 0
0.0694314090737 0.00949950255188 0
0.0688073880338 0.00885785170459 0
0.0688058719328 0.0145708973163 0
0.069 0.019 21
0.0690828142728 0.0151835847766 0
0.0694230158228 0.0164923841787 0
0.068597795009 0.0182592538534 0
0.0685657809287 0.0169345276054 0
0.0681222955122 0.0177225467198 0
0.0691868393528 0.0110273226781 0
0.0688229740537 0.0128823331171 0
0.0684531299953 0.01206411646 0
0.0683922951064 0.0138747755448 0
0.0693344273717 0.00475135865146 0
0.0688370329752 0.00388774830851 0
0.0686172659768 0.00581038991079 0
0.0686705349595 0.00663400722741 0
0.068 0 1
0.0673823195134 0.000635492302743 0
0.0676467961128 0.00181416006336 0
0.0679295061181 0.00270739627244 0
0.0681491804648 0.00379339005094 0
0.0684524772486 0.00756827032726 0
0.0678440573137 0.00675438834858 0
0.0685628182155 0.0102378941289 0
0.0683098506695 0.00938269124602 0
0.0677872088808 0.00857046677891 0
0.0675082472789 0.014900056575 0
0.0681172672113 0.0154644370765 0
0.068 0.019 21
0.0680331546546 0.0163141922927 0
0.0673823195134 0.0183645074442 0
0.0676467961128 0.0171858397809 0
0.0680736787737 0.0112246454846 0
0.0679787184747 0.0131786538705 0
0.0675186834412 0.0123805769864 0
0.0674389729106 0.0137571649234 0
0.0668992273464 0.0143356760735 0
0.0683688548115 0.0048793840241 0
0.0673401332112 0.00417944192731 0
0.0676803039098 0.00591806071817 0
0.067 0 1
0.0663935460734 0.000635492302743 0
0.0667783540618 0.00125687442385 0
0.0668849375743 0.00224519871724 0
0.0672932313076 0.00334932030598 0
0.067503276496 0.00748985565513 0
0.0670038781173 0.00687676517947 0
0.0676942274547 0.0103851746065 0
0.067314776233 0.00954570363108 0
0.0669353250113 0.00870623275298 0
0.0666485791098 0.0153186642327 0
0.0670856654279 0.0159667662462 0
0.067 0.019 21
0.0663935460734 0.0183645074442 0
0.0668504298787 0.0168274675985 0
0.0667783540618 0.0177431255178 0
0.0662114928891 0.0146705622192 0
0.0670770204019 0.0113769537765 0
0.066670274205 0.012043154014 0
0.0668358603996 0.0132472497014 0
0.0662902075113 0.0137712955721 0
0.0673870351148 0.00500956354864 0
0.066656956497 0.00399124424219 0
0.0666946887052 0.00582919401999 0
0.066 0 1
0.0658227586877 0.00110203592316 0
0.0660520233608 0.00201735457374 0
0.0663207784831 0.00311361361506 0
0.0653002294046 0.00185729779723 0
0.0665533448461 0.00786116705557 0
0.0661636989209 0.00699914210769 0
0.0660552746372 0.00876417762918 0
0.0667708344814 0.0107028239359 0
0.0663715520987 0.00963519018077 0
0.0660540637419 0.0164690955133 0
0.0658462244813 0.0156704048117 0
0.066 0.019 21
0.0658227586877 0.0178979640184 0
0.0659384111661 0.0171835297172 0
0.0653441217827 0.0150918735156 0
0.0654305460576 0.014073023603 0
0.0662748403712 0.0113677483634 0
0.0657788463584 0.0120326728883 0
0.065649790333 0.0130134980391 0
0.065 0.019 21
0.0663857209954 0.00514232788029 0
0.0659500042095 0.00440985919913 0
0.0656577697656 0.00376334053689 0
0.0657740529957 0.00613711715982 0
0.065 0 1
0.0648973495668 0.000740745990901 0
0.0650071609009 0.00272622189007 0
0.0645484355458 0.00169724102071 0
0.0652280372865 0.00724935657475 0
0.0655460830133 0.00814234305247 0
0.0651752243605 0.00882212270002 0
0.065428328159 0.00972467682778 0
0.0656149393784 0.0105125910278 0
0.0652576976051 0.0161107234282 0
0.0648973495668 0.0182592538534 0
0.0650775952645 0.0174234729848 0
0.0648089285116 0.0136194786651 0
0.0644358444663 0.0157408819002 0
0.0645501886288 0.014382015741 0
0.0650669622173 0.0116841287928 0
0.0643818761191 0.0126455083772 0
0.064 0.019 21
0.0653844069733 0.00527509230927 0
0.0649947610481 0.0044130673614 0
0.0645993621534 0.00353831487353 0
0.0649226449394 0.00635283784848 0
0.0637996809935 0.00326915741704 0
0.064 0 1
0.0641485949172 0.000812662295031 0
0.0637996809935 0.00176915742217 0
0.0641995215248 0.00265373614785 0
0.0642923757495 0.00749957104181 0
0.0645388212779 0.00842351904937 0
0.0643148721066 0.00947517087369 0
0.064502788625 0.0104092193759 0
0.0635872685153 0.0164744909174 0
0.0643324319386 0.0169489819511 0
0.0639223589424 0.0181296268327 0
0.063547794903 0.01572449092 0
0.0637728852863 0.0138097393103 0
0.0636698311026 0.0146910077816 0
0.0639548239212 0.0116715381866 0
0.0633864425599 0.0129048695714 0
0.0635408679236 0.0107046096221 0
0.063 0.019 21
0.0629473684153 0.0179999999093 0
0.0641922034034 0.00513754609906 0
0.0639973804408 0.00420653359439 0
0.0640712369804 0.00656855853714 0
0.0636928581632 0.00571091264706 0
0.0629999999308 0.00299999996056 0
0.0629999999308 0.0039999999247 0
0.063 0 1
0.0633998404622 0.000884578696484 0
0.0629999999308 0.00199999999641 0
0.0633279421628 0.00699978298102 0
0.0634672683172 0.00796485014177 0
0.063506574631 0.00871166961674 0
0.0634989265839 0.00990772523923 0
0.0628421051894 0.015999999981 0
0.0628947368023 0.0169999999452 0
0.0627894736738 0.0149999999196 0
0.0627368420609 0.0139999999554 0
0.0625263157066 0.00999999990421 0
0.0629999999308 0.0119999999298 0
0.062684210448 0.0129999999913 0
0.0625789473195 0.0109999999657 0
0.062 0.019 21
0.0619999999667 0.0179999999093 0
0.0629999999308 0.00499999998617 0
0.0631935131177 0.00628427919506 0
0.062 0 1
0.0622631578366 0.00499999998617 0
0.0621578947081 0.00299999996056 0
0.0622105262237 0.0039999999247 0
0.0621052630952 0.00199999999641 0
0.0620526314823 0.000999999934947 0
0.0623684209651 0.00699999991446 0
0.0624210525781 0.00799999997593 0
0.062473684191 0.00899999994007 0
0.0619999999667 0.015999999981 0
0.0618947368382 0.0169999999452 0
0.0617894736124 0.0149999999196 0
0.0619999999667 0.0139999999554 0
0.0617631578059 0.00999999990421 0
0.0619999999667 0.0119999999298 0
0.0616842104839 0.0129999999913 0
0.0615789473553 0.0109999999657 0
0.061 0.019 21
0.0609999999052 0.0179999999093 0
0.0623157894496 0.00599999995031 0
0.0610526315182 0.000999999934947 0
0.061 0 1
0.0612631578725 0.00499999998617 0
0.0611578946467 0.00299999996056 0
0.0609999999052 0.0039999999247 0
0.0609999999052 0.00199999999641 0
0.061368421001 0.00699999991446 0
0.0609999999052 0.00799999997593 0
0.0614736841295 0.00899999994007 0
0.0608947367767 0.0169999999452 0
0.0609999999052 0.015999999981 0
0.0607894736482 0.0149999999196 0
0.0609999999052 0.0139999999554 0
0.0609999999052 0.00999999990421 0
0.0609999999052 0.0119999999298 0
0.0606842105197 0.0129999999913 0
0.0605789472939 0.0109999999657 0
0.06 0.019 21
0.0598947368126 0.0169999999452 0
0.0599473683282 0.0179999999093 0
0.0609999999052 0.00599999995031 0
0.060052631554 0.000999999934947 0
0.06 0 1
0.060263157811 0.00499999998617 0
0.0601578946825 0.00299999996056 0
0.0599999999411 0.0039999999247 0
0.0599999999411 0.00199999999641 0
0.0603684210369 0.00699999991446 0
0.0599999999411 0.00799999997593 0
0.0604736841654 0.00899999994007 0
0.0596842104582 0.0129999999913 0
0.0597894736841 0.0149999999196 0
0.0598421051997 0.015999999981 0
0.0597368420712 0.0139999999554 0
0.0595789473297 0.0109999999657 0
0.0599999999411 0.00999999990421 0
0.0596315789427 0.0119999999298 0
0.059 0.019 21
0.0589999999769 0.0169999999452 0
0.058947368364 0.0179999999093 0
0.0599999999411 0.00599999995031 0
0.0589999999769 0.000999999934947 0
0.059 0 1
0.0589999999769 0.00499999998617 0
0.0589999999769 0.0039999999247 0
0.0589999999769 0.00299999996056 0
0.0589999999769 0.00199999999641 0
0.059210526234 0.00799999997593 0
0.0589999999769 0.00699999991446 0
0.0594736842012 0.00899999994007 0
0.0588421051382 0.0129999999913 0
0.0589999999769 0.0149999999196 0
0.0588421052355 0.015999999981 0
0.0587368420097 0.0139999999554 0
0.0587894736226 0.0109999999657 0
0.0585263157527 0.00999999990421 0
0.0586315788812 0.0119999999298 0
0.058 0.019 21
0.0579999999155 0.0169999999452 0
0.0579999999155 0.0179999999093 0
0.0589999999769 0.00599999995031 0
0.0579999999155 0.000999999934947 0
0.058 0 1
0.0579999999155 0.00499999998617 0
0.0577894736585 0.0039999999247 0
0.0579999999155 0.00299999996056 0
0.057894736787 0.00199999999641 0
0.0584210526242 0.00799999997593 0
0.0579999999155 0.00699999991446 0
0.0579999999155 0.00899999994007 0
0.0579999999155 0.0129999999913 0
0.0579999999155 0.0149999999196 0
0.0579999999155 0.015999999981 0
0.0579999999155 0.0139999999554 0
0.0579999999155 0.0109999999657 0
0.0574736841756 0.00999999990421 0
0.0573684210471 0.0119999999298 0
0.057 0.019 21
0.0569473683384 0.0179999999093 0
0.0569999999513 0.0169999999452 0
0.0576842104326 0.00599999995031 0
0.057 0 1
0.0569999999513 0.00199999999641 0
0.0569999999513 0.000999999934947 0
0.0569999999513 0.0039999999247 0
0.0569999999513 0.00499999998617 0
0.0569999999513 0.00299999996056 0
0.0575789473041 0.00799999997593 0
0.0569999999513 0.00699999991446 0
0.0569999999513 0.00899999994007 0
0.0569999999513 0.0129999999913 0
0.0569999999513 0.0149999999196 0
0.0568421052099 0.015999999981 0
0.0567368420814 0.0139999999554 0
0.0569999999513 0.0109999999657 0
0.0565263157271 0.00999999990421 0
0.0566315788556 0.0119999999298 0
0.056 0.019 21
0.0559999999872 0.0179999999093 0
0.0558947367614 0.0169999999452 0
0.056 0 1
0.05631578947 0.00599999995031 0
0.0559999999872 0.000999999934947 0
0.0559999999872 0.00499999998617 0
0.0561052631157 0.00199999999641 0
0.0562105262442 0.0039999999247 0
0.0559999999872 0.00299999996056 0
0.0564210525986 0.00799999997593 0
0.0561842104378 0.00699999991446 0
0.0562368420507 0.00899999994007 0
0.0556842105043 0.0129999999913 0
0.0558421052458 0.015999999981 0
0.0557894736329 0.0149999999196 0
0.0557368420199 0.0139999999554 0
0.0555789472785 0.0109999999657 0
0.0555263157629 0.00999999990421 0
0.0556315788914 0.0119999999298 0
0.055 0.019 21
0.0549473684101 0.0179999999093 0
0.0548947367972 0.0169999999452 0
0.054 0 1
0.055 0 1
0.0550526315386 0.000999999934947 0
0.0553157894086 0.00599999995031 0
0.0549999999257 0.00199999999641 0
0.055263157893 0.00499999998617 0
0.0551578946672 0.00299999996056 0
0.0549999999257 0.0039999999247 0
0.0554210525371 0.00799999997593 0
0.0553684210215 0.00699999991446 0
0.05547368415 0.00899999994007 0
0.0548421051843 0.0129999999913 0
0.0547894736687 0.0149999999196 0
0.0548421051843 0.015999999981 0
0.0547368420558 0.0139999999554 0
0.0547894735714 0.0109999999657 0
0.0545263157015 0.00999999990421 0
0.0546315789273 0.0119999999298 0
0.054 0.019 21
0.0539473683487 0.0179999999093 0
0.0539999999616 0.0169999999452 0
0.053 0 1
0.0541052630901 0.00199999999641 0
0.0539999999616 0.000999999934947 0
0.0543157894444 0.00599999995031 0
0.0539999999616 0.00299999996056 0
0.0539999999616 0.00499999998617 0
0.0542105262186 0.0039999999247 0
0.0544210525729 0.00799999997593 0
0.0539999999616 0.00699999991446 0
0.0539999999616 0.00899999994007 0
0.0539999999616 0.0129999999913 0
0.0537368420916 0.0139999999554 0
0.0538421052202 0.015999999981 0
0.0539999999616 0.0149999999196 0
0.0539999999616 0.0109999999657 0
0.0535263157373 0.00999999990421 0
0.0536315788658 0.0119999999298 0
0.053 0.019 21
0.0529999999974 0.0179999999093 0
0.0529999999974 0.015999999981 0
0.0529999999974 0.0169999999452 0
0.052 0 1
0.0529999999974 0.000999999934947 0
0.0520526315489 0.000999999934947 0
0.0531052631259 0.00199999999641 0
0.053315789383 0.00599999995031 0
0.0529999999974 0.00299999996056 0
0.0529999999974 0.00499999998617 0
0.0532105262545 0.0039999999247 0
0.0534210526088 0.00799999997593 0
0.0529999999974 0.00699999991446 0
0.0529999999974 0.00899999994007 0
0.0529999999974 0.0129999999913 0
0.0529999999974 0.0139999999554 0
0.0529999999974 0.0149999999196 0
0.0529999999974 0.0109999999657 0
0.0527631578366 0.00999999990421 0
0.0528157893522 0.0119999999298 0
0.051 0 1
0.052 0.019 21
0.051999999936 0.0179999999093 0
0.051999999936 0.0169999999452 0
0.051999999936 0.0149999999196 0
0.051999999936 0.015999999981 0
0.051999999936 0.00699999991446 0
0.0509999999718 0.000999999934947 0
0.051999999936 0.00199999999641 0
0.0511052631003 0.00199999999641 0
0.0521578946774 0.00299999996056 0
0.051999999936 0.00599999995031 0
0.051999999936 0.0039999999247 0
0.0522631578059 0.00499999998617 0
0.051999999936 0.00899999994007 0
0.051999999936 0.00799999997593 0
0.051999999936 0.0129999999913 0
0.051999999936 0.0139999999554 0
0.051999999936 0.00999999990421 0
0.051999999936 0.0119999999298 0
0.051999999936 0.0109999999657 0
0.05 0 1
0.051 0.019 21
0.0509473683589 0.0179999999093 0
0.0509999999718 0.0169999999452 0
0.0508421052304 0.015999999981 0
0.0509999999718 0.0149999999196 0
0.0509999999718 0.00699999991446 0
0.0499999999104 0.000999999934947 0
0.0499999999104 0.00199999999641 0
0.0509999999718 0.00299999996056 0
0.0512105262288 0.0039999999247 0
0.0509999999718 0.00599999995031 0
0.0509999999718 0.00499999998617 0
0.0509999999718 0.00899999994007 0
0.0509999999718 0.00799999997593 0
0.0507368421019 0.0139999999554 0
0.0509999999718 0.00999999990421 0
0.0509999999718 0.0119999999298 0
0.0509999999718 0.0129999999913 0
0.0509999999718 0.0109999999657 0
0.049 0 1
0.0489999999462 0.000999999934947 0
0.05 0.019 21
0.0499999999104 0.0179999999093 0
0.0499999999104 0.015999999981 0
0.0498947367819 0.0169999999452 0
0.0497894736533 0.0149999999196 0
0.0501842104582 0.00699999991446 0
0.0491052630747 0.00199999999641 0
0.0499999999104 0.00299999996056 0
0.0499999999104 0.0039999999247 0
0.0499999999104 0.00499999998617 0
0.0499999999104 0.00599999995031 0
0.0502368420712 0.00899999994007 0
0.0499999999104 0.00799999997593 0
0.0499999999104 0.0139999999554 0
0.0499999999104 0.00999999990421 0
0.0499999999104 0.0119999999298 0
0.0496842105248 0.0129999999913 0
0.049578947299 0.0109999999657 0
0.048 0 1
0.0479999999821 0.000999999934947 0
0.0479999999821 0.00199999999641 0
0.049 0.019 21
0.0489473683333 0.0179999999093 0
0.0488421052048 0.015999999981 0
0.0489999999462 0.0169999999452 0
0.0489999999462 0.0149999999196 0
0.049368421042 0.00699999991446 0
0.0489999999462 0.00299999996056 0
0.0492105263006 0.0039999999247 0
0.0479999999821 0.00299999996056 0
0.0489999999462 0.00599999995031 0
0.0489999999462 0.00499999998617 0
0.0494736841705 0.00899999994007 0
0.0489999999462 0.00799999997593 0
0.0487368420763 0.0139999999554 0
0.0489999999462 0.00999999990421 0
0.0488421052048 0.0129999999913 0
0.0489999999462 0.0119999999298 0
0.0487894735919 0.0109999999657 0
0.0469999999206 0.00299999996056 0
0.047 0 1
0.0469999999206 0.000999999934947 0
0.0468947367921 0.00199999999641 0
0.048 0.019 21
0.0479999999821 0.0179999999093 0
0.0479999999821 0.015999999981 0
0.0478947367562 0.0169999999452 0
0.0477894736277 0.0149999999196 0
0.0479999999821 0.00699999991446 0
0.0479999999821 0.0039999999247 0
0.0479999999821 0.00499999998617 0
0.0479999999821 0.00599999995031 0
0.0479999999821 0.00899999994007 0
0.0479999999821 0.00799999997593 0
0.0479999999821 0.0129999999913 0
0.0479999999821 0.0139999999554 0
0.0479999999821 0.00999999990421 0
0.0479999999821 0.0119999999298 0
0.0479999999821 0.0109999999657 0
0.0467894736636 0.0039999999247 0
0.0459999999565 0.00299999996056 0
0.0459999999565 0.00199999999641 0
0.046 0 1
0.0459999999565 0.000999999934947 0
0.047 0.019 21
0.0469999999206 0.0179999999093 0
0.0469999999206 0.015999999981 0
0.0469999999206 0.0169999999452 0
0.0469999999206 0.0139999999554 0
0.0469999999206 0.0149999999196 0
0.0469999999206 0.00699999991446 0
0.0469999999206 0.00499999998617 0
0.0469999999206 0.00599999995031 0
0.0469999999206 0.00899999994007 0
0.0469999999206 0.00799999997593 0
0.0469999999206 0.0119999999298 0
0.0469999999206 0.0129999999913 0
0.0469999999206 0.00999999990421 0
0.0469999999206 0.0109999999657 0
0.045 0 1
0.0459999999565 0.00499999998617 0
0.0459999999565 0.0039999999247 0
0.0451578947337 0.00299999996056 0
0.0449999999923 0.00199999999641 0
0.0449999999923 0.000999999934947 0
0.046 0.019 21
0.0459999999565 0.0179999999093 0
0.045894736828 0.0169999999452 0
0.0459999999565 0.015999999981 0
0.0457894736021 0.0149999999196 0
0.0459999999565 0.0139999999554 0
0.046184210407 0.00699999991446 0
0.0459999999565 0.00599999995031 0
0.0462368420199 0.00899999994007 0
0.0459999999565 0.00799999997593 0
0.0459999999565 0.0119999999298 0
0.0456842104736 0.0129999999913 0
0.0459999999565 0.00999999990421 0
0.0455789473451 0.0109999999657 0
0.044 0 1
0.0440526315438 0.000999999934947 0
0.0452631578623 0.00499999998617 0
0.0449999999923 0.0039999999247 0
0.0441578946723 0.00299999996056 0
0.0441052631567 0.00199999999641 0
0.045 0.019 21
0.0448947367665 0.0169999999452 0
0.0449999999923 0.0179999999093 0
0.0449999999923 0.015999999981 0
0.044789473638 0.0149999999196 0
0.0449999999923 0.0139999999554 0
0.0449999999923 0.00599999995031 0
0.0453684209908 0.00699999991446 0
0.0449999999923 0.00799999997593 0
0.0454736841193 0.00899999994007 0
0.0446842105095 0.0129999999913 0
0.0449999999923 0.0119999999298 0
0.0445789472836 0.0109999999657 0
0.0449999999923 0.00999999990421 0
0.043 0 1
0.0430526314823 0.000999999934947 0
0.0431052630952 0.00199999999641 0
0.0442631578008 0.00499999998617 0
0.0442105262852 0.0039999999247 0
0.044157894575 0.00599999995031 0
0.0432105262237 0.0039999999247 0
0.0431578947081 0.00299999996056 0
0.044 0.019 21
0.0439999999308 0.0169999999452 0
0.0439473684153 0.0179999999093 0
0.0438421051894 0.015999999981 0
0.0439999999308 0.0149999999196 0
0.0437368420609 0.0139999999554 0
0.0442105261879 0.00799999997593 0
0.0443684210266 0.00699999991446 0
0.0444736841551 0.00899999994007 0
0.043684210448 0.0129999999913 0
0.0437894735765 0.0109999999657 0
0.0436315789324 0.0119999999298 0
0.0435263157066 0.00999999990421 0
0.042 0 1
0.0419999999052 0.000999999934947 0
0.0421052631311 0.00199999999641 0
0.0432631578366 0.00499999998617 0
0.0433157894496 0.00599999995031 0
0.0419999999052 0.00299999996056 0
0.0422105262596 0.0039999999247 0
0.043 0.019 21
0.0429473683538 0.0179999999093 0
0.0428421052253 0.015999999981 0
0.0428947368382 0.0169999999452 0
0.0427894736124 0.0149999999196 0
0.0427368420968 0.0139999999554 0
0.0434210525781 0.00799999997593 0
0.0429999999667 0.00699999991446 0
0.0429999999667 0.00899999994007 0
0.0426842104839 0.0129999999913 0
0.0429999999667 0.0109999999657 0
0.0426315788709 0.0119999999298 0
0.0425263157424 0.00999999990421 0
0.041052631554 0.000999999934947 0
0.041 0 1
0.0411578946825 0.00299999996056 0
0.0409999999411 0.00199999999641 0
0.0421842104531 0.00699999991446 0
0.0419999999052 0.00499999998617 0
0.0423157893881 0.00599999995031 0
0.041263157811 0.00499999998617 0
0.0409999999411 0.0039999999247 0
0.042 0.019 21
0.0419473683896 0.0179999999093 0
0.0418421052611 0.015999999981 0
0.0418947367767 0.0169999999452 0
0.0417368420353 0.0139999999554 0
0.0417894736482 0.0149999999196 0
0.042236842066 0.00899999994007 0
0.0424210526139 0.00799999997593 0
0.0417631577444 0.00999999990421 0
0.0418157893574 0.0119999999298 0
0.0416842105197 0.0129999999913 0
0.0415789472939 0.0109999999657 0
0.04 0 1
0.0400526314925 0.000999999934947 0
0.0401578947184 0.00299999996056 0
0.0399999999769 0.00199999999641 0
0.0413684210369 0.00699999991446 0
0.0409999999411 0.00599999995031 0
0.0402631578469 0.00499999998617 0
0.0399999999769 0.0039999999247 0
0.041 0.019 21
0.0409999999411 0.0179999999093 0
0.0409999999411 0.015999999981 0
0.0408947368126 0.0169999999452 0
0.0409999999411 0.0139999999554 0
0.0407894736841 0.0149999999196 0
0.0409999999411 0.00799999997593 0
0.0414736841654 0.00899999994007 0
0.0409999999411 0.00999999990421 0
0.0406842104582 0.0129999999913 0
0.0409999999411 0.0119999999298 0
0.0405789473297 0.0109999999657 0
0.0395789473656 0.0109999999657 0
0.0392105262698 0.0039999999247 0
0.0391052631413 0.00199999999641 0
0.039 0 1
0.0390526315284 0.000999999934947 0
0.0391578946569 0.00299999996056 0
0.0401578946211 0.00599999995031 0
0.0403684209754 0.00699999991446 0
0.0393157893983 0.00599999995031 0
0.0392631578827 0.00499999998617 0
0.0396842104941 0.0129999999913 0
0.0399999999769 0.0179999999093 0
0.04 0.019 21
0.0398947367511 0.0169999999452 0
0.0397894736226 0.0149999999196 0
0.0399999999769 0.015999999981 0
0.0397368420097 0.0139999999554 0
0.040210526234 0.00799999997593 0
0.0404736842012 0.00899999994007 0
0.0395263157527 0.00999999990421 0
0.0396315788812 0.0119999999298 0
0.0387894735611 0.0109999999657 0
0.039 0.019 21
0.0382105263057 0.0039999999247 0
0.0381052630798 0.00199999999641 0
0.038 0 1
0.0379999999513 0.000999999934947 0
0.0379999999513 0.00299999996056 0
0.037 0 1
0.0394210526242 0.00799999997593 0
0.0393684210112 0.00699999991446 0
0.0383157894342 0.00599999995031 0
0.0379999999513 0.00499999998617 0
0.0388421051741 0.0129999999913 0
0.0389999999155 0.0169999999452 0
0.0389999999155 0.0179999999093 0
0.0389999999155 0.0149999999196 0
0.0389999999155 0.015999999981 0
0.0387368420455 0.0139999999554 0
0.0394736841398 0.00899999994007 0
0.0385263157885 0.00999999990421 0
0.038631578917 0.0119999999298 0
0.0379999999513 0.0109999999657 0
0.038 0.019 21
0.0372105262442 0.0039999999247 0
0.0371052631157 0.00199999999641 0
0.0369999999872 0.000999999934947 0
0.0369999999872 0.00299999996056 0
0.036 0 1
0.0384210525627 0.00799999997593 0
0.0379999999513 0.00699999991446 0
0.03731578947 0.00599999995031 0
0.0369999999872 0.00499999998617 0
0.0379999999513 0.0129999999913 0
0.0379999999513 0.0169999999452 0
0.0379473683384 0.0179999999093 0
0.0378421052099 0.015999999981 0
0.0379999999513 0.0149999999196 0
0.0377368420814 0.0139999999554 0
0.0375263157271 0.00999999990421 0
0.0379999999513 0.00899999994007 0
0.0376315788556 0.0119999999298 0
0.0369999999872 0.0109999999657 0
0.0369999999872 0.0179999999093 0
0.037 0.019 21
0.0362105262801 0.0039999999247 0
0.0361052631516 0.00199999999641 0
0.0359473684101 0.000999999934947 0
0.0358421051843 0.00299999996056 0
0.0349999999616 0.000999999934947 0
0.035 0 1
0.0374210525986 0.00799999997593 0
0.0369999999872 0.00699999991446 0
0.0357368420558 0.00499999998617 0
0.0359999999257 0.00599999995031 0
0.0369999999872 0.0129999999913 0
0.0369999999872 0.015999999981 0
0.0369999999872 0.0169999999452 0
0.0369999999872 0.0149999999196 0
0.0369999999872 0.0139999999554 0
0.0359999999257 0.0149999999196 0
0.0367631577291 0.00999999990421 0
0.0369999999872 0.00899999994007 0
0.036815789342 0.0119999999298 0
0.0362105261827 0.0109999999657 0
0.0359999999257 0.0169999999452 0
0.0359999999257 0.0179999999093 0
0.036 0.019 21
0.0349999999616 0.00499999998617 0
0.0349999999616 0.00299999996056 0
0.0349999999616 0.0039999999247 0
0.0349999999616 0.00199999999641 0
0.034052631513 0.000999999934947 0
0.034 0 1
0.0359999999257 0.00799999997593 0
0.0356315789273 0.00699999991446 0
0.0349999999616 0.00599999995031 0
0.0361578946672 0.0129999999913 0
0.0359999999257 0.015999999981 0
0.0359999999257 0.0139999999554 0
0.0352105262186 0.0149999999196 0
0.0359999999257 0.00999999990421 0
0.0355263157015 0.00899999994007 0
0.0359999999257 0.0119999999298 0
0.0354210525729 0.0109999999657 0
0.035 0.019 21
0.0351052630901 0.0169999999452 0
0.0349999999616 0.0179999999093 0
0.0341578946415 0.00599999995031 0
0.0342631578674 0.00499999998617 0
0.0339999999974 0.0039999999247 0
0.0341578946415 0.00299999996056 0
0.0339999999974 0.00199999999641 0
0.033 0 1
0.032999999936 0.000999999934947 0
0.032999999936 0.00199999999641 0
0.0349999999616 0.00799999997593 0
0.0343684209959 0.00699999991446 0
0.0353157894444 0.0129999999913 0
0.0349999999616 0.015999999981 0
0.0343947368023 0.0154999999503 0
0.0343947368023 0.0144999998888 0
0.0349999999616 0.0139999999554 0
0.0349999999616 0.00999999990421 0
0.0344736841244 0.00899999994007 0
0.0345789473502 0.0109999999657 0
0.0349999999616 0.0119999999298 0
0.034 0.019 21
0.0338947367716 0.0169999999452 0
0.0339473683845 0.0179999999093 0
0.032 0 1
0.0333157894188 0.00599999995031 0
0.0332105262903 0.0039999999247 0
0.032999999936 0.00499999998617 0
0.032999999936 0.00299999996056 0
0.0319999999718 0.000999999934947 0
0.0321052631003 0.00199999999641 0
0.0342105262545 0.00799999997593 0
0.0334210525473 0.00799999997593 0
0.032999999936 0.00699999991446 0
0.0339999999974 0.0129999999913 0
0.0337894736431 0.0149999999196 0
0.033842105256 0.015999999981 0
0.0337368420302 0.0139999999554 0
0.0337894735458 0.0109999999657 0
0.0335263157732 0.00999999990421 0
0.032999999936 0.00899999994007 0
0.0336315789017 0.0119999999298 0
0.033 0.019 21
0.032999999936 0.0169999999452 0
0.0329473684204 0.0179999999093 0
0.03 0 1
0.0310526315233 0.000999999934947 0
0.031 0 1
0.0323157894547 0.00599999995031 0
0.0319999999718 0.00499999998617 0
0.0322105262288 0.0039999999247 0
0.0319999999718 0.00299999996056 0
0.0309999999104 0.00199999999641 0
0.0311578946518 0.00299999996056 0
0.0324210525832 0.00799999997593 0
0.0319999999718 0.00699999991446 0
0.032999999936 0.0129999999913 0
0.032999999936 0.0149999999196 0
0.0328421051945 0.015999999981 0
0.032736842066 0.0139999999554 0
0.032999999936 0.0109999999657 0
0.0325263157117 0.00999999990421 0
0.0319999999718 0.00899999994007 0
0.0326315789375 0.0119999999298 0
0.032 0.019 21
0.0319999999718 0.0179999999093 0
0.0319999999718 0.015999999981 0
0.0319999999718 0.0169999999452 0
0.029 0 1
0.0299999999462 0.00199999999641 0
0.0299999999462 0.000999999934947 0
0.0309999999104 0.00699999991446 0
0.0309999999104 0.00599999995031 0
0.0312631578776 0.00499999998617 0
0.0309999999104 0.0039999999247 0
0.0299999999462 0.00299999996056 0
0.0299999999462 0.0039999999247 0
0.0309999999104 0.00799999997593 0
0.0319999999718 0.0139999999554 0
0.0319999999718 0.0129999999913 0
0.0319999999718 0.0149999999196 0
0.0309999999104 0.00899999994007 0
0.0319999999718 0.0109999999657 0
0.0317631577137 0.00999999990421 0
0.0318157894239 0.0119999999298 0
0.031 0.019 21
0.0309473683948 0.0179999999093 0
0.0308947367819 0.0169999999452 0
0.0309999999104 0.015999999981 0
0.0307894736533 0.0149999999196 0
0.028 0 1
0.0289999999821 0.000999999934947 0
0.0280526315335 0.000999999934947 0
0.0291052631106 0.00199999999641 0
0.0301578946876 0.00599999995031 0
0.0299999999462 0.00699999991446 0
0.0299999999462 0.00499999998617 0
0.0289999999821 0.00299999996056 0
0.0292105262391 0.0039999999247 0
0.0299999999462 0.00899999994007 0
0.0299999999462 0.00799999997593 0
0.0309999999104 0.0129999999913 0
0.0309999999104 0.0139999999554 0
0.0309999999104 0.00999999990421 0
0.0309999999104 0.0109999999657 0
0.0309999999104 0.0119999999298 0
0.03 0.019 21
0.0299473683333 0.0179999999093 0
0.0299999999462 0.0169999999452 0
0.0298421052048 0.015999999981 0
0.0299999999462 0.0149999999196 0
0.0297368420763 0.0139999999554 0
0.027 0 1
0.0269999999565 0.000999999934947 0
0.0279999999206 0.00199999999641 0
0.027105263085 0.00199999999641 0
0.028157894662 0.00299999996056 0
0.0291842104326 0.00699999991446 0
0.0293157894649 0.00599999995031 0
0.0289999999821 0.00499999998617 0
0.0282631578879 0.00499999998617 0
0.0279999999206 0.0039999999247 0
0.0299999999462 0.00999999990421 0
0.0292368420455 0.00899999994007 0
0.0289999999821 0.00799999997593 0
0.0299999999462 0.0119999999298 0
0.0299999999462 0.0129999999913 0
0.0299999999462 0.0109999999657 0
0.029 0.019 21
0.0289999999821 0.0179999999093 0
0.0288947367562 0.0169999999452 0
0.0289999999821 0.015999999981 0
0.0289999999821 0.0139999999554 0
0.0287894736277 0.0149999999196 0
0.026 0 1
0.0259999999923 0.000999999934947 0
0.0261052631208 0.00199999999641 0
0.0269999999565 0.00299999996056 0
0.0272105263108 0.0039999999247 0
0.0283684210164 0.00699999991446 0
0.0279999999206 0.00599999995031 0
0.0269999999565 0.00599999995031 0
0.0269999999565 0.00499999998617 0
0.0289999999821 0.00999999990421 0
0.0284736841449 0.00899999994007 0
0.0279999999206 0.00799999997593 0
0.0269999999565 0.00799999997593 0
0.0289999999821 0.0119999999298 0
0.0286842104992 0.0129999999913 0
0.0285789472734 0.0109999999657 0
0.028 0.019 21
0.0279999999206 0.0169999999452 0
0.0279999999206 0.0179999999093 0
0.0279999999206 0.0149999999196 0
0.0279999999206 0.015999999981 0
0.0279999999206 0.0139999999554 0
0.025 0 1
0.0249473684153 0.000999999934947 0
0.0251052631567 0.00199999999641 0
0.0259999999923 0.00299999996056 0
0.0262105262493 0.0039999999247 0
0.0269999999565 0.00699999991446 0
0.0261578946364 0.00599999995031 0
0.0259999999923 0.00499999998617 0
0.0279999999206 0.00999999990421 0
0.0269999999565 0.00899999994007 0
0.0262105262493 0.00799999997593 0
0.0279999999206 0.0119999999298 0
0.0278421051792 0.0129999999913 0
0.0277894735663 0.0109999999657 0
0.027 0.019 21
0.0269999999565 0.0169999999452 0
0.0269999999565 0.0179999999093 0
0.0269999999565 0.0149999999196 0
0.0269999999565 0.015999999981 0
0.0269999999565 0.0139999999554 0
0.0269999999565 0.0129999999913 0
0.0239999999667 0.000999999934947 0
0.0239999999667 0.00199999999641 0
0.024 0 1
0.0248421051894 0.00299999996056 0
0.0239999999667 0.00299999996056 0
0.0252105262852 0.0039999999247 0
0.0259999999923 0.00699999991446 0
0.0247368420609 0.00499999998617 0
0.0253157894137 0.00599999995031 0
0.0269999999565 0.0109999999657 0
0.0269999999565 0.00999999990421 0
0.0259999999923 0.00899999994007 0
0.0254210525422 0.00799999997593 0
0.0269999999565 0.0119999999298 0
0.026 0.019 21
0.0259473683794 0.0179999999093 0
0.0259999999923 0.0169999999452 0
0.0259999999923 0.0149999999196 0
0.0258421052509 0.015999999981 0
0.0257368420251 0.0139999999554 0
0.0259999999923 0.0129999999913 0
0.0231578946467 0.00299999996056 0
0.0229999999052 0.00199999999641 0
0.0230526315182 0.000999999934947 0
0.023 0 1
0.0239999999667 0.0039999999247 0
0.0239999999667 0.00499999998617 0
0.0246315789324 0.00699999991446 0
0.0239999999667 0.00599999995031 0
0.0259999999923 0.0109999999657 0
0.025526315768 0.00999999990421 0
0.0245263157066 0.00899999994007 0
0.0239999999667 0.00799999997593 0
0.0256315788966 0.0119999999298 0
0.025 0.019 21
0.0249999999308 0.0179999999093 0
0.0249999999308 0.015999999981 0
0.0249999999308 0.0169999999452 0
0.0249999999308 0.0149999999196 0
0.0249999999308 0.0139999999554 0
0.0249999999308 0.0129999999913 0
0.0229999999052 0.0039999999247 0
0.0222105262954 0.0039999999247 0
0.0221052630696 0.00199999999641 0
0.0219999999411 0.00299999996056 0
0.022 0 1
0.0219999999411 0.000999999934947 0
0.0232631578725 0.00499999998617 0
0.023368421001 0.00699999991446 0
0.0231578946467 0.00599999995031 0
0.0249999999308 0.0109999999657 0
0.024473684191 0.00999999990421 0
0.0234736841295 0.00899999994007 0
0.0229999999052 0.00799999997593 0
0.0243684209651 0.0119999999298 0
0.024 0.019 21
0.0240526314823 0.0179999999093 0
0.0239999999667 0.0169999999452 0
0.0241578947081 0.015999999981 0
0.0239999999667 0.0149999999196 0
0.0242631578366 0.0139999999554 0
0.0239999999667 0.0129999999913 0
0.0219999999411 0.00499999998617 0
0.021210526234 0.0039999999247 0
0.0211052631055 0.00199999999641 0
0.0211578947184 0.00299999996056 0
0.021 0 1
0.0210526314925 0.000999999934947 0
0.0223157894239 0.00599999995031 0
0.0223684210369 0.00699999991446 0
0.0239999999667 0.0109999999657 0
0.0229999999052 0.00999999990421 0
0.0222105261981 0.00799999997593 0
0.0224736841654 0.00899999994007 0
0.0229999999052 0.0129999999913 0
0.0229999999052 0.0119999999298 0
0.023 0.019 21
0.0229999999052 0.0169999999452 0
0.0229999999052 0.0179999999093 0
0.0229999999052 0.0149999999196 0
0.0229999999052 0.015999999981 0
0.0229999999052 0.0139999999554 0
0.0213157894598 0.00599999995031 0
0.0212631578469 0.00499999998617 0
0.0202105262698 0.0039999999247 0
0.0201052631413 0.00199999999641 0
0.0199999999155 0.00299999996056 0
0.02 0 1
0.0199999999155 0.000999999934947 0
0.0214210525883 0.00799999997593 0
0.0213684209754 0.00699999991446 0
0.0229999999052 0.0109999999657 0
0.0223157894239 0.0114999998991 0
0.0222894736175 0.0104999999349 0
0.0214736842012 0.00899999994007 0
0.0215263157168 0.00999999990421 0
0.0219999999411 0.0129999999913 0
0.0216315789427 0.0119999999298 0
0.022 0.019 21
0.0219999999411 0.0169999999452 0
0.0219473683282 0.0179999999093 0
0.0219999999411 0.0149999999196 0
0.0218421051997 0.015999999981 0
0.0217368420712 0.0139999999554 0
0.0203157893983 0.00599999995031 0
0.0199999999155 0.00499999998617 0
0.0192105263057 0.0039999999247 0
0.0189999999513 0.00299999996056 0
0.0191052630798 0.00199999999641 0
0.019 0 1
0.0189999999513 0.000999999934947 0
0.018 0 1
0.0204210526242 0.00799999997593 0
0.0199999999155 0.00699999991446 0
0.0215789473297 0.0109999999657 0
0.0207894736226 0.0109999999657 0
0.0199999999155 0.00899999994007 0
0.0205263157527 0.00999999990421 0
0.0209999999769 0.0129999999913 0
0.0206315788812 0.0119999999298 0
0.021 0.019 21
0.0209999999769 0.0169999999452 0
0.020947368364 0.0179999999093 0
0.0209999999769 0.0149999999196 0
0.0208421052355 0.015999999981 0
0.0207368420097 0.0139999999554 0
0.0182105262442 0.0039999999247 0
0.0193157894342 0.00599999995031 0
0.0189999999513 0.00499999998617 0
0.0182631578571 0.00499999998617 0
0.0181578947286 0.00299999996056 0
0.0181052631157 0.00199999999641 0
0.0180526315028 0.000999999934947 0
0.017 0 1
0.0169999999257 0.000999999934947 0
0.0194210525627 0.00799999997593 0
0.0189999999513 0.00699999991446 0
0.0199999999155 0.0109999999657 0
0.0189999999513 0.00899999994007 0
0.0195263157885 0.00999999990421 0
0.0182368419533 0.00899999994007 0
0.0199999999155 0.0129999999913 0
0.019631578917 0.0119999999298 0
0.02 0.019 21
0.0199999999155 0.0169999999452 0
0.0199473683999 0.0179999999093 0
0.0199999999155 0.0149999999196 0
0.0198421051741 0.015999999981 0
0.0197368420455 0.0139999999554 0
0.017605263085 0.00449999985811 0
0.0175789472785 0.00349999989397 0
0.01831578947 0.00599999995031 0
0.0176315788914 0.00549999982226 0
0.016 0 1
0.0169999999257 0.00299999996056 0
0.0169999999257 0.00199999999641 0
0.0160526315745 0.000999999934947 0
0.0184210525986 0.00799999997593 0
0.0179999999872 0.00699999991446 0
0.0171842104736 0.00699999991446 0
0.0189999999513 0.0109999999657 0
0.0185263157271 0.00999999990421 0
0.0177631578264 0.00999999990421 0
0.01747368415 0.00899999994007 0
0.0189999999513 0.0129999999913 0
0.0186315788556 0.0119999999298 0
0.017815789342 0.0119999999298 0
0.019 0.019 21
0.0189473683384 0.0179999999093 0
0.0189999999513 0.0169999999452 0
0.0188421052099 0.015999999981 0
0.0189999999513 0.0149999999196 0
0.0187368420814 0.0139999999554 0
0.0169999999257 0.00499999998617 0
0.0169999999257 0.0039999999247 0
0.0169999999257 0.00599999995031 0
0.014 0 1
0.015 0 1
0.015052631513 0.000999999934947 0
0.016157894703 0.00299999996056 0
0.0159999999616 0.00199999999641 0
0.0169999999257 0.00799999997593 0
0.01636842096 0.00699999991446 0
0.013 0 1
0.012 0 1
0.0175789472785 0.0109999999657 0
0.0169999999257 0.00999999990421 0
0.0164736841859 0.00899999994007 0
0.0179999999872 0.0139999999554 0
0.0176842105043 0.0129999999913 0
0.0169999999257 0.0119999999298 0
0.0179999999872 0.0179999999093 0
0.018 0.019 21
0.017 0.019 21
0.0179999999872 0.015999999981 0
0.0178947367614 0.0169999999452 0
0.0177894736329 0.0149999999196 0
0.0159999999616 0.0039999999247 0
0.0162631578315 0.00499999998617 0
0.0159999999616 0.00599999995031 0
0.013999999936 0.000999999934947 0
0.0149999999974 0.00199999999641 0
0.013999999936 0.00199999999641 0
0.0151578946415 0.00299999996056 0
0.0159999999616 0.00799999997593 0
0.0153684209959 0.00699999991446 0
0.0129473683589 0.000999999934947 0
0.0119999999104 0.000999999934947 0
0.01 0 1
0.011 0 1
0.0109999999462 0.000999999934947 0
0.0165789473144 0.0109999999657 0
0.0159999999616 0.00999999990421 0
0.0154736841244 0.00899999994007 0
0.0169999999257 0.0139999999554 0
0.0166842104429 0.0129999999913 0
0.0159999999616 0.0119999999298 0
0.016 0.019 21
0.0169999999257 0.0179999999093 0
0.0169999999257 0.015999999981 0
0.0168947367972 0.0169999999452 0
0.0167894736687 0.0149999999196 0
0.0149999999974 0.0039999999247 0
0.0152631578674 0.00499999998617 0
0.0149999999974 0.00599999995031 0
0.013999999936 0.0039999999247 0
0.0129999999718 0.00199999999641 0
0.013999999936 0.00299999996056 0
0.0149999999974 0.00799999997593 0
0.0143684210317 0.00699999991446 0
0.0119999999104 0.00199999999641 0
0.009 0 1
0.00928571419607 0.000714285659477 0
0.0100526314977 0.000999999934947 0
0.0109999999462 0.00199999999641 0
0.008 0 1
0.007 0 1
0.0155789473502 0.0109999999657 0
0.0149999999974 0.00999999990421 0
0.0144736841602 0.00899999994007 0
0.0159999999616 0.0139999999554 0
0.0156842104787 0.0129999999913 0
0.0149999999974 0.0119999999298 0
0.015 0.019 21
0.0159999999616 0.0179999999093 0
0.0159999999616 0.015999999981 0
0.0158947368331 0.0169999999452 0
0.0157894736072 0.0149999999196 0
0.013999999936 0.00499999998617 0
0.013999999936 0.00599999995031 0
0.0129999999718 0.0039999999247 0
0.0119999999104 0.00299999996056 0
0.0128421052304 0.00299999996056 0
0.013999999936 0.00799999997593 0
0.0133684209703 0.00699999991446 0
0.0109999999462 0.00299999996056 0
0.00830769224563 0.000692307645774 0
0.0085714285074 0.00142857134815 0
0.00928571419607 0.0017142855263 0
0.00999999998207 0.00199999999641 0
0.0101578947235 0.00299999996056 0
0.00733333324882 0.000749999968242 0
0.00629999998822 0.000699999974901 0
0.006 0 1
0.0145789472888 0.0109999999657 0
0.0134736841961 0.00899999994007 0
0.013999999936 0.00999999990421 0
0.0147368420302 0.0139999999554 0
0.0146842105146 0.0129999999913 0
0.013999999936 0.0119999999298 0
0.014 0.019 21
0.0149473683845 0.0179999999093 0
0.0148947367716 0.0169999999452 0
0.0147894736431 0.0149999999196 0
0.014842105256 0.015999999981 0
0.0127368421019 0.00499999998617 0
0.0129999999718 0.00599999995031 0
0.0119999999104 0.00499999998617 0
0.0119999999104 0.0039999999247 0
0.0129999999718 0.00799999997593 0
0.0126315788761 0.00699999991446 0
0.00999999998207 0.0039999999247 0
0.0109999999462 0.0039999999247 0
0.00761538457066 0.00153846151399 0
0.00833333321296 0.00233333315559 0
0.00916666659752 0.00266666650941 0
0.00904761899896 0.00361904749253 0
0.00654545447444 0.00145454545282 0
0.00559999998412 0.001399999979 0
0.00524999993341 0.000749999968242 0
0.005 0 1
0.002 0 1
0.0125263157476 0.00899999994007 0
0.0135789473246 0.0109999999657 0
0.0129999999718 0.00999999990421 0
0.013999999936 0.0139999999554 0
0.0136842104531 0.0129999999913 0
0.0129999999718 0.0119999999298 0
0.013 0.019 21
0.013999999936 0.0179999999093 0
0.013789473679 0.0149999999196 0
0.0138947368075 0.0169999999452 0
0.013999999936 0.015999999981 0
0.001 0 1
0 0 22
0.0119999999104 0.00599999995031 0
0.0109999999462 0.00499999998617 0
0.0119999999104 0.00799999997593 0
0.0118157893625 0.00699999991446 0
0.00941729313104 0.00471428561338 0
0.010263157852 0.00499999998617 0
0.0013333332693 0.000666666581125 0
0.00692307689569 0.00207692299572 0
0.00714285713005 0.00285714282282 0
0.00809523801584 0.00323809515768 0
0.0085714285074 0.00442857133791 0
0.00599999993085 0.00224999996312 0
0.00509090908974 0.00218181814517 0
0.00449999993597 0.00124999999898 0
0.004 0 1
0.003 0 1
0.00224999994365 0.000749999968242 0
0.0117631578469 0.00899999994007 0
0.0119999999104 0.00999999990421 0
0.012421052619 0.0109999999657 0
0.0119999999104 0.0119999999298 0
0.0129999999718 0.0149999999196 0
0.0129999999718 0.0139999999554 0
0.0123157893932 0.0129999999913 0
0.0129999999718 0.0169999999452 0
0.012 0.019 21
0.0129999999718 0.0179999999093 0
0.0129999999718 0.015999999981 0
0 0.001 22
0.0109999999462 0.00899999994007 0
0.0109999999462 0.00599999995031 0
0.0109999999462 0.00799999997593 0
0.0109999999462 0.00699999991446 0
0.00842857136967 0.00517142839573 0
0.00999999998207 0.00599999995031 0
0.00914285705834 0.00565714274189 0
0.000749999948777 0.00149999996568 0
0.00179999990626 0.00159999995236 0
0.00623076922072 0.00307692305718 0
0.00776190466202 0.00410476174136 0
0.00685714275726 0.00374285701839 0
0.0074285713082 0.00497142842237 0
0.00553846144843 0.00346153844298 0
0.00509090908974 0.00290909083752 0
0.00399999990524 0.00233333325291 0
0.00333333329492 0.00133333328877 0
0.00249999991036 0.00199999999641 0
0.0109999999462 0.00999999990421 0
0.0109999999462 0.0109999999657 0
0.011 0.019 21
0.0109999999462 0.0129999999913 0
0.0109999999462 0.0119999999298 0
0.0122105262647 0.0149999999196 0
0.0117368420404 0.0139999999554 0
0.0121052631362 0.0169999999452 0
0.0119473683948 0.0179999999093 0
0.0109999999462 0.0179999999093 0
0.0118421051689 0.015999999981 0
0 0.002 22
0.00999999998207 0.00899999994007 0
0.00999999998207 0.00799999997593 0
0.00999999998207 0.00699999991446 0
0.00828571423193 0.00591428555089 0
0.00904761899896 0.00678571415919 0
0.00918367343902 0.00853061214618 0
0.00714285713005 0.00635714274599 0
0.000749999948777 0.00224999996312 0
0.00166666662313 0.00266666660674 0
0.00571428565538 0.00428571420017 0
0.00657142848179 0.00462857131127 0
0.00680952367891 0.00555714275521 0
0.00466666661288 0.003749999958 0
0.00381818175648 0.00363636362719 0
0.00299999994109 0.00249999992982 0
0.00224999994365 0.00312499994391 0
0.00999999998207 0.00999999990421 0
0.00999999998207 0.0109999999657 0
0.00999999998207 0.0119999999298 0
0.01 0.019 21
0.00999999998207 0.0179999999093 0
0.0109999999462 0.0139999999554 0
0.00999999998207 0.0129999999913 0
0.0107894735919 0.0149999999196 0
0.0109999999462 0.015999999981 0
0.0108947368177 0.0169999999452 0
0 0.003 22
0.00908163258464 0.00948979582697 0
0.00904761899896 0.00761904754375 0
0.0079183671951 0.00675306105465 0
0.00816326518721 0.00826530596373 0
0.00816326518721 0.00897959174973 0
0.00619047614694 0.00614285708805 0
0.00673469380986 0.00712244886185 0
0.000833333238571 0.00333333331438 0
0.00149999994622 0.003749999958 0
0.00484615377346 0.00461538460037 0
0.00540816318957 0.00523469373713 0
0.00415384609849 0.00484615379292 0
0.00363636360773 0.00436363631954 0
0.00266666658727 0.0038888888392 0
0.00912087904464 0.0104945053585 0
0.00910256398455 0.0115256409637 0
0.00907692301723 0.0125692306307 0
0.009 0.019 21
0.00923076921048 0.0183076922958 0
0.00999999998207 0.0169999999452 0
0.00923076921048 0.0173076922344 0
0.00999999998207 0.0139999999554 0
0.00907692301723 0.0133692307188 0
0.00999999998207 0.0149999999196 0
0.00999999998207 0.015999999981 0
0 0.004 22
0.00809262157869 0.00988540017096 0
0.00755102035292 0.00759183665574 0
0.00732142847923 0.00892857132254 0
0.00613520396071 0.00766836705321 0
0.00510204072376 0.00618367337141 0
0.00579931966825 0.0067959182057 0
0.000714285640013 0.00428571420017 0
0.00149999994622 0.00449999995544 0
0.00428571427803 0.00571428567484 0
0.00333333329492 0.00524999995288 0
0.00254545452054 0.00509090901189 0
0.00802197797016 0.0107912086895 0
0.00824175820452 0.0117032965988 0
0.00820512808436 0.0127179486694 0
0.008 0.019 21
0.00830769224563 0.0183076922958 0
0.00846153843888 0.0176153845235 0
0.00884615382468 0.0166346152362 0
0.00846153843888 0.0140153845164 0
0.00884615382468 0.0147480767489 0
0.00923076921048 0.0154807690788 0
0 0.005 22
0.00717719772172 0.0100576921294 0
0.00642857134405 0.00857142842954 0
0.00663003651833 0.00944322326509 0
0.00540816318957 0.00744897942068 0
0.00553571420888 0.00821428553654 0
0.00448979579214 0.00679591830303 0
0.0013333332693 0.00544444442549 0
0.00218181812571 0.00581818180156 0
0.00357142849203 0.00642857136352 0
0.00276923074854 0.00623076914286 0
0.00703296696421 0.0111868130335 0
0.00736263726709 0.0120549449154 0
0.00730769218417 0.0130769229906 0
0.00723076918487 0.0141076922712 0
0.007 0.019 21
0.00727272726411 0.0182727271811 0
0.00761538457066 0.0176153845235 0
0.00794871792449 0.0166153845594 0
0.00846153843888 0.0159615383354 0
0.00807692305308 0.0152692306604 0
0 0.006 22
0.00638736245887 0.0107307690302 0
0.00541552189474 0.00915521955845 0
0.00574175814818 0.0102747251242 0
0.00464285707371 0.00785714274087 0
0.00467948709655 0.00879487161752 0
0.00374999993853 0.00749999984787 0
0.00127272718728 0.00654545449391 0
0.00199999997695 0.00674999994775 0
0.00285714280336 0.00714285705219 0
0.00711538453993 0.0151538461128 0
0.00648351642697 0.0119780218188 0
0.00641025628397 0.0131025640552 0
0.00630769222002 0.0144769229988 0
0.006 0.019 21
0.00629999998822 0.0182999999667 0
0.00692307689569 0.0169230768486 0
0.00654545447444 0.0175454544888 0
0.00701923066915 0.016038461432 0
0 0.007 22
0.00539835155024 0.0111263733742 0
0.00453926264894 0.00989262797641 0
0.00496880709959 0.0105095006266 0
0.000727272643687 0.00727272718625 0
0.00352564093915 0.00925641009994 0
0.00364010977269 0.00848681300379 0
0.0028937728262 0.00808058592885 0
0.00138461530128 0.00761538459013 0
0.00214285711468 0.00785714283819 0
0.0061538461241 0.0155384614986 0
0.00560439548954 0.0124725273704 0
0.00551282038378 0.0137948717302 0
0.0053846153525 0.0148461538237 0
0.005 0.019 21
0.00544444440603 0.0176666666528 0
0.00599999993085 0.0163333332375 0
0 0.008 22
0.0050549449523 0.0119780218188 0
0.00435897422639 0.0113040291066 0
0.00296703287188 0.00995604377948 0
0.00366300350047 0.0106300363944 0
0.000666666658983 0.00824999994263 0
0.002637362569 0.00911648336404 0
0.00142857142601 0.00857142852686 0
0.0022252746904 0.00996703293232 0
0.00524999993341 0.0156666666272 0
0.004 0.019 21
0.00472527464943 0.0131098899625 0
0.00461538458091 0.0141538461487 0
0.00449999993597 0.0149999999196 0
0.00449999993597 0.0177499999426 0
0.00466666661288 0.0169999999452 0
0 0.009 22
0.00406593394635 0.0123736262601 0
0.00304029291756 0.0118315017274 0
0.00241758233464 0.0110901097732 0
0.000692307626309 0.00923076922994 0
0.00146520135153 0.00950915740352 0
0.00150183137437 0.0104468863775 0
0.00456944432791 0.0159999998837 0
0.003 0.019 21
0.00333333329492 0.0183333332632 0
0.002 0.019 21
0.00384615380931 0.0134615383764 0
0.00374999993853 0.0143333333093 0
0.00363636360773 0.0151818181657 0
0.00388888881974 0.0163333332375 0
0.00357142849203 0.0175714284961 0
0 0.01 22
0.00307692303772 0.0127692307014 0
0.00230769226612 0.0120769230264 0
0.00153846149453 0.0113846153515 0
0.000769230722933 0.0106923076765 0
0 0.019 22
0.001 0.019 21
0.00224999994365 0.0182499999734 0
0.00149999994622 0.0179999999093 0
0.00299999994109 0.0136666666016 0
0.00290909081805 0.014545454499 0
0.00249999991036 0.0169999999452 0
0.00311111102659 0.0156666666272 0
0.00299999994109 0.0164999999145 0
0 0.011 22
0.00224999994365 0.0129999999913 0
0.00149999994622 0.0123333332836 0
0.000749999948777 0.011666666576 0
0 0.018 22
0.000666666658983 0.0176666666528 0
0.0015999999329 0.0171999999186 0
0.00218181812571 0.0139090908324 0
0.00233333333077 0.0149999999196 0
0.00214285711468 0.0161428571188 0
0 0.012 22
0.00145454543336 0.0132727272631 0
0.000699999955436 0.0126999999339 0
0 0.017 22
0.000749999948777 0.0167499999785 0
0.0013333332693 0.0163333332375 0
0.00155555553763 0.0143333333093 0
0.00149999994622 0.0152499999836 0
0 0.013 22
0.000777777744483 0.0136666666016 0
0 0.016 22
0.000666666658983 0.0156666666272 0
0.000714285640013 0.0147142856441 0
0 0.014 22
0 0.015 22

Edges
322
1931 1944 22
1944 1953 22
1953 1960 22
1960 1964 22
1964 1963 22
1963 1958 22
1958 1950 22
1950 1940 22
1940 1926 22
1926 1910 22
1910 1894 22
1894 1877 22
1877 1858 22
1858 1837 22
1837 1815 22
1815 1789 22
1789 1762 22
1762 1732 22
1732 1703 22
362 381 21
381 399 21
399 421 21
421 442 21
442 465 21
465 491 21
491 519 21
519 545 21
545 569 21
569 593 21
593 601 21
601 623 21
623 646 21
646 669 21
669 690 21
690 710 21
710 730 21
730 750 21
750 770 21
770 790 21
790 810 21
810 831 21
831 851 21
851 873 21
873 894 21
894 915 21
915 936 21
936 958 21
958 979 21
979 1000 21
1000 1020 21
1020 1042 21
1042 1062 21
1062 1084 21
1084 1104 21
1104 1128 21
1128 1138 21
1138 1159 21
1159 1180 21
1180 1203 21
1203 1221 21
1221 1243 21
1243 1264 21
1264 1286 21
1286 1307 21
1307 1328 21
1328 1350 21
1350 1372 21
1372 1392 21
1392 1413 21
1413 1433 21
1433 1454 21
1454 1475 21
1475 1497 21
1497 1519 21
1519 1542 21
1542 1566 21
1566 1591 21
1591 1592 21
1592 1616 21
1616 1642 21
1642 1669 21
1669 1697 21
1697 1729 21
1729 1753 21
1753 1782 21
1782 1807 21
1807 1830 21
1830 1852 21
1852 1872 21
1872 1891 21
1891 1904 21
1904 1918 21
1918 1920 21
1920 1932 21
1932 1931 21
44 46 20
46 66 20
66 87 20
87 105 20
105 125 20
125 142 20
142 145 20
145 163 20
163 182 20
182 201 20
201 221 20
221 223 20
223 242 20
242 262 20
262 282 20
282 302 20
302 322 20
322 341 20
341 362 20
45 44 19
363 342 18
342 323 18
323 303 18
303 301 18
301 281 18
281 261 18
261 241 18
241 222 18
222 202 18
202 183 18
183 181 18
181 162 18
162 144 18
144 126 18
126 106 18
106 88 18
88 67 18
67 65 18
65 45 18
423 401 17
401 383 17
383 363 17
469 444 16
444 423 16
468 494 15
494 469 15
422 443 14
443 468 14
360 380 13
380 400 13
400 422 13
11 26 12
26 47 12
47 68 12
68 89 12
89 107 12
107 127 12
127 147 12
147 166 12
166 164 12
164 184 12
184 203 12
203 224 12
224 243 12
243 263 12
263 283 12
283 304 12
304 324 12
324 343 12
343 360 12
7 8 11
8 2 11
2 1 11
1 3 11
3 4 11
4 5 11
5 12 11
12 13 11
13 14 11
14 15 11
15 11 11
375 355 10
355 336 10
336 317 10
317 296 10
296 276 10
276 255 10
255 235 10
235 214 10
214 195 10
195 175 10
175 157 10
157 138 10
138 119 10
119 99 10
99 80 10
80 58 10
58 38 10
38 21 10
21 7 10
434 415 9
415 394 9
394 375 9
456 454 8
454 434 8
455 479 7
479 456 7
416 435 6
435 455 6
356 376 5
376 395 5
395 416 5
25 43 4
43 63 4
63 84 4
84 102 4
102 121 4
121 123 4
123 141 4
141 160 4
160 179 4
179 199 4
199 218 4
218 238 4
238 257 4
257 258 4
258 278 4
278 298 4
298 318 4
318 337 4
337 356 4
24 25 3
357 339 2
339 320 2
320 299 2
299 279 2
279 259 2
259 239 2
239 219 2
219 216 2
216 197 2
197 178 2
178 159 2
159 140 2
140 122 2
122 103 2
103 85 2
85 83 2
83 62 2
62 42 2
42 24 2
1703 1702 1
1702 1690 1
1690 1719 1
1719 1718 1
1718 1689 1
1689 1662 1
1662 1635 1
1635 1634 1
1634 1630 1
1630 1607 1
1607 1608 1
1608 1583 1
1583 1582 1
1582 1575 1
1575 1576 1
1576 1552 1
1552 1532 1
1532 1510 1
1510 1508 1
1508 1486 1
1486 1465 1
1465 1444 1
1444 1423 1
1423 1401 1
1401 1378 1
1378 1356 1
1356 1334 1
1334 1312 1
1312 1290 1
1290 1267 1
1267 1269 1
1269 1246 1
1246 1229 1
1229 1209 1
1209 1186 1
1186 1164 1
1164 1144 1
1144 1141 1
1141 1119 1
1119 1096 1
1096 1076 1
1076 1055 1
1055 1034 1
1034 1014 1
1014 994 1
994 977 1
977 955 1
955 933 1
933 913 1
913 893 1
893 872 1
872 855 1
855 834 1
834 813 1
813 814 1
814 793 1
793 774 1
774 755 1
755 735 1
735 715 1
715 694 1
694 673 1
673 654 1
654 629 1
629 606 1
606 581 1
581 557 1
557 533 1
533 508 1
508 483 1
483 459 1
459 437 1
437 417 1
417 396 1
396 377 1
377 357 1

Triangles
3604
1931 1944 1932 0
1934 1933 1920 0
1945 1934 1932 0
1953 1945 1944 0
1954 1946 1945 0
1954 1955 1946 0
1946 1955 1949 0
1939 1937 1949 0
1934 1945 1946 0
1953 1954 1945 0
1953 1960 1954 0
1944 1945 1932 0
1961 1954 1960 0
1934 1920 1932 0
1937 1939 1925 0
1946 1937 1933 0
1946 1949 1937 0
1918 1920 1933 0
1961 1964 1962 0
1933 1925 1919 0
1963 1959 1962 0
1908 1891 1904 0
1961 1962 1957 0
1873 1852 1872 0
1875 1853 1873 0
1854 1831 1853 0
1963 1958 1959 0
1946 1933 1934 0
1909 1908 1925 0
1917 1903 1909 0
1923 1917 1924 0
1907 1903 1917 0
1892 1908 1909 0
1919 1918 1933 0
1908 1919 1925 0
1904 1918 1919 0
1943 1952 1950 0
1872 1891 1892 0
1935 1927 1921 0
1923 1938 1936 0
1907 1923 1922 0
1907 1917 1923 0
1956 1957 1962 0
1941 1947 1951 0
1948 1957 1956 0
1873 1853 1852 0
1892 1873 1872 0
1875 1874 1854 0
1892 1875 1873 0
1892 1893 1875 0
1947 1941 1935 0
1936 1947 1935 0
1956 1951 1947 0
1952 1942 1951 0
1959 1952 1951 0
1958 1950 1952 0
1929 1928 1942 0
1885 1866 1886 0
1785 1806 1781 0
1830 1852 1853 0
1910 1899 1914 0
1899 1894 1881 0
1915 1902 1916 0
1914 1915 1930 0
1900 1886 1884 0
1899 1901 1914 0
1916 1902 1913 0
1930 1916 1929 0
1930 1915 1916 0
1885 1886 1901 0
1864 1843 1862 0
1863 1883 1862 0
1867 1846 1864 0
1846 1867 1847 0
1825 1846 1847 0
1744 1772 1742 0
1774 1773 1745 0
1769 1774 1745 0
1795 1800 1774 0
1774 1800 1773 0
1821 1820 1795 0
1796 1821 1795 0
1841 1843 1821 0
1839 1842 1819 0
1862 1843 1841 0
1800 1799 1772 0
1773 1800 1772 0
1820 1824 1800 0
1790 1763 1779 0
1820 1843 1824 0
1799 1800 1824 0
1821 1796 1819 0
1792 1767 1791 0
1737 1766 1745 0
1714 1737 1745 0
1714 1708 1737 0
1739 1767 1766 0
1905 1888 1889 0
1864 1883 1884 0
1912 1913 1898 0
1898 1913 1897 0
1827 1804 1805 0
1848 1827 1828 0
1888 1878 1869 0
1838 1816 1827 0
1816 1794 1790 0
1848 1838 1827 0
1818 1794 1816 0
1794 1768 1790 0
1817 1793 1818 0
1817 1792 1791 0
1816 1804 1827 0
1780 1804 1779 0
1863 1862 1842 0
1880 1898 1879 0
1883 1900 1884 0
1879 1898 1882 0
1860 1879 1863 0
1860 1861 1879 0
1897 1900 1882 0
1846 1824 1843 0
1912 1927 1928 0
1902 1897 1913 0
1911 1927 1912 0
1896 1911 1912 0
1895 1905 1911 0
1902 1900 1897 0
1869 1870 1888 0
1911 1905 1921 0
1829 1812 1834 0
1829 1806 1812 0
1869 1849 1850 0
1849 1828 1829 0
1805 1781 1806 0
1780 1805 1804 0
1806 1785 1812 0
1911 1921 1927 0
1888 1905 1895 0
1878 1888 1895 0
1870 1889 1888 0
1889 1906 1905 0
1922 1936 1935 0
1906 1922 1921 0
1906 1907 1922 0
1871 1887 1890 0
1870 1851 1871 0
1836 1813 1814 0
1857 1836 1856 0
1857 1834 1835 0
1784 1811 1785 0
1868 1887 1871 0
1870 1850 1851 0
1810 1833 1809 0
1947 1948 1956 0
1921 1922 1935 0
1923 1924 1938 0
1952 1959 1958 0
1928 1941 1942 0
1947 1936 1948 0
1663 1665 1637 0
1696 1692 1668 0
1723 1693 1692 0
1751 1721 1722 0
1764 1735 1763 0
1790 1768 1763 0
1765 1735 1764 0
1707 1734 1704 0
1765 1736 1735 0
1765 1734 1736 0
1678 1652 1664 0
1721 1706 1691 0
1722 1721 1691 0
1733 1735 1721 0
1679 1653 1678 0
1905 1906 1921 0
1871 1889 1870 0
1871 1890 1889 0
1889 1890 1906 0
1887 1893 1903 0
1855 1832 1854 0
1857 1856 1876 0
1876 1856 1855 0
1851 1857 1868 0
1835 1813 1836 0
1857 1835 1836 0
1834 1812 1835 0
1851 1834 1857 0
1871 1851 1868 0
1850 1834 1851 0
1812 1811 1835 0
1836 1814 1833 0
1810 1809 1783 0
1855 1833 1832 0
1833 1814 1809 0
1832 1833 1810 0
1856 1836 1833 0
1786 1814 1813 0
1856 1833 1855 0
1893 1892 1909 0
1876 1893 1887 0
1876 1874 1893 0
1868 1876 1887 0
1868 1857 1876 0
1854 1853 1875 0
1874 1875 1893 0
1909 1925 1924 0
1891 1908 1892 0
1904 1919 1908 0
1943 1929 1942 0
1940 1943 1950 0
1930 1929 1943 0
1926 1930 1940 0
1926 1914 1930 0
1938 1948 1936 0
1938 1949 1948 0
1925 1939 1924 0
1925 1933 1937 0
1955 1957 1949 0
1930 1943 1940 0
1956 1962 1959 0
1951 1956 1959 0
1949 1957 1948 0
1961 1960 1964 0
1955 1961 1957 0
1955 1954 1961 0
1964 1963 1962 0
1942 1952 1943 0
1667 1668 1641 0
1726 1695 1694 0
1726 1727 1695 0
1752 1723 1724 0
1779 1751 1780 0
1721 1735 1706 0
1763 1733 1751 0
1763 1735 1733 0
1693 1665 1692 0
1752 1722 1723 0
1691 1664 1693 0
1706 1679 1678 0
1691 1706 1678 0
1735 1736 1707 0
1615 1636 1610 0
1638 1627 1612 0
1561 1560 1584 0
1562 1561 1585 0
1562 1539 1561 0
1917 1909 1924 0
1890 1903 1907 0
1893 1909 1903 0
1724 1696 1727 0
1752 1724 1755 0
1723 1696 1724 0
1761 1756 1731 0
1809 1814 1788 0
1786 1756 1761 0
1811 1784 1786 0
1731 1701 1700 0
1761 1731 1758 0
1788 1761 1758 0
1787 1786 1761 0
1725 1726 1699 0
1731 1725 1699 0
1756 1726 1725 0
1784 1757 1786 0
1699 1701 1731 0
1756 1725 1731 0
1694 1666 1672 0
1831 1830 1853 0
1832 1831 1854 0
1874 1855 1854 0
1810 1808 1832 0
1808 1807 1831 0
1798 1823 1822 0
1802 1826 1803 0
1825 1847 1826 0
1776 1802 1803 0
1746 1772 1775 0
1864 1846 1843 0
1825 1824 1846 0
1820 1800 1795 0
1845 1844 1826 0
1847 1845 1826 0
1847 1866 1845 0
1941 1927 1935 0
1942 1941 1951 0
1928 1927 1941 0
1884 1886 1867 0
1838 1818 1816 0
1859 1838 1848 0
1840 1839 1818 0
1859 1840 1838 0
1861 1860 1840 0
1860 1839 1840 0
1841 1842 1862 0
1819 1796 1817 0
1841 1819 1842 0
1841 1821 1819 0
1819 1817 1839 0
1900 1901 1886 0
1864 1884 1867 0
1820 1821 1843 0
1878 1859 1869 0
1859 1861 1840 0
1869 1859 1848 0
1878 1861 1859 0
1896 1878 1895 0
1896 1898 1880 0
1911 1896 1895 0
1879 1882 1863 0
1912 1898 1896 0
1897 1882 1898 0
1840 1818 1838 0
1929 1913 1928 0
1883 1882 1900 0
1862 1883 1864 0
1863 1882 1883 0
1880 1861 1878 0
1896 1880 1878 0
1879 1861 1880 0
1842 1860 1863 0
1842 1839 1860 0
1902 1915 1900 0
1929 1916 1913 0
1915 1901 1900 0
1881 1894 1877 0
1901 1899 1885 0
1910 1894 1899 0
1831 1807 1830 0
1832 1808 1831 0
1783 1760 1782 0
1810 1783 1808 0
1809 1788 1783 0
1606 1609 1583 0
1629 1606 1605 0
1629 1609 1606 0
1938 1924 1939 0
1949 1938 1939 0
1936 1922 1923 0
1890 1907 1906 0
1890 1887 1903 0
1605 1583 1582 0
1575 1599 1582 0
1683 1656 1657 0
1712 1683 1713 0
1682 1656 1683 0
1625 1651 1629 0
1582 1599 1605 0
1600 1602 1626 0
1649 1647 1674 0
1576 1577 1599 0
1600 1579 1602 0
1599 1600 1601 0
1577 1579 1600 0
1599 1577 1600 0
1625 1599 1601 0
1575 1576 1599 0
1576 1552 1577 0
1734 1765 1738 0
1705 1734 1709 0
1681 1705 1709 0
1681 1677 1705 0
1704 1679 1707 0
1707 1679 1706 0
1735 1707 1706 0
1736 1734 1707 0
1705 1704 1734 0
1675 1679 1704 0
1647 1675 1674 0
1648 1653 1675 0
1664 1665 1693 0
1678 1664 1691 0
1652 1627 1638 0
1754 1785 1755 0
1724 1754 1755 0
1784 1785 1754 0
1726 1757 1727 0
1786 1813 1811 0
1787 1788 1814 0
1760 1783 1788 0
1782 1807 1808 0
1876 1855 1874 0
1783 1782 1808 0
1552 1555 1577 0
1698 1669 1697 0
1759 1760 1788 0
1729 1759 1730 0
1729 1753 1759 0
1667 1694 1695 0
1641 1640 1667 0
1589 1614 1615 0
1639 1666 1640 0
1614 1639 1640 0
1613 1595 1620 0
1563 1587 1588 0
1620 1618 1644 0
1639 1620 1646 0
1595 1618 1620 0
1619 1618 1594 0
1646 1644 1673 0
1701 1672 1673 0
1639 1613 1620 0
1646 1620 1644 0
1730 1759 1758 0
1667 1666 1694 0
1668 1667 1695 0
1640 1666 1667 0
1786 1787 1814 0
1761 1788 1787 0
1728 1730 1758 0
1673 1671 1701 0
1698 1730 1700 0
1730 1697 1729 0
1728 1700 1730 0
1731 1728 1758 0
1731 1700 1728 0
1698 1697 1730 0
1760 1753 1782 0
1758 1759 1788 0
1759 1753 1760 0
1663 1641 1668 0
1665 1663 1692 0
1636 1641 1663 0
1585 1610 1611 0
1663 1668 1692 0
1615 1641 1636 0
1615 1640 1641 0
1610 1589 1615 0
1589 1588 1614 0
1696 1723 1692 0
1695 1696 1668 0
1727 1754 1724 0
1695 1727 1696 0
1699 1726 1694 0
1757 1784 1754 0
1756 1757 1726 0
1756 1786 1757 0
1752 1780 1751 0
1722 1752 1751 0
1755 1780 1752 0
1757 1754 1727 0
1781 1780 1755 0
1785 1781 1755 0
1835 1811 1813 0
1850 1829 1834 0
1869 1850 1870 0
1828 1827 1805 0
1806 1828 1805 0
1849 1848 1828 0
1850 1849 1829 0
1869 1848 1849 0
1785 1811 1812 0
1721 1751 1733 0
1693 1722 1691 0
1693 1723 1722 0
1586 1612 1603 0
1585 1586 1562 0
1611 1612 1586 0
1610 1636 1611 0
1584 1610 1585 0
1584 1589 1610 0
1586 1603 1580 0
1637 1612 1611 0
1636 1637 1611 0
1665 1638 1637 0
1638 1664 1652 0
1637 1638 1612 0
1665 1664 1638 0
1609 1632 1608 0
1583 1609 1608 0
1633 1632 1609 0
1629 1633 1609 0
1625 1629 1605 0
1599 1625 1605 0
1601 1626 1625 0
1650 1677 1654 0
1629 1650 1654 0
1651 1677 1650 0
1659 1658 1633 0
1555 1552 1532 0
1533 1555 1532 0
1579 1577 1555 0
1669 1698 1670 0
1628 1648 1623 0
1627 1628 1604 0
1653 1648 1628 0
1678 1653 1652 0
1679 1675 1653 0
1704 1674 1675 0
1649 1624 1647 0
1676 1705 1677 0
1704 1676 1674 0
1704 1705 1676 0
1651 1626 1649 0
1625 1626 1651 0
1621 1596 1622 0
1626 1621 1624 0
1602 1596 1621 0
1626 1602 1621 0
1649 1626 1624 0
1601 1600 1626 0
1579 1578 1602 0
1533 1554 1555 0
1510 1533 1532 0
1510 1508 1531 0
1481 1482 1461 0
1535 1526 1512 0
1504 1482 1503 0
1526 1527 1504 0
1526 1550 1527 0
1512 1526 1503 0
1535 1550 1526 0
1511 1534 1512 0
1556 1557 1535 0
1527 1528 1525 0
1505 1506 1485 0
1505 1525 1506 0
1504 1505 1483 0
1527 1525 1505 0
1503 1526 1504 0
1528 1551 1548 0
1550 1528 1527 0
1550 1574 1551 0
1506 1529 1530 0
1642 1669 1670 0
1647 1648 1675 0
1621 1647 1624 0
1622 1623 1647 0
1597 1622 1596 0
1623 1648 1647 0
1598 1623 1622 0
1598 1604 1623 0
1572 1574 1597 0
1573 1572 1597 0
1548 1525 1528 0
1573 1548 1572 0
1573 1549 1548 0
1578 1573 1596 0
1602 1578 1596 0
1579 1554 1578 0
1483 1482 1504 0
1628 1652 1653 0
1581 1604 1598 0
1627 1652 1628 0
1603 1627 1604 0
1603 1612 1627 0
1581 1603 1604 0
1574 1581 1598 0
1580 1603 1581 0
1586 1585 1611 0
1487 1486 1465 0
1507 1509 1487 0
1485 1507 1484 0
1530 1509 1507 0
1506 1530 1507 0
1483 1505 1485 0
1529 1553 1530 0
1525 1529 1506 0
1525 1548 1549 0
1554 1533 1531 0
1508 1486 1487 0
1556 1562 1580 0
1574 1550 1557 0
1535 1512 1534 0
1516 1515 1493 0
1494 1516 1493 0
1472 1494 1493 0
1513 1514 1494 0
1536 1559 1538 0
1559 1564 1584 0
1538 1559 1560 0
1536 1541 1559 0
1666 1639 1646 0
1643 1645 1619 0
1616 1643 1617 0
1619 1644 1618 0
1670 1645 1643 0
1671 1700 1701 0
1670 1671 1645 0
1670 1698 1671 0
1672 1666 1646 0
1673 1672 1646 0
1699 1694 1672 0
1619 1594 1617 0
1643 1619 1617 0
1645 1644 1619 0
1701 1699 1672 0
1595 1570 1593 0
1670 1643 1642 0
1671 1673 1645 0
1645 1673 1644 0
1549 1529 1525 0
1553 1549 1573 0
1553 1529 1549 0
1531 1508 1509 0
1505 1504 1527 0
1464 1483 1485 0
1464 1443 1462 0
1478 1458 1479 0
1501 1522 1500 0
1547 1524 1545 0
1570 1547 1545 0
1571 1563 1547 0
1540 1518 1517 0
1460 1459 1480 0
1484 1487 1466 0
1445 1463 1466 0
1485 1506 1507 0
1617 1590 1591 0
1565 1588 1589 0
1560 1559 1584 0
1541 1518 1540 0
1559 1541 1564 0
1536 1518 1541 0
1473 1474 1460 0
1495 1473 1480 0
1495 1474 1473 0
1500 1502 1480 0
1517 1518 1496 0
1540 1517 1524 0
1491 1513 1492 0
1474 1491 1490 0
1496 1513 1491 0
1517 1496 1495 0
1518 1514 1496 0
1570 1569 1593 0
1547 1570 1571 0
1545 1546 1570 0
1570 1595 1571 0
1523 1546 1545 0
1593 1618 1595 0
1594 1593 1569 0
1594 1618 1593 0
1592 1617 1591 0
1643 1616 1642 0
1590 1617 1594 0
1568 1590 1594 0
1567 1591 1590 0
1592 1616 1617 0
1698 1700 1671 0
1495 1496 1474 0
1563 1541 1540 0
1514 1513 1496 0
1536 1514 1518 0
1536 1516 1514 0
1563 1564 1541 0
1547 1563 1540 0
1571 1587 1563 0
1537 1539 1556 0
1538 1560 1537 0
1516 1538 1515 0
1516 1536 1538 0
1584 1585 1561 0
1425 1446 1424 0
1427 1425 1406 0
1427 1446 1425 0
1407 1427 1406 0
1447 1468 1448 0
1431 1452 1447 0
1411 1431 1426 0
1430 1451 1431 0
1448 1446 1427 0
1447 1448 1427 0
1467 1446 1448 0
1468 1467 1448 0
1452 1468 1447 0
1489 1467 1468 0
1481 1503 1482 0
1489 1481 1467 0
1489 1503 1481 0
1515 1511 1493 0
1466 1465 1444 0
1485 1484 1464 0
1487 1465 1466 0
1544 1543 1521 0
1591 1567 1566 0
1594 1569 1568 0
1364 1385 1382 0
1362 1364 1342 0
1362 1383 1363 0
1431 1451 1452 0
1422 1423 1401 0
1402 1403 1400 0
1424 1406 1425 0
1420 1424 1440 0
1404 1406 1424 0
1443 1442 1421 0
1445 1466 1444 0
1442 1445 1422 0
1442 1463 1445 0
1421 1442 1422 0
1399 1400 1422 0
1401 1399 1422 0
1379 1400 1399 0
1420 1443 1421 0
1463 1484 1466 0
1443 1463 1442 0
1464 1484 1463 0
1628 1623 1604 0
1468 1452 1471 0
1494 1514 1516 0
1472 1470 1492 0
1412 1391 1389 0
1409 1386 1391 0
1410 1387 1409 0
1430 1410 1429 0
1411 1388 1410 0
1367 1366 1387 0
1366 1365 1386 0
1455 1433 1454 0
1457 1436 1456 0
1414 1433 1434 0
1567 1544 1566 0
1399 1401 1379 0
1479 1458 1457 0
1501 1523 1522 0
1479 1501 1500 0
1498 1520 1501 0
1501 1520 1523 0
1476 1498 1479 0
1456 1476 1479 0
1477 1498 1476 0
1477 1497 1499 0
1521 1543 1520 0
1502 1524 1517 0
1480 1502 1495 0
1500 1522 1502 0
1502 1522 1524 0
1478 1500 1480 0
1458 1478 1480 0
1479 1500 1478 0
1479 1498 1501 0
1523 1545 1522 0
1481 1461 1467 0
1378 1379 1401 0
1381 1382 1404 0
1380 1381 1402 0
1358 1337 1359 0
1477 1476 1456 0
1544 1567 1568 0
1542 1544 1521 0
1542 1566 1544 0
1517 1495 1502 0
1568 1569 1546 0
1544 1568 1543 0
1567 1590 1568 0
1563 1588 1564 0
1524 1547 1540 0
1587 1613 1588 0
1595 1587 1571 0
1595 1613 1587 0
1400 1380 1402 0
1422 1400 1421 0
1379 1380 1400 0
1356 1357 1378 0
1421 1400 1420 0
1357 1380 1379 0
1358 1381 1380 0
1357 1379 1378 0
1334 1357 1356 0
1358 1380 1357 0
1334 1312 1335 0
1440 1424 1446 0
1381 1404 1402 0
1382 1385 1404 0
1474 1469 1453 0
1480 1473 1460 0
1492 1470 1490 0
1491 1492 1490 0
1513 1494 1492 0
1477 1456 1455 0
1519 1521 1499 0
1522 1545 1524 0
1498 1499 1520 0
1546 1569 1570 0
1543 1546 1523 0
1543 1568 1546 0
1314 1335 1312 0
1459 1439 1438 0
1450 1429 1449 0
1470 1450 1469 0
1430 1429 1450 0
1412 1398 1419 0
1428 1412 1432 0
1408 1391 1412 0
1369 1389 1371 0
1390 1377 1397 0
1375 1376 1395 0
1377 1375 1395 0
1355 1376 1375 0
1397 1377 1395 0
1419 1398 1397 0
1438 1439 1418 0
1432 1412 1419 0
1390 1370 1377 0
1412 1390 1398 0
1389 1370 1390 0
1353 1376 1355 0
1415 1394 1414 0
1455 1456 1436 0
1433 1455 1434 0
1454 1477 1455 0
1454 1475 1477 0
1477 1475 1497 0
1520 1543 1523 0
1499 1521 1520 0
1477 1499 1498 0
1497 1519 1499 0
1519 1542 1521 0
1376 1353 1352 0
1377 1370 1354 0
1375 1377 1355 0
1393 1396 1376 0
1416 1418 1397 0
1396 1416 1395 0
1417 1435 1437 0
1453 1460 1474 0
1449 1453 1469 0
1432 1439 1453 0
1397 1418 1419 0
1390 1397 1398 0
1395 1416 1397 0
1437 1435 1457 0
1418 1437 1438 0
1416 1417 1437 0
1354 1333 1355 0
1443 1441 1462 0
1463 1443 1464 0
1420 1441 1443 0
1315 1297 1319 0
1314 1313 1336 0
1292 1274 1291 0
1385 1406 1404 0
1384 1407 1385 0
1364 1384 1385 0
1363 1383 1384 0
1361 1383 1362 0
1411 1426 1405 0
1426 1427 1407 0
1471 1472 1493 0
1489 1471 1488 0
1452 1472 1471 0
1426 1431 1447 0
1471 1493 1488 0
1451 1472 1452 0
1451 1470 1472 0
1450 1470 1451 0
1472 1492 1494 0
1430 1450 1451 0
1491 1474 1496 0
1469 1490 1470 0
1469 1474 1490 0
1423 1422 1445 0
1444 1423 1445 0
1621 1622 1647 0
1553 1573 1578 0
1554 1553 1578 0
1554 1530 1553 0
1555 1554 1579 0
1509 1508 1487 0
1484 1507 1487 0
1531 1533 1510 0
1530 1531 1509 0
1530 1554 1531 0
1471 1489 1468 0
1511 1488 1493 0
1511 1489 1488 0
1537 1534 1515 0
1512 1489 1511 0
1534 1556 1535 0
1515 1534 1511 0
1537 1556 1534 0
1538 1537 1515 0
1539 1562 1556 0
1560 1539 1537 0
1560 1561 1539 0
1551 1574 1572 0
1548 1551 1572 0
1528 1550 1551 0
1462 1482 1483 0
1464 1462 1483 0
1441 1461 1462 0
1440 1441 1420 0
1403 1424 1420 0
1400 1403 1420 0
1402 1424 1403 0
1446 1461 1440 0
1461 1482 1462 0
1440 1461 1441 0
1446 1467 1461 0
1402 1404 1424 0
1427 1426 1447 0
1580 1562 1586 0
1574 1557 1558 0
1597 1574 1598 0
1622 1597 1598 0
1596 1573 1597 0
1503 1489 1512 0
1557 1550 1535 0
1580 1557 1556 0
1558 1581 1574 0
1580 1558 1557 0
1580 1581 1558 0
1315 1338 1336 0
1412 1389 1390 0
1428 1408 1412 0
1449 1428 1432 0
1453 1449 1432 0
1469 1450 1449 0
1429 1409 1428 0
1391 1371 1389 0
1409 1391 1408 0
1386 1371 1391 0
1349 1371 1365 0
1369 1370 1389 0
1292 1290 1267 0
1377 1354 1355 0
1410 1430 1411 0
1409 1429 1410 0
1386 1409 1387 0
1408 1428 1409 0
1428 1449 1429 0
1369 1348 1370 0
1269 1292 1267 0
1373 1376 1352 0
1394 1393 1374 0
1392 1394 1374 0
1392 1413 1394 0
1415 1417 1396 0
1394 1415 1393 0
1414 1434 1436 0
1433 1414 1413 0
1437 1458 1459 0
1415 1436 1417 0
1457 1458 1437 0
1436 1457 1435 0
1456 1479 1457 0
1331 1352 1353 0
1351 1372 1374 0
1313 1290 1292 0
1313 1314 1290 0
1315 1313 1292 0
1315 1336 1313 0
1359 1336 1338 0
1337 1335 1314 0
1359 1337 1336 0
1358 1335 1337 0
1312 1290 1314 0
1246 1251 1268 0
1230 1229 1209 0
1231 1250 1252 0
1207 1228 1208 0
1227 1250 1228 0
1251 1229 1230 0
1351 1329 1350 0
1208 1230 1209 0
1291 1297 1315 0
1292 1291 1315 0
1274 1297 1291 0
1268 1274 1292 0
1269 1268 1292 0
1251 1274 1268 0
1251 1252 1274 0
1229 1251 1246 0
1275 1296 1297 0
1252 1275 1274 0
1273 1296 1275 0
1252 1273 1275 0
1230 1252 1251 0
1231 1228 1250 0
1230 1231 1252 0
1230 1228 1231 0
1272 1271 1295 0
1250 1272 1273 0
1248 1249 1272 0
1186 1164 1183 0
1190 1167 1188 0
1212 1190 1211 0
1189 1168 1190 0
1256 1259 1278 0
1242 1256 1263 0
1234 1238 1256 0
1241 1242 1263 0
1215 1194 1196 0
1234 1215 1238 0
1191 1174 1195 0
1177 1169 1191 0
1158 1177 1178 0
1197 1175 1178 0
1200 1197 1178 0
1217 1198 1197 0
1158 1137 1157 0
1157 1169 1177 0
1202 1180 1203 0
1221 1223 1203 0
1109 1131 1130 0
1086 1106 1089 0
1066 1086 1089 0
1064 1087 1086 0
1087 1105 1107 0
1193 1172 1170 0
1152 1154 1132 0
1153 1152 1130 0
1173 1154 1152 0
1194 1173 1172 0
1195 1215 1213 0
1194 1195 1174 0
1194 1215 1195 0
1174 1173 1194 0
1169 1174 1191 0
1199 1177 1191 0
1213 1199 1191 0
1219 1200 1199 0
1169 1149 1154 0
1154 1173 1174 0
1169 1154 1174 0
1132 1130 1152 0
1159 1151 1138 0
1322 1346 1339 0
1299 1322 1317 0
1299 1321 1322 0
1307 1328 1308 0
1287 1307 1308 0
1320 1342 1343 0
1287 1308 1289 0
1266 1287 1289 0
1266 1286 1287 0
1246 1268 1269 0
1295 1318 1296 0
1272 1295 1296 0
1271 1294 1295 0
1249 1271 1272 0
1226 1249 1248 0
1247 1270 1249 0
1270 1277 1294 0
1249 1270 1271 0
1247 1255 1270 0
1335 1358 1357 0
1334 1335 1357 0
1314 1336 1337 0
1319 1343 1338 0
1296 1298 1297 0
1341 1342 1320 0
1318 1341 1320 0
1318 1340 1341 0
1359 1381 1358 0
1343 1360 1338 0
1382 1381 1359 0
1330 1331 1310 0
1355 1332 1353 0
1300 1301 1281 0
1311 1324 1302 0
1310 1311 1302 0
1332 1324 1311 0
1333 1348 1324 0
1183 1182 1207 0
1208 1185 1207 0
1164 1162 1183 0
1347 1349 1327 0
1348 1347 1327 0
1369 1349 1347 0
1387 1366 1386 0
1368 1383 1367 0
1410 1388 1387 0
1388 1405 1383 0
1387 1388 1368 0
1411 1405 1388 0
1361 1346 1367 0
1225 1247 1249 0
1227 1206 1226 0
1190 1168 1167 0
1206 1189 1204 0
1181 1168 1189 0
1411 1430 1431 0
1407 1405 1426 0
1388 1383 1368 0
1322 1345 1346 0
1365 1371 1386 0
1262 1254 1240 0
1283 1262 1261 0
1284 1276 1262 0
1283 1284 1262 0
1282 1283 1261 0
1305 1325 1303 0
1304 1305 1283 0
1304 1326 1305 0
1305 1303 1284 0
1345 1321 1344 0
1366 1345 1365 0
1366 1346 1345 0
1299 1277 1276 0
1345 1322 1321 0
1293 1277 1299 0
1317 1293 1299 0
1317 1316 1293 0
1373 1374 1393 0
1376 1373 1393 0
1352 1374 1373 0
1260 1261 1241 0
1263 1260 1241 0
1282 1261 1260 0
1278 1285 1263 0
1304 1283 1282 0
1285 1304 1282 0
1326 1325 1305 0
1371 1349 1369 0
1305 1284 1283 0
1365 1344 1349 0
1303 1299 1284 0
1321 1303 1325 0
1321 1299 1303 0
1436 1415 1414 0
1455 1436 1434 0
1435 1417 1436 0
1437 1418 1416 0
1459 1438 1437 0
1480 1459 1458 0
1460 1439 1459 0
1439 1432 1419 0
1418 1439 1419 0
1460 1453 1439 0
1396 1393 1415 0
1416 1396 1417 0
1395 1376 1396 0
1278 1263 1256 0
1279 1281 1259 0
1285 1282 1263 0
1301 1285 1278 0
1306 1327 1326 0
1301 1306 1285 0
1301 1323 1306 0
1281 1301 1278 0
1323 1327 1306 0
1324 1323 1301 0
1348 1327 1323 0
1374 1352 1351 0
1392 1374 1372 0
1394 1413 1414 0
1333 1332 1355 0
1348 1333 1354 0
1348 1323 1324 0
1351 1350 1372 0
1330 1351 1352 0
1329 1328 1350 0
1162 1164 1144 0
1162 1182 1183 0
1141 1162 1144 0
1142 1119 1120 0
1226 1225 1249 0
1227 1226 1248 0
1206 1225 1226 0
1207 1184 1205 0
1181 1189 1206 0
1148 1125 1147 0
1160 1148 1168 0
1181 1160 1168 0
1163 1143 1160 0
1139 1125 1148 0
1161 1140 1143 0
1075 1076 1055 0
1041 1060 1057 0
1061 1082 1083 0
1060 1061 1083 0
1058 1059 1081 0
1098 1121 1099 0
1097 1096 1076 0
1078 1097 1075 0
1099 1118 1097 0
1146 1145 1165 0
1122 1146 1124 0
1123 1133 1146 0
1122 1123 1146 0
1125 1122 1124 0
1101 1123 1122 0
1100 1110 1123 0
1081 1100 1101 0
1058 1081 1080 0
1069 1079 1081 0
1059 1069 1081 0
1037 1039 1058 0
1049 1069 1059 0
1068 1050 1070 0
1037 1026 1039 0
1029 1012 1033 0
1028 1029 1050 0
1008 988 992 0
1009 1008 1029 0
1009 989 1008 0
1013 1012 993 0
1031 1013 1010 0
1032 1033 1013 0
1032 1054 1033 0
1110 1091 1111 0
1048 1049 1028 0
1050 1048 1028 0
1068 1049 1048 0
1091 1068 1070 0
1069 1049 1068 0
1049 1027 1028 0
1240 1261 1262 0
1253 1232 1240 0
1233 1253 1254 0
1233 1232 1253 0
1199 1178 1177 0
1213 1219 1199 0
1195 1213 1191 0
1234 1219 1213 0
1242 1220 1219 0
1217 1218 1198 0
1200 1217 1197 0
1199 1200 1178 0
1220 1217 1200 0
1239 1218 1217 0
1261 1239 1241 0
1240 1218 1239 0
1239 1217 1220 0
1165 1176 1187 0
1166 1165 1187 0
1145 1155 1165 0
1149 1136 1126 0
1158 1157 1177 0
1137 1156 1135 0
1136 1137 1116 0
1158 1156 1137 0
1037 1016 1026 0
1260 1263 1282 0
1240 1239 1261 0
1242 1234 1256 0
1220 1242 1241 0
1220 1200 1219 0
1175 1158 1178 0
1176 1175 1198 0
1187 1176 1198 0
1218 1210 1198 0
1166 1147 1146 0
1188 1166 1187 0
1167 1168 1148 0
1188 1167 1166 0
1188 1211 1190 0
1155 1135 1156 0
1165 1155 1176 0
1145 1133 1155 0
1156 1158 1175 0
1176 1156 1175 0
1135 1116 1137 0
1149 1157 1136 0
1132 1149 1126 0
1169 1157 1149 0
1115 1095 1114 0
1134 1112 1135 0
1092 1074 1095 0
1111 1092 1112 0
1111 1090 1092 0
1266 1289 1265 0
1244 1266 1265 0
1264 1286 1266 0
1331 1353 1332 0
1311 1310 1331 0
1330 1352 1331 0
1309 1289 1308 0
1310 1309 1330 0
1310 1289 1309 0
1332 1311 1331 0
1302 1280 1288 0
1329 1351 1330 0
1309 1329 1330 0
1308 1328 1329 0
1234 1242 1219 0
1326 1349 1325 0
1306 1326 1304 0
1327 1349 1326 0
1285 1306 1304 0
1348 1369 1347 0
1324 1332 1333 0
1300 1302 1324 0
1301 1300 1324 0
1281 1302 1300 0
1259 1281 1278 0
1279 1302 1281 0
1257 1279 1259 0
1258 1265 1280 0
1309 1308 1329 0
1279 1280 1302 0
1266 1245 1264 0
1280 1265 1289 0
1288 1280 1289 0
1310 1288 1289 0
1310 1302 1288 0
1279 1258 1280 0
1244 1245 1266 0
1258 1244 1265 0
1258 1235 1244 0
1354 1370 1348 0
1253 1240 1254 0
1175 1197 1198 0
1220 1241 1239 0
1201 1222 1214 0
1202 1201 1193 0
1202 1222 1201 0
1243 1223 1221 0
1245 1244 1223 0
1142 1162 1141 0
1119 1142 1141 0
1140 1161 1142 0
1120 1140 1142 0
1118 1121 1140 0
1222 1235 1214 0
1182 1162 1161 0
1180 1202 1179 0
1067 1088 1071 0
1215 1216 1238 0
1243 1245 1223 0
1307 1287 1286 0
1222 1223 1244 0
1235 1222 1244 0
1236 1235 1258 0
1257 1236 1258 0
1257 1237 1236 0
1196 1194 1214 0
1216 1196 1214 0
1216 1215 1196 0
1202 1203 1223 0
1222 1202 1223 0
1179 1171 1180 0
1193 1179 1202 0
1193 1171 1179 0
1243 1264 1245 0
1160 1181 1163 0
1147 1167 1148 0
1146 1147 1124 0
1166 1167 1147 0
1155 1156 1176 0
1224 1247 1225 0
1212 1224 1225 0
1212 1233 1224 0
1210 1218 1232 0
1188 1210 1211 0
1187 1198 1210 0
1254 1255 1233 0
1212 1211 1233 0
1204 1212 1225 0
1206 1204 1225 0
1189 1212 1204 0
1189 1190 1212 0
1344 1325 1349 0
1345 1344 1365 0
1321 1325 1344 0
1210 1188 1187 0
1232 1211 1210 0
1240 1232 1218 0
1233 1211 1232 0
1233 1247 1224 0
1192 1194 1172 0
1201 1214 1193 0
1235 1216 1214 0
1236 1216 1235 0
1279 1257 1258 0
1237 1238 1216 0
1259 1237 1257 0
1259 1238 1237 0
1215 1234 1213 0
1236 1237 1216 0
1259 1256 1238 0
1275 1297 1274 0
1272 1296 1273 0
1298 1320 1297 0
1318 1298 1296 0
1318 1320 1298 0
1294 1318 1295 0
1270 1294 1271 0
1316 1340 1318 0
1293 1316 1294 0
1317 1340 1316 0
1277 1293 1294 0
1255 1277 1270 0
1233 1255 1247 0
1254 1276 1255 0
1276 1284 1299 0
1255 1276 1277 0
1254 1262 1276 0
1346 1361 1339 0
1338 1360 1359 0
1319 1320 1343 0
1315 1319 1338 0
1297 1320 1319 0
1342 1364 1343 0
1341 1362 1342 0
1294 1316 1318 0
1339 1361 1340 0
1317 1339 1340 0
1317 1322 1339 0
1385 1407 1406 0
1360 1364 1382 0
1359 1360 1382 0
1343 1364 1360 0
1384 1383 1405 0
1364 1363 1384 0
1364 1362 1363 0
1341 1340 1362 0
1368 1367 1387 0
1407 1384 1405 0
1361 1367 1383 0
1340 1361 1362 0
1346 1366 1367 0
1184 1207 1182 0
1272 1250 1248 0
1184 1182 1163 0
1206 1184 1181 0
1205 1227 1207 0
1206 1205 1184 0
1206 1227 1205 0
1228 1207 1227 0
1185 1186 1183 0
1207 1185 1183 0
1208 1186 1185 0
1228 1230 1208 0
1248 1250 1227 0
1273 1252 1250 0
1209 1186 1208 0
1125 1124 1147 0
1103 1125 1117 0
1102 1122 1125 0
1103 1102 1125 0
1121 1103 1117 0
1083 1102 1103 0
1082 1101 1102 0
1061 1058 1080 0
1080 1081 1101 0
1184 1163 1181 0
1075 1097 1076 0
1121 1118 1099 0
1139 1121 1117 0
1143 1140 1121 0
1139 1143 1121 0
1125 1139 1117 0
1160 1143 1139 0
1161 1162 1142 0
1163 1161 1143 0
1163 1182 1161 0
1120 1096 1097 0
1192 1193 1214 0
1194 1192 1214 0
1172 1193 1192 0
1131 1106 1107 0
1127 1129 1107 0
1130 1132 1109 0
1153 1130 1131 0
1153 1173 1152 0
1171 1193 1170 0
1159 1171 1151 0
1159 1180 1171 0
1098 1077 1083 0
1121 1098 1103 0
1099 1078 1098 0
1120 1097 1118 0
1140 1120 1118 0
1119 1096 1120 0
1078 1077 1098 0
1097 1078 1099 0
1036 1035 1015 0
1057 1036 1041 0
1057 1035 1036 0
1077 1057 1060 0
1056 1035 1057 0
1075 1056 1078 0
1075 1055 1056 0
1134 1111 1112 0
1155 1134 1135 0
1110 1111 1134 0
1133 1110 1134 0
1146 1133 1145 0
1123 1110 1133 0
1079 1069 1091 0
1100 1079 1091 0
1100 1081 1079 0
1151 1171 1170 0
1034 1056 1055 0
975 976 957 0
1016 1017 996 0
998 999 976 0
1018 998 997 0
1018 1041 1019 0
1017 1018 997 0
1041 1036 1019 0
1153 1172 1173 0
1109 1106 1131 0
1108 1109 1132 0
1108 1089 1109 0
1150 1170 1153 0
1129 1150 1153 0
1129 1151 1150 0
997 998 976 0
1139 1148 1160 0
1101 1122 1102 0
1080 1101 1082 0
1100 1123 1101 0
1146 1165 1166 0
1015 1014 994 0
1064 1066 1045 0
1087 1064 1065 0
1087 1106 1086 0
1064 1086 1066 0
1063 1085 1065 0
1127 1128 1151 0
1085 1105 1087 0
1065 1085 1087 0
1063 1084 1085 0
1104 1128 1105 0
1088 1094 1071 0
1089 1088 1067 0
1108 1094 1088 0
1106 1109 1089 0
1113 1114 1094 0
1132 1113 1108 0
1126 1136 1113 0
1132 1126 1113 0
1132 1154 1149 0
1035 1034 1014 0
1057 1078 1056 0
1056 1034 1035 0
1153 1170 1172 0
1131 1129 1153 0
1087 1107 1106 0
1150 1151 1170 0
1107 1129 1131 0
1127 1151 1129 0
1105 1127 1107 0
1105 1128 1127 0
1128 1138 1151 0
949 969 951 0
1091 1110 1100 0
1068 1091 1069 0
1070 1090 1091 0
1090 1111 1091 0
1074 1090 1070 0
1074 1092 1090 0
1094 1114 1093 0
1115 1135 1112 0
1134 1155 1133 0
950 947 929 0
992 971 993 0
967 968 948 0
988 967 971 0
988 968 967 0
1029 1008 1012 0
989 985 968 0
1008 989 988 0
1009 1006 989 0
1105 1085 1104 0
1019 998 1018 0
1015 1019 1036 0
1015 999 1019 0
1014 1015 1035 0
999 998 1019 0
1063 1062 1084 0
1104 1085 1084 0
1065 1044 1063 0
1023 1003 1002 0
1043 1023 1021 0
1022 1044 1021 0
1045 1046 1024 0
1065 1045 1043 0
1065 1064 1045 0
1024 1004 1023 0
1045 1024 1023 0
1067 1047 1066 0
1089 1067 1066 0
1071 1051 1067 0
1047 1025 1046 0
1004 1003 1023 0
1025 1004 1024 0
1005 984 1004 0
1043 1044 1065 0
999 994 977 0
1057 1077 1078 0
1061 1060 1041 0
1040 1061 1041 0
1018 1040 1041 0
1058 1061 1040 0
1080 1082 1061 0
1083 1077 1060 0
1102 1083 1082 0
1103 1098 1083 0
1018 1017 1038 0
901 879 881 0
995 1007 1016 0
996 995 1016 0
986 1007 995 0
974 986 995 0
975 974 996 0
954 964 974 0
945 941 963 0
946 945 966 0
925 941 945 0
1114 1113 1136 0
1113 1094 1108 0
1115 1114 1136 0
1116 1115 1136 0
1157 1137 1136 0
1135 1115 1116 0
1112 1095 1115 0
1093 1073 1071 0
1095 1093 1114 0
1095 1073 1093 0
1108 1088 1089 0
1015 994 999 0
1044 1022 1042 0
956 977 955 0
956 955 933 0
913 914 933 0
978 999 977 0
957 978 956 0
976 999 978 0
1045 1066 1046 0
990 1010 993 0
972 990 993 0
991 1010 990 0
928 919 940 0
1005 1011 991 0
1023 1043 1045 0
1002 1021 1023 0
982 1002 1003 0
1001 1022 1002 0
1022 1020 1042 0
1002 1022 1021 0
1001 1020 1022 0
1051 1071 1053 0
1047 1051 1030 0
1047 1067 1051 0
1025 1047 1030 0
1046 1066 1047 0
950 967 947 0
987 1007 986 0
966 987 986 0
985 1006 987 0
963 985 966 0
945 963 966 0
968 985 963 0
927 948 941 0
988 989 968 0
1006 1027 1007 0
989 1006 985 0
1009 1027 1006 0
953 952 972 0
1031 1010 1011 0
1051 1053 1030 0
1032 1013 1031 0
1073 1072 1053 0
1094 1093 1071 0
1095 1072 1073 0
1033 1012 1013 0
1052 1054 1032 0
1050 1029 1033 0
995 996 974 0
1027 1026 1007 0
1017 997 996 0
1037 1017 1016 0
1038 1040 1018 0
1037 1038 1017 0
1037 1058 1038 0
1039 1049 1059 0
1058 1039 1059 0
1026 1049 1039 0
1007 1026 1016 0
1027 1049 1026 0
987 1006 1007 0
1048 1050 1068 0
1009 1028 1027 0
1009 1029 1028 0
1058 1040 1038 0
977 956 978 0
914 913 893 0
921 914 900 0
922 921 901 0
935 914 921 0
934 933 914 0
935 934 914 0
935 956 934 0
1053 1071 1073 0
1052 1053 1072 0
1054 1052 1072 0
1032 1053 1052 0
1031 1030 1053 0
1011 1030 1031 0
991 1011 1010 0
1005 1025 1011 0
1025 1024 1046 0
1011 1025 1030 0
1005 1004 1025 0
900 914 893 0
879 900 893 0
901 921 900 0
923 922 902 0
944 964 954 0
942 944 935 0
942 964 944 0
921 942 935 0
943 964 942 0
922 943 942 0
923 924 943 0
969 991 972 0
928 949 931 0
962 984 983 0
1054 1070 1050 0
1033 1054 1050 0
1072 1074 1054 0
1031 1053 1032 0
1074 1070 1054 0
1095 1074 1072 0
1095 1112 1092 0
952 932 930 0
990 972 991 0
953 971 950 0
993 973 972 0
993 971 973 0
1013 993 1010 0
992 988 971 0
1012 992 993 0
1012 1008 992 0
937 939 918 0
936 937 916 0
959 939 937 0
981 962 960 0
937 918 916 0
960 938 961 0
961 938 939 0
1001 979 1000 0
1020 1001 1000 0
1002 982 1001 0
1044 1042 1062 0
1063 1044 1062 0
1043 1021 1044 0
960 962 940 0
918 939 917 0
961 982 981 0
1004 984 1003 0
983 991 970 0
1005 983 984 0
1005 991 983 0
778 796 798 0
756 778 757 0
737 756 757 0
736 753 756 0
773 794 778 0
766 783 763 0
807 789 809 0
767 768 748 0
807 787 789 0
788 768 787 0
747 748 727 0
769 767 749 0
787 768 767 0
802 782 788 0
808 802 788 0
823 821 802 0
782 762 768 0
761 773 753 0
760 761 741 0
781 773 761 0
800 781 780 0
794 773 781 0
740 742 760 0
728 727 748 0
948 947 967 0
963 948 968 0
927 947 948 0
920 927 941 0
920 907 927 0
821 823 841 0
762 760 742 0
768 762 748 0
782 780 762 0
801 781 800 0
821 801 800 0
822 816 801 0
780 761 760 0
796 778 794 0
781 761 780 0
756 753 773 0
733 720 741 0
742 722 728 0
762 742 748 0
721 722 742 0
912 930 932 0
890 870 892 0
886 890 906 0
887 886 906 0
887 865 886 0
870 849 869 0
886 870 890 0
865 849 870 0
869 848 850 0
890 912 909 0
848 869 849 0
808 828 829 0
830 844 850 0
892 912 890 0
871 892 869 0
891 912 892 0
871 891 892 0
850 871 869 0
850 866 871 0
888 911 891 0
871 888 891 0
866 889 888 0
847 846 868 0
928 931 911 0
963 941 948 0
987 966 985 0
986 964 965 0
946 925 945 0
965 946 966 0
986 965 966 0
964 946 965 0
964 943 946 0
924 923 905 0
946 924 925 0
946 943 924 0
974 964 986 0
954 935 944 0
975 954 974 0
997 975 996 0
997 976 975 0
957 956 935 0
975 957 954 0
976 978 957 0
902 903 923 0
905 904 925 0
858 836 835 0
880 856 858 0
857 855 834 0
920 941 925 0
904 920 925 0
899 907 920 0
861 859 883 0
885 861 883 0
884 885 905 0
884 862 885 0
903 884 905 0
923 903 905 0
902 882 903 0
902 880 882 0
839 837 859 0
849 829 848 0
892 870 869 0
865 843 849 0
886 865 870 0
907 887 906 0
926 907 906 0
899 887 907 0
878 864 887 0
899 878 887 0
899 883 878 0
843 829 849 0
863 843 865 0
841 823 843 0
822 841 842 0
816 822 837 0
818 816 837 0
794 801 816 0
794 781 801 0
926 947 927 0
907 926 927 0
906 909 926 0
864 863 887 0
883 864 878 0
904 883 899 0
920 904 899 0
905 883 904 0
905 885 883 0
842 841 863 0
845 866 844 0
960 961 981 0
820 840 819 0
818 820 798 0
818 839 820 0
821 841 822 0
801 821 822 0
800 802 821 0
836 856 834 0
860 862 884 0
882 858 860 0
881 880 902 0
901 881 902 0
879 857 881 0
857 856 880 0
881 857 880 0
879 855 857 0
838 840 862 0
799 820 819 0
839 861 862 0
820 839 840 0
859 842 864 0
796 816 818 0
859 864 883 0
839 859 861 0
837 842 859 0
822 842 837 0
863 865 887 0
842 863 864 0
841 843 863 0
905 925 924 0
900 879 901 0
893 872 879 0
888 889 911 0
877 896 897 0
853 854 877 0
868 853 877 0
846 854 853 0
826 846 847 0
833 854 846 0
812 833 826 0
804 812 826 0
792 811 812 0
811 831 832 0
851 873 874 0
917 919 898 0
834 856 857 0
912 932 929 0
910 930 912 0
953 972 973 0
931 952 930 0
951 969 972 0
931 951 952 0
931 949 951 0
911 931 930 0
908 919 928 0
970 962 983 0
949 962 970 0
949 940 962 0
969 949 970 0
991 969 970 0
972 952 951 0
928 940 949 0
919 917 938 0
938 917 939 0
940 938 960 0
940 919 938 0
916 918 896 0
915 916 895 0
915 936 916 0
959 937 958 0
979 959 958 0
961 939 959 0
958 937 936 0
980 1001 982 0
961 980 982 0
979 1001 980 0
876 877 898 0
894 895 874 0
918 917 897 0
981 1003 984 0
962 981 984 0
982 1003 981 0
959 979 980 0
961 959 980 0
908 928 911 0
876 868 877 0
889 876 898 0
889 868 876 0
911 889 908 0
866 845 867 0
910 891 911 0
930 910 911 0
912 891 910 0
845 827 847 0
850 844 866 0
888 871 866 0
848 830 850 0
830 809 824 0
898 919 908 0
815 795 817 0
875 896 877 0
854 875 877 0
874 896 875 0
915 895 894 0
916 896 895 0
836 815 835 0
852 854 832 0
851 852 832 0
874 854 852 0
894 874 873 0
895 896 874 0
779 797 775 0
820 799 798 0
819 797 799 0
814 815 836 0
814 793 815 0
852 851 874 0
776 774 755 0
775 776 759 0
779 775 759 0
797 776 775 0
795 774 776 0
817 797 819 0
838 817 819 0
835 815 817 0
795 797 817 0
793 795 815 0
793 774 795 0
934 956 933 0
922 942 921 0
902 922 901 0
923 943 922 0
954 957 935 0
855 879 872 0
839 818 837 0
838 819 840 0
838 835 817 0
862 860 838 0
839 862 840 0
861 885 862 0
860 858 838 0
836 813 814 0
858 856 836 0
838 858 835 0
882 884 903 0
858 882 880 0
860 884 882 0
834 813 836 0
796 794 816 0
798 796 818 0
798 777 778 0
738 719 717 0
795 776 797 0
755 735 734 0
782 800 780 0
760 762 780 0
768 788 782 0
810 811 791 0
810 831 811 0
755 734 754 0
791 811 792 0
772 791 792 0
771 790 791 0
734 714 719 0
754 734 739 0
776 754 759 0
776 755 754 0
735 715 734 0
736 716 733 0
778 756 773 0
757 758 737 0
736 718 716 0
799 779 798 0
738 717 718 0
758 738 737 0
779 758 757 0
779 759 758 0
759 754 739 0
715 714 734 0
693 694 673 0
739 734 719 0
738 739 719 0
738 758 739 0
715 694 714 0
693 714 694 0
654 655 678 0
698 719 714 0
678 698 693 0
696 717 698 0
792 785 772 0
832 812 811 0
812 804 792 0
825 826 847 0
806 805 825 0
824 806 827 0
786 805 806 0
786 784 805 0
803 786 806 0
824 803 806 0
844 824 827 0
844 830 824 0
789 783 803 0
765 764 745 0
751 765 745 0
785 784 765 0
805 784 785 0
766 746 764 0
784 766 764 0
786 783 766 0
750 732 730 0
809 803 824 0
828 809 830 0
789 803 809 0
784 764 765 0
726 744 746 0
724 725 744 0
743 726 746 0
703 682 683 0
711 725 702 0
704 684 703 0
663 684 685 0
704 703 725 0
752 750 770 0
703 684 682 0
726 705 704 0
744 726 724 0
723 708 726 0
705 684 704 0
832 854 833 0
812 832 833 0
831 851 832 0
743 746 763 0
749 743 763 0
723 726 743 0
747 729 749 0
705 685 684 0
724 726 704 0
708 688 705 0
667 688 687 0
708 705 726 0
897 896 918 0
898 897 917 0
825 827 806 0
826 825 805 0
847 827 825 0
833 846 826 0
845 844 827 0
868 845 847 0
867 889 866 0
868 867 845 0
868 889 867 0
853 868 846 0
874 875 854 0
897 898 877 0
898 908 889 0
929 947 926 0
909 929 926 0
890 909 906 0
912 929 909 0
950 971 967 0
932 950 929 0
953 973 971 0
932 953 950 0
932 952 953 0
804 826 805 0
785 804 805 0
785 792 804 0
772 771 791 0
765 751 772 0
752 732 750 0
772 752 771 0
751 732 752 0
785 765 772 0
731 732 751 0
791 790 810 0
745 731 751 0
770 790 771 0
752 770 771 0
729 723 743 0
709 729 727 0
707 708 729 0
729 708 723 0
689 707 709 0
687 688 707 0
688 685 705 0
766 784 786 0
744 764 746 0
744 745 764 0
709 728 706 0
687 707 689 0
727 728 709 0
707 729 709 0
747 767 748 0
729 747 727 0
749 767 747 0
783 789 769 0
749 763 769 0
786 803 783 0
823 829 843 0
782 802 800 0
808 829 823 0
802 808 823 0
788 807 808 0
769 789 787 0
767 769 787 0
763 746 766 0
769 763 783 0
749 729 743 0
807 828 808 0
787 807 788 0
828 848 829 0
809 828 807 0
830 848 828 0
741 720 721 0
758 759 739 0
777 779 757 0
778 777 757 0
798 779 777 0
799 797 779 0
673 654 678 0
737 718 736 0
756 737 736 0
738 718 737 0
714 693 698 0
607 629 606 0
609 631 630 0
630 631 655 0
582 585 607 0
608 632 609 0
632 652 656 0
678 693 673 0
631 656 655 0
677 696 698 0
630 655 629 0
607 630 629 0
607 609 630 0
581 607 606 0
582 583 585 0
583 582 559 0
584 583 560 0
585 609 607 0
608 585 583 0
608 609 585 0
626 608 604 0
632 631 609 0
698 717 719 0
629 655 654 0
697 718 717 0
675 676 696 0
695 716 697 0
730 732 712 0
656 652 675 0
678 656 677 0
631 632 656 0
712 732 731 0
702 712 711 0
710 730 712 0
534 559 558 0
533 534 557 0
510 535 534 0
602 578 580 0
505 530 504 0
578 555 554 0
561 536 537 0
503 481 506 0
485 460 486 0
510 485 511 0
509 484 485 0
452 457 477 0
433 413 414 0
452 433 432 0
453 434 433 0
439 438 452 0
477 503 478 0
482 481 457 0
507 487 514 0
753 736 733 0
741 753 733 0
741 761 753 0
697 717 696 0
703 683 702 0
604 603 625 0
632 608 626 0
584 561 579 0
535 560 559 0
512 511 486 0
560 536 561 0
535 511 536 0
504 486 479 0
503 529 505 0
512 537 536 0
677 675 696 0
678 677 698 0
678 655 656 0
656 675 677 0
626 628 632 0
653 674 676 0
676 695 697 0
692 695 674 0
720 713 699 0
733 716 713 0
716 718 697 0
742 728 748 0
700 722 721 0
701 706 722 0
664 663 685 0
667 664 685 0
622 644 643 0
590 589 614 0
689 668 687 0
686 706 701 0
681 686 701 0
665 668 686 0
613 588 590 0
660 635 636 0
643 645 636 0
665 681 660 0
611 610 587 0
612 611 588 0
612 634 611 0
659 634 635 0
659 658 634 0
680 659 681 0
680 679 657 0
668 689 686 0
527 550 551 0
687 666 667 0
645 660 636 0
666 645 643 0
668 665 645 0
493 496 497 0
616 601 623 0
617 594 616 0
639 617 616 0
623 639 616 0
647 662 639 0
640 663 642 0
570 593 594 0
572 570 594 0
572 547 570 0
647 639 646 0
669 647 646 0
640 661 663 0
619 640 642 0
620 619 642 0
641 620 642 0
567 592 573 0
553 567 573 0
568 592 567 0
618 597 620 0
618 600 597 0
615 617 638 0
637 661 640 0
638 637 619 0
615 638 619 0
617 639 638 0
662 661 637 0
684 663 682 0
639 623 646 0
662 637 638 0
594 593 616 0
438 457 452 0
461 438 439 0
461 457 438 0
440 461 439 0
462 488 487 0
448 464 441 0
408 428 427 0
449 447 472 0
700 680 701 0
713 695 692 0
610 627 605 0
611 634 610 0
613 612 588 0
613 635 612 0
672 679 692 0
610 633 627 0
658 680 657 0
634 658 633 0
659 680 658 0
588 611 586 0
605 580 587 0
584 604 608 0
561 584 560 0
579 604 584 0
499 474 498 0
501 525 498 0
490 473 499 0
581 582 607 0
558 582 581 0
740 721 742 0
741 740 760 0
741 721 740 0
478 503 480 0
454 478 456 0
489 488 463 0
490 489 464 0
516 515 540 0
513 516 517 0
515 499 525 0
604 625 626 0
580 578 556 0
605 602 580 0
555 579 561 0
554 555 537 0
578 579 555 0
603 579 602 0
603 604 579 0
535 536 560 0
512 486 504 0
530 537 512 0
504 530 512 0
505 529 530 0
480 505 504 0
529 554 530 0
536 511 512 0
602 624 603 0
627 624 605 0
648 625 624 0
627 648 624 0
671 653 649 0
650 672 651 0
699 692 679 0
674 671 692 0
653 676 652 0
628 653 652 0
632 628 652 0
626 649 628 0
671 674 653 0
699 713 692 0
676 697 696 0
652 676 675 0
674 695 676 0
560 583 559 0
649 653 628 0
625 649 626 0
648 671 649 0
584 608 583 0
453 452 477 0
441 427 448 0
489 463 464 0
440 427 441 0
461 440 462 0
419 412 398 0
439 419 420 0
439 432 419 0
707 688 708 0
720 699 700 0
716 695 713 0
706 689 709 0
722 706 728 0
686 681 665 0
700 701 722 0
720 700 721 0
699 679 680 0
733 713 720 0
625 648 649 0
507 506 482 0
487 507 482 0
532 531 507 0
479 480 504 0
477 457 481 0
503 477 481 0
478 453 477 0
510 509 485 0
559 534 535 0
534 509 510 0
505 480 503 0
456 480 479 0
456 478 480 0
558 581 557 0
534 558 557 0
559 582 558 0
509 534 533 0
509 533 508 0
483 484 508 0
511 535 510 0
484 460 485 0
459 484 483 0
458 460 484 0
485 486 511 0
508 484 509 0
458 455 460 0
479 460 455 0
484 459 458 0
436 459 437 0
455 458 435 0
460 479 486 0
436 437 418 0
435 436 418 0
458 459 436 0
41 24 25 0
41 25 43 0
61 41 43 0
63 61 43 0
82 62 61 0
42 24 41 0
61 42 41 0
63 82 61 0
42 61 62 0
82 83 62 0
84 82 63 0
84 102 101 0
101 83 82 0
84 101 82 0
120 102 121 0
85 101 103 0
85 83 101 0
120 121 139 0
101 120 103 0
101 102 120 0
139 122 120 0
139 123 141 0
103 120 122 0
121 123 139 0
140 122 139 0
141 158 139 0
158 159 140 0
139 158 140 0
141 160 158 0
177 179 198 0
177 159 158 0
177 158 160 0
179 177 160 0
198 178 177 0
177 178 159 0
217 199 218 0
178 198 197 0
179 199 198 0
217 197 198 0
217 216 197 0
199 217 198 0
218 237 217 0
217 237 216 0
238 237 218 0
237 239 219 0
216 237 219 0
238 257 256 0
256 237 238 0
256 277 259 0
237 256 239 0
257 277 256 0
277 257 258 0
277 279 259 0
239 256 259 0
258 278 277 0
277 278 297 0
297 278 298 0
299 297 319 0
279 277 297 0
297 298 319 0
299 279 297 0
319 320 299 0
318 319 298 0
318 337 338 0
338 320 319 0
338 339 320 0
318 338 319 0
337 358 338 0
358 339 338 0
358 357 339 0
356 358 337 0
356 376 378 0
378 377 357 0
356 378 358 0
376 395 378 0
358 378 357 0
378 395 397 0
378 397 396 0
378 396 377 0
416 397 395 0
416 435 418 0
397 417 396 0
417 397 418 0
418 437 417 0
416 418 397 0
435 458 436 0
26 15 11 0
30 50 49 0
15 30 29 0
26 47 30 0
47 50 30 0
68 70 50 0
29 49 28 0
15 29 14 0
15 26 30 0
89 70 68 0
14 28 13 0
28 49 48 0
27 28 48 0
14 29 28 0
108 90 107 0
129 108 128 0
110 131 112 0
108 110 92 0
129 131 110 0
146 149 128 0
147 146 128 0
165 149 146 0
170 167 187 0
204 190 187 0
150 152 133 0
151 150 130 0
169 152 150 0
130 114 109 0
151 130 132 0
151 169 150 0
27 12 13 0
69 51 48 0
50 71 49 0
91 73 69 0
16 20 6 0
17 32 16 0
18 17 5 0
18 33 17 0
12 18 5 0
31 34 18 0
48 51 31 0
13 28 27 0
49 69 48 0
110 108 129 0
94 92 112 0
93 94 112 0
74 72 94 0
91 108 92 0
112 132 111 0
93 112 111 0
95 93 109 0
74 94 93 0
73 91 92 0
94 73 92 0
72 51 73 0
52 55 34 0
57 53 75 0
37 36 20 0
57 37 53 0
57 36 37 0
51 69 73 0
165 168 149 0
7 8 21 0
8 10 21 0
6 19 9 0
21 10 23 0
8 2 10 0
9 10 2 0
1 9 2 0
19 22 9 0
20 19 6 0
22 23 10 0
35 22 19 0
35 40 22 0
6 1 3 0
36 35 19 0
6 9 1 0
9 22 10 0
36 56 35 0
20 36 19 0
37 32 53 0
60 81 80 0
56 59 39 0
56 57 78 0
40 23 22 0
39 60 40 0
56 39 35 0
59 60 39 0
58 38 40 0
38 21 23 0
6 3 16 0
23 40 38 0
112 92 110 0
69 71 91 0
29 30 49 0
47 68 50 0
108 107 128 0
70 90 91 0
89 107 90 0
193 211 212 0
208 191 189 0
209 229 211 0
208 209 191 0
228 229 209 0
81 99 80 0
135 136 117 0
153 156 137 0
16 3 4 0
17 16 4 0
32 20 16 0
5 17 4 0
79 78 97 0
81 79 98 0
59 78 79 0
33 32 17 0
34 33 18 0
51 34 31 0
51 72 52 0
75 76 95 0
136 153 137 0
115 113 134 0
97 115 117 0
96 113 115 0
155 153 136 0
154 155 135 0
154 174 155 0
134 152 154 0
117 134 135 0
114 133 134 0
151 167 170 0
169 151 170 0
132 131 151 0
33 53 32 0
115 97 96 0
32 37 20 0
78 57 77 0
56 36 57 0
107 127 128 0
189 172 169 0
12 27 18 0
52 34 51 0
74 52 72 0
74 76 55 0
27 31 18 0
27 48 31 0
133 114 130 0
150 133 130 0
152 134 133 0
172 152 169 0
154 135 134 0
78 59 56 0
96 78 77 0
96 97 78 0
95 96 77 0
95 114 113 0
117 116 97 0
97 98 79 0
116 98 97 0
79 81 59 0
118 98 116 0
100 81 98 0
119 100 118 0
99 81 100 0
60 58 40 0
81 60 59 0
80 58 60 0
35 39 40 0
185 186 206 0
187 185 206 0
168 186 185 0
131 129 149 0
167 148 149 0
132 112 131 0
165 186 168 0
128 127 147 0
166 146 147 0
108 91 90 0
149 129 128 0
167 149 168 0
148 151 131 0
149 148 131 0
167 151 148 0
71 69 49 0
70 71 50 0
70 91 71 0
89 90 70 0
113 114 134 0
117 115 134 0
96 95 113 0
76 74 93 0
95 76 93 0
54 53 33 0
75 54 76 0
75 53 54 0
109 114 95 0
94 72 73 0
34 55 33 0
77 75 95 0
77 57 75 0
55 54 33 0
74 55 52 0
76 54 55 0
111 130 109 0
93 111 109 0
132 130 111 0
146 166 165 0
254 253 275 0
215 236 235 0
231 213 234 0
215 231 236 0
215 213 231 0
208 228 209 0
190 208 189 0
210 228 208 0
190 210 208 0
170 190 189 0
170 187 190 0
225 230 210 0
284 264 283 0
166 186 165 0
100 119 99 0
186 166 164 0
210 190 204 0
189 169 170 0
172 154 152 0
191 172 189 0
192 193 174 0
154 171 174 0
191 211 192 0
156 153 173 0
138 156 157 0
98 118 100 0
136 116 117 0
136 118 116 0
155 136 135 0
137 118 136 0
138 137 156 0
138 118 137 0
138 119 118 0
186 164 184 0
188 206 186 0
203 188 184 0
205 226 206 0
188 205 206 0
207 226 205 0
203 207 188 0
203 224 207 0
187 167 168 0
176 157 156 0
185 187 168 0
176 175 157 0
173 176 156 0
174 173 153 0
194 176 173 0
196 175 176 0
194 196 176 0
174 194 173 0
193 212 194 0
215 195 196 0
188 186 184 0
227 244 247 0
226 227 247 0
207 224 227 0
204 187 206 0
225 204 206 0
225 210 204 0
250 267 270 0
246 250 230 0
266 267 250 0
247 244 245 0
266 247 245 0
226 207 227 0
206 226 225 0
205 188 207 0
288 308 287 0
267 288 287 0
286 308 288 0
265 286 266 0
265 285 286 0
310 289 290 0
308 310 290 0
327 347 328 0
330 312 331 0
350 330 331 0
345 332 330 0
314 315 294 0
309 314 293 0
332 334 314 0
252 253 234 0
232 252 233 0
272 253 252 0
271 274 291 0
252 271 272 0
268 274 271 0
269 268 251 0
269 289 268 0
291 292 273 0
213 196 194 0
211 193 192 0
174 153 155 0
171 192 174 0
172 171 154 0
172 192 171 0
193 194 174 0
172 191 192 0
212 213 194 0
232 233 211 0
229 232 211 0
251 252 232 0
213 215 196 0
244 227 224 0
244 243 263 0
266 246 247 0
224 243 244 0
264 263 283 0
265 264 285 0
265 245 264 0
215 235 214 0
234 213 233 0
254 234 253 0
236 231 234 0
195 215 214 0
195 175 196 0
274 268 289 0
252 251 271 0
234 233 252 0
212 211 233 0
249 229 248 0
232 229 249 0
211 191 209 0
236 255 235 0
212 233 213 0
292 295 275 0
253 273 275 0
291 313 292 0
284 283 304 0
324 305 304 0
285 264 284 0
306 285 284 0
326 306 325 0
344 326 325 0
329 311 326 0
311 327 307 0
306 311 307 0
329 327 311 0
230 250 248 0
286 288 266 0
308 290 287 0
275 295 276 0
255 275 276 0
273 272 291 0
275 273 292 0
253 272 273 0
310 308 327 0
269 290 289 0
269 270 290 0
249 270 269 0
251 249 269 0
229 228 248 0
246 225 226 0
250 246 266 0
230 225 246 0
248 228 230 0
270 248 250 0
270 249 248 0
228 210 230 0
333 334 353 0
305 284 304 0
306 305 325 0
306 284 305 0
295 296 276 0
254 236 234 0
255 254 275 0
255 236 254 0
335 353 354 0
316 333 335 0
292 313 295 0
294 315 313 0
291 294 313 0
291 293 294 0
334 332 352 0
353 334 352 0
315 314 334 0
313 315 333 0
309 289 310 0
314 309 312 0
293 289 309 0
330 314 312 0
291 274 293 0
327 329 347 0
328 310 327 0
312 328 331 0
312 309 328 0
307 285 306 0
326 311 306 0
308 286 307 0
287 270 267 0
266 288 267 0
290 270 287 0
268 271 251 0
293 274 289 0
291 272 271 0
251 232 249 0
264 244 263 0
264 245 244 0
307 286 285 0
266 245 265 0
247 246 226 0
354 355 336 0
374 354 353 0
373 392 375 0
374 373 354 0
374 393 373 0
384 385 405 0
388 384 405 0
368 365 384 0
296 295 317 0
325 305 324 0
309 310 328 0
308 307 327 0
343 325 324 0
371 360 380 0
344 364 365 0
344 343 364 0
364 343 360 0
346 326 344 0
368 346 365 0
349 329 346 0
325 343 344 0
293 314 294 0
366 379 359 0
367 366 345 0
386 379 366 0
316 335 317 0
313 316 295 0
313 333 316 0
335 333 353 0
317 335 336 0
317 295 316 0
370 387 367 0
344 365 346 0
371 390 385 0
360 371 364 0
380 390 371 0
388 409 389 0
349 368 369 0
405 409 388 0
368 384 388 0
404 425 426 0
371 385 364 0
355 354 375 0
354 336 335 0
375 354 373 0
390 380 400 0
422 411 400 0
385 365 364 0
403 385 390 0
403 405 385 0
422 431 411 0
347 331 328 0
349 347 329 0
369 348 347 0
349 369 347 0
326 346 329 0
368 388 369 0
346 368 349 0
365 385 384 0
387 407 386 0
388 389 370 0
410 429 428 0
422 443 431 0
330 332 314 0
348 350 331 0
347 348 331 0
369 350 348 0
379 398 391 0
387 386 366 0
367 387 366 0
350 367 345 0
350 370 367 0
330 350 345 0
370 389 387 0
369 370 350 0
369 388 370 0
389 407 387 0
406 427 420 0
445 443 468 0
524 523 522 0
547 524 522 0
548 523 524 0
591 595 615 0
592 568 591 0
619 596 615 0
597 577 573 0
571 572 595 0
518 502 492 0
575 600 599 0
552 553 576 0
550 552 576 0
550 528 552 0
546 568 544 0
573 592 596 0
553 573 577 0
576 553 577 0
543 567 553 0
543 568 567 0
596 620 597 0
573 596 597 0
592 615 596 0
546 571 568 0
638 639 662 0
528 502 518 0
501 526 527 0
549 525 527 0
498 475 501 0
525 499 498 0
564 540 549 0
515 490 499 0
549 540 525 0
516 490 515 0
540 541 516 0
525 540 515 0
564 541 540 0
473 474 499 0
464 473 490 0
464 448 473 0
474 472 498 0
546 523 548 0
571 546 548 0
572 571 548 0
568 543 544 0
591 568 571 0
591 615 592 0
544 520 546 0
495 492 470 0
546 520 521 0
518 492 520 0
501 500 526 0
476 492 502 0
495 494 521 0
520 495 521 0
520 492 495 0
476 451 466 0
500 476 502 0
526 500 502 0
501 475 500 0
500 475 476 0
498 472 475 0
466 445 470 0
476 466 492 0
451 445 466 0
450 451 476 0
450 430 451 0
445 468 470 0
411 390 400 0
430 411 431 0
425 403 411 0
426 425 447 0
409 426 429 0
409 405 426 0
403 390 411 0
372 391 374 0
332 351 352 0
379 391 372 0
359 379 372 0
351 359 372 0
351 366 359 0
386 398 379 0
430 431 451 0
447 430 450 0
425 411 430 0
393 374 391 0
412 393 391 0
392 373 393 0
413 392 414 0
432 433 414 0
415 394 413 0
394 375 392 0
420 440 439 0
386 406 398 0
427 440 420 0
428 448 427 0
389 410 407 0
429 448 428 0
404 403 425 0
405 404 426 0
405 403 404 0
494 495 470 0
493 521 494 0
523 546 521 0
472 450 475 0
449 472 474 0
447 450 472 0
470 468 494 0
431 445 451 0
431 443 445 0
430 447 425 0
528 526 502 0
544 543 518 0
576 600 575 0
600 622 621 0
527 525 501 0
473 448 449 0
680 681 701 0
699 680 700 0
633 657 650 0
634 633 610 0
658 657 633 0
659 635 660 0
566 588 586 0
566 565 590 0
686 689 706 0
462 440 441 0
393 414 392 0
352 372 374 0
412 414 393 0
398 412 391 0
398 420 419 0
432 439 452 0
453 433 452 0
414 412 432 0
415 413 433 0
351 332 345 0
366 351 345 0
372 352 351 0
353 352 374 0
334 333 315 0
672 650 657 0
671 672 692 0
651 648 627 0
671 651 672 0
671 648 651 0
650 627 633 0
679 672 657 0
651 627 650 0
605 587 610 0
587 586 611 0
406 420 398 0
407 406 386 0
408 427 406 0
407 408 406 0
407 428 408 0
454 453 478 0
454 434 453 0
410 428 407 0
409 410 389 0
409 429 410 0
514 487 488 0
513 514 488 0
489 513 488 0
517 538 513 0
538 532 514 0
461 487 482 0
461 462 487 0
392 413 394 0
419 432 412 0
415 433 434 0
447 429 426 0
602 605 624 0
625 603 624 0
506 481 482 0
531 506 507 0
556 531 532 0
554 529 531 0
529 503 506 0
531 529 506 0
554 537 530 0
580 556 563 0
461 482 457 0
563 586 587 0
580 563 587 0
539 532 538 0
563 539 562 0
556 532 539 0
562 539 538 0
537 555 561 0
556 578 554 0
602 579 578 0
554 531 556 0
538 514 513 0
450 476 475 0
551 549 527 0
576 551 550 0
552 543 553 0
526 528 550 0
518 543 528 0
577 600 576 0
575 598 574 0
541 564 565 0
566 542 565 0
517 516 541 0
550 527 526 0
668 645 666 0
574 564 549 0
621 636 614 0
600 621 599 0
643 636 621 0
590 588 566 0
589 590 565 0
612 635 634 0
614 613 590 0
614 636 613 0
598 614 589 0
574 598 589 0
599 621 598 0
575 551 576 0
598 575 599 0
574 551 575 0
564 574 589 0
549 551 574 0
600 618 622 0
636 635 613 0
666 687 668 0
449 448 429 0
447 449 429 0
474 473 449 0
64 44 46 0
45 44 64 0
86 64 66 0
86 66 87 0
65 86 67 0
64 46 66 0
65 64 86 0
65 45 64 0
87 104 86 0
88 67 86 0
124 104 105 0
104 87 105 0
106 104 124 0
88 86 104 0
104 106 88 0
125 124 105 0
125 142 143 0
106 124 126 0
143 142 161 0
126 143 144 0
124 125 143 0
143 126 124 0
142 145 161 0
161 144 143 0
161 163 180 0
144 161 162 0
145 163 161 0
180 162 161 0
200 180 182 0
200 182 201 0
181 200 183 0
180 163 182 0
181 180 200 0
181 162 180 0
220 200 201 0
202 200 220 0
240 221 223 0
183 200 202 0
201 221 220 0
202 220 222 0
240 220 221 0
220 240 222 0
240 241 222 0
242 240 223 0
260 261 241 0
242 260 240 0
242 262 260 0
240 260 241 0
260 262 280 0
280 281 261 0
260 280 261 0
262 282 280 0
282 300 280 0
300 281 280 0
302 321 300 0
300 301 281 0
302 300 282 0
321 301 300 0
322 321 302 0
303 301 321 0
322 340 321 0
323 303 321 0
341 361 340 0
340 323 321 0
341 340 322 0
361 342 340 0
361 341 362 0
381 382 362 0
342 323 340 0
342 361 363 0
363 361 382 0
382 381 402 0
363 382 383 0
361 362 382 0
383 382 402 0
402 381 399 0
421 402 399 0
401 383 402 0
423 401 402 0
424 402 421 0
442 424 421 0
424 423 402 0
465 446 442 0
444 423 424 0
446 424 442 0
491 471 465 0
444 424 446 0
444 446 467 0
471 493 467 0
471 446 465 0
496 471 491 0
496 493 471 0
522 519 545 0
497 496 522 0
521 497 523 0
521 493 497 0
469 493 494 0
467 446 471 0
469 467 493 0
469 444 467 0
491 519 496 0
570 547 569 0
522 496 519 0
547 522 545 0
523 497 522 0
593 570 569 0
547 548 524 0
569 547 545 0
572 548 547 0
601 616 593 0
667 685 688 0
595 594 617 0
615 595 617 0
591 571 595 0
661 682 663 0
640 619 637 0
664 642 663 0
620 596 619 0
662 682 661 0
662 647 670 0
691 712 702 0
683 682 662 0
691 710 712 0
725 745 744 0
704 725 724 0
711 731 725 0
703 702 725 0
670 691 683 0
691 690 710 0
683 691 702 0
670 690 691 0
731 745 725 0
712 731 711 0
751 752 772 0
641 642 664 0
667 644 664 0
618 620 641 0
622 618 641 0
644 622 641 0
664 644 641 0
667 666 644 0
643 621 622 0
600 577 597 0
621 614 598 0
594 595 572 0
543 552 528 0
518 520 544 0
470 492 466 0
644 666 643 0
463 462 441 0
464 463 441 0
488 462 463 0
490 516 489 0
562 586 563 0
556 539 563 0
538 517 542 0
562 566 586 0
507 514 532 0
542 566 562 0
538 542 562 0
517 541 542 0
489 516 513 0
541 565 542 0
660 645 665 0
681 659 660 0
565 564 589 0
670 669 690 0
662 670 683 0
647 669 670 0
1703 1702 1732 0
1740 1732 1710 0
1720 1690 1719 0
1750 1720 1749 0
1710 1702 1690 0
1741 1710 1720 0
1741 1740 1710 0
1770 1741 1771 0
1798 1797 1771 0
1762 1732 1740 0
1710 1690 1720 0
1749 1719 1718 0
1750 1771 1741 0
1776 1777 1748 0
1778 1771 1750 0
1803 1778 1777 0
1803 1798 1778 0
1720 1719 1749 0
1740 1770 1762 0
1702 1710 1732 0
1741 1770 1740 0
1748 1777 1749 0
1797 1822 1815 0
1778 1798 1771 0
1803 1826 1823 0
1750 1777 1778 0
1720 1750 1741 0
1749 1777 1750 0
1717 1718 1689 0
1716 1717 1687 0
1717 1716 1748 0
1718 1717 1749 0
1686 1661 1660 0
1715 1686 1711 0
1687 1661 1686 0
1716 1687 1715 0
1688 1661 1687 0
1689 1688 1717 0
1689 1662 1688 0
1662 1661 1688 0
1770 1789 1762 0
1660 1661 1635 0
1677 1651 1649 0
1674 1677 1649 0
1681 1654 1677 0
1680 1681 1709 0
1654 1633 1629 0
1659 1654 1681 0
1659 1633 1654 0
1744 1773 1772 0
1712 1744 1742 0
1712 1713 1744 0
1744 1743 1773 0
1791 1765 1764 0
1792 1766 1767 0
1796 1792 1817 0
1769 1766 1792 0
1795 1769 1796 0
1795 1774 1769 0
1738 1765 1767 0
1734 1738 1709 0
1768 1764 1763 0
1794 1793 1768 0
1804 1816 1790 0
1818 1793 1794 0
1792 1796 1769 0
1791 1793 1817 0
1765 1791 1767 0
1768 1793 1791 0
1818 1839 1817 0
1605 1606 1583 0
1717 1748 1749 0
1688 1687 1717 0
1715 1742 1747 0
1686 1715 1687 0
1655 1682 1660 0
1634 1655 1660 0
1631 1607 1632 0
1742 1746 1747 0
1712 1742 1711 0
1682 1683 1711 0
1739 1709 1738 0
1767 1739 1738 0
1714 1713 1685 0
1708 1685 1680 0
1766 1737 1739 0
1745 1773 1743 0
1711 1683 1712 0
1708 1680 1709 0
1739 1708 1709 0
1714 1685 1708 0
1684 1685 1713 0
1683 1684 1713 0
1657 1658 1684 0
1659 1680 1685 0
1659 1681 1680 0
1743 1713 1714 0
1745 1743 1714 0
1744 1713 1743 0
1776 1803 1777 0
1747 1776 1748 0
1775 1801 1802 0
1716 1747 1748 0
1711 1742 1715 0
1799 1801 1775 0
1742 1772 1746 0
1768 1791 1764 0
1779 1763 1751 0
1804 1790 1779 0
1781 1805 1780 0
1828 1806 1829 0
1912 1928 1913 0
1866 1847 1867 0
1881 1865 1885 0
1899 1881 1885 0
1877 1865 1881 0
1865 1845 1866 0
1825 1801 1824 0
1797 1815 1789 0
1823 1844 1822 0
1803 1823 1798 0
1826 1844 1823 0
1844 1837 1822 0
1797 1798 1822 0
1770 1797 1789 0
1770 1771 1797 0
1635 1661 1662 0
1799 1824 1801 0
1858 1837 1844 0
1747 1716 1715 0
1775 1747 1746 0
1775 1776 1747 0
1822 1837 1815 0
1635 1634 1660 0
1655 1634 1630 0
1844 1845 1865 0
1802 1801 1825 0
1826 1802 1825 0
1776 1775 1802 0
1865 1877 1858 0
1844 1865 1858 0
1866 1885 1865 0
1682 1711 1686 0
1683 1657 1684 0
1655 1656 1682 0
1684 1659 1685 0
1684 1658 1659 0
1631 1657 1656 0
1631 1632 1657 0
1632 1633 1658 0
1657 1632 1658 0
1655 1631 1656 0
1630 1607 1631 0
1607 1608 1632 0
1769 1745 1766 0
1775 1772 1799 0
1739 1737 1708 0
1655 1630 1631 0
1676 1677 1674 0
1637 1636 1663 0
1565 1589 1584 0
1564 1565 1584 0
1564 1588 1565 0
1614 1613 1639 0
1615 1614 1640 0
1588 1613 1614 0
1914 1901 1915 0
1910 1914 1926 0
1886 1866 1867 0
1682 1686 1660 0
1629 1651 1650 0

SubDomainFromMesh
1
3 1 1 0

SubDomainFromGeom
1
2 95 1 0

VertexOnGeometricVertex
322
 1 1
 2 2
 3 3
 4 4
 5 5
 7 6
 8 7
 11 8
 12 9
 13 10
 14 11
 15 12
 21 13
 24 14
 25 15
 26 16
 38 17
 42 18
 43 19
 44 20
 45 21
 46 22
 47 23
 58 24
 62 25
 63 26
 65 27
 66 28
 67 29
 68 30
 80 31
 83 32
 84 33
 85 34
 87 35
 88 36
 89 37
 99 38
 102 39
 103 40
 105 41
 106 42
 107 43
 119 44
 121 45
 122 46
 123 47
 125 48
 126 49
 127 50
 138 51
 140 52
 141 53
 142 54
 144 55
 145 56
 147 57
 157 58
 159 59
 160 60
 162 61
 163 62
 164 63
 166 64
 175 65
 178 66
 179 67
 181 68
 182 69
 183 70
 184 71
 195 72
 197 73
 199 74
 201 75
 202 76
 203 77
 214 78
 216 79
 218 80
 219 81
 221 82
 222 83
 223 84
 224 85
 235 86
 238 87
 239 88
 241 89
 242 90
 243 91
 255 92
 257 93
 258 94
 259 95
 261 96
 262 97
 263 98
 276 99
 278 100
 279 101
 281 102
 282 103
 283 104
 296 105
 298 106
 299 107
 301 108
 302 109
 303 110
 304 111
 317 112
 318 113
 320 114
 322 115
 323 116
 324 117
 336 118
 337 119
 339 120
 341 121
 342 122
 343 123
 355 124
 356 125
 357 126
 360 127
 362 128
 363 129
 375 130
 376 131
 377 132
 380 133
 381 134
 383 135
 394 136
 395 137
 396 138
 399 139
 400 140
 401 141
 415 142
 416 143
 417 144
 421 145
 422 146
 423 147
 434 148
 435 149
 437 150
 442 151
 443 152
 444 153
 454 154
 455 155
 456 156
 459 157
 465 158
 468 159
 469 160
 479 161
 483 162
 491 163
 494 164
 508 165
 519 166
 533 167
 545 168
 557 169
 569 170
 581 171
 593 172
 601 173
 606 174
 623 175
 629 176
 646 177
 654 178
 669 179
 673 180
 690 181
 694 182
 710 183
 715 184
 730 185
 735 186
 750 187
 755 188
 770 189
 774 190
 790 191
 793 192
 810 193
 813 194
 814 195
 831 196
 834 197
 851 198
 855 199
 872 200
 873 201
 893 202
 894 203
 913 204
 915 205
 933 206
 936 207
 955 208
 958 209
 977 210
 979 211
 994 212
 1000 213
 1014 214
 1020 215
 1034 216
 1042 217
 1055 218
 1062 219
 1076 220
 1084 221
 1096 222
 1104 223
 1119 224
 1128 225
 1138 226
 1141 227
 1144 228
 1159 229
 1164 230
 1180 231
 1186 232
 1203 233
 1209 234
 1221 235
 1229 236
 1243 237
 1246 238
 1264 239
 1267 240
 1269 241
 1286 242
 1290 243
 1307 244
 1312 245
 1328 246
 1334 247
 1350 248
 1356 249
 1372 250
 1378 251
 1392 252
 1401 253
 1413 254
 1423 255
 1433 256
 1444 257
 1454 258
 1465 259
 1475 260
 1486 261
 1497 262
 1508 263
 1510 264
 1519 265
 1532 266
 1542 267
 1552 268
 1566 269
 1575 270
 1576 271
 1582 272
 1583 273
 1591 274
 1592 275
 1607 276
 1608 277
 1616 278
 1630 279
 1634 280
 1635 281
 1642 282
 1662 283
 1669 284
 1689 285
 1690 286
 1697 287
 1702 288
 1703 289
 1718 290
 1719 291
 1729 292
 1732 293
 1753 294
 1762 295
 1782 296
 1789 297
 1807 298
 1815 299
 1830 300
 1837 301
 1852 302
 1858 303
 1872 304
 1877 305
 1891 306
 1894 307
 1904 308
 1910 309
 1918 310
 1920 311
 1926 312
 1931 313
 1932 314
 1940 315
 1944 316
 1950 317
 1953 318
 1958 319
 1960 320
 1963 321
 1964 322

VertexOnGeometricEdge
0

EdgeOnGeometricEdge
322
1 1
2 2
3 3
4 4
5 5
6 6
7 7
8 8
9 9
10 10
11 11
12 12
13 13
14 14
15 15
16 16
17 17
18 18
19 19
20 20
21 21
22 22
23 23
24 24
25 25
26 26
27 27
28 28
29 29
30 30
31 31
32 32
33 33
34 34
35 35
36 36
37 37
38 38
39 39
40 40
41 41
42 42
43 43
44 44
45 45
46 46
47 47
48 48
49 49
50 50
51 51
52 52
53 53
54 54
55 55
56 56
57 57
58 58
59 59
60 60
61 61
62 62
63 63
64 64
65 65
66 66
67 67
68 68
69 69
70 70
71 71
72 72
73 73
74 74
75 75
76 76
77 77
78 78
79 79
80 80
81 81
82 82
83 83
84 84
85 85
86 86
87 87
88 88
89 89
90 90
91 91
92 92
93 93
94 94
95 95
96 96
97 97
98 98
99 99
100 100
101 101
102 102
103 103
104 104
105 105
106 106
107 107
108 108
109 109
110 110
111 111
112 112
113 113
114 114
115 115
116 116
117 117
118 118
119 119
120 120
121 121
122 122
123 123
124 124
125 125
126 126
127 127
128 128
129 129
130 130
131 131
132 132
133 133
134 134
135 135
136 136
137 137
138 138
139 139
140 140
141 141
142 142
143 143
144 144
145 145
146 146
147 147
148 148
149 149
150 150
151 151
152 152
153 153
154 154
155 155
156 156
157 157
158 158
159 159
160 160
161 161
162 162
163 163
164 164
165 165
166 166
167 167
168 168
169 169
170 170
171 171
172 172
173 173
174 174
175 175
176 176
177 177
178 178
179 179
180 180
181 181
182 182
183 183
184 184
185 185
186 186
187 187
188 188
189 189
190 190
191 191
192 192
193 193
194 194
195 195
196 196
197 197
198 198
199 199
200 200
201 201
202 202
203 203
204 204
205 205
206 206
207 207
208 208
209 209
210 210
211 211
212 212
213 213
214 214
215 215
216 216
217 217
218 218
219 219
220 220
221 221
222 222
223 223
224 224
225 225
226 226
227 227
228 228
229 229
230 230
231 231
232 232
233 233
234 234
235 235
236 236
237 237
238 238
239 239
240 240
241 241
242 242
243 243
244 244
245 245
246 246
247 247
248 248
249 249
250 250
251 251
252 252
253 253
254 254
255 255
256 256
257 257
258 258
259 259
260 260
261 261
262 262
263 263
264 264
265 265
266 266
267 267
268 268
269 269
270 270
271 271
272 272
273 273
274 274
275 275
276 276
277 277
278 278
279 279
280 280
281 281
282 282
283 283
284 284
285 285
286 286
287 287
288 288
289 289
290 290
291 291
292 292
293 293
294 294
295 295
296 296
297 297
298 298
299 299
300 300
301 301
302 302
303 303
304 304
305 305
306 306
307 307
308 308
309 309
310 310
311 311
312 312
313 313
314 314
315 315
316 316
317 317
318 318
319 319
320 320
321 321
322 322

End
