MeshVersionFormatted 1

Dimension
2

Identifier
";2, Date: 26/03/14 10:43 03s"

Geometry
"Maillage_L0.114.mesh.gmsh"

Vertices
2391
0 0.004 22
0 0.005 22
0 0.019 22
0 0.018 22
0 0.011 22
0 0.012 22
0 0.003 22
0.000666666571392 0.00333333329492 0
0 0.01 22
0 0.006 22
0 0.007 22
0 0.008 22
0 0.009 22
0.000714285649745 0.00428571427803 0
0.00074999995851 0.00524999991395 0
0 0.002 22
0 0.017 22
0 0.016 22
0.000666666571392 0.0176666666528 0
0.001 0.019 21
0 0.013 22
0 0.014 22
0 0.015 22
0.000666666571392 0.01074999996 0
0.000727272692348 0.0117272726386 0
0.000699999926239 0.0126999999339 0
0.00138461533048 0.011384615332 0
0.00074999995851 0.00224999996312 0
0.00133333331797 0.00266666666513 0
0.00149999997541 0.00374999999693 0
0.000692307577648 0.00976923065327 0
0.000727272692348 0.00636363630622 0
0.00074999995851 0.00733333330721 0
0.000692307577648 0.00830769224563 0
0.00155555548897 0.00466666655449 0
0.00139999991087 0.00559999990626 0
0 0.001 22
0.000666666571392 0.00133333328877 0
0.00074999995851 0.0167499999785 0
0.000666666571392 0.0156666666467 0
0.002 0.019 21
0.00179999993546 0.0173999999308 0
0.00133333331797 0.0183333332826 0
0.00074999995851 0.0137499999109 0
0.00074999995851 0.0146249999501 0
0.00145454544309 0.0132727272047 0
0.00142857135788 0.0154285713717 0
0.00138461533048 0.0105384614249 0
0.00184065927541 0.00937912080784 0
0.00199999994775 0.0122499999939 0
0.00214285706602 0.0111428571229 0
0.00159999992317 0.00179999990626 0
0.00214285706602 0.00285714274497 0
0.00224999999232 0.00374999999693 0
0.0014871793555 0.00858974354802 0
0.00145454544309 0.00654545443551 0
0.0015384614848 0.00761538460959 0
0.00218181807704 0.00509090905082 0
0.00218181807704 0.00581818180156 0
0.00290909082779 0.00445454536472 0
0 0 22
0.001 0 1
0.00149999997541 0.000999999973876 0
0.00239999997234 0.00119999998617 0
0.00166666663286 0.0163333332765 0
0.003 0.019 21
0.00249999992009 0.0169999999063 0
0.00224999999232 0.0182499998955 0
0.00218181807704 0.01318181814 0
0.00224999999232 0.0152499999447 0
0.00218181807704 0.0139090908908 0
0.00149999997541 0.0144999999278 0
0.00276923071935 0.0127692307209 0
0.00263736252034 0.00988351632453 0
0.00252747239343 0.00889670312968 0
0.00285714277416 0.011857142831 0
0.00302197784774 0.0108040291732 0
0.00285714277416 0.00214285703683 0
0.00311111103633 0.00333333329492 0
0.0022664834296 0.0079780218649 0
0.00230769225639 0.00692307685676 0
0.00299999989243 0.00533333330106 0
0.00276923071935 0.00623076922072 0
0.00363636357853 0.00436363630007 0
0.002 0 1
0.003 0 1
0.00333333332411 0.00133333328877 0
0.004 0.019 21
0.00299999989243 0.0164999999339 0
0.00428571419044 0.0182857142043 0
0.00333333332411 0.0176666666528 0
0.00290909082779 0.0139090908908 0
0.00349999998156 0.0154999999892 0
0.00279999999693 0.0147999998878 0
0.00346153835539 0.0134615383569 0
0.0035714284823 0.0125714285392 0
0.00335851628842 0.00963864455129 0
0.00335164822848 0.00869780209106 0
0.00374999990934 0.0114999998602 0
0.00391483498292 0.0104468862023 0
0.00374999990934 0.00224999996312 0
0.00436363632927 0.00318181810931 0
0.00449999992624 0.0039999999247 0
0.00351648341885 0.00764468855001 0
0.00368131860921 0.00659157500895 0
0.00384615379958 0.00553846146789 0
0.00461538457118 0.00484615383185 0
0.004 0 1
0.00449999992624 0.00149999994622 0
0.00428571419044 0.000714285620548 0
0.005 0.019 21
0.00524999994314 0.0182499998955 0
0.00374999990934 0.0167499999785 0
0.00449999992624 0.0174999999954 0
0.00436363632927 0.0158181817155 0
0.00460489491998 0.0151013984992 0
0.0039999999539 0.0144999999278 0
0.00428571419044 0.0132857142473 0
0.00448979582134 0.0120612244619 0
0.00407967017328 0.00939377277805 0
0.00413461523674 0.00827884599681 0
0.004917582245 0.00785989001934 0
0.00464285704451 0.0111428571229 0
0.00480769211809 0.010089743465 0
0.00489999995083 0.0020999999831 0
0.00509090908001 0.00290909079859 0
0.00553846149709 0.00346153844298 0
0.00538461534277 0.00415384607902 0
0.00456043939093 0.00708608046326 0
0.0047252745813 0.00589010980394 0
0.00551282037405 0.00537179481045 0
0.005 0 1
0.00544444435737 0.00133333328877 0
0.006 0.019 21
0.00559999993546 0.0175999999431 0
0.00629999992009 0.0182999999278 0
0.00509090908001 0.0164545454016 0
0.00581818171397 0.016818181777 0
0.00553846149709 0.0151538460544 0
0.00484615374426 0.0143846152828 0
0.00523809505677 0.0132380951689 0
0.00549450535289 0.00722954814842 0
0.00540816316037 0.0118367346212 0
0.00528846133574 0.00892788455158 0
0.00569139180108 0.00800869946401 0
0.00565934054326 0.00999587908382 0
0.00553571417968 0.010785714152 0
0.00581818171397 0.00218181816464 0
0.00623076913313 0.00276923069015 0
0.00630769226868 0.00412307680144 0
0.0064102562937 0.00556410247415 0
0.00560439547981 0.00652747237652 0
0.006 0 1
0.00654545446471 0.00127272716781 0
0.007 0.019 21
0.00733333321962 0.0182499998955 0
0.00666666658983 0.0174999999954 0
0.00623076913313 0.0162307691347 0
0.00692307688596 0.0166923075976 0
0.00642857131486 0.0154285713717 0
0.00587692296652 0.014107692135 0
0.00591836723761 0.0123469386985 0
0.00619047603988 0.0131904760906 0
0.00646520135716 0.00815750902547 0
0.00648351637831 0.00702197794763 0
0.00632653049941 0.0114693876622 0
0.00606227089182 0.00907669399625 0
0.00642857131486 0.0104285714147 0
0.00674908412662 0.00889010975476 0
0.00692307688596 0.00207692305411 0
0.0072307691946 0.00409230752386 0
0.00717307681374 0.00307692299879 0
0.0072307691946 0.00529230759762 0
0.00688644672687 0.00625457864311 0
0.00779807680836 0.00472884604137 0
0.007 0 1
0.00727272721545 0.000727272663151 0
0.007615384522 0.00138461530128 0
0.008 0.019 21
0.00830769227483 0.0182307691408 0
0.007615384522 0.0174615383692 0
0.00706043948621 0.0158489010079 0
0.00769230765756 0.0162692306441 0
0.00732142845003 0.0148214284731 0
0.00690769218878 0.0138307691039 0
0.007142857023 0.0131428570122 0
0.007142857023 0.0121428570676 0
0.00736263727682 0.00694505481207 0
0.00735347970785 0.00808424894086 0
0.00719387743072 0.0113367346489 0
0.00703296689608 0.00962271060084 0
0.00724489783844 0.0105306122302 0
0.00763736247731 0.00881684978694 0
0.00836538442212 0.00416538448512 0
0.00794871783689 0.00238461536275 0
0.00811538449434 0.00338461530743 0
0.00815384612051 0.00586153835693 0
0.00861538458347 0.00494615366282 0
0.008 0 1
0.00824999989397 0.000666666658983 0
0.00846153842915 0.00138461530128 0
0.009 0.019 21
0.0092857142642 0.0182857142043 0
0.00928571414741 0.0175357141874 0
0.00857142855606 0.0175714284961 0
0.00813186793163 0.0169203294533 0
0.00846153842915 0.0158461536905 0
0.0082142855852 0.0147142856636 0
0.00793846141104 0.0135538459561 0
0.00801684965018 0.0126578752568 0
0.00809523800611 0.0117619046743 0
0.00820512813302 0.00694871786302 0
0.00824175817533 0.00801098897304 0
0.00816326517748 0.0107346937443 0
0.00816326517748 0.0100204081529 0
0.00837225259884 0.00908699620295 0
0.00907692304643 0.00403076908549 0
0.00897435890462 0.00269230767139 0
0.00907692304643 0.00643076911623 0
0.00907692304643 0.00563076906705 0
0.00943927113501 0.0049730767661 0
0.00928340069687 0.00169230760992 0
0.009 0 1
0.00923076920074 0.000692307665238 0
0.01 0.019 21
0.00999999997234 0.0179999999677 0
0.00910714272038 0.0151071427096 0
0.00999999997234 0.0169999999063 0
0.00923076920074 0.015923076826 0
0.00928571414741 0.0167857141705 0
0.00910714272038 0.0143571428095 0
0.00904761898923 0.0130476188555 0
0.00904761898923 0.0122142854515 0
0.00904761898923 0.0113809522811 0
0.00983959886631 0.0116904760568 0
0.00910256405268 0.00747435884161 0
0.00912087907383 0.00850549442736 0
0.00999999997234 0.00699999999232 0
0.00908163251652 0.0103673467853 0
0.00910714272038 0.00935714273574 0
0.00999999997234 0.0039999999247 0
0.00999999997234 0.00299999998002 0
0.0101052630814 0.00199999991856 0
0.00999999997234 0.00599999993085 0
0.0102631578033 0.00499999998617 0
0.00999999997234 0.000999999973876 0
0.01 0 1
0.011 0.019 21
0.0109473684209 0.0179999999677 0
0.0111052631429 0.0169999999063 0
0.00999999997234 0.0149999999001 0
0.00999999997234 0.0159999999616 0
0.00999999997234 0.0139999999554 0
0.00999999997234 0.012999999894 0
0.00999999997234 0.0109999998878 0
0.0106315788602 0.0119999999493 0
0.00999999997234 0.007999999937 0
0.00999999997234 0.00899999999846 0
0.0108157893886 0.00699999999232 0
0.00999999997234 0.00999999994314 0
0.010999999917 0.00299999998002 0
0.010999999917 0.0039999999247 0
0.010999999917 0.000999999973876 0
0.010999999917 0.00199999991856 0
0.0108421051951 0.00599999993085 0
0.010999999917 0.00499999998617 0
0.011 0 1
0.012 0.019 21
0.0119999999785 0.0169999999063 0
0.0119999999785 0.0179999999677 0
0.011157894639 0.0159999999616 0
0.0107894735821 0.0149999999001 0
0.010999999917 0.0139999999554 0
0.0113157893609 0.012999999894 0
0.010999999917 0.0109999998878 0
0.0113684209739 0.0119999999493 0
0.010999999917 0.00899999999846 0
0.0116315789216 0.00699999999232 0
0.010999999917 0.007999999937 0
0.0114736841997 0.00999999994314 0
0.0118421052565 0.00299999998002 0
0.0119999999785 0.0039999999247 0
0.0119999999785 0.00199999991856 0
0.0119999999785 0.000999999973876 0
0.0116842104178 0.00599999993085 0
0.0126052630599 0.00449999989704 0
0.0119999999785 0.00499999998617 0
0.0123421051121 0.00649999990319 0
0.012 0 1
0.013 0.019 21
0.0121578947004 0.0159999999616 0
0.0129999999232 0.0169999999063 0
0.0129999999232 0.0179999999677 0
0.0122105263134 0.0149999999001 0
0.0119999999785 0.0139999999554 0
0.0121578945837 0.012999999894 0
0.0119999999785 0.0109999998878 0
0.0123684210353 0.0119999999493 0
0.0129999999232 0.00699999999232 0
0.0119999999785 0.00899999999846 0
0.0119999999785 0.007999999937 0
0.012236842003 0.00999999994314 0
0.013 0 1
0.013210526258 0.0039999999247 0
0.0128947368141 0.00199999991856 0
0.0129999999232 0.00299999998002 0
0.0130526315361 0.000999999973876 0
0.0129999999232 0.00599999993085 0
0.013263157871 0.00499999998617 0
0.014 0.019 21
0.0139473683717 0.0179999999677 0
0.0129999999232 0.0159999999616 0
0.0138947367588 0.0169999999063 0
0.0129999999232 0.0149999999001 0
0.0129999999232 0.0139999999554 0
0.0129999999232 0.012999999894 0
0.0127894735883 0.0109999998878 0
0.0131842104516 0.0119999999493 0
0.0138157893394 0.00699999999232 0
0.0134210525929 0.007999999937 0
0.0129999999232 0.00899999999846 0
0.0129999999232 0.00999999994314 0
0.0139999999846 0.000999999973876 0
0.014 0 1
0.0139999999846 0.0039999999247 0
0.0139999999846 0.00299999998002 0
0.0139999999846 0.00199999991856 0
0.0139999999846 0.00599999993085 0
0.0139999999846 0.00499999998617 0
0.0139999999846 0.00899999999846 0
0.015 0.019 21
0.0149999999293 0.0179999999677 0
0.0137894736498 0.0149999999001 0
0.0139999999846 0.0159999999616 0
0.0151052631551 0.0169999999063 0
0.0143947367311 0.0144999999278 0
0.0137368420368 0.0139999999554 0
0.0139999999846 0.012999999894 0
0.0135789473149 0.0109999998878 0
0.0139999999846 0.0119999999493 0
0.0146315788725 0.00699999999232 0
0.0142105262027 0.007999999937 0
0.0139999999846 0.00999999994314 0
0.015 0 1
0.0149999999293 0.000999999973876 0
0.0149999999293 0.0039999999247 0
0.0149999999293 0.00199999991856 0
0.0148421052074 0.00299999998002 0
0.0149999999293 0.00599999993085 0
0.0149999999293 0.00499999998617 0
0.0149999999293 0.00899999999846 0
0.0159999999908 0.0179999999677 0
0.016 0.019 21
0.0149999999293 0.0149999999001 0
0.0151578946513 0.0159999999616 0
0.0159999999908 0.0169999999063 0
0.0149999999293 0.0139999999554 0
0.0149999999293 0.012999999894 0
0.0149999999293 0.0109999998878 0
0.0153684209861 0.0119999999493 0
0.0156315789339 0.00699999999232 0
0.0149999999293 0.007999999937 0
0.0154736840952 0.00999999994314 0
0.016 0 1
0.0160526314869 0.000999999973876 0
0.0158947367649 0.00199999991856 0
0.0157894736559 0.0039999999247 0
0.0159999999908 0.00299999998002 0
0.0159999999908 0.00599999993085 0
0.0162631578218 0.00499999998617 0
0.0159999999908 0.00899999999846 0
0.0169473683225 0.0179999999677 0
0.017 0.019 21
0.0159999999908 0.0149999999001 0
0.0159999999908 0.0139999999554 0
0.0169999999355 0.0169999999063 0
0.0159999999908 0.0159999999616 0
0.0159999999908 0.012999999894 0
0.0159999999908 0.0109999998878 0
0.0166315788786 0.0119999999493 0
0.0163684210476 0.00699999999232 0
0.0164210525437 0.007999999937 0
0.0165263157696 0.00999999994314 0
0.017 0 1
0.0169999999355 0.000999999973876 0
0.0169999999355 0.00299999998002 0
0.0171052630445 0.00199999991856 0
0.0169999999355 0.0039999999247 0
0.0172631578833 0.00499999998617 0
0.0169999999355 0.00599999993085 0
0.0169999999355 0.00899999999846 0
0.018 0.019 21
0.017947368384 0.0179999999677 0
0.0179999999969 0.0169999999063 0
0.0169999999355 0.0139999999554 0
0.0169999999355 0.0149999999001 0
0.0169999999355 0.0159999999616 0
0.0169999999355 0.012999999894 0
0.0169999999355 0.0109999998878 0
0.0176315789401 0.0119999999493 0
0.0173684209923 0.00699999999232 0
0.0174210526052 0.007999999937 0
0.0175263157143 0.00999999994314 0
0.018 0 1
0.0179999999969 0.000999999973876 0
0.0179999999969 0.00299999998002 0
0.0179999999969 0.00199999991856 0
0.0179999999969 0.0039999999247 0
0.0179999999969 0.00499999998617 0
0.0180131577834 0.00574999988629 0
0.0180263156866 0.00649999990319 0
0.0177631577388 0.00899999999846 0
0.019 0 1
0.019 0.019 21
0.0189999999416 0.0169999999063 0
0.0189999999416 0.0179999999677 0
0.0179999999969 0.0139999999554 0
0.0181578947189 0.0159999999616 0
0.017789473662 0.0149999999001 0
0.0183157894408 0.012999999894 0
0.0191578946636 0.0159999999616 0
0.0179999999969 0.0109999998878 0
0.018368420937 0.0119999999493 0
0.0180263156866 0.00749999984787 0
0.0182763157312 0.00824999986477 0
0.0184736841628 0.00999999994314 0
0.0189999999416 0.000999999973876 0
0.0188421052196 0.00299999998002 0
0.0189999999416 0.00199999991856 0
0.0189999999416 0.0039999999247 0
0.0189999999416 0.00499999998617 0
0.0186842104977 0.00599999993085 0
0.0186315788848 0.00699999999232 0
0.0185263157757 0.00899999999846 0
0.019342105192 0.00649999990319 0
0.02 0 1
0.0199999998863 0.0179999999677 0
0.02 0.019 21
0.0199999998863 0.0169999999063 0
0.0189999999416 0.0139999999554 0
0.0192105262765 0.0149999999001 0
0.0191578946636 0.012999999894 0
0.0193684209984 0.0119999999493 0
0.0199999998863 0.0149999999001 0
0.0199999998863 0.0159999999616 0
0.0189999999416 0.0109999998878 0
0.0189999999416 0.007999999937 0
0.0192631577726 0.0094999999708 0
0.0198947367772 0.00199999991856 0
0.0199999998863 0.000999999973876 0
0.0199999998863 0.00299999998002 0
0.0199999998863 0.0039999999247 0
0.0199999998863 0.00499999998617 0
0.0199999998863 0.00599999993085 0
0.0199999998863 0.00699999999232 0
0.021 0 1
0.0209999999478 0.000999999973876 0
0.021 0.019 21
0.0209999999478 0.0179999999677 0
0.0211052630568 0.0169999999063 0
0.0199999998863 0.0139999999554 0
0.0199999998863 0.0109999998878 0
0.0199999998863 0.012999999894 0
0.0201842104147 0.0119999999493 0
0.0207894736129 0.0149999999001 0
0.0211578946697 0.0159999999616 0
0.0199999998863 0.00999999994314 0
0.0199999998863 0.007999999937 0
0.0199999998863 0.00899999999846 0
0.0209999999478 0.00299999998002 0
0.0209999999478 0.00199999991856 0
0.0209999999478 0.0039999999247 0
0.0209999999478 0.00499999998617 0
0.0209999999478 0.00599999993085 0
0.0208157893025 0.00699999999232 0
0.0216052630291 0.00449999989704 0
0.022 0 1
0.0220526315053 0.000999999973876 0
0.0219999998924 0.0179999999677 0
0.022 0.019 21
0.0219999998924 0.0169999999063 0
0.0209999999478 0.0139999999554 0
0.0209999999478 0.0109999998878 0
0.0213157893917 0.012999999894 0
0.0209999999478 0.0119999999493 0
0.0219999998924 0.0149999999001 0
0.0219999998924 0.0159999999616 0
0.0209999999478 0.00899999999846 0
0.0214736841136 0.00999999994314 0
0.0209999999478 0.007999999937 0
0.0219999998924 0.00299999998002 0
0.0221052631183 0.00199999991856 0
0.0222105262273 0.0039999999247 0
0.0222631578402 0.00499999998617 0
0.0219999998924 0.00599999993085 0
0.0216315788356 0.00699999999232 0
0.023 0 1
0.0229999999539 0.000999999973876 0
0.023 0.019 21
0.0219999998924 0.0109999998878 0
0.022947368341 0.0179999999677 0
0.0229999999539 0.0169999999063 0
0.0219999998924 0.0139999999554 0
0.0223157893364 0.012999999894 0
0.0219999998924 0.0119999999493 0
0.022789473619 0.0149999999001 0
0.0231578946759 0.0159999999616 0
0.0219999998924 0.00899999999846 0
0.0222368420338 0.00999999994314 0
0.0224210525622 0.007999999937 0
0.0229999999539 0.00199999991856 0
0.0229999999539 0.00299999998002 0
0.0229999999539 0.0039999999247 0
0.0228421051152 0.00599999993085 0
0.0229999999539 0.00499999998617 0
0.0229999999539 0.00699999999232 0
0.024 0 1
0.0238947367895 0.00199999991856 0
0.0239999998986 0.000999999973876 0
0.024 0.019 21
0.0229999999539 0.0109999998878 0
0.0240526315115 0.0179999999677 0
0.0239999998986 0.0159999999616 0
0.0241052631244 0.0169999999063 0
0.0236052630353 0.0144999999278 0
0.0229999999539 0.0139999999554 0
0.0233157893978 0.012999999894 0
0.0233684210107 0.0119999999493 0
0.0242105262335 0.0149999999001 0
0.0229999999539 0.00899999999846 0
0.0229999999539 0.00999999994314 0
0.0235789473456 0.007999999937 0
0.0238421051766 0.00299999998002 0
0.0237368420676 0.00499999998617 0
0.0239999998986 0.0039999999247 0
0.0236842104547 0.00599999993085 0
0.0239999998986 0.00699999999232 0
0.0245789472903 0.00349999995236 0
0.025 0 1
0.0248947367342 0.00199999991856 0
0.025052631573 0.000999999973876 0
0.025 0.019 21
0.0239999998986 0.00999999994314 0
0.0244210525683 0.0109999998878 0
0.02499999996 0.0179999999677 0
0.02499999996 0.0169999999063 0
0.02499999996 0.0159999999616 0
0.0242631578464 0.0139999999554 0
0.0243684209554 0.0119999999493 0
0.0243157894593 0.012999999894 0
0.02499999996 0.0149999999001 0
0.02499999996 0.0139999999554 0
0.0239999998986 0.00899999999846 0
0.0245789472903 0.007999999937 0
0.025157894682 0.00299999998002 0
0.0247368420123 0.00499999998617 0
0.0252105262949 0.0039999999247 0
0.02499999996 0.00599999993085 0
0.02499999996 0.00699999999232 0
0.026 0 1
0.0259999999047 0.00199999991856 0
0.0259999999047 0.000999999973876 0
0.026 0.019 21
0.0259999999047 0.0179999999677 0
0.02499999996 0.00999999994314 0
0.0250263156497 0.0114999998602 0
0.0257894735698 0.0149999999001 0
0.0258947367957 0.0169999999063 0
0.0259999999047 0.0159999999616 0
0.0249868420568 0.0132499999385 0
0.0249736841536 0.0124999999216 0
0.026394736768 0.0144999999278 0
0.0257368420737 0.0139999999554 0
0.0254736841259 0.00899999999846 0
0.0259999999047 0.007999999937 0
0.0259999999047 0.0039999999247 0
0.0259999999047 0.00299999998002 0
0.0259999999047 0.00499999998617 0
0.0259999999047 0.00599999993085 0
0.0259999999047 0.00699999999232 0
0.027 0 1
0.0269999999662 0.000999999973876 0
0.0269999999662 0.00199999991856 0
0.0269999999662 0.00299999998002 0
0.027 0.019 21
0.0269999999662 0.0179999999677 0
0.028 0.019 21
0.0259999999047 0.00999999994314 0
0.0259999999047 0.0109999998878 0
0.0256315788479 0.0119999999493 0
0.0271578946882 0.0159999999616 0
0.0269999999662 0.0149999999001 0
0.0271052630752 0.0169999999063 0
0.0259999999047 0.012999999894 0
0.0276052630476 0.0144999999278 0
0.0269999999662 0.0139999999554 0
0.0264736841874 0.00899999999846 0
0.0269078946436 0.0072499998033 0
0.0269999999662 0.007999999937 0
0.0269999999662 0.00499999998617 0
0.0269999999662 0.0039999999247 0
0.0269078946436 0.00574999988629 0
0.026815789321 0.00649999990319 0
0.028 0 1
0.0278947368018 0.00199999991856 0
0.0279999999109 0.000999999973876 0
0.0278421051889 0.00299999998002 0
0.0279999999109 0.0179999999677 0
0.029 0.019 21
0.0269999999662 0.0109999998878 0
0.0274736841321 0.00999999994314 0
0.0269999999662 0.0119999999493 0
0.0279999999109 0.0159999999616 0
0.0282105262457 0.0149999999001 0
0.0281052631367 0.0169999999063 0
0.0273157894101 0.012999999894 0
0.0282631578587 0.0139999999554 0
0.027526315745 0.00899999999846 0
0.027631578854 0.00699999999232 0
0.0279999999109 0.007999999937 0
0.0279999999109 0.0039999999247 0
0.0277368420799 0.00499999998617 0
0.027684210467 0.00599999993085 0
0.0283684209677 0.00549999995851 0
0.0284210525806 0.0024999998909 0
0.0287894736375 0.0039999999247 0
0.029 0 1
0.0289999999723 0.000999999973876 0
0.0289999999723 0.00199999991856 0
0.0291578946943 0.00299999998002 0
0.0289999999723 0.0179999999677 0
0.03 0.019 21
0.0279999999109 0.0109999998878 0
0.0282368420522 0.00999999994314 0
0.0283684209677 0.0119999999493 0
0.0289999999723 0.0159999999616 0
0.0289999999723 0.0149999999001 0
0.0289999999723 0.0169999999063 0
0.0283157894716 0.012999999894 0
0.0296052630537 0.0144999999278 0
0.0289999999723 0.0139999999554 0
0.0285263156897 0.00899999999846 0
0.0286315789155 0.00699999999232 0
0.0289999999723 0.007999999937 0
0.0289999999723 0.00499999998617 0
0.0289999999723 0.00599999993085 0
0.0289736841659 0.0124999999216 0
0.0289999999723 0.00999999994314 0
0.029999999917 0.00299999998002 0
0.029999999917 0.0039999999247 0
0.029999999917 0.00499999998617 0
0.029999999917 0.000999999973876 0
0.03 0 1
0.029999999917 0.00199999991856 0
0.0300526315299 0.0179999999677 0
0.031 0.019 21
0.0289999999723 0.0109999998878 0
0.0296315788602 0.0119999999493 0
0.0302105262519 0.0149999999001 0
0.029999999917 0.0159999999616 0
0.0301052631429 0.0169999999063 0
0.0296842104731 0.012999999894 0
0.0302631578648 0.0139999999554 0
0.0294736841382 0.00899999999846 0
0.0297894735821 0.007999999937 0
0.029999999917 0.00699999999232 0
0.029999999917 0.00599999993085 0
0.029999999917 0.00999999994314 0
0.0307894736436 0.0039999999247 0
0.0309999999785 0.00299999998002 0
0.0307368420307 0.00499999998617 0
0.0309999999785 0.00599999993085 0
0.0309473683656 0.000999999973876 0
0.031 0 1
0.0309999999785 0.00199999991856 0
0.0310526314746 0.0179999999677 0
0.0311052630875 0.0169999999063 0
0.032 0.019 21
0.033 0.019 21
0.0304210525868 0.0109999998878 0
0.0303684209739 0.0119999999493 0
0.0309999999785 0.0149999999001 0
0.0309999999785 0.0159999999616 0
0.0309999999785 0.012999999894 0
0.0312631578095 0.0139999999554 0
0.0305263156958 0.00899999999846 0
0.0305789473087 0.007999999937 0
0.0309999999785 0.00699999999232 0
0.0309999999785 0.00999999994314 0
0.0319999999232 0.00599999993085 0
0.0318947368141 0.00199999991856 0
0.0321578946451 0.00299999998002 0
0.0317894735883 0.0039999999247 0
0.0319999999232 0.00499999998617 0
0.032 0 1
0.0319473683102 0.000999999973876 0
0.0319999999232 0.0169999999063 0
0.0319999999232 0.0159999999616 0
0.0319999999232 0.0179999999677 0
0.0329999999846 0.0179999999677 0
0.034 0.019 21
0.0312105261966 0.0109999998878 0
0.0313684210353 0.0119999999493 0
0.0319999999232 0.0149999999001 0
0.0319999999232 0.012999999894 0
0.0319999999232 0.0139999999554 0
0.0315263157573 0.00899999999846 0
0.0319999999232 0.007999999937 0
0.0319999999232 0.00699999999232 0
0.0319999999232 0.00999999994314 0
0.0329999999846 0.00599999993085 0
0.0329999999846 0.00499999998617 0
0.0329999999846 0.00199999991856 0
0.0331578947066 0.00299999998002 0
0.0332105262027 0.0039999999247 0
0.033 0 1
0.0330526314808 0.000999999973876 0
0.0329999999846 0.0159999999616 0
0.0329999999846 0.0169999999063 0
0.035 0.019 21
0.0340526315422 0.0179999999677 0
0.0319999999232 0.0109999998878 0
0.0321842104516 0.0119999999493 0
0.0329999999846 0.0149999999001 0
0.0329999999846 0.0139999999554 0
0.0328421051459 0.012999999894 0
0.0329999999846 0.00899999999846 0
0.0329999999846 0.007999999937 0
0.0333684210415 0.00699999999232 0
0.0327631578433 0.00999999994314 0
0.0339999999293 0.00499999998617 0
0.0339999999293 0.00599999993085 0
0.0339999999293 0.00199999991856 0
0.0339999999293 0.00299999998002 0
0.0339999999293 0.0039999999247 0
0.0339999999293 0.000999999973876 0
0.034 0 1
0.036 0.019 21
0.0341052631551 0.0169999999063 0
0.0338421052074 0.0159999999616 0
0.0349999999908 0.0169999999063 0
0.0359999999355 0.0179999999677 0
0.0350526314869 0.0179999999677 0
0.0329999999846 0.0109999998878 0
0.0329999999846 0.0119999999493 0
0.0342105262642 0.0149999999001 0
0.0339999999293 0.0139999999554 0
0.0336842104854 0.012999999894 0
0.0346315789339 0.00699999999232 0
0.0335263157634 0.00999999994314 0
0.0339999999293 0.00899999999846 0
0.0339999999293 0.007999999937 0
0.0349999999908 0.007999999937 0
0.034736842043 0.00499999998617 0
0.0349999999908 0.00599999993085 0
0.0349999999908 0.0039999999247 0
0.0348947367649 0.00199999991856 0
0.0349999999908 0.00299999998002 0
0.0349473683779 0.000999999973876 0
0.035 0 1
0.037 0.019 21
0.0369999999969 0.0179999999677 0
0.0349999999908 0.0159999999616 0
0.0359999999355 0.0169999999063 0
0.0352105262089 0.0149999999001 0
0.0339999999293 0.0109999998878 0
0.0339999999293 0.0119999999493 0
0.0352631578218 0.0139999999554 0
0.0349999999908 0.012999999894 0
0.0349999999908 0.0109999998878 0
0.0359999999355 0.00699999999232 0
0.0349999999908 0.00999999994314 0
0.0349999999908 0.00899999999846 0
0.0359999999355 0.007999999937 0
0.0359999999355 0.00499999998617 0
0.0363157893794 0.00599999993085 0
0.0359999999355 0.0039999999247 0
0.036 0 1
0.0361578946574 0.00299999998002 0
0.0359999999355 0.00199999991856 0
0.0359999999355 0.000999999973876 0
0.0369999999969 0.00699999999232 0
0.038 0.019 21
0.0379999999416 0.0179999999677 0
0.0379999999416 0.0169999999063 0
0.037105263106 0.0169999999063 0
0.0359999999355 0.0159999999616 0
0.0359999999355 0.0149999999001 0
0.0349999999908 0.0119999999493 0
0.0359999999355 0.0139999999554 0
0.0358421052135 0.012999999894 0
0.0359999999355 0.0109999998878 0
0.0369999999969 0.007999999937 0
0.0359999999355 0.00999999994314 0
0.0364736841013 0.00899999999846 0
0.0371578946021 0.00599999993085 0
0.0369999999969 0.00499999998617 0
0.0369999999969 0.00299999998002 0
0.0369999999969 0.0039999999247 0
0.037 0 1
0.0369999999969 0.00199999991856 0
0.0369999999969 0.000999999973876 0
0.0379999999416 0.007999999937 0
0.0379999999416 0.00699999999232 0
0.039 0.019 21
0.0390526314992 0.0179999999677 0
0.0389999998863 0.0169999999063 0
0.0379999999416 0.0159999999616 0
0.0371578947189 0.0159999999616 0
0.0369999999969 0.0149999999001 0
0.0359999999355 0.0119999999493 0
0.0369999999969 0.0139999999554 0
0.0366842104362 0.012999999894 0
0.0369999999969 0.0109999998878 0
0.0372368420215 0.00899999999846 0
0.0369999999969 0.00999999994314 0
0.0379999999416 0.00599999993085 0
0.0379999999416 0.00499999998617 0
0.0379999999416 0.00899999999846 0
0.0382105262765 0.0039999999247 0
0.0379999999416 0.00299999998002 0
0.038 0 1
0.0379999999416 0.00199999991856 0
0.0380526315545 0.000999999973876 0
0.0387894735514 0.007999999937 0
0.0389999998863 0.00599999993085 0
0.0389999998863 0.00699999999232 0
0.04 0.019 21
0.0399999999478 0.0179999999677 0
0.0401052630568 0.0169999999063 0
0.0389999998863 0.0159999999616 0
0.0379999999416 0.0139999999554 0
0.0379999999416 0.0149999999001 0
0.037368420937 0.0119999999493 0
0.0379999999416 0.012999999894 0
0.0377894736067 0.0109999998878 0
0.0379999999416 0.00999999994314 0
0.0389999998863 0.00499999998617 0
0.0389999998863 0.00899999999846 0
0.0389999998863 0.0039999999247 0
0.0389999998863 0.00299999998002 0
0.039 0 1
0.0389999998863 0.00199999991856 0
0.0389999998863 0.000999999973876 0
0.039578947278 0.007999999937 0
0.039736842 0.00499999998617 0
0.039842105109 0.00599999993085 0
0.0399999999478 0.00699999999232 0
0.041 0.019 21
0.0401578946697 0.0159999999616 0
0.0409999998924 0.0179999999677 0
0.0409999998924 0.0169999999063 0
0.0392105262212 0.0149999999001 0
0.0389999998863 0.0139999999554 0
0.0386315789462 0.0119999999493 0
0.0389999998863 0.012999999894 0
0.0389999998863 0.00999999994314 0
0.0385789473333 0.0109999998878 0
0.0397631578064 0.00899999999846 0
0.0399999999478 0.0039999999247 0
0.0398421052258 0.00299999998002 0
0.0399999999478 0.00999999994314 0
0.04 0 1
0.0398947368387 0.00199999991856 0
0.0399999999478 0.000999999973876 0
0.0405263157266 0.00899999999846 0
0.0409999998924 0.007999999937 0
0.0409999998924 0.00499999998617 0
0.0409999998924 0.00699999999232 0
0.0406842104485 0.00599999993085 0
0.042 0.019 21
0.041947368341 0.0179999999677 0
0.0399999999478 0.0149999999001 0
0.0409999998924 0.0159999999616 0
0.0409999998924 0.0149999999001 0
0.0418947367281 0.0169999999063 0
0.0399999999478 0.0139999999554 0
0.0393684209431 0.0119999999493 0
0.0403157893917 0.012999999894 0
0.0399999999478 0.0109999998878 0
0.0407894736743 0.0039999999247 0
0.0408421051705 0.00299999998002 0
0.0419999999539 0.00499999998617 0
0.0409999998924 0.00999999994314 0
0.041 0 1
0.0409999998924 0.00199999991856 0
0.0409999998924 0.000999999973876 0
0.0419999999539 0.0039999999247 0
0.0419999999539 0.007999999937 0
0.0419999999539 0.00899999999846 0
0.0419999999539 0.00699999999232 0
0.0419999999539 0.00599999993085 0
0.043 0.019 21
0.0429999998986 0.0179999999677 0
0.0409999998924 0.0139999999554 0
0.0419999999539 0.0159999999616 0
0.041789473619 0.0149999999001 0
0.0428421051766 0.0159999999616 0
0.0431052631244 0.0169999999063 0
0.0409868419892 0.0132499999385 0
0.0403684210046 0.0119999999493 0
0.040973684086 0.0124999999216 0
0.0409999998924 0.0109999998878 0
0.0414210525622 0.00349999995236 0
0.0419999999539 0.00299999998002 0
0.0429999998986 0.00499999998617 0
0.0419999999539 0.00999999994314 0
0.042 0 1
0.0421052630629 0.00199999991856 0
0.0419999999539 0.000999999973876 0
0.0429999998986 0.0039999999247 0
0.0429999998986 0.00899999999846 0
0.0427894735637 0.007999999937 0
0.0429999998986 0.00599999993085 0
0.0428157893702 0.00699999999232 0
0.044 0.019 21
0.04399999996 0.0179999999677 0
0.04399999996 0.0169999999063 0
0.0419999999539 0.0139999999554 0
0.0427894736805 0.0149999999001 0
0.0433947367619 0.0154999998725 0
0.04399999996 0.0159999999616 0
0.0419999999539 0.012999999894 0
0.0416315788971 0.0119999999493 0
0.0419999999539 0.0109999998878 0
0.0429999998986 0.00199999991856 0
0.0429999998986 0.00299999998002 0
0.0437368420123 0.00499999998617 0
0.0429999998986 0.00999999994314 0
0.043 0 1
0.0429999998986 0.000999999973876 0
0.0437894736252 0.0039999999247 0
0.0437631578187 0.00899999999846 0
0.0435789472903 0.007999999937 0
0.04399999996 0.00599999993085 0
0.0436315789032 0.00699999999232 0
0.045 0.019 21
0.0449999999047 0.0179999999677 0
0.0449999999047 0.0169999999063 0
0.0449999999047 0.0159999999616 0
0.0429999998986 0.012999999894 0
0.0432631578464 0.0139999999554 0
0.0442105262949 0.0149999999001 0
0.0429999998986 0.0119999999493 0
0.0434210525683 0.0109999998878 0
0.0438947367342 0.00199999991856 0
0.04399999996 0.00299999998002 0
0.0444999999324 0.00499999998617 0
0.04399999996 0.00999999994314 0
0.044 0 1
0.0439473683471 0.000999999973876 0
0.0449999999047 0.00299999998002 0
0.0452105262396 0.0039999999247 0
0.0449999999047 0.00599999993085 0
0.0445263157388 0.00899999999846 0
0.0445789473518 0.007999999937 0
0.0449999999047 0.00699999999232 0
0.0458947367404 0.0169999999063 0
0.046 0.019 21
0.0459473683533 0.0179999999677 0
0.0464210525192 0.0164999999339 0
0.0458421052442 0.0159999999616 0
0.0449999999047 0.0149999999001 0
0.04399999996 0.012999999894 0
0.0442631577911 0.0139999999554 0
0.0443684210169 0.0119999999493 0
0.0449999999047 0.0139999999554 0
0.0444210526298 0.0109999998878 0
0.047 0.019 21
0.0448947367957 0.00199999991856 0
0.0452631578525 0.00499999998617 0
0.0449999999047 0.00999999994314 0
0.045 0 1
0.0450526315176 0.000999999973876 0
0.0459999999662 0.00299999998002 0
0.0459999999662 0.00199999991856 0
0.0459999999662 0.00599999993085 0
0.0459999999662 0.0039999999247 0
0.0459999999662 0.00899999999846 0
0.045815789321 0.00699999999232 0
0.0454210525745 0.007999999937 0
0.0469999999109 0.0169999999063 0
0.0469999999109 0.0179999999677 0
0.0471578946328 0.0159999999616 0
0.0462105263011 0.0149999999001 0
0.0457368420184 0.0139999999554 0
0.0451842104331 0.0119999999493 0
0.0449999999047 0.012999999894 0
0.0455789472964 0.0109999998878 0
0.048 0.019 21
0.0459999999662 0.00499999998617 0
0.0464736841321 0.00999999994314 0
0.0467631577695 0.00899999999846 0
0.046 0 1
0.0459999999662 0.000999999973876 0
0.0468421051889 0.00299999998002 0
0.0468947368018 0.00199999991856 0
0.046631578854 0.00699999999232 0
0.0468421051889 0.00599999993085 0
0.0469999999109 0.0039999999247 0
0.0467368420799 0.00499999998617 0
0.0465789473579 0.007999999937 0
0.0469999999109 0.0149999999001 0
0.0479999999723 0.0169999999063 0
0.0479999999723 0.0179999999677 0
0.0479999999723 0.0149999999001 0
0.0479999999723 0.0159999999616 0
0.0469999999109 0.0139999999554 0
0.0463157894101 0.012999999894 0
0.0459999999662 0.0119999999493 0
0.0473157894716 0.012999999894 0
0.0469999999109 0.0109999998878 0
0.0489473684209 0.0179999999677 0
0.049 0.019 21
0.0472368420522 0.00999999994314 0
0.0475263156897 0.00899999999846 0
0.047 0 1
0.0469999999109 0.000999999973876 0
0.0478947367465 0.00199999991856 0
0.0478421052504 0.00299999998002 0
0.0482105263072 0.0039999999247 0
0.0476315789155 0.00699999999232 0
0.0476842104116 0.00599999993085 0
0.0479999999723 0.00499999998617 0
0.0479999999723 0.007999999937 0
0.0479999999723 0.0139999999554 0
0.048894736808 0.0169999999063 0
0.0487894735821 0.0149999999001 0
0.048999999917 0.0159999999616 0
0.0479868420691 0.0132499999385 0
0.0473684209677 0.0119999999493 0
0.0479736841659 0.0124999999216 0
0.0479999999723 0.0109999998878 0
0.0499473683656 0.0179999999677 0
0.05 0.019 21
0.0479999999723 0.00999999994314 0
0.0484736841382 0.00899999999846 0
0.048 0 1
0.0479999999723 0.000999999973876 0
0.0491052631429 0.00199999991856 0
0.048999999917 0.00299999998002 0
0.048999999917 0.0039999999247 0
0.0483684210292 0.00699999999232 0
0.0492631578648 0.00499999998617 0
0.048999999917 0.00599999993085 0
0.048999999917 0.007999999937 0
0.048999999917 0.00999999994314 0
0.048999999917 0.0139999999554 0
0.0499999999785 0.0169999999063 0
0.0498421052565 0.0159999999616 0
0.0497894736436 0.0149999999001 0
0.0504210525315 0.0154999998725 0
0.048999999917 0.012999999894 0
0.0486315788602 0.0119999999493 0
0.048999999917 0.0109999998878 0
0.051 0.019 21
0.0509999999232 0.0179999999677 0
0.051105263149 0.0169999999063 0
0.0492368420584 0.00899999999846 0
0.048999999917 0.000999999973876 0
0.049 0 1
0.0499999999785 0.00199999991856 0
0.0499999999785 0.000999999973876 0
0.0499999999785 0.00299999998002 0
0.0499999999785 0.00499999998617 0
0.0499999999785 0.0039999999247 0
0.0493684209739 0.00699999999232 0
0.0499999999785 0.00599999993085 0
0.0499736840552 0.00749999984787 0
0.0499999999785 0.00899999999846 0
0.0499999999785 0.00999999994314 0
0.0502631578095 0.0139999999554 0
0.0499999999785 0.012999999894 0
0.0509999999232 0.0159999999616 0
0.0509999999232 0.0149999999001 0
0.0499999999785 0.0119999999493 0
0.0504210525315 0.0109999998878 0
0.052 0.019 21
0.0519999999846 0.0159999999616 0
0.0519999999846 0.0179999999677 0
0.0519999999846 0.0169999999063 0
0.05 0 1
0.0508947368141 0.00199999991856 0
0.0509473683102 0.000999999973876 0
0.0509999999232 0.00299999998002 0
0.0507894735883 0.0039999999247 0
0.0507368420922 0.00499999998617 0
0.0508421052012 0.00599999993085 0
0.0506315788663 0.00699999999232 0
0.0505789472534 0.007999999937 0
0.0507631577818 0.00899999999846 0
0.0509999999232 0.00999999994314 0
0.051263157871 0.0139999999554 0
0.0509999999232 0.012999999894 0
0.0519999999846 0.0139999999554 0
0.0519999999846 0.0149999999001 0
0.05136842098 0.0119999999493 0
0.0514210525929 0.0109999998878 0
0.053 0.019 21
0.0529999999293 0.0159999999616 0
0.0530526315422 0.0179999999677 0
0.0531052631551 0.0169999999063 0
0.0520263156743 0.0114999998602 0
0.051 0 1
0.0518421052627 0.00299999998002 0
0.0519999999846 0.00199999991856 0
0.0520526314808 0.000999999973876 0
0.0517894736498 0.0039999999247 0
0.0516842104239 0.00599999993085 0
0.0519999999846 0.00499999998617 0
0.0516315789278 0.00699999999232 0
0.0515789473149 0.007999999937 0
0.051526315702 0.00899999999846 0
0.0519999999846 0.00999999994314 0
0.0519999999846 0.012999999894 0
0.0532105262642 0.0149999999001 0
0.0527368420983 0.0139999999554 0
0.0526315788725 0.0119999999493 0
0.0525789472596 0.0109999998878 0
0.054 0.019 21
0.0541578947127 0.0159999999616 0
0.0541052630998 0.0169999999063 0
0.0539999999908 0.0179999999677 0
0.0524210525376 0.00349999995236 0
0.052 0 1
0.0523684210415 0.00699999999232 0
0.0529999999293 0.00999999994314 0
0.0529999999293 0.00299999998002 0
0.0529999999293 0.00199999991856 0
0.0529999999293 0.000999999973876 0
0.053 0 1
0.0529999999293 0.00499999998617 0
0.0529999999293 0.0039999999247 0
0.0529999999293 0.00599999993085 0
0.0524210525376 0.007999999937 0
0.0529999999293 0.00899999999846 0
0.0529999999293 0.012999999894 0
0.0539999999908 0.0149999999001 0
0.0539999999908 0.0139999999554 0
0.0533684209861 0.0119999999493 0
0.0539999999908 0.0109999998878 0
0.055 0.019 21
0.0549999999355 0.0149999999001 0
0.0549999999355 0.0159999999616 0
0.0549999999355 0.0169999999063 0
0.0549999999355 0.0179999999677 0
0.0529736841229 0.00749999984787 0
0.0537631578494 0.00899999999846 0
0.0539999999908 0.00999999994314 0
0.053842105152 0.00299999998002 0
0.053842105152 0.00599999993085 0
0.054 0 1
0.0538947367649 0.00199999991856 0
0.0539999999908 0.000999999973876 0
0.053736842043 0.00499999998617 0
0.0539999999908 0.0039999999247 0
0.0539999999908 0.00699999999232 0
0.053578947321 0.007999999937 0
0.0543157894347 0.012999999894 0
0.0549999999355 0.0139999999554 0
0.0557368420491 0.0139999999554 0
0.0543684210476 0.0119999999493 0
0.0549999999355 0.0109999998878 0
0.0549999999355 0.00999999994314 0
0.0559999999969 0.0179999999677 0
0.056 0.019 21
0.055789473662 0.0149999999001 0
0.0558421051582 0.0159999999616 0
0.0558947367711 0.0169999999063 0
0.0545263157696 0.00899999999846 0
0.0550263157419 0.0124999999216 0
0.0548421052135 0.00299999998002 0
0.0549999999355 0.00699999999232 0
0.0546842104915 0.00599999993085 0
0.055 0 1
0.0550526315484 0.000999999973876 0
0.0549999999355 0.00199999991856 0
0.0549999999355 0.00499999998617 0
0.0547894736006 0.0039999999247 0
0.0559999999969 0.00999999994314 0
0.0554736841013 0.00899999999846 0
0.0549999999355 0.007999999937 0
0.0556842104362 0.012999999894 0
0.0564999999693 0.0139999999554 0
0.0556315789401 0.0119999999493 0
0.0559999999969 0.0109999998878 0
0.0569473683287 0.0179999999677 0
0.057 0.019 21
0.0567894736067 0.0149999999001 0
0.0569999999416 0.0159999999616 0
0.0571052630507 0.0169999999063 0
0.0562368420215 0.00899999999846 0
0.0554210526052 0.00349999995236 0
0.0555789473272 0.0024999998909 0
0.0559999999969 0.00699999999232 0
0.0559999999969 0.00599999993085 0
0.0559999999969 0.00499999998617 0
0.056 0 1
0.0559999999969 0.000999999973876 0
0.056105263106 0.00199999991856 0
0.0559999999969 0.0039999999247 0
0.0569999999416 0.00999999994314 0
0.0564210525499 0.007999999937 0
0.0566842104977 0.012999999894 0
0.0572631578894 0.0139999999554 0
0.0574210526114 0.0109999998878 0
0.0569999999416 0.0119999999493 0
0.058 0.019 21
0.0579999998863 0.0179999999677 0
0.0582105262212 0.0149999999001 0
0.0579999998863 0.0169999999063 0
0.0579999998863 0.0159999999616 0
0.0569999999416 0.00899999999846 0
0.0561578947189 0.00299999998002 0
0.0568157894132 0.00699999999232 0
0.0569999999416 0.00499999998617 0
0.0569999999416 0.00599999993085 0
0.057 0 1
0.0569999999416 0.00199999991856 0
0.0569999999416 0.000999999973876 0
0.0569999999416 0.0039999999247 0
0.0577631578617 0.00899999999846 0
0.0579999998863 0.00999999994314 0
0.0575789473333 0.007999999937 0
0.0582631578341 0.0139999999554 0
0.0579999998863 0.012999999894 0
0.0582105262212 0.0109999998878 0
0.0583684209431 0.0119999999493 0
0.059 0.019 21
0.0589999999478 0.0179999999677 0
0.0589999999478 0.0149999999001 0
0.0589999999478 0.0159999999616 0
0.0589999999478 0.0169999999063 0
0.0569999999416 0.00299999998002 0
0.058315789447 0.00749999984787 0
0.0576315789462 0.00699999999232 0
0.0578421051643 0.00599999993085 0
0.0577368420553 0.00499999998617 0
0.058 0 1
0.0579473683902 0.000999999973876 0
0.0578947367772 0.00199999991856 0
0.0579999998863 0.00299999998002 0
0.0579999998863 0.0039999999247 0
0.0587631578064 0.00999999994314 0
0.0585263157819 0.00899999999846 0
0.0589999999478 0.007999999937 0
0.0590131577342 0.0132499999385 0
0.0589999999478 0.0139999999554 0
0.0590263156374 0.0124999999216 0
0.0589999999478 0.0109999998878 0
0.06 0.019 21
0.0599473683963 0.0179999999677 0
0.0597894736743 0.0149999999001 0
0.0599999998924 0.0159999999616 0
0.0599999998924 0.0169999999063 0
0.0589999999478 0.00699999999232 0
0.0586842105038 0.00599999993085 0
0.0589999999478 0.00499999998617 0
0.059 0 1
0.0589999999478 0.000999999973876 0
0.0589999999478 0.0039999999247 0
0.0588947368387 0.00199999991856 0
0.0588421052258 0.00299999998002 0
0.0595263157266 0.00999999994314 0
0.0599999998924 0.00899999999846 0
0.0599999998924 0.007999999937 0
0.0599999998924 0.00699999999232 0
0.0596842104485 0.012999999894 0
0.0599999998924 0.0139999999554 0
0.0599999998924 0.0119999999493 0
0.0599999998924 0.0109999998878 0
0.061 0.019 21
0.0609999999539 0.0179999999677 0
0.0609999999539 0.0149999999001 0
0.0609999999539 0.0159999999616 0
0.0609999999539 0.0169999999063 0
0.0599999998924 0.0039999999247 0
0.0599999998924 0.00599999993085 0
0.0599999998924 0.00499999998617 0
0.06 0 1
0.0599999998924 0.00199999991856 0
0.0599999998924 0.000999999973876 0
0.0599999998924 0.00299999998002 0
0.0609999999539 0.00699999999232 0
0.0604736841751 0.00999999994314 0
0.0609999999539 0.00899999999846 0
0.0609999999539 0.007999999937 0
0.0609999999539 0.00599999993085 0
0.0609999999539 0.0139999999554 0
0.0606842103932 0.012999999894 0
0.0609999999539 0.0109999998878 0
0.0609999999539 0.0119999999493 0
0.062 0.019 21
0.0619999998986 0.0179999999677 0
0.0619999998986 0.0149999999001 0
0.0619999998986 0.0159999999616 0
0.0621052631244 0.0169999999063 0
0.060789473619 0.0039999999247 0
0.0609999999539 0.00499999998617 0
0.061 0 1
0.0611578946759 0.00299999998002 0
0.0609999999539 0.000999999973876 0
0.0609999999539 0.00199999991856 0
0.0618157893702 0.00699999999232 0
0.0619999998986 0.00899999999846 0
0.0615263157327 0.00999999994314 0
0.0619999998986 0.007999999937 0
0.0619999998986 0.00599999993085 0
0.0619999998986 0.0109999998878 0
0.0619999998986 0.0139999999554 0
0.0616842104547 0.012999999894 0
0.0619999998986 0.0119999999493 0
0.063 0.019 21
0.06299999996 0.0179999999677 0
0.06299999996 0.0149999999001 0
0.063157894682 0.0159999999616 0
0.0631052630691 0.0169999999063 0
0.0619999998986 0.0039999999247 0
0.0619999998986 0.00299999998002 0
0.0619999998986 0.00499999998617 0
0.062 0 1
0.0619999998986 0.000999999973876 0
0.0619999998986 0.00199999991856 0
0.0626315789032 0.00699999999232 0
0.0627631578187 0.00899999999846 0
0.06299999996 0.00999999994314 0
0.06299999996 0.007999999937 0
0.0628421051213 0.00599999993085 0
0.06299999996 0.0109999998878 0
0.0632631577911 0.0139999999554 0
0.06299999996 0.012999999894 0
0.0633684210169 0.0119999999493 0
0.0639999999047 0.0139999999554 0
0.064 0.019 21
0.0639999999047 0.0179999999677 0
0.0639999999047 0.0159999999616 0
0.0639999999047 0.0149999999001 0
0.0639999999047 0.0169999999063 0
0.0627894736252 0.0039999999247 0
0.0628421052381 0.00299999998002 0
0.06299999996 0.00499999998617 0
0.06299999996 0.00199999991856 0
0.063 0 1
0.06299999996 0.000999999973876 0
0.0636315788479 0.00699999999232 0
0.0635263157388 0.00899999999846 0
0.0639999999047 0.00999999994314 0
0.0639999999047 0.007999999937 0
0.0636842104608 0.00599999993085 0
0.0639999999047 0.0109999998878 0
0.0639999999047 0.012999999894 0
0.0641842104331 0.0119999999493 0
0.0649999999662 0.0149999999001 0
0.0647368420184 0.0139999999554 0
0.0649999999662 0.0179999999677 0
0.065 0.019 21
0.0648947367404 0.0169999999063 0
0.0648421052442 0.0159999999616 0
0.0637894735698 0.0039999999247 0
0.0638421051828 0.00299999998002 0
0.0647631578249 0.00999999994314 0
0.0639999999047 0.00499999998617 0
0.0639999999047 0.00199999991856 0
0.064 0 1
0.0640526315176 0.000999999973876 0
0.0643684209616 0.00699999999232 0
0.0649999999662 0.00899999999846 0
0.0654210525192 0.007999999937 0
0.0649999999662 0.00599999993085 0
0.0649999999662 0.0109999998878 0
0.0649999999662 0.0119999999493 0
0.0649999999662 0.012999999894 0
0.065789473576 0.0149999999001 0
0.0659999999109 0.0139999999554 0
0.0659473684147 0.0179999999677 0
0.066 0.019 21
0.0661052631367 0.0169999999063 0
0.0659999999109 0.0159999999616 0
0.066605263109 0.0154999998725 0
0.0645789472964 0.0024999998909 0
0.0646052631029 0.00449999989704 0
0.0644736840706 0.00349999995236 0
0.065526315745 0.00999999994314 0
0.0652631577972 0.00499999998617 0
0.0651052630752 0.00199999991856 0
0.065 0 1
0.0650526314623 0.000999999973876 0
0.065368421023 0.00699999999232 0
0.0659999999109 0.00899999999846 0
0.0660263157173 0.00749999984787 0
0.0659999999109 0.00599999993085 0
0.114 0.0171 19
0.114 0.019 20
0.0659999999109 0.0109999998878 0
0.0659999999109 0.0119999999493 0
0.0663157894716 0.012999999894 0
0.0669999999723 0.0139999999554 0
0.067 0.019 21
0.0672105263072 0.0149999999001 0
0.0670526314685 0.0179999999677 0
0.0669999999723 0.0169999999063 0
0.0671578946943 0.0159999999616 0
0.0651578946882 0.00299999998002 0
0.0652105263011 0.0039999999247 0
0.066763157831 0.00899999999846 0
0.0664736841935 0.00999999994314 0
0.0659999999109 0.00199999991856 0
0.0659999999109 0.0039999999247 0
0.0659999999109 0.00499999998617 0
0.0659999999109 0.000999999973876 0
0.066 0 1
0.0669999999723 0.00499999998617 0
0.0666315789155 0.00699999999232 0
0.0669999999723 0.007999999937 0
0.0669999999723 0.00599999993085 0
0.112852994555 0.019 20
0.112852860984 0.0171 18
0.113373568128 0.0181376763769 0
0.111861161525 0.019 20
0.0669999999723 0.0109999998878 0
0.0673157894163 0.012999999894 0
0.0669999999723 0.0119999999493 0
0.067999999917 0.0139999999554 0
0.0683289472642 0.0132499999385 0
0.068 0.019 21
0.067999999917 0.0159999999616 0
0.067999999917 0.0149999999001 0
0.067999999917 0.0179999999677 0
0.067999999917 0.0169999999063 0
0.0659999999109 0.00299999998002 0
0.0675263157511 0.00899999999846 0
0.0674736841382 0.00999999994314 0
0.0668947367465 0.00199999991856 0
0.0668421052504 0.00299999998002 0
0.0669999999723 0.0039999999247 0
0.067 0 1
0.0669999999723 0.000999999973876 0
0.067736842086 0.00499999998617 0
0.0676315788602 0.00699999999232 0
0.067999999917 0.007999999937 0
0.0683157893609 0.00599999993085 0
0.111860894381 0.0171 18
0.111861027882 0.01805 0
0.110869328494 0.019 20
0.110868927779 0.0171 18
0.067999999917 0.0109999998878 0
0.0686578946113 0.0124999999216 0
0.067999999917 0.0119999999493 0
0.0689999999785 0.0139999999554 0
0.0693157894224 0.012999999894 0
0.069 0.019 21
0.0689999999785 0.0179999999677 0
0.0688421052565 0.0159999999616 0
0.0689999999785 0.0149999999001 0
0.0689999999785 0.0169999999063 0
0.0675789472473 0.00349999995236 0
0.0684736841997 0.00899999999846 0
0.0685263156958 0.00999999994314 0
0.067894736808 0.00199999991856 0
0.068157894639 0.00299999998002 0
0.0682105262519 0.0039999999247 0
0.068 0 1
0.0680526315299 0.000999999973876 0
0.0689999999785 0.00499999998617 0
0.0683684209739 0.00699999999232 0
0.0689999999785 0.007999999937 0
0.0689736840552 0.00649999990319 0
0.0689868419585 0.00574999988629 0
0.110869128109 0.0180499998832 0
0.109877495463 0.019 20
0.109876961177 0.0171 18
0.0689999999785 0.0109999998878 0
0.0693684210353 0.0119999999493 0
0.0701578946451 0.012999999894 0
0.0699999999232 0.0149999999001 0
0.070263157871 0.0139999999554 0
0.0700526315361 0.0179999999677 0
0.07 0.019 21
0.0699999999232 0.0159999999616 0
0.070105263149 0.0169999999063 0
0.069236842003 0.00899999999846 0
0.0694736841444 0.00999999994314 0
0.0689999999785 0.00199999991856 0
0.0689999999785 0.00299999998002 0
0.0689999999785 0.0039999999247 0
0.069 0 1
0.0689999999785 0.000999999973876 0
0.0697368420922 0.00499999998617 0
0.0697894735883 0.007999999937 0
0.0696315788663 0.00699999999232 0
0.0699999999232 0.00599999993085 0
0.109381311734 0.01805 0
0.108885662432 0.019 20
0.108884994574 0.0171 18
0.0704210525929 0.0109999998878 0
0.07036842098 0.0119999999493 0
0.0709999999846 0.012999999894 0
0.0709999999846 0.0149999999001 0
0.0709999999846 0.0139999999554 0
0.0709999999846 0.0179999999677 0
0.071 0.019 21
0.0709999999846 0.0169999999063 0
0.0709999999846 0.0159999999616 0
0.0699999999232 0.00899999999846 0
0.0702368420645 0.00999999994314 0
0.0699999999232 0.0039999999247 0
0.0698947368141 0.00199999991856 0
0.0699999999232 0.00299999998002 0
0.0699999999232 0.000999999973876 0
0.07 0 1
0.0709999999846 0.00999999994314 0
0.0707368420368 0.00499999998617 0
0.0705789473149 0.007999999937 0
0.0706315789278 0.00699999999232 0
0.0709999999846 0.00599999993085 0
0.108389411961 0.0180499998832 0
0.107893829401 0.019 20
0.107893027972 0.0171 18
0.0712105262027 0.0109999998878 0
0.0716315788725 0.0119999999493 0
0.0718421052074 0.012999999894 0
0.0717894735944 0.0149999999001 0
0.0719999999293 0.0139999999554 0
0.0719999999293 0.0179999999677 0
0.072 0.019 21
0.0719999999293 0.0169999999063 0
0.0719999999293 0.0159999999616 0
0.0709999999846 0.00899999999846 0
0.0709999999846 0.00299999998002 0
0.0713947367311 0.00449999989704 0
0.0707894736498 0.0039999999247 0
0.0709999999846 0.00199999991856 0
0.0709473683717 0.000999999973876 0
0.071 0 1
0.071763157788 0.00999999994314 0
0.0719999999293 0.00499999998617 0
0.0719999999293 0.007999999937 0
0.0713684210415 0.00699999999232 0
0.0719999999293 0.00599999993085 0
0.107397512071 0.0180499998832 0
0.10690199637 0.019 20
0.10690106137 0.0171 18
0.0719999999293 0.0109999998878 0
0.0726315789339 0.0119999999493 0
0.0726842104301 0.012999999894 0
0.0727894736559 0.0149999999001 0
0.0729999999908 0.0139999999554 0
0.0729473683779 0.0179999999677 0
0.073 0.019 21
0.0729999999908 0.0169999999063 0
0.0731578947127 0.0159999999616 0
0.0719999999293 0.00899999999846 0
0.0719999999293 0.00299999998002 0
0.0722105262642 0.0039999999247 0
0.0721052631551 0.00199999991856 0
0.0719999999293 0.000999999973876 0
0.072 0 1
0.0725263157081 0.00999999994314 0
0.0727631578494 0.00849999990934 0
0.0729999999908 0.00499999998617 0
0.072842105152 0.00599999993085 0
0.0729736840675 0.00749999984787 0
0.0723684209861 0.00699999999232 0
0.105910163339 0.019 20
0.106405612299 0.01805 0
0.105909094767 0.0171 18
0.104918330309 0.019 20
0.0729999999908 0.0109999998878 0
0.0733684210476 0.0119999999493 0
0.0739999999355 0.012999999894 0
0.0741842104639 0.0119999999493 0
0.0742631578833 0.0139999999554 0
0.0739999999355 0.0149999999001 0
0.0739999999355 0.0179999999677 0
0.074 0.019 21
0.0739999999355 0.0169999999063 0
0.0741578946574 0.0159999999616 0
0.0734736841567 0.00999999994314 0
0.0729999999908 0.00299999998002 0
0.0729999999908 0.0039999999247 0
0.0729999999908 0.00199999991856 0
0.0729999999908 0.000999999973876 0
0.073 0 1
0.0735789472657 0.007999999937 0
0.0735263157696 0.00899999999846 0
0.0739999999355 0.00499999998617 0
0.0736842104915 0.00599999993085 0
0.0736315788786 0.00699999999232 0
0.0743421051858 0.00649999990319 0
0.104917729121 0.0180499998832 0
0.104917128165 0.0171 18
0.103926497278 0.019 20
0.0749999999969 0.0139999999554 0
0.0744210526052 0.0109999998878 0
0.0749999999969 0.012999999894 0
0.0749999999969 0.0119999999493 0
0.0749999999969 0.0149999999001 0
0.0749999999969 0.0159999999616 0
0.0749999999969 0.0179999999677 0
0.075 0.019 21
0.0749999999969 0.0169999999063 0
0.0742631578833 0.0094999999708 0
0.0738421052135 0.00299999998002 0
0.0739999999355 0.0039999999247 0
0.0739999999355 0.000999999973876 0
0.0739999999355 0.00199999991856 0
0.074 0 1
0.0749999999969 0.00999999994314 0
0.0749999999969 0.00499999998617 0
0.0745789473272 0.007999999937 0
0.0749999999969 0.00599999993085 0
0.0749999999969 0.00699999999232 0
0.103925829348 0.0180499998832 0
0.103925161563 0.0171 18
0.102934664247 0.019 20
0.0757368419938 0.0139999999554 0
0.0755789472719 0.0109999998878 0
0.0759999999416 0.0119999999493 0
0.0759999999416 0.012999999894 0
0.0757894736067 0.0149999999001 0
0.0763947366881 0.0144999999278 0
0.0759999999416 0.0159999999616 0
0.076 0.019 21
0.0759473683287 0.0179999999677 0
0.0761052630507 0.0169999999063 0
0.0749999999969 0.00899999999846 0
0.0759999999416 0.00499999998617 0
0.0749999999969 0.00299999998002 0
0.0749999999969 0.0039999999247 0
0.074947368384 0.000999999973876 0
0.0749999999969 0.00199999991856 0
0.075 0 1
0.0759999999416 0.00999999994314 0
0.0759999999416 0.00599999993085 0
0.0754210525499 0.007999999937 0
0.0758157894132 0.00699999999232 0
0.102933929575 0.0180499998832 0
0.10293319496 0.0171 18
0.101942831216 0.019 20
0.101941228358 0.0171 18
0.077 0.019 21
0.0769999998863 0.0139999999554 0
0.0764210526114 0.0109999998878 0
0.0770263156927 0.0114999998602 0
0.0769999998863 0.012999999894 0
0.0769999998863 0.0159999999616 0
0.0769999998863 0.0149999999001 0
0.0769999998863 0.0169999999063 0
0.0769999998863 0.0179999999677 0
0.0766315789462 0.00699999999232 0
0.0759999999416 0.00899999999846 0
0.0759999999416 0.0039999999247 0
0.0767368420553 0.00499999998617 0
0.0759999999416 0.00199999991856 0
0.0759999999416 0.00299999998002 0
0.076 0 1
0.0759999999416 0.000999999973876 0
0.0769999998863 0.00999999994314 0
0.077315789447 0.00599999993085 0
0.0765789473333 0.007999999937 0
0.101942029686 0.0180499998832 0
0.100950998185 0.019 20
0.100949261756 0.0171 18
0.078 0.019 21
0.077736842 0.0139999999554 0
0.0776315788909 0.0119999999493 0
0.077578947278 0.0109999998878 0
0.0779999999478 0.012999999894 0
0.0780526315607 0.0179999999677 0
0.0778421052258 0.0159999999616 0
0.0782105262826 0.0149999999001 0
0.0778947368387 0.0169999999063 0
0.0765789473333 0.00349999995236 0
0.0773684209431 0.00699999999232 0
0.077473684169 0.00899999999846 0
0.0779999999478 0.00499999998617 0
0.0780921051536 0.00574999988629 0
0.0772105262212 0.0039999999247 0
0.077157894725 0.00299999998002 0
0.0768947367772 0.00199999991856 0
0.077 0 1
0.0770526314992 0.000999999973876 0
0.0779999999478 0.00999999994314 0
0.0784210526175 0.0109999998878 0
0.0781842103594 0.00649999990319 0
0.0779999999478 0.007999999937 0
0.100454213428 0.0180499998832 0
0.0999591651543 0.019 20
0.0999572951532 0.0171 18
0.079 0.019 21
0.0790526315053 0.0179999999677 0
0.0784999999201 0.0139999999554 0
0.0783684210046 0.0119999999493 0
0.0789999998924 0.012999999894 0
0.0792105262273 0.0149999999001 0
0.0791052631183 0.0169999999063 0
0.0789999998924 0.0159999999616 0
0.0780921051536 0.0072499998033 0
0.0782368419723 0.00899999999846 0
0.0779999999478 0.0039999999247 0
0.0787368420614 0.00499999998617 0
0.0789999998924 0.00599999993085 0
0.0779999999478 0.00299999998002 0
0.0779999999478 0.00199999991856 0
0.0779999999478 0.000999999973876 0
0.078 0 1
0.0792105262273 0.0109999998878 0
0.0789999998924 0.00999999994314 0
0.0789999998924 0.00699999999232 0
0.0789999998924 0.007999999937 0
0.0994623135378 0.0180499998832 0
0.0989673321234 0.019 20
0.0989653285509 0.0171 18
0.0799999999539 0.0179999999677 0
0.08 0.019 21
0.0799999999539 0.0169999999063 0
0.0792631578402 0.0139999999554 0
0.0793684209493 0.0119999999493 0
0.0798421051152 0.012999999894 0
0.0799999999539 0.0109999998878 0
0.0799999999539 0.0149999999001 0
0.0799999999539 0.0159999999616 0
0.0789999998924 0.00899999999846 0
0.0787894736743 0.0039999999247 0
0.0797368420061 0.00499999998617 0
0.0799999999539 0.00699999999232 0
0.0803157893978 0.00599999993085 0
0.0789999998924 0.00199999991856 0
0.0789999998924 0.00299999998002 0
0.0789473683963 0.000999999973876 0
0.079 0 1
0.0799999999539 0.00999999994314 0
0.0799999999539 0.007999999937 0
0.0984704137649 0.0180499998832 0
0.0979754990926 0.019 20
0.0979733619485 0.0171 18
0.081 0.019 21
0.0809473684025 0.0179999999677 0
0.0809999998986 0.0169999999063 0
0.0799999999539 0.0139999999554 0
0.0806842104547 0.012999999894 0
0.081342105149 0.0124999999216 0
0.0807894735637 0.0109999998878 0
0.0806315788417 0.0119999999493 0
0.0809999998986 0.0159999999616 0
0.0807894736805 0.0149999999001 0
0.0804736841198 0.00899999999846 0
0.079789473619 0.0039999999247 0
0.0804999999262 0.00499999998617 0
0.0809999998986 0.00699999999232 0
0.0811578946205 0.00599999993085 0
0.08 0 1
0.0798947367281 0.00199999991856 0
0.0801578946759 0.00299999998002 0
0.0799999999539 0.000999999973876 0
0.0809999998986 0.00999999994314 0
0.0814210525683 0.007999999937 0
0.0969836660617 0.019 20
0.0969825305874 0.0180499998832 0
0.0969813953462 0.0171 18
0.08199999996 0.0169999999063 0
0.08199999996 0.0159999999616 0
0.082 0.019 21
0.0819473683471 0.0179999999677 0
0.0827996810616 0.0172308425389 0
0.0809999998986 0.0139999999554 0
0.08199999996 0.012999999894 0
0.08199999996 0.0119999999493 0
0.0815789472903 0.0109999998878 0
0.0817894736252 0.0149999999001 0
0.0827996809448 0.0157308423883 0
0.0812368420399 0.00899999999846 0
0.0812631578464 0.00499999998617 0
0.0809999998986 0.00299999998002 0
0.0809999998986 0.0039999999247 0
0.08199999996 0.00699999999232 0
0.08199999996 0.00599999993085 0
0.081 0 1
0.0810526315115 0.000999999973876 0
0.0811052631244 0.00199999991856 0
0.08199999996 0.00999999994314 0
0.0822427709534 0.00806831954514 0
0.08199999996 0.00899999999846 0
0.0959918330309 0.019 20
0.0959906442451 0.0180500003504 0
0.0959894555014 0.0171000007979 18
0.083199521554 0.0163462637938 0
0.083 0.019 21
0.0828998404248 0.0181154211673 0
0.0835484355361 0.0173027587457 0
0.0828996375643 0.0102883302275 0
0.08199999996 0.0139999999554 0
0.0829246842372 0.012954294151 0
0.0830545662252 0.0120002858459 0
0.0827996809448 0.0147308424436 0
0.0835993620464 0.0154616850486 0
0.08199999996 0.00499999998617 0
0.08199999996 0.0039999999247 0
0.08199999996 0.00299999998002 0
0.0830644893385 0.00813663927008 0
0.0830334809962 0.00715793547324 0
0.0828612342152 0.00630135836718 0
0.082991245721 0.00519026059242 0
0.082 0 1
0.08199999996 0.000999999973876 0
0.08199999996 0.00199999991856 0
0.0830954977976 0.0091153433005 0
0.0949999999416 0.0180499998832 0
0.095 0.019 21
0.095 0.0171 18
0.0840071609301 0.0162737780126 0
0.084 0.019 21
0.0838973495182 0.0182592538145 0
0.084414959697 0.0170858709766 0
0.0835818493577 0.0110004288496 0
0.0839947361042 0.0101489045699 0
0.0846577698143 0.0152366593853 0
0.0841091324903 0.0120005717426 0
0.0831922033937 0.0138624537647 0
0.0838493685143 0.012908588408 0
0.0839947610968 0.0145869325997 0
0.0827591868597 0.00428295633293 0
0.0827056896152 0.00327550882699 0
0.0827056896152 0.00227550888232 0
0.0837370212878 0.00866349227299 0
0.0839096480964 0.00765692336206 0
0.0837224684704 0.00660271680351 0
0.0838539541892 0.00565816130713 0
0.0836861640327 0.00461203693502 0
0.0829486746807 0.000870372933727 0
0.083 0 1
0.0831800269755 0.0017106953899 0
0.0841899802816 0.00923057962487 0
0.0940192038904 0.0180431891661 0
0.094 0.019 21
0.0940384078644 0.0170863784291 17
0.093 0.019 21
0.0851230790066 0.0163237623953 0
0.085 0.019 21
0.0848227586975 0.0178979639406 0
0.0853538480629 0.0173263824754 0
0.086 0.019 21
0.084965030475 0.0102213358111 0
0.0846760295948 0.0108576567529 0
0.0851636988722 0.0120008577561 0
0.0855156014554 0.0154553737164 0
0.0849500041998 0.0145901406452 0
0.0847740529082 0.012862882665 0
0.0843844069441 0.0137249075739 0
0.0835183738761 0.00356591267969 0
0.0834113792704 0.00255101784607 0
0.0844869142102 0.00490216540196 0
0.0843785447779 0.00821164124549 0
0.0843442472225 0.00706691884698 0
0.0848474415762 0.0087663592457 0
0.0847788463487 0.0064769143319 0
0.084971184494 0.0055702917631 0
0.0845377656259 0.00348542856577 0
0.084 0 1
0.0838973495182 0.000740746010366 0
0.0838818390405 0.00173469050497 0
0.0852523782232 0.00934243786064 0
0.093054807306 0.0180067992396 0
0.0931078195964 0.0170461287851 17
0.092 0.019 21
0.0920741544368 0.0179977896409 0
0.091 0.019 21
0.0858849375451 0.016754801127 0
0.0858254426605 0.0180183939375 0
0.0865925756887 0.0179220499166 0
0.087 0.019 21
0.088 0.019 21
0.0859353249627 0.0102937671692 0
0.0855533448363 0.0111388328471 0
0.0863348669453 0.0155640001987 0
0.0860038780297 0.012303337239 0
0.0856946886176 0.0129904462974 0
0.0856961161155 0.0146890676629 0
0.0853857209856 0.0138576718861 0
0.0842669667162 0.00246410969963 0
0.0854226036401 0.00451802785366 0
0.0850803620983 0.00747073771751 0
0.08577083453 0.00869059219308 0
0.0856702742342 0.00662990408091 0
0.0859217809588 0.00575275012339 0
0.0861400370144 0.00494332015598 0
0.0854480292895 0.00380965943556 0
0.0850062829805 0.00196321630023 0
0.0850368274414 0.00275089324573 0
0.085 0 1
0.0848227586975 0.00110203588424 0
0.0863147762817 0.00945429621321 0
0.0867872088321 0.0102050426213 0
0.09215 0.0169727241336 17
0.0910324154484 0.0179336049066 0
0.09 0.019 21
0.089 0.019 21
0.0864908315144 0.0163749200288 0
0.0866467960836 0.0171858398588 0
0.087359708717 0.0178257060125 0
0.0880912386184 0.0182592698144 0
0.0867872088321 0.0108785136616 0
0.0865032765446 0.0115101440529 0
0.086844057304 0.01224561134 0
0.0871541324351 0.0156726265643 0
0.0864422281481 0.0147879946807 0
0.0866153243271 0.0131180100466 0
0.086387035144 0.0139904361983 0
0.0858066882835 0.00303767679184 0
0.08635829307 0.00413389030535 0
0.0862431300884 0.0074847332232 0
0.0866942274839 0.00861482525725 0
0.0865617021196 0.00661942283844 0
0.0868723774235 0.00593520848368 0
0.0868828960381 0.00466024415699 0
0.0857455993616 0.00146232301762 0
0.0865765491255 0.00332446045473 0
0.0861610742435 0.00239339173617 0
0.086 0 1
0.0876385602658 0.0101163736644 0
0.0875628183226 0.00905766119697 0
0.091065738272 0.0168373622271 16
0.0900325426857 0.0177858188738 0
0.0893646470974 0.0181857915701 0
0.0873729657731 0.0163705936228 0
0.087591799111 0.0170685607981 0
0.088180120246 0.017537676924 0
0.0876385602658 0.0114628947249 0
0.0876545475883 0.0121831290222 0
0.0879733980418 0.0157812531635 0
0.0876705349108 0.0129033634363 0
0.0876711264413 0.0149509344042 0
0.0873688548407 0.0141206157618 0
0.0879270610605 0.0136586486874 0
0.0872135780352 0.00376537920508 0
0.0863435126331 0.000844090411807 0
0.0870736786861 0.00777535441809 0
0.0878748287452 0.00829350240495 0
0.0874531300051 0.00693588346214 0
0.0874074990063 0.00518659800863 0
0.0878229740051 0.00611766684397 0
0.0877029042987 0.00453306463983 0
0.0876192081685 0.00307360307055 0
0.0866769293345 0.00166337271911 0
0.0870557545539 0.00257271702878 0
0.087 0 1
0.0883049253494 0.00978032094439 0
0.0884692800745 0.010703113959 0
0.0884772607723 0.00910810747562 0
0.0900636551984 0.016625 16
0.0892033093528 0.0170685607981 0
0.088473472408 0.0166978147287 0
0.0883883271742 0.0116262736875 0
0.088485267397 0.0124846627571 0
0.0886366989625 0.0159656264941 0
0.0886366989625 0.0150789598158 0
0.088485267397 0.0131966816131 0
0.088334427362 0.0142486411734 0
0.0880903475271 0.00377871812948 0
0.0875977949993 0.000740746010366 0
0.0881868392846 0.00752934372973 0
0.088649596312 0.00843589412364 0
0.0885614868858 0.00670050000106 0
0.0881922305622 0.00530075007458 0
0.0887461152811 0.00584870827719 0
0.0885614870025 0.00448383342198 0
0.0886951737052 0.00331435900635 0
0.0884350293511 0.00245870370679 0
0.0880191283102 0.0017437927165 0
0.088 0 1
0.0893 0.00994333330998 0
0.0891301005381 0.0108988783095 0
0.0896818274846 0.0092624999635 0
0.0893 0.01615 15
0.0891380941993 0.011789652767 0
0.0893 0.0126033332282 0
0.0893 0.0152633332633 0
0.0893 0.0143766665849 0
0.0893 0.0134899999066 0
0.0883505609029 0.000861175890464 0
0.0893 0.00373666656156 0
0.0896272807845 0.00834642855683 0
0.0893 0.00728333327494 0
0.0893 0.00639666659659 0
0.0894636403339 0.00559821422002 0
0.0893 0.0046233332399 0
0.0893 0.00285 7
0.0892033093528 0.0019314391435 0
0.0891033269232 0.000981605887349 0
0.089 0 1
0.0903007812554 0.00844230565987 0
0.0905466192145 0.00917485663753 0
0.0897909211184 0.0110946427769 0
0.090063655086 0.010382142755 0
0.0900636551984 0.015675 15
0.0898454679353 0.0120107141835 0
0.090063655086 0.013028571341 0
0.0900091083859 0.0147589285203 0
0.090063655086 0.0139107142419 0
0.0900636551984 0.003325 8
0.090063655086 0.00420714279875 0
0.090063655086 0.00685357138478 0
0.090063655086 0.00773571428571 0
0.0903007959707 0.00619734570565 0
0.090063655086 0.00508928569969 0
0.0900636551984 0.002375 7
0.0900325388317 0.00121403952089 0
0.09 0 1
0.0910657381756 0.00787382596324 0
0.0913358753654 0.00907413879486 0
0.0908327447779 0.0101823681432 0
0.090716306473 0.0112301778808 0
0.091065738272 0.0154626377729 14
0.0908014876775 0.0122619277706 0
0.0910657381756 0.0132944058327 0
0.0910657381756 0.0143785217599 0
0.091065738272 0.00353736222707 8
0.0911643074722 0.0046091724794 0
0.0910657381756 0.00678971003605 0
0.0910657381756 0.00570559410886 0
0.0907876471492 0.00110990119563 0
0.091065738272 0.00216263777293 6
0.091 0 1
0.0921499999708 0.0079107428365 0
0.0921499999708 0.00685123819709 0
0.0921499999708 0.0089702475927 0
0.0916571537215 0.00996822418786 0
0.0917557229013 0.0110400345296 0
0.09215 0.0153272758664 14
0.0921499999708 0.0121487617445 0
0.0919528614944 0.0131836550962 0
0.0922332911975 0.014320187513 0
0.09215 0.0036727241336 9
0.0921499999708 0.00473222880148 0
0.0921499999708 0.00579173344089 0
0.0915685174652 0.00100221018396 0
0.09215 0.0020272758664 6
0.092 0 1
0.0927210621972 0.00842247309738 0
0.0931078195306 0.00758204284602 0
0.0928783031408 0.0065212472337 0
0.0931078195306 0.0094999999708 0
0.0925616497003 0.0103499540378 0
0.0924806203039 0.0113296930422 0
0.0931078195964 0.0152538712149 13
0.0931078195306 0.0123769355412 0
0.0931078195306 0.0133359141036 0
0.0931078195306 0.014294892666 0
0.0931078195964 0.00374612878513 9
0.0931078195306 0.00470510727563 0
0.0931078195306 0.00566408583803 0
0.0925797914083 0.00100221018396 0
0.0931078195964 0.00195387121487 5
0.093 0 1
0.0938833097806 0.00569762719203 0
0.0936506626589 0.00856450032118 0
0.0940384077839 0.00759545943434 0
0.0940384077839 0.00664318916611 0
0.0940384077839 0.0094999999708 0
0.0934955646556 0.0104757491518 0
0.0934180156539 0.0114313735671 0
0.0940384078644 0.0152136215709 13
0.0940384077839 0.0123568107755 0
0.0940384077839 0.0133090810437 0
0.0941185404832 0.0142624863731 0
0.0940384078644 0.00378637842914 9
0.0939608587823 0.00474200277672 0
0.0935464827571 0.000993200701981 0
0.0940384078644 0.00191362157086 5
0.094 0 1
0.0948397345431 0.00570227020984 0
0.094799668135 0.00928692859508 0
0.094599336562 0.00855567559759 0
0.0949999999416 0.00794545452157 0
0.0949999999416 0.00690909081088 0
0.0944390711635 0.010457945895 0
0.0949999999416 0.0100181817094 0
0.0943589384642 0.0114090809853 0
0.095 0.0152 13
0.0949999999416 0.0131272727246 0
0.0952719453577 0.0120909090139 0
0.0950906484526 0.0141636363185 0
0.095 0.0038 10
0.0949999999416 0.00483636362309 0
0.095 0.0019 5
0.0945192038628 0.000956810775499 0
0.095 0 2
0.095815836073 0.00587272721699 0
0.0955438906569 0.00898181811546 0
0.0959971329781 0.00794545452157 0
0.0962697665082 0.00690909092767 0
0.0957711999899 0.0100181817094 0
0.0953625937518 0.01105454542 0
0.0959971330638 0.0151999999406 12
0.0959971329781 0.0131272726078 0
0.0959971329781 0.0120909090139 0
0.0959971329781 0.0141636362017 0
0.0965424001551 0.0100181818261 0
0.0959971330638 0.00380000005944 10
0.0959971329781 0.00483636362309 0
0.0959918330309 0 2
0.0959894555014 0.00189999920205 4
0.0954947276432 0.000949999591243 0
0.0969967893329 0.00587272721699 0
0.0972694249652 0.00690909081088 0
0.0969967893329 0.00898181811546 0
0.0973603034314 0.00794545452157 0
0.0966332779206 0.01105454542 0
0.0969967893329 0.0120909090139 0
0.0969059115674 0.0141636363185 0
0.0969967894348 0.0152 12
0.0968150336852 0.0131272727246 0
0.097587499597 0.0126090908693 0
0.0975420604807 0.0100181817094 0
0.0969813953462 0.0019 4
0.0969967894348 0.0038 10
0.0969967893329 0.00483636362309 0
0.0969836660617 0 2
0.0969825305874 0.000949999941606 0
0.0979964530454 0.00690909081088 0
0.0979964530454 0.00587272721699 0
0.0979964530454 0.00898181811546 0
0.0986326026594 0.00794545452157 0
0.0976329389469 0.01105454542 0
0.0982690885609 0.0120909090139 0
0.0979055744624 0.0141636363185 0
0.0979964530815 0.0152 12
0.0981782100946 0.0131272727246 0
0.0979964530454 0.00483636362309 0
0.0984508456101 0.0100181817094 0
0.0989961166411 0.00690909081088 0
0.0979733619485 0.0019 4
0.0979964530815 0.0038 10
0.0979754990926 0 2
0.0984704137649 0.000949999941606 0
0.0989052381748 0.00483636362309 0
0.0989961166411 0.00587272721699 0
0.0989961166411 0.0120909090139 0
0.0989961166411 0.00898181811546 0
0.0993596307396 0.00794545452157 0
0.0989961166411 0.01105454542 0
0.0989961166411 0.0131272727246 0
0.0989961167282 0.0152 12
0.0989961166411 0.0141636363185 0
0.0992233129234 0.0100181817094 0
0.099541387672 0.0136454544632 0
0.0999957803535 0.00690909081088 0
0.0999957803535 0.00587272721699 0
0.0989653285509 0.0019 4
0.0989961167282 0.0038 10
0.0989673321234 0 2
0.0994623135378 0.000949999941606 0
0.0999957803535 0.00483636362309 0
0.0997231447213 0.0120909090139 0
0.0999957803535 0.0100181817094 0
0.0999957803535 0.00898181811546 0
0.100631929967 0.00794545452157 0
0.100359294335 0.01105454542 0
0.100177537286 0.0131272727246 0
0.10008665882 0.0141636363185 0
0.0999957803749 0.0152 12
0.100722808434 0.00690909081088 0
0.1008136869 0.00587272721699 0
0.101358958048 0.00742727266622 0
0.0999572951532 0.0019 4
0.0999957803749 0.0038 10
0.0999591651543 0 2
0.100454213428 0.000949999941606 0
0.100904565483 0.00483636362309 0
0.100995443949 0.0120909090139 0
0.101177200998 0.0131272727246 0
0.100995443949 0.0100181817094 0
0.100995443949 0.00898181811546 0
0.101995107662 0.00794545452157 0
0.101358958048 0.01105454542 0
0.100995443949 0.0141636363185 0
0.100995444022 0.0152 12
0.101404397281 0.00639090895554 0
0.101404397281 0.00535454536165 0
0.101995107662 0.00690909081088 0
0.100949261756 0.0019 4
0.100995444022 0.0038 10
0.100950998185 0 2
0.1014461132 0.000949999941606 0
0.101995107662 0.00483636362309 0
0.102994771257 0.00690909081088 0
0.101995107662 0.0120909090139 0
0.101995107662 0.0131272727246 0
0.101995107662 0.0141636363185 0
0.102994771257 0.00794545452157 0
0.101995107662 0.0100181817094 0
0.102449500226 0.00898181811546 0
0.102631257159 0.01105454542 0
0.101995107668 0.0152 12
0.102176864594 0.00587272721699 0
0.101941228358 0.0019 4
0.101995107668 0.0038 10
0.101942831216 0 2
0.102933929575 0.000949999941606 0
0.103994434853 0.00690909081088 0
0.102994771257 0.00587272721699 0
0.102994771257 0.00483636362309 0
0.103994434853 0.00794545452157 0
0.102722135742 0.0120909090139 0
0.102903892791 0.0141636363185 0
0.102813014208 0.0131272727246 0
0.103630920871 0.01105454542 0
0.103449163822 0.00898181811546 0
0.102994771257 0.0100181817094 0
0.102994771315 0.0152 12
0.10293319496 0.0019 4
0.102994771315 0.0038 10
0.102934664247 0 2
0.103925161563 0.0019 4
0.103925829348 0.000949999941606 0
0.103994434853 0.00587272721699 0
0.10472146305 0.00690909081088 0
0.103994434853 0.00483636362309 0
0.104539706001 0.00898181811546 0
0.104994098565 0.00794545452157 0
0.103721799338 0.0120909090139 0
0.103903556387 0.0141636363185 0
0.103994434853 0.0131272727246 0
0.104357948951 0.01105454542 0
0.104448827418 0.0100181817094 0
0.103994434962 0.0152 12
0.103994434962 0.0038 10
0.103926497278 0 2
0.104917128165 0.0019 4
0.104917729121 0.000949999941606 0
0.104994098565 0.00483636362309 0
0.104994098608 0.0038 10
0.10540305178 0.00639090895554 0
0.105993762161 0.00690909081088 0
0.104812341516 0.00587272721699 0
0.10635727626 0.00794545452157 0
0.105539369596 0.00898181811546 0
0.104994098565 0.0120909090139 0
0.104994098565 0.0141636363185 0
0.104994098565 0.0131272727246 0
0.10510769659 0.0113136362309 0
0.105221294731 0.0105363635647 0
0.104994098608 0.0152 12
0.106993425874 0.00690909081088 0
0.104918330309 0 2
0.105909094767 0.0019 4
0.105909629011 0.000949999941606 0
0.105993762255 0.0038 10
0.105902883695 0.00483636362309 0
0.10617551921 0.00587272721699 0
0.106947986524 0.00846363626012 0
0.107629575488 0.00794545452157 0
0.106448154726 0.00898181811546 0
0.105993762161 0.0100181817094 0
0.105993762161 0.0120909090139 0
0.105993762161 0.0141636363185 0
0.105993762161 0.0131272727246 0
0.105993762161 0.01105454542 0
0.105993762255 0.0152 12
0.106675351008 0.0105363635647 0
0.106993425874 0.00587272721699 0
0.107720453954 0.00690909081088 0
0.105910163339 0 2
0.10690106137 0.0019 4
0.106901528784 0.000949999941606 0
0.106993425902 0.0038 10
0.106993425874 0.00483636362309 0
0.107538696905 0.00898181811546 0
0.108380439151 0.0085930765565 0
0.108659033649 0.00771861852973 0
0.107447818438 0.0100181817094 0
0.106720790358 0.0120909090139 0
0.107175182923 0.0131272727246 0
0.106902547291 0.0141636363185 0
0.107356939855 0.01105454542 0
0.106993425902 0.0152 12
0.10781133242 0.00587272721699 0
0.108575019389 0.00668692271266 0
0.10690199637 0 2
0.107893027972 0.0019 4
0.107893428673 0.000949999941606 0
0.107993089548 0.0038 10
0.107902211003 0.00483636362309 0
0.109429584941 0.00646475473122 0
0.108380439151 0.00944807655942 0
0.109222181513 0.00820433499753 0
0.109222181513 0.00905933500045 0
0.11006392376 0.00781559355535 0
0.10852271595 0.010341913895 0
0.107993089469 0.0120909090139 0
0.107993089469 0.0131272727246 0
0.107993089469 0.0141636363185 0
0.108257902651 0.0112164113961 0
0.107993089548 0.0152 12
0.10876150004 0.00564214373659 0
0.107893829401 0 2
0.108884994574 0.0019 4
0.108885328446 0.000949999941606 0
0.108992753195 0.0038 10
0.108864752646 0.00466342604199 0
0.10971166766 0.00541156025618 0
0.110284150493 0.006242586633 0
0.110740669765 0.00700585561838 0
0.109222181513 0.00991433500337 0
0.11006392376 0.00867059355827 0
0.11006392376 0.00952559356119 0
0.110905666122 0.00796122695441 0
0.109222181513 0.0110543350851 0
0.108743953249 0.0124796504561 0
0.108743953249 0.0144226220203 0
0.108743953249 0.0133862584264 0
0.109426658121 0.012026031027 0
0.108992753195 0.0152 12
0.108885662432 0 2
0.109876961177 0.0019 4
0.109877228219 0.000949999941606 0
0.109992416842 0.0038 10
0.109827294289 0.00449048846088 0
0.110661835396 0.00518097689257 0
0.111747408485 0.00703811055421 0
0.111138716045 0.00602041865156 0
0.11006392376 0.0103805935641 0
0.111186246832 0.00886477146262 0
0.110905666122 0.00988497699018 0
0.111747408485 0.00810686047027 0
0.110109363109 0.0115724117146 0
0.109494817029 0.0128683920151 0
0.109708074097 0.0144598604106 0
0.109494817146 0.0136452441283 0
0.110177521901 0.0124147725859 0
0.109992416842 0.0152 12
0.109877495463 0 2
0.112330917727 0.00656195387273 0
0.112569357994 0.00750069777207 0
0.110868927779 0.0019 4
0.110869128109 0.000949999941606 0
0.110992080489 0.0038 10
0.11159545009 0.00504195391945 0
0.111996208418 0.00587146544105 0
0.110672510974 0.0109893782664 0
0.111747408485 0.010244360536 0
0.112247984339 0.00936985859696 0
0.11254566279 0.00851237603469 0
0.110996544705 0.0120904884609 0
0.110660347285 0.0145095114807 0
0.110245680926 0.013257133574 0
0.110992080489 0.0152 12
0.110869328494 0 2
0.113332069434 0.00725244242121 0
0.113198483285 0.0062839078097 0
0.113284679026 0.00824083739071 0
0.111861161525 0 2
0.111860894381 0.0019 4
0.11235701117 0.000949999941606 0
0.111991744135 0.0038 10
0.112496040216 0.00483341940137 0
0.11324802002 0.00535012902906 0
0.111747408485 0.0113131105688 0
0.112498272382 0.0105357326767 0
0.113249136162 0.00975835478465 0
0.111854037078 0.0122394416714 0
0.111496376503 0.0131285345006 0
0.11159545009 0.0139580460222 0
0.111991744135 0.0152 12
0.114 0.00690488488784 11
0.114 0.0079429309327 11
0.114 0.00586683884298 11
0.114 0.00898097697757 11
0.112852994555 0 2
0.112852860984 0.0019 4
0.113373568128 0.000862323447887 0
0.112991407782 0.0038 10
0.114 0.00482885979668 11
0.112498272382 0.0113142672357 0
0.113249136162 0.010666645084 0
0.114 0.0100190230224 11
0.112664138926 0.0124380459521 0
0.112396966629 0.0133370690186 0
0.112661162704 0.0145110536643 0
0.112991407782 0.0152 12
0.114 0 3
0.114 0.0019 4
0.114 0.0152 12
0.114 0.0038 11
0.113332069434 0.0117475575204 0
0.114 0.0110570690673 11
0.11324802002 0.0128713362368 0
0.113330581323 0.0138221074162 0
0.114 0.0141711402033 11
0.114 0.0120951151122 11
0.114 0.013133161157 11

Edges
360
3 4 22
4 17 22
17 18 22
18 23 22
23 22 22
22 21 22
21 6 22
6 5 22
5 9 22
9 13 22
13 12 22
12 11 22
11 10 22
10 2 22
2 1 22
1 7 22
7 16 22
16 37 22
37 61 22
1809 1835 21
1835 1837 21
1837 1865 21
1865 1867 21
1867 1896 21
1896 1897 21
1897 1872 21
1872 1871 21
1871 1842 21
1842 1839 21
1839 1812 21
1812 1788 21
1788 1763 21
1763 1737 21
1737 1715 21
1715 1690 21
1690 1664 21
1664 1641 21
1641 1623 21
1623 1600 21
1600 1575 21
1575 1549 21
1549 1525 21
1525 1501 21
1501 1478 21
1478 1451 21
1451 1425 21
1425 1398 21
1398 1376 21
1376 1356 21
1356 1334 21
1334 1313 21
1313 1293 21
1293 1272 21
1272 1251 21
1251 1229 21
1229 1208 21
1208 1188 21
1188 1166 21
1166 1142 21
1142 1120 21
1120 1099 21
1099 1078 21
1078 1056 21
1056 1035 21
1035 1014 21
1014 990 21
990 969 21
969 959 21
959 937 21
937 916 21
916 893 21
893 871 21
871 849 21
849 828 21
828 805 21
805 783 21
783 761 21
761 738 21
738 720 21
720 701 21
701 679 21
679 678 21
678 656 21
656 632 21
632 609 21
609 587 21
587 585 21
585 563 21
563 542 21
542 520 21
520 499 21
499 480 21
480 458 21
458 438 21
438 414 21
414 392 21
392 373 21
373 353 21
353 331 21
331 310 21
310 290 21
290 268 21
268 248 21
248 225 21
225 202 21
202 179 21
179 155 21
155 134 21
134 111 21
111 88 21
88 66 21
66 41 21
41 20 21
20 3 21
1393 1416 20
1416 1419 20
1419 1444 20
1444 1470 20
1470 1493 20
1493 1517 20
1517 1541 20
1541 1564 20
1564 1567 20
1567 1592 20
1592 1615 20
1615 1639 20
1639 1662 20
1662 1688 20
1688 1712 20
1712 1735 20
1735 1758 20
1758 1784 20
1784 1809 20
1392 1393 19
1810 1786 18
1786 1760 18
1760 1736 18
1736 1713 18
1713 1689 18
1689 1663 18
1663 1640 18
1640 1638 18
1638 1614 18
1614 1591 18
1591 1566 18
1566 1542 18
1542 1518 18
1518 1494 18
1494 1471 18
1471 1445 18
1445 1442 18
1442 1417 18
1417 1392 18
1894 1864 17
1864 1836 17
1836 1810 17
1950 1922 16
1922 1894 16
1995 1974 15
1974 1950 15
2029 2013 14
2013 1995 14
2079 2062 13
2062 2045 13
2045 2029 13
2383 2380 12
2380 2364 12
2364 2347 12
2347 2331 12
2331 2313 12
2313 2294 12
2294 2276 12
2276 2259 12
2259 2243 12
2243 2226 12
2226 2210 12
2210 2194 12
2194 2177 12
2177 2161 12
2161 2143 12
2143 2127 12
2127 2111 12
2111 2094 12
2094 2079 12
2384 2373 11
2373 2367 11
2367 2365 11
2365 2366 11
2366 2368 11
2368 2376 11
2376 2386 11
2386 2390 11
2390 2391 11
2391 2389 11
2389 2383 11
2083 2099 10
2099 2116 10
2116 2133 10
2133 2150 10
2150 2166 10
2166 2182 10
2182 2197 10
2197 2212 10
2212 2227 10
2227 2232 10
2232 2248 10
2248 2266 10
2266 2282 10
2282 2299 10
2299 2317 10
2317 2337 10
2337 2355 10
2355 2372 10
2372 2384 10
2033 2049 9
2049 2066 9
2066 2083 9
2000 2017 8
2017 2033 8
2006 1987 7
1987 2000 7
2037 2022 6
2022 2006 6
2085 2069 5
2069 2053 5
2053 2037 5
2382 2370 4
2370 2353 4
2353 2335 4
2335 2315 4
2315 2297 4
2297 2280 4
2280 2264 4
2264 2246 4
2246 2229 4
2229 2214 4
2214 2211 4
2211 2196 4
2196 2181 4
2181 2165 4
2165 2149 4
2149 2132 4
2132 2115 4
2115 2102 4
2102 2085 4
2381 2382 3
2087 2101 2
2101 2118 2
2118 2134 2
2134 2151 2
2151 2167 2
2167 2183 2
2183 2198 2
2198 2213 2
2213 2228 2
2228 2245 2
2245 2263 2
2263 2279 2
2279 2296 2
2296 2314 2
2314 2332 2
2332 2348 2
2348 2352 2
2352 2369 2
2369 2381 2
61 62 1
62 85 1
85 86 1
86 108 1
108 132 1
132 153 1
153 176 1
176 199 1
199 223 1
223 247 1
247 267 1
267 289 1
289 303 1
303 324 1
324 344 1
344 364 1
364 384 1
384 404 1
404 413 1
413 436 1
436 456 1
456 477 1
477 497 1
497 517 1
517 539 1
539 560 1
560 581 1
581 604 1
604 627 1
627 653 1
653 674 1
674 695 1
695 716 1
716 737 1
737 760 1
760 778 1
778 800 1
800 822 1
822 842 1
842 863 1
863 885 1
885 908 1
908 930 1
930 950 1
950 973 1
973 994 1
994 1017 1
1017 1038 1
1038 1061 1
1061 1082 1
1082 1104 1
1104 1125 1
1125 1131 1
1131 1152 1
1152 1175 1
1175 1198 1
1198 1218 1
1218 1239 1
1239 1259 1
1259 1280 1
1280 1300 1
1300 1321 1
1321 1343 1
1343 1364 1
1364 1386 1
1386 1411 1
1411 1436 1
1436 1462 1
1462 1486 1
1486 1510 1
1510 1534 1
1534 1557 1
1557 1583 1
1583 1607 1
1607 1632 1
1632 1656 1
1656 1681 1
1681 1706 1
1706 1731 1
1731 1752 1
1752 1778 1
1778 1804 1
1804 1831 1
1831 1859 1
1859 1890 1
1890 1919 1
1919 1946 1
1946 1970 1
1970 1990 1
1990 2008 1
2008 2023 1
2023 2038 1
2038 2054 1
2054 2070 1
2070 2087 1

Triangles
4420
20 3 4 0
4 17 19 0
19 20 4 0
39 40 65 0
43 20 19 0
42 43 19 0
68 41 43 0
41 20 43 0
40 18 23 0
45 40 23 0
47 65 40 0
45 47 40 0
45 72 47 0
22 45 23 0
44 72 45 0
21 44 22 0
46 69 71 0
26 46 44 0
26 50 46 0
71 94 72 0
92 94 71 0
113 115 137 0
117 116 93 0
94 117 93 0
116 139 115 0
118 140 117 0
214 215 239 0
255 234 239 0
190 166 168 0
214 190 192 0
187 166 190 0
186 163 187 0
186 185 163 0
211 210 187 0
209 208 184 0
210 209 186 0
187 210 186 0
211 233 210 0
232 231 209 0
184 160 161 0
118 141 140 0
118 96 119 0
141 118 119 0
116 140 139 0
93 116 115 0
117 140 116 0
96 118 95 0
76 96 73 0
50 76 73 0
167 145 164 0
124 144 146 0
120 121 144 0
105 104 81 0
106 105 83 0
106 130 105 0
254 256 274 0
232 233 254 0
231 208 209 0
253 231 232 0
253 251 231 0
260 275 255 0
233 232 210 0
235 233 234 0
235 254 233 0
258 277 260 0
300 277 301 0
322 302 321 0
280 277 300 0
276 275 297 0
260 277 280 0
251 272 252 0
207 183 182 0
231 227 208 0
230 206 207 0
228 230 252 0
205 206 230 0
253 272 251 0
229 207 227 0
251 229 227 0
252 230 229 0
254 273 253 0
161 140 141 0
185 161 163 0
139 140 161 0
256 276 274 0
91 113 114 0
88 91 90 0
68 42 67 0
40 39 18 0
44 45 22 0
89 70 93 0
68 66 41 0
42 68 43 0
39 42 19 0
89 93 113 0
91 89 113 0
65 70 89 0
39 65 42 0
17 39 19 0
17 18 39 0
47 70 65 0
113 93 115 0
90 91 114 0
67 65 89 0
26 44 21 0
95 92 73 0
96 95 73 0
118 117 95 0
70 47 72 0
67 91 68 0
65 67 42 0
89 91 67 0
72 46 71 0
6 26 21 0
25 27 50 0
24 25 5 0
25 26 6 0
94 93 70 0
72 94 70 0
92 95 117 0
69 92 71 0
92 117 94 0
139 160 158 0
137 139 158 0
273 272 253 0
274 273 254 0
274 295 273 0
298 296 276 0
295 294 273 0
292 312 313 0
311 293 313 0
269 291 292 0
292 291 312 0
249 250 270 0
271 291 269 0
271 294 291 0
272 271 252 0
294 312 291 0
136 134 112 0
157 136 135 0
157 156 136 0
112 134 111 0
112 114 135 0
88 90 111 0
88 66 91 0
157 181 156 0
138 157 135 0
182 160 184 0
207 182 184 0
183 159 182 0
229 230 207 0
159 158 182 0
157 159 181 0
158 160 182 0
138 158 159 0
138 137 158 0
209 184 185 0
227 207 208 0
251 227 231 0
251 252 229 0
163 141 162 0
187 163 162 0
185 184 161 0
207 184 208 0
160 139 161 0
136 156 155 0
180 205 203 0
156 180 179 0
156 181 180 0
155 134 136 0
137 115 139 0
135 137 138 0
114 113 137 0
112 90 114 0
136 112 135 0
111 90 112 0
91 66 68 0
24 9 31 0
100 120 124 0
75 97 74 0
98 120 97 0
96 99 119 0
76 51 77 0
234 211 214 0
235 234 255 0
256 235 255 0
256 254 235 0
233 211 234 0
211 187 190 0
239 234 214 0
232 209 210 0
253 232 254 0
209 185 186 0
190 168 192 0
162 166 187 0
162 143 166 0
192 215 214 0
211 190 214 0
191 193 215 0
168 191 192 0
146 147 124 0
143 147 166 0
141 143 162 0
77 99 76 0
74 77 51 0
122 121 129 0
77 74 97 0
97 75 98 0
141 119 143 0
96 76 99 0
151 152 131 0
189 193 169 0
152 130 131 0
142 129 152 0
164 145 165 0
188 189 165 0
167 146 144 0
145 167 144 0
169 191 167 0
122 129 142 0
145 122 142 0
165 145 142 0
164 169 167 0
120 98 121 0
129 105 130 0
165 142 152 0
104 105 129 0
123 119 99 0
80 81 104 0
240 239 215 0
216 237 240 0
215 216 240 0
193 213 216 0
192 191 215 0
188 212 213 0
189 164 165 0
213 189 188 0
213 193 189 0
237 216 213 0
169 164 189 0
191 169 193 0
191 168 167 0
174 173 197 0
237 258 240 0
260 255 239 0
31 9 13 0
114 137 135 0
144 124 120 0
168 146 167 0
168 147 146 0
166 147 168 0
121 98 104 0
129 121 104 0
122 144 121 0
145 144 122 0
123 124 147 0
123 99 100 0
100 77 97 0
120 100 97 0
124 123 100 0
48 74 51 0
75 80 98 0
49 75 74 0
80 104 98 0
50 27 51 0
69 50 73 0
92 69 73 0
46 72 44 0
26 25 50 0
69 46 50 0
6 5 25 0
55 31 34 0
75 49 55 0
74 48 49 0
57 80 55 0
27 48 51 0
76 50 51 0
25 24 27 0
24 31 48 0
27 24 48 0
5 9 24 0
13 12 34 0
179 155 156 0
61 62 37 0
63 52 38 0
85 63 62 0
85 86 64 0
63 38 62 0
64 86 87 0
38 37 62 0
29 28 52 0
16 37 38 0
101 109 125 0
79 101 102 0
84 79 102 0
54 53 79 0
78 87 101 0
28 29 8 0
38 28 16 0
38 52 28 0
108 87 86 0
8 14 1 0
28 8 7 0
30 14 8 0
29 30 8 0
16 28 7 0
52 78 53 0
54 35 30 0
53 54 30 0
52 53 29 0
78 79 53 0
64 78 52 0
87 109 101 0
64 87 78 0
63 64 52 0
63 85 64 0
110 132 133 0
87 110 109 0
108 132 110 0
59 83 81 0
58 59 36 0
58 82 59 0
59 82 83 0
35 58 36 0
35 54 58 0
84 107 106 0
133 132 153 0
148 133 154 0
109 110 133 0
53 30 29 0
133 153 154 0
36 56 32 0
1 14 2 0
58 60 82 0
177 154 176 0
199 177 176 0
178 154 177 0
15 36 32 0
14 15 2 0
14 35 15 0
15 35 36 0
7 8 1 0
30 35 14 0
60 84 82 0
54 60 58 0
54 79 60 0
246 243 222 0
224 246 222 0
200 224 201 0
223 247 224 0
247 263 246 0
84 102 103 0
106 82 84 0
106 83 82 0
213 212 236 0
174 151 173 0
165 174 188 0
165 152 174 0
81 56 59 0
79 78 101 0
177 199 200 0
2 15 10 0
284 264 263 0
33 34 12 0
32 33 11 0
56 81 57 0
32 56 33 0
10 32 11 0
10 15 32 0
34 31 13 0
11 33 12 0
55 80 75 0
31 55 49 0
34 57 55 0
33 57 34 0
31 49 48 0
81 80 57 0
81 83 105 0
36 59 56 0
152 129 130 0
266 245 262 0
285 266 287 0
245 241 262 0
281 264 283 0
304 282 306 0
261 264 281 0
263 243 246 0
284 263 267 0
264 243 263 0
306 281 283 0
261 243 264 0
172 150 149 0
222 201 224 0
218 222 243 0
218 201 222 0
217 218 242 0
195 172 170 0
217 196 218 0
175 198 197 0
196 194 171 0
196 217 194 0
224 200 223 0
242 218 243 0
178 200 201 0
267 289 284 0
284 303 307 0
180 202 179 0
271 272 294 0
226 204 228 0
202 180 203 0
181 159 183 0
141 163 161 0
206 181 183 0
207 206 183 0
205 181 206 0
159 157 138 0
226 225 203 0
56 57 33 0
205 180 181 0
307 303 324 0
344 345 324 0
305 283 284 0
350 367 370 0
306 326 304 0
345 344 364 0
366 345 365 0
348 347 368 0
348 327 347 0
367 348 368 0
326 327 348 0
327 305 307 0
347 327 345 0
326 306 327 0
203 225 202 0
226 249 225 0
204 226 203 0
228 249 226 0
204 230 228 0
205 204 203 0
205 230 204 0
252 271 250 0
314 337 333 0
295 315 294 0
295 296 315 0
315 316 337 0
272 273 294 0
296 316 315 0
274 296 295 0
274 276 296 0
318 339 340 0
338 318 340 0
298 317 318 0
256 275 276 0
298 318 316 0
317 339 318 0
297 317 298 0
297 302 317 0
343 363 359 0
250 271 269 0
314 333 312 0
315 314 294 0
315 337 314 0
292 270 269 0
248 225 249 0
286 304 309 0
282 286 287 0
282 304 286 0
266 282 287 0
281 306 282 0
305 306 283 0
323 307 324 0
327 323 345 0
327 307 323 0
284 307 305 0
264 284 283 0
289 303 284 0
323 324 345 0
250 269 270 0
228 250 249 0
228 252 250 0
293 270 292 0
313 293 292 0
311 290 293 0
268 248 270 0
247 267 263 0
370 369 350 0
212 188 197 0
220 219 197 0
236 237 213 0
257 236 238 0
193 216 215 0
257 237 236 0
257 258 237 0
152 151 174 0
107 131 130 0
107 128 131 0
236 219 238 0
131 150 151 0
198 221 220 0
249 270 248 0
270 290 268 0
366 347 345 0
387 366 365 0
368 347 366 0
293 290 270 0
335 332 313 0
310 290 311 0
385 365 384 0
349 341 328 0
351 343 330 0
383 363 371 0
391 383 371 0
403 399 383 0
379 380 360 0
103 107 84 0
126 103 102 0
128 107 103 0
221 241 245 0
127 149 150 0
195 170 178 0
171 150 172 0
217 198 194 0
173 150 171 0
149 170 172 0
175 173 171 0
194 175 171 0
194 198 175 0
221 198 217 0
241 221 217 0
245 244 221 0
197 173 175 0
219 212 197 0
244 219 220 0
236 212 219 0
188 174 197 0
266 285 265 0
150 173 151 0
127 150 128 0
172 196 171 0
278 301 279 0
257 259 279 0
285 288 278 0
123 143 119 0
77 100 99 0
147 143 123 0
365 364 384 0
387 365 385 0
345 364 365 0
405 404 427 0
332 310 311 0
413 427 404 0
314 312 294 0
336 333 337 0
357 336 337 0
357 354 336 0
334 312 333 0
335 334 355 0
313 312 334 0
332 311 313 0
356 352 335 0
331 310 332 0
343 339 322 0
320 330 321 0
338 337 316 0
340 360 358 0
343 359 339 0
363 383 379 0
378 395 375 0
338 358 357 0
400 423 420 0
380 400 398 0
399 422 400 0
383 399 379 0
378 398 395 0
331 332 353 0
457 436 456 0
477 457 456 0
471 449 450 0
511 492 498 0
533 511 518 0
512 492 511 0
472 452 451 0
493 472 491 0
476 473 472 0
493 476 472 0
493 494 476 0
495 473 494 0
453 431 452 0
454 453 473 0
454 431 453 0
449 427 450 0
427 449 429 0
407 427 429 0
428 407 429 0
387 385 405 0
413 436 427 0
457 477 478 0
298 316 296 0
357 337 338 0
379 359 363 0
380 379 399 0
360 359 379 0
358 360 378 0
357 358 378 0
338 340 358 0
340 359 360 0
316 318 338 0
339 359 340 0
375 374 354 0
398 420 417 0
380 398 378 0
360 380 378 0
399 400 380 0
400 420 398 0
419 418 397 0
396 419 397 0
377 396 397 0
395 419 396 0
417 441 419 0
355 377 356 0
333 354 334 0
354 374 355 0
322 321 343 0
317 322 339 0
302 280 300 0
317 302 322 0
297 280 302 0
276 297 298 0
302 300 321 0
275 260 280 0
297 275 280 0
256 255 275 0
265 244 245 0
278 265 285 0
259 238 244 0
278 259 265 0
278 279 259 0
257 238 259 0
258 257 279 0
130 106 107 0
258 260 240 0
240 260 239 0
128 150 131 0
261 242 243 0
262 261 281 0
262 242 261 0
220 197 198 0
244 220 221 0
244 238 219 0
217 242 241 0
195 196 172 0
201 195 178 0
218 196 195 0
126 149 127 0
148 170 149 0
195 201 218 0
148 154 170 0
170 154 178 0
126 148 149 0
103 126 127 0
102 101 125 0
125 133 148 0
125 109 133 0
126 125 148 0
126 102 125 0
128 103 127 0
84 60 79 0
87 108 110 0
153 176 154 0
246 224 247 0
177 200 178 0
199 223 200 0
362 341 361 0
351 362 371 0
330 320 342 0
301 320 321 0
319 308 328 0
301 299 320 0
301 278 299 0
341 319 328 0
245 266 265 0
287 308 285 0
262 281 282 0
266 262 282 0
241 242 262 0
286 309 287 0
329 346 350 0
352 372 353 0
332 352 353 0
332 335 352 0
354 333 336 0
375 354 357 0
378 375 357 0
395 396 375 0
355 334 354 0
372 393 373 0
376 394 393 0
352 356 372 0
397 418 394 0
377 397 376 0
374 375 396 0
377 374 396 0
377 355 374 0
313 334 335 0
395 417 419 0
421 441 445 0
376 397 394 0
419 441 418 0
503 484 504 0
444 461 465 0
445 444 465 0
441 461 444 0
463 484 482 0
461 463 482 0
465 461 482 0
440 442 461 0
417 440 441 0
417 420 440 0
443 464 463 0
372 373 353 0
478 492 471 0
457 478 471 0
477 497 478 0
393 394 416 0
373 393 392 0
372 376 393 0
416 438 414 0
392 416 414 0
421 418 441 0
460 439 445 0
415 418 421 0
621 626 645 0
576 601 600 0
607 626 621 0
447 469 448 0
402 424 425 0
435 454 455 0
433 435 455 0
432 454 435 0
387 368 366 0
387 386 368 0
405 407 387 0
404 405 385 0
427 407 405 0
406 386 387 0
406 388 386 0
408 406 428 0
388 368 386 0
389 388 408 0
367 368 388 0
450 436 457 0
471 450 457 0
427 436 450 0
478 497 498 0
498 492 478 0
517 498 497 0
519 541 540 0
498 519 518 0
517 539 519 0
479 460 481 0
438 459 458 0
438 416 437 0
544 549 528 0
531 543 521 0
565 588 589 0
500 483 489 0
505 500 521 0
505 483 500 0
619 643 620 0
480 458 459 0
459 479 480 0
540 518 519 0
541 519 539 0
560 541 539 0
445 441 444 0
439 415 421 0
459 439 460 0
437 416 439 0
459 437 439 0
459 438 437 0
415 394 418 0
445 439 421 0
416 394 415 0
392 393 416 0
356 335 355 0
376 356 377 0
376 372 356 0
388 370 367 0
449 451 429 0
433 432 435 0
425 424 447 0
434 425 447 0
434 412 425 0
424 411 433 0
410 432 411 0
381 361 369 0
382 381 401 0
382 361 381 0
362 361 382 0
341 349 361 0
309 308 287 0
325 329 309 0
326 325 304 0
346 329 325 0
328 308 309 0
329 328 309 0
304 325 309 0
350 328 329 0
367 350 346 0
349 328 350 0
369 349 350 0
369 361 349 0
319 320 299 0
308 319 299 0
341 362 342 0
342 320 319 0
341 342 319 0
362 351 342 0
351 330 342 0
363 351 371 0
363 343 351 0
343 321 330 0
279 277 258 0
244 265 259 0
301 277 279 0
288 299 278 0
308 288 285 0
308 299 288 0
321 300 301 0
385 384 404 0
428 406 407 0
326 348 325 0
305 327 306 0
348 346 325 0
407 406 387 0
367 346 348 0
501 520 499 0
467 448 469 0
423 446 443 0
448 434 447 0
446 448 467 0
426 434 448 0
422 426 446 0
423 422 446 0
399 403 422 0
403 412 426 0
422 403 426 0
389 390 370 0
411 432 433 0
390 411 401 0
410 409 431 0
390 410 411 0
390 389 410 0
388 389 370 0
410 431 432 0
408 409 389 0
408 431 409 0
470 451 471 0
472 470 491 0
472 451 470 0
453 452 473 0
430 451 452 0
408 430 431 0
428 451 430 0
388 406 408 0
429 451 428 0
390 401 381 0
370 390 369 0
389 409 410 0
454 432 431 0
468 475 490 0
491 471 492 0
493 491 512 0
494 493 513 0
494 473 476 0
470 471 491 0
408 428 430 0
449 471 451 0
468 490 469 0
455 468 447 0
455 475 468 0
433 455 447 0
454 474 475 0
402 382 401 0
424 402 401 0
411 424 401 0
433 447 424 0
412 403 391 0
402 412 391 0
434 426 412 0
448 446 426 0
488 467 469 0
464 485 463 0
462 464 443 0
462 483 464 0
489 483 467 0
509 531 521 0
489 509 500 0
489 508 509 0
390 381 369 0
391 371 382 0
425 412 402 0
403 383 391 0
371 362 382 0
681 680 702 0
501 499 480 0
487 507 502 0
445 466 460 0
506 507 487 0
546 524 547 0
524 507 523 0
481 502 501 0
479 481 501 0
480 479 501 0
459 460 479 0
460 466 481 0
481 487 502 0
506 529 507 0
582 560 581 0
606 582 581 0
561 577 555 0
583 561 562 0
583 577 561 0
567 551 573 0
569 567 592 0
569 547 567 0
551 529 548 0
573 551 552 0
547 523 529 0
567 547 551 0
569 568 547 0
591 569 592 0
568 546 547 0
593 586 568 0
613 593 591 0
615 608 593 0
542 520 522 0
525 526 548 0
506 525 529 0
506 526 525 0
466 465 486 0
481 466 487 0
445 465 466 0
570 550 571 0
594 570 571 0
552 548 570 0
550 527 528 0
486 482 503 0
484 485 505 0
503 482 484 0
506 503 526 0
486 465 482 0
506 486 503 0
506 487 486 0
461 441 440 0
505 521 528 0
550 548 527 0
571 550 549 0
566 571 549 0
590 594 571 0
570 548 550 0
596 572 573 0
548 526 527 0
551 548 552 0
529 525 548 0
606 628 629 0
582 606 605 0
604 628 606 0
526 503 504 0
487 466 486 0
422 423 400 0
484 463 485 0
398 417 395 0
443 442 423 0
442 440 420 0
439 416 415 0
442 420 423 0
463 442 443 0
463 461 442 0
689 707 710 0
702 689 710 0
703 702 722 0
680 689 702 0
680 657 668 0
666 643 646 0
664 644 665 0
668 648 664 0
689 668 686 0
689 680 668 0
634 611 618 0
648 634 642 0
648 657 634 0
620 643 644 0
588 597 611 0
610 588 611 0
633 610 611 0
589 566 565 0
612 589 610 0
612 594 590 0
565 574 588 0
602 579 578 0
622 602 600 0
603 579 602 0
619 603 623 0
598 599 575 0
619 598 603 0
619 599 598 0
642 618 620 0
575 574 554 0
598 575 580 0
599 597 575 0
634 633 611 0
574 553 554 0
715 692 714 0
709 688 690 0
711 709 690 0
708 688 709 0
649 669 650 0
672 671 694 0
667 645 651 0
672 667 671 0
690 672 694 0
711 690 694 0
711 729 709 0
708 707 687 0
729 728 709 0
732 729 711 0
728 708 709 0
752 728 729 0
752 727 728 0
707 686 687 0
624 623 622 0
645 624 622 0
646 623 624 0
618 611 597 0
599 618 597 0
642 634 618 0
644 642 620 0
634 657 633 0
664 648 642 0
664 686 668 0
576 557 577 0
584 601 577 0
583 584 577 0
607 601 584 0
600 602 578 0
601 621 622 0
577 601 576 0
607 621 601 0
623 603 602 0
610 589 588 0
606 581 604 0
578 576 600 0
558 578 579 0
556 557 578 0
541 562 561 0
670 675 691 0
693 670 692 0
715 693 692 0
694 671 693 0
650 651 645 0
630 650 626 0
669 671 650 0
693 669 670 0
671 651 650 0
607 630 626 0
654 675 670 0
629 654 630 0
652 653 673 0
654 652 673 0
628 653 652 0
653 628 627 0
622 621 645 0
625 629 630 0
605 625 607 0
605 629 625 0
582 605 583 0
606 629 605 0
646 667 666 0
623 646 643 0
645 667 646 0
624 645 646 0
602 622 623 0
600 601 622 0
651 671 667 0
626 650 645 0
649 630 654 0
669 649 670 0
650 630 649 0
625 630 607 0
583 605 607 0
628 654 629 0
671 669 693 0
522 501 502 0
545 522 524 0
568 545 546 0
542 522 545 0
520 501 522 0
673 675 654 0
674 673 653 0
674 696 673 0
608 587 585 0
563 545 564 0
677 683 698 0
719 697 698 0
676 655 661 0
523 507 529 0
551 547 529 0
524 502 507 0
547 524 523 0
546 545 524 0
564 545 568 0
586 564 568 0
586 563 564 0
522 502 524 0
659 682 683 0
637 659 660 0
641 662 663 0
608 609 587 0
652 654 628 0
696 691 675 0
695 696 674 0
695 717 696 0
649 654 670 0
665 687 686 0
666 665 644 0
666 687 665 0
643 666 644 0
667 688 666 0
638 615 636 0
660 638 636 0
661 655 638 0
609 631 632 0
609 608 631 0
708 728 727 0
688 667 672 0
688 687 666 0
690 688 672 0
708 687 688 0
686 664 665 0
715 714 734 0
754 731 735 0
694 693 715 0
691 692 670 0
673 696 675 0
695 716 717 0
717 716 737 0
733 717 736 0
713 691 696 0
631 608 615 0
721 719 739 0
656 676 678 0
683 660 659 0
704 683 682 0
638 655 631 0
683 661 660 0
677 676 661 0
678 676 699 0
656 632 655 0
655 632 631 0
736 717 737 0
691 713 692 0
760 759 737 0
758 757 780 0
737 759 736 0
760 778 781 0
699 679 678 0
750 772 766 0
744 750 766 0
745 744 766 0
722 710 730 0
751 752 773 0
740 739 719 0
758 779 777 0
735 758 756 0
780 781 801 0
758 780 779 0
757 759 780 0
781 759 760 0
800 781 778 0
801 779 780 0
700 679 699 0
719 700 699 0
697 719 699 0
677 697 699 0
677 698 697 0
718 740 719 0
719 721 700 0
802 781 800 0
822 802 800 0
801 781 802 0
743 741 764 0
738 743 742 0
721 739 743 0
679 700 701 0
740 763 739 0
721 720 701 0
700 721 701 0
739 741 743 0
763 741 739 0
746 763 740 0
724 746 740 0
747 768 746 0
768 790 788 0
762 761 738 0
742 762 738 0
720 743 738 0
764 762 742 0
763 764 741 0
809 785 786 0
809 808 785 0
822 824 802 0
844 824 842 0
823 821 801 0
802 823 801 0
824 844 843 0
863 844 842 0
887 885 908 0
886 887 910 0
905 886 909 0
882 864 886 0
865 885 887 0
844 865 864 0
863 885 865 0
713 714 692 0
696 717 713 0
736 759 757 0
798 799 779 0
712 711 694 0
715 712 694 0
715 735 731 0
734 735 715 0
713 733 714 0
758 735 734 0
732 755 749 0
712 732 711 0
754 755 732 0
756 754 735 0
756 777 775 0
787 763 765 0
868 846 860 0
869 870 892 0
869 848 870 0
833 853 831 0
809 833 808 0
832 854 833 0
919 942 920 0
901 903 924 0
878 901 879 0
880 903 901 0
941 964 942 0
944 941 923 0
944 964 941 0
832 833 810 0
877 853 854 0
856 879 877 0
897 919 920 0
854 856 877 0
897 920 896 0
874 897 896 0
875 895 897 0
900 919 895 0
923 941 919 0
850 830 831 0
850 852 830 0
873 850 853 0
877 873 853 0
877 895 873 0
874 852 850 0
898 876 896 0
921 922 898 0
943 921 920 0
943 922 921 0
899 917 894 0
894 893 871 0
899 894 876 0
899 918 917 0
849 828 829 0
725 747 724 0
704 725 724 0
726 748 725 0
706 726 725 0
705 723 726 0
721 743 720 0
833 809 810 0
784 807 806 0
786 785 784 0
764 786 762 0
764 787 786 0
808 807 785 0
685 706 704 0
865 887 886 0
931 908 930 0
882 881 860 0
865 886 864 0
904 888 881 0
905 904 882 0
905 888 904 0
926 927 909 0
911 906 888 0
891 869 892 0
934 913 915 0
913 912 890 0
891 913 889 0
934 912 913 0
866 890 884 0
848 867 845 0
869 891 867 0
841 823 843 0
627 628 604 0
727 707 708 0
751 750 727 0
752 751 727 0
773 772 751 0
751 772 750 0
753 773 752 0
774 795 773 0
794 792 772 0
730 744 722 0
635 612 633 0
639 616 635 0
640 637 641 0
663 640 641 0
659 637 640 0
614 595 617 0
596 573 594 0
617 596 616 0
572 567 573 0
592 572 596 0
592 567 572 0
563 542 545 0
594 612 616 0
552 570 573 0
590 589 612 0
573 570 594 0
549 544 566 0
511 533 512 0
517 519 498 0
540 533 518 0
562 582 583 0
560 562 541 0
560 582 562 0
518 511 498 0
555 533 540 0
535 556 534 0
538 557 535 0
561 555 540 0
577 557 555 0
541 561 540 0
583 607 584 0
537 559 554 0
532 537 554 0
516 536 537 0
494 515 514 0
556 558 536 0
534 556 536 0
514 515 536 0
513 533 535 0
557 576 578 0
603 598 580 0
643 619 623 0
620 599 619 0
512 491 492 0
513 512 533 0
513 493 512 0
535 534 513 0
538 535 533 0
555 538 533 0
555 557 538 0
557 556 535 0
472 473 452 0
558 559 537 0
578 558 556 0
579 559 558 0
474 454 473 0
495 474 473 0
495 496 474 0
490 508 488 0
495 516 496 0
532 530 510 0
532 553 530 0
580 575 559 0
574 565 553 0
559 575 554 0
597 588 574 0
543 544 521 0
468 469 447 0
510 490 496 0
488 469 490 0
489 467 488 0
504 484 505 0
528 504 505 0
527 526 504 0
462 443 446 0
467 462 446 0
483 485 464 0
431 430 452 0
462 467 483 0
402 391 382 0
637 617 641 0
615 613 636 0
595 592 596 0
617 595 596 0
614 592 595 0
636 613 614 0
660 636 637 0
660 661 638 0
613 592 614 0
593 568 569 0
585 586 608 0
585 563 586 0
614 617 637 0
593 569 591 0
596 594 616 0
510 508 490 0
532 554 553 0
516 532 510 0
516 537 532 0
537 536 558 0
496 516 510 0
514 536 516 0
495 514 516 0
495 494 514 0
475 474 496 0
490 475 496 0
455 454 475 0
515 513 534 0
536 515 534 0
494 513 515 0
574 575 597 0
579 580 559 0
579 603 580 0
509 521 500 0
530 531 509 0
510 530 508 0
553 531 530 0
543 565 544 0
553 543 531 0
553 565 543 0
528 521 544 0
550 528 549 0
527 504 528 0
489 488 508 0
530 509 508 0
505 485 483 0
677 661 683 0
656 655 676 0
631 615 638 0
586 593 608 0
636 614 637 0
593 613 615 0
591 592 613 0
639 641 617 0
616 639 617 0
647 658 662 0
635 647 639 0
635 658 647 0
658 681 662 0
641 639 662 0
657 680 658 0
635 657 658 0
566 544 565 0
590 566 589 0
590 571 566 0
664 642 644 0
612 610 633 0
618 599 620 0
648 668 657 0
663 685 682 0
640 663 659 0
662 684 663 0
681 684 662 0
723 745 726 0
703 723 705 0
703 722 723 0
681 703 684 0
635 633 657 0
662 639 647 0
616 612 635 0
681 702 703 0
658 680 681 0
686 707 689 0
767 766 789 0
769 767 789 0
745 766 767 0
747 725 748 0
723 744 745 0
698 704 718 0
663 684 685 0
767 769 748 0
770 789 766 0
772 770 766 0
792 789 770 0
791 813 790 0
789 791 769 0
811 813 791 0
792 811 789 0
792 814 811 0
814 792 794 0
814 834 811 0
663 682 659 0
705 685 684 0
703 705 684 0
745 748 726 0
704 682 685 0
706 725 704 0
705 706 685 0
705 726 706 0
746 724 747 0
718 704 724 0
677 699 676 0
704 698 683 0
718 719 698 0
723 722 744 0
928 906 911 0
953 948 932 0
935 914 928 0
957 935 954 0
936 915 914 0
764 742 743 0
784 806 805 0
762 784 783 0
785 807 784 0
783 761 762 0
978 971 953 0
978 991 971 0
952 975 953 0
1000 1001 978 0
1001 977 991 0
999 977 1001 0
1022 999 1023 0
998 977 999 0
1002 998 1022 0
1002 981 980 0
954 971 977 0
980 957 954 0
998 980 977 0
998 1002 980 0
883 892 868 0
888 883 868 0
888 906 883 0
948 935 928 0
932 948 928 0
971 954 948 0
914 892 906 0
928 914 906 0
935 936 914 0
956 955 933 0
1016 993 1002 0
945 966 944 0
933 949 929 0
933 955 949 0
934 933 912 0
934 956 933 0
890 889 913 0
936 957 956 0
981 979 955 0
968 989 987 0
955 972 949 0
955 979 972 0
1002 979 981 0
957 980 981 0
1022 1043 1025 0
1009 1011 1008 0
988 1009 986 0
1010 1031 1009 0
966 987 988 0
1033 1036 1047 0
1032 1031 1054 0
1053 1032 1054 0
1011 1031 1032 0
1012 1015 1033 0
989 1012 1010 0
993 979 1002 0
1015 993 1016 0
992 979 993 0
989 992 1012 0
989 972 992 0
824 823 802 0
842 824 822 0
843 864 861 0
824 843 823 0
844 864 843 0
837 857 858 0
838 840 846 0
866 867 890 0
862 866 884 0
859 857 839 0
847 870 848 0
827 847 848 0
826 846 847 0
892 914 915 0
803 815 793 0
774 793 795 0
796 776 797 0
818 796 797 0
817 804 796 0
986 1008 985 0
963 967 986 0
962 963 985 0
943 965 963 0
988 1010 1009 0
967 988 986 0
985 963 986 0
965 942 964 0
963 965 967 0
943 942 965 0
987 989 1010 0
988 987 1010 0
966 968 987 0
945 949 968 0
925 907 929 0
944 925 945 0
924 903 925 0
925 929 945 0
1010 1012 1031 0
968 972 989 0
945 968 966 0
949 972 968 0
1015 1016 1036 0
773 794 772 0
753 771 774 0
729 749 752 0
799 821 820 0
818 799 820 0
777 779 799 0
776 775 797 0
798 801 821 0
799 798 821 0
779 801 798 0
756 758 777 0
736 757 733 0
837 858 836 0
815 803 819 0
825 804 827 0
825 803 804 0
839 825 845 0
839 819 825 0
866 859 845 0
857 837 839 0
793 804 803 0
867 866 845 0
929 949 945 0
912 929 907 0
912 933 929 0
812 832 810 0
790 813 812 0
787 764 763 0
810 787 788 0
809 786 787 0
767 748 745 0
790 768 791 0
768 747 769 0
855 878 856 0
834 855 835 0
858 878 855 0
857 880 858 0
872 876 894 0
871 872 894 0
851 876 872 0
807 831 830 0
874 876 852 0
897 895 919 0
874 875 897 0
876 874 896 0
850 875 874 0
873 895 875 0
898 922 899 0
920 898 896 0
920 921 898 0
924 925 944 0
890 907 884 0
890 912 907 0
851 872 849 0
731 754 732 0
712 731 732 0
712 715 731 0
780 759 781 0
734 757 758 0
733 713 717 0
734 733 757 0
734 714 733 0
773 795 794 0
753 774 773 0
749 753 752 0
749 771 753 0
771 793 774 0
755 776 771 0
729 732 749 0
775 777 797 0
755 775 776 0
754 756 775 0
818 797 799 0
840 838 820 0
796 804 782 0
826 817 818 0
826 804 817 0
818 817 796 0
870 847 846 0
827 804 826 0
845 827 848 0
869 867 848 0
815 837 816 0
825 819 803 0
839 837 819 0
859 862 857 0
845 859 839 0
866 862 859 0
862 880 857 0
796 782 776 0
845 825 827 0
782 771 776 0
793 782 804 0
793 771 782 0
749 755 771 0
755 754 775 0
868 860 881 0
827 826 847 0
840 860 846 0
838 818 820 0
826 838 846 0
826 818 838 0
777 799 797 0
821 841 820 0
861 864 882 0
820 841 840 0
821 823 841 0
816 794 795 0
815 816 795 0
793 815 795 0
819 837 815 0
837 836 816 0
880 878 858 0
884 880 862 0
902 924 923 0
901 902 879 0
901 924 902 0
884 903 880 0
884 907 903 0
814 794 816 0
855 834 836 0
769 791 768 0
834 813 811 0
836 834 814 0
816 836 814 0
858 855 836 0
835 813 834 0
812 810 790 0
835 812 813 0
833 854 853 0
835 832 812 0
835 854 832 0
710 722 702 0
727 710 707 0
730 750 744 0
727 730 710 0
727 750 730 0
789 811 791 0
724 740 718 0
770 772 792 0
765 788 787 0
768 765 746 0
768 788 765 0
748 769 747 0
787 810 809 0
746 765 763 0
790 810 788 0
868 881 888 0
870 868 892 0
870 846 868 0
841 861 840 0
861 882 860 0
840 861 860 0
841 843 861 0
863 865 844 0
886 905 882 0
951 970 946 0
931 951 946 0
950 973 951 0
883 906 892 0
882 904 881 0
911 932 928 0
905 911 888 0
905 927 911 0
927 947 932 0
909 927 905 0
926 946 927 0
948 954 935 0
996 976 997 0
947 970 952 0
931 926 909 0
910 931 909 0
886 910 909 0
887 908 910 0
930 951 931 0
930 950 951 0
951 973 974 0
925 903 907 0
923 924 944 0
923 919 900 0
856 854 835 0
855 856 835 0
878 879 856 0
784 805 783 0
830 829 807 0
828 805 806 0
762 786 784 0
831 807 808 0
833 831 808 0
853 850 831 0
829 828 806 0
807 829 806 0
830 852 851 0
910 908 931 0
974 970 951 0
994 974 973 0
994 1018 995 0
851 852 876 0
829 851 849 0
829 830 851 0
958 982 960 0
938 917 939 0
937 938 960 0
937 917 938 0
962 985 984 0
939 962 958 0
940 963 962 0
1013 1027 1034 0
983 1005 990 0
1004 1027 1005 0
961 962 984 0
958 961 982 0
958 962 961 0
1007 1027 1004 0
1028 1026 1048 0
1007 1006 1028 0
1027 1007 1029 0
984 1006 1007 0
1003 1026 1006 0
1049 1074 1058 0
1051 1050 1029 0
1052 1075 1074 0
1051 1052 1050 0
1051 1075 1052 0
984 1003 1006 0
1075 1096 1074 0
1050 1052 1074 0
1072 1094 1093 0
1030 1011 1032 0
1053 1030 1032 0
1026 1008 1030 0
988 965 964 0
1055 1033 1047 0
1053 1054 1076 0
1053 1048 1030 0
1095 1115 1117 0
1076 1077 1097 0
1030 1008 1011 0
1048 1026 1030 0
1073 1048 1053 0
1028 1029 1007 0
1026 1028 1006 0
1051 1029 1028 0
1048 1051 1028 0
1055 1054 1033 0
1071 1055 1047 0
1077 1076 1055 0
1031 1011 1009 0
1033 1031 1012 0
1033 1054 1031 0
1094 1073 1076 0
1072 1051 1048 0
1008 986 1009 0
1115 1137 1117 0
1097 1115 1094 0
1097 1118 1115 0
1076 1097 1094 0
1054 1055 1076 0
1016 1037 1036 0
1070 1091 1071 0
1092 1098 1077 0
1046 1043 1067 0
1046 1025 1043 0
1036 1037 1047 0
1016 1025 1037 0
1015 992 993 0
1033 1015 1036 0
1012 992 1015 0
1002 1025 1016 0
1002 1022 1025 0
1103 1119 1118 0
1097 1103 1118 0
1098 1119 1103 0
1141 1149 1164 0
1186 1163 1164 0
1140 1119 1141 0
1162 1140 1141 0
1160 1159 1183 0
1167 1168 1144 0
1161 1167 1143 0
1189 1168 1167 0
1139 1159 1160 0
1139 1137 1159 0
1095 1093 1115 0
1096 1095 1117 0
1096 1093 1095 0
1115 1118 1137 0
1119 1127 1141 0
1013 1014 990 0
1027 1013 1005 0
1034 1014 1013 0
872 871 849 0
995 997 976 0
894 916 893 0
917 916 894 0
939 917 918 0
937 916 917 0
1018 1017 1038 0
1039 1018 1038 0
1061 1039 1038 0
1040 1041 1019 0
976 970 974 0
995 976 974 0
994 995 974 0
1018 997 995 0
996 1000 978 0
953 975 978 0
997 1020 996 0
1060 1063 1040 0
1061 1060 1039 0
1061 1063 1060 0
938 939 958 0
1063 1061 1082 0
1083 1085 1064 0
1041 1020 1019 0
937 960 959 0
983 982 1004 0
959 983 969 0
960 982 983 0
959 960 983 0
1073 1072 1048 0
1076 1073 1053 0
1094 1072 1073 0
1003 985 1008 0
1026 1003 1008 0
984 985 1003 0
1004 984 1007 0
1004 982 984 0
1005 983 1004 0
939 918 940 0
962 939 940 0
958 960 938 0
900 902 923 0
877 900 895 0
879 902 900 0
877 879 900 0
878 880 901 0
972 979 992 0
850 873 875 0
966 964 944 0
943 920 942 0
940 943 963 0
984 982 961 0
918 922 940 0
898 899 876 0
940 922 943 0
918 899 922 0
1063 1082 1084 0
1083 1063 1084 0
1062 1040 1063 0
983 990 969 0
1104 1125 1107 0
1005 1013 990 0
1087 1086 1108 0
1044 1065 1068 0
1044 1042 1066 0
1045 1044 1068 0
1067 1043 1045 0
1089 1067 1068 0
1069 1070 1046 0
1024 1001 1000 0
1043 1023 1045 0
1022 998 999 0
1064 1041 1040 0
1086 1064 1085 0
1066 1041 1064 0
1087 1066 1086 0
1042 1041 1066 0
1024 1042 1044 0
1021 1041 1042 0
1024 1021 1042 0
1045 1024 1044 0
1023 1001 1024 0
991 978 1001 0
948 953 971 0
975 976 996 0
978 975 996 0
952 976 975 0
996 1020 1000 0
952 970 976 0
932 952 953 0
946 926 931 0
947 946 970 0
947 927 946 0
932 947 952 0
932 911 927 0
994 1017 1018 0
1019 1018 1039 0
1104 1107 1084 0
1131 1107 1125 0
1131 1152 1154 0
1096 1117 1116 0
1027 1029 1050 0
1075 1051 1072 0
1079 1074 1096 0
1100 1079 1096 0
1100 1102 1081 0
1049 1027 1050 0
1108 1110 1087 0
1085 1108 1086 0
1124 1128 1133 0
1129 1128 1106 0
1107 1129 1106 0
1153 1150 1129 0
1150 1172 1156 0
1133 1150 1156 0
1128 1129 1150 0
1215 1196 1217 0
1157 1174 1173 0
1155 1156 1178 0
991 977 971 0
1021 1024 1000 0
1023 999 1001 0
1043 1022 1023 0
1068 1067 1045 0
1059 1047 1037 0
1046 1059 1037 0
1070 1071 1059 0
1182 1157 1173 0
1127 1136 1148 0
1135 1126 1147 0
1091 1112 1113 0
1147 1134 1157 0
1111 1126 1135 0
1111 1109 1126 0
1071 1077 1055 0
1059 1071 1047 0
1092 1077 1071 0
889 890 867 0
891 889 867 0
915 936 934 0
891 915 913 0
891 892 915 0
956 981 955 0
936 956 934 0
957 981 956 0
935 957 936 0
954 977 980 0
964 966 988 0
967 965 988 0
942 919 941 0
1182 1170 1158 0
1186 1202 1206 0
1215 1224 1203 0
1206 1228 1207 0
1222 1245 1223 0
1224 1222 1213 0
1224 1245 1222 0
1203 1224 1213 0
1235 1256 1246 0
1224 1235 1246 0
1236 1256 1235 0
1244 1250 1227 0
1249 1228 1250 0
1269 1247 1268 0
1226 1228 1249 0
1225 1226 1247 0
1231 1225 1248 0
1205 1226 1225 0
1205 1204 1226 0
1192 1213 1202 0
1181 1192 1180 0
1181 1203 1192 0
1250 1271 1270 0
1206 1227 1228 0
1264 1271 1250 0
1168 1169 1145 0
1138 1143 1121 0
1189 1190 1168 0
1191 1169 1190 0
1121 1122 1102 0
1165 1146 1169 0
1165 1142 1146 0
1191 1187 1169 0
1212 1191 1190 0
1211 1209 1191 0
1166 1142 1165 0
1159 1137 1140 0
1138 1116 1139 0
1160 1138 1139 0
1121 1116 1138 0
1161 1184 1167 0
1145 1122 1121 0
1117 1137 1139 0
1071 1091 1092 0
1087 1068 1065 0
1132 1134 1110 0
1069 1090 1070 0
1089 1069 1067 0
1089 1090 1069 0
1088 1089 1068 0
1087 1088 1068 0
1109 1111 1088 0
1111 1112 1089 0
1134 1126 1109 0
1112 1090 1089 0
1135 1112 1111 0
1135 1113 1112 0
1146 1122 1145 0
1101 1123 1120 0
1101 1102 1123 0
1078 1080 1099 0
1102 1122 1123 0
1081 1102 1101 0
1099 1080 1101 0
1058 1079 1081 0
1100 1121 1102 0
1058 1074 1079 0
1056 1057 1078 0
1057 1034 1049 0
1081 1080 1058 0
1056 1035 1057 0
1096 1116 1100 0
1118 1140 1137 0
1098 1103 1097 0
1119 1140 1118 0
1098 1114 1119 0
1077 1098 1097 0
1092 1114 1098 0
1127 1149 1141 0
1116 1121 1100 0
1139 1116 1117 0
1143 1160 1161 0
1144 1143 1167 0
1145 1144 1168 0
1121 1143 1144 0
1138 1160 1143 0
1035 1034 1057 0
1035 1014 1034 0
1177 1176 1199 0
1194 1177 1200 0
1214 1194 1200 0
1214 1193 1194 0
1172 1153 1177 0
1172 1150 1153 0
1178 1174 1155 0
1201 1178 1179 0
1197 1196 1178 0
1133 1128 1150 0
1155 1133 1156 0
1132 1110 1133 0
1130 1107 1131 0
1153 1130 1154 0
1129 1107 1130 0
1154 1152 1175 0
1177 1154 1176 0
1153 1129 1130 0
1093 1094 1115 0
1075 1093 1096 0
1075 1072 1093 0
1175 1176 1154 0
1049 1058 1057 0
1027 1049 1034 0
1050 1074 1049 0
1081 1079 1100 0
1121 1144 1145 0
1120 1099 1101 0
1240 1220 1218 0
1142 1120 1123 0
1175 1198 1176 0
1146 1145 1169 0
1123 1146 1142 0
1123 1122 1146 0
1220 1219 1200 0
1218 1220 1199 0
1240 1241 1220 0
1259 1260 1239 0
1220 1200 1199 0
1262 1241 1240 0
1234 1242 1221 0
1214 1234 1221 0
1214 1219 1234 0
1241 1242 1234 0
1220 1241 1219 0
1262 1242 1241 0
1263 1261 1243 0
1262 1263 1242 0
1281 1282 1303 0
1262 1281 1283 0
1262 1260 1281 0
1303 1302 1323 0
1283 1303 1301 0
1282 1302 1303 0
1260 1282 1281 0
1240 1260 1262 0
1259 1282 1260 0
1280 1302 1282 0
1239 1240 1218 0
1239 1260 1240 0
1148 1158 1170 0
1114 1136 1127 0
1135 1158 1136 0
1147 1157 1158 0
1135 1147 1158 0
1126 1134 1147 0
1110 1134 1109 0
1151 1174 1157 0
1155 1151 1134 0
1155 1174 1151 0
1132 1155 1134 0
1108 1133 1110 0
1133 1155 1132 0
1156 1179 1178 0
1170 1164 1149 0
1148 1170 1149 0
1127 1148 1149 0
1136 1158 1148 0
1192 1203 1213 0
1157 1182 1158 0
1173 1195 1182 0
1181 1182 1203 0
1164 1181 1180 0
1170 1182 1181 0
1134 1151 1157 0
1195 1203 1182 0
1174 1196 1173 0
1215 1236 1224 0
1196 1215 1195 0
1217 1236 1215 0
1279 1258 1277 0
1278 1279 1299 0
1278 1258 1279 0
1308 1288 1299 0
1267 1256 1278 0
1249 1250 1270 0
1224 1236 1235 0
1245 1246 1265 0
1185 1186 1207 0
1171 1185 1183 0
1159 1171 1183 0
1162 1185 1171 0
1163 1186 1185 0
1159 1162 1171 0
1141 1164 1163 0
1246 1256 1267 0
1266 1246 1267 0
1287 1266 1267 0
1287 1265 1266 0
1245 1224 1246 0
1244 1245 1264 0
1250 1244 1264 0
1223 1245 1244 0
1223 1202 1222 0
1331 1332 1351 0
1310 1331 1330 0
1311 1312 1331 0
1269 1290 1289 0
1329 1326 1347 0
1332 1329 1350 0
1330 1331 1351 0
1312 1329 1332 0
1309 1291 1306 0
1312 1309 1329 0
1312 1291 1309 0
1292 1312 1311 0
1309 1306 1326 0
1187 1166 1165 0
1187 1188 1166 0
1169 1187 1165 0
1191 1209 1187 0
1319 1301 1323 0
1339 1319 1340 0
1318 1301 1319 0
1299 1279 1298 0
1261 1263 1283 0
1242 1263 1243 0
1283 1281 1303 0
1300 1302 1280 0
1300 1321 1302 0
1187 1209 1188 0
1168 1190 1169 0
1184 1189 1167 0
1183 1184 1161 0
1205 1189 1184 0
1204 1207 1226 0
1184 1204 1205 0
1183 1185 1204 0
1160 1183 1161 0
1162 1141 1163 0
1185 1162 1163 0
1159 1140 1162 0
1247 1249 1268 0
1225 1247 1248 0
1226 1249 1247 0
1210 1190 1189 0
1225 1210 1205 0
1269 1248 1247 0
1253 1254 1232 0
1248 1253 1231 0
1269 1274 1253 0
1290 1269 1268 0
1254 1275 1255 0
1289 1274 1269 0
1289 1295 1274 0
1212 1190 1210 0
1231 1232 1210 0
1211 1191 1212 0
1230 1211 1233 0
1255 1252 1233 0
1229 1208 1230 0
1209 1208 1188 0
1230 1209 1211 0
1230 1208 1209 0
1344 1323 1322 0
1364 1344 1343 0
1380 1385 1403 0
1382 1380 1403 0
1363 1385 1380 0
1342 1363 1360 0
1365 1385 1363 0
1365 1364 1386 0
1411 1410 1387 0
1340 1319 1323 0
1314 1297 1317 0
1273 1294 1293 0
1273 1276 1294 0
1251 1273 1272 0
1276 1275 1296 0
1255 1276 1273 0
1255 1275 1276 0
1232 1254 1233 0
1212 1232 1233 0
1212 1210 1232 0
1276 1297 1294 0
1233 1211 1212 0
1273 1251 1252 0
1252 1229 1230 0
1387 1365 1386 0
1411 1387 1386 0
1410 1385 1387 0
1387 1385 1365 0
1437 1410 1411 0
1407 1385 1410 0
1434 1407 1433 0
1459 1434 1433 0
1381 1384 1362 0
1430 1404 1403 0
1408 1384 1404 0
1408 1409 1384 0
1430 1408 1404 0
1407 1430 1403 0
1434 1408 1430 0
1435 1409 1408 0
1412 1391 1409 0
1434 1430 1407 0
1342 1340 1323 0
1365 1363 1344 0
1360 1340 1342 0
1380 1360 1363 0
1359 1340 1360 0
1365 1344 1364 0
1341 1328 1320 0
1325 1326 1305 0
1286 1305 1306 0
1264 1265 1285 0
1287 1305 1286 0
1345 1327 1324 0
1326 1306 1305 0
1282 1259 1280 0
1283 1277 1261 0
1262 1283 1263 0
1301 1298 1283 0
1323 1301 1303 0
1322 1323 1302 0
1321 1322 1302 0
1321 1344 1322 0
1342 1344 1363 0
1304 1308 1324 0
1278 1288 1267 0
1278 1299 1288 0
1257 1258 1278 0
1318 1339 1320 0
1299 1318 1320 0
1298 1301 1318 0
1283 1298 1277 0
1320 1308 1299 0
1298 1318 1299 0
1341 1359 1362 0
1199 1176 1198 0
1218 1199 1198 0
1200 1177 1199 0
1242 1243 1221 0
1221 1216 1201 0
1214 1221 1201 0
1243 1238 1221 0
1252 1230 1233 0
1273 1252 1255 0
1251 1229 1252 0
1181 1164 1170 0
1202 1180 1192 0
1222 1202 1213 0
1223 1206 1202 0
1186 1164 1180 0
1202 1186 1180 0
1227 1206 1223 0
1244 1227 1223 0
1250 1228 1227 0
1207 1186 1206 0
1226 1207 1228 0
1204 1184 1183 0
1207 1204 1185 0
1080 1057 1058 0
1101 1080 1081 0
1078 1057 1080 0
1177 1153 1154 0
1194 1172 1177 0
1193 1201 1179 0
1194 1193 1172 0
1214 1201 1193 0
1219 1214 1200 0
1219 1241 1234 0
1197 1178 1201 0
1179 1156 1172 0
1193 1179 1172 0
1216 1197 1201 0
1238 1216 1221 0
1261 1258 1243 0
1257 1237 1238 0
1217 1197 1216 0
1243 1258 1238 0
1215 1203 1195 0
1196 1195 1173 0
1178 1196 1174 0
1197 1217 1196 0
1044 1066 1065 0
1020 1041 1021 0
1000 1020 1021 0
1019 1039 1040 0
997 1019 1020 0
997 1018 1019 0
1040 1062 1064 0
1104 1084 1082 0
1064 1086 1066 0
1062 1083 1064 0
1039 1060 1040 0
1083 1106 1105 0
1063 1083 1062 0
1084 1106 1083 0
1106 1128 1105 0
1131 1154 1130 0
1105 1108 1085 0
1083 1105 1085 0
1124 1133 1108 0
1105 1124 1108 0
1105 1128 1124 0
1046 1070 1059 0
1025 1046 1037 0
1067 1069 1046 0
1088 1111 1089 0
1091 1070 1090 0
1112 1091 1090 0
1113 1092 1091 0
1136 1113 1135 0
1114 1092 1113 0
1136 1114 1113 0
1127 1119 1114 0
1107 1106 1084 0
1087 1065 1066 0
1109 1087 1110 0
1109 1088 1087 0
1024 1045 1023 0
1314 1334 1313 0
1296 1316 1297 0
1357 1375 1355 0
1415 1438 1441 0
1384 1409 1391 0
1403 1385 1407 0
1435 1408 1434 0
1404 1381 1382 0
1337 1354 1353 0
1336 1316 1337 0
1358 1336 1337 0
1358 1338 1336 0
1330 1351 1333 0
1337 1330 1333 0
1296 1315 1316 0
1295 1310 1315 0
1274 1295 1296 0
1289 1311 1310 0
1274 1254 1253 0
1292 1271 1291 0
1448 1446 1472 0
1424 1423 1421 0
1450 1424 1447 0
1449 1423 1424 0
1422 1446 1448 0
1423 1427 1399 0
1421 1423 1397 0
1449 1427 1423 0
1401 1429 1400 0
1479 1453 1454 0
1479 1480 1455 0
1372 1354 1351 0
1395 1372 1371 0
1396 1374 1372 0
1379 1373 1399 0
1402 1379 1399 0
1378 1373 1379 0
1378 1357 1358 0
1372 1351 1352 0
1353 1354 1374 0
1378 1358 1373 0
1338 1317 1316 0
1336 1338 1316 0
1373 1358 1353 0
1357 1338 1358 0
1357 1355 1335 0
1350 1329 1347 0
1383 1406 1394 0
1370 1383 1394 0
1371 1370 1394 0
1350 1347 1361 0
1367 1389 1383 0
1352 1351 1332 0
1350 1352 1332 0
1371 1372 1352 0
1310 1311 1331 0
1315 1310 1330 0
1295 1289 1310 0
1394 1395 1371 0
1352 1370 1371 0
1406 1420 1394 0
1405 1406 1389 0
1420 1395 1394 0
1432 1458 1446 0
1405 1432 1406 0
1431 1458 1432 0
1446 1422 1420 0
1331 1312 1332 0
1278 1256 1257 0
1284 1267 1288 0
1308 1304 1288 0
1287 1267 1284 0
1287 1286 1265 0
1304 1287 1284 0
1327 1307 1324 0
1327 1325 1307 0
1286 1306 1285 0
1333 1351 1354 0
1285 1271 1264 0
1326 1329 1309 0
1270 1268 1249 0
1292 1270 1271 0
1292 1290 1270 0
1312 1292 1291 0
1290 1268 1270 0
1311 1290 1292 0
1311 1289 1290 0
1254 1255 1233 0
1231 1253 1232 0
1225 1231 1210 0
1248 1269 1253 0
1276 1296 1297 0
1274 1275 1254 0
1274 1296 1275 0
1210 1189 1205 0
1343 1344 1321 0
1535 1528 1552 0
1519 1511 1535 0
1495 1482 1505 0
1273 1293 1272 0
1295 1315 1296 0
1313 1293 1294 0
1285 1306 1291 0
1271 1285 1291 0
1265 1246 1266 0
1285 1265 1286 0
1264 1245 1265 0
1237 1257 1236 0
1217 1237 1236 0
1217 1238 1237 0
1304 1324 1307 0
1287 1304 1307 0
1284 1288 1304 0
1258 1261 1277 0
1298 1279 1277 0
1257 1238 1258 0
1236 1257 1256 0
1217 1216 1238 0
1341 1339 1359 0
1328 1341 1349 0
1320 1339 1341 0
1468 1491 1467 0
1467 1491 1490 0
1465 1467 1490 0
1468 1464 1488 0
1441 1468 1467 0
1441 1464 1468 0
1435 1461 1438 0
1456 1434 1460 0
1461 1456 1460 0
1435 1434 1456 0
1412 1435 1438 0
1412 1409 1435 0
1459 1483 1460 0
1488 1491 1468 0
1561 1536 1560 0
1538 1539 1563 0
1515 1536 1539 0
1421 1422 1448 0
1447 1424 1448 0
1473 1447 1448 0
1450 1449 1424 0
1397 1396 1421 0
1374 1396 1397 0
1353 1374 1373 0
1354 1372 1374 0
1395 1422 1396 0
1372 1395 1396 0
1352 1350 1370 0
1383 1361 1367 0
1361 1370 1350 0
1367 1361 1347 0
1383 1370 1361 0
1348 1345 1366 0
1325 1327 1346 0
1326 1325 1346 0
1305 1307 1325 0
1305 1287 1307 0
1395 1420 1422 0
1383 1389 1406 0
1346 1348 1367 0
1326 1346 1347 0
1327 1348 1346 0
1368 1389 1367 0
1414 1440 1431 0
1368 1390 1389 0
1390 1388 1413 0
1414 1390 1413 0
1368 1388 1390 0
1355 1375 1356 0
1335 1338 1357 0
1314 1335 1334 0
1314 1317 1335 0
1357 1378 1377 0
1334 1335 1355 0
1337 1315 1330 0
1354 1337 1333 0
1353 1358 1337 0
1337 1316 1315 0
1317 1297 1316 0
1314 1294 1297 0
1338 1335 1317 0
1313 1294 1314 0
1618 1645 1619 0
1633 1643 1617 0
1643 1644 1618 0
1502 1526 1524 0
1500 1502 1524 0
1501 1500 1524 0
1477 1480 1500 0
1480 1503 1502 0
1498 1503 1479 0
1527 1551 1550 0
1503 1527 1526 0
1522 1546 1527 0
1593 1597 1572 0
1480 1502 1500 0
1522 1527 1503 0
1550 1548 1526 0
1601 1622 1625 0
1577 1598 1601 0
1573 1577 1551 0
1573 1597 1577 0
1597 1620 1598 0
1548 1524 1526 0
1574 1548 1550 0
1574 1549 1548 0
1551 1577 1576 0
1599 1575 1574 0
1476 1475 1449 0
1480 1479 1503 0
1526 1502 1503 0
1477 1452 1455 0
1451 1452 1478 0
1451 1425 1452 0
1544 1543 1568 0
1523 1499 1521 0
1511 1505 1528 0
1505 1482 1504 0
1528 1505 1504 0
1511 1495 1505 0
1474 1476 1450 0
1473 1474 1450 0
1497 1476 1474 0
1521 1497 1520 0
1544 1521 1520 0
1545 1523 1521 0
1521 1499 1497 0
1472 1482 1495 0
1458 1457 1481 0
1472 1458 1482 0
1432 1420 1406 0
1437 1433 1410 0
1463 1437 1462 0
1486 1463 1462 0
1487 1483 1463 0
1439 1465 1440 0
1415 1439 1413 0
1391 1415 1413 0
1412 1438 1415 0
1441 1465 1439 0
1482 1458 1481 0
1432 1446 1420 0
1411 1436 1437 0
1355 1356 1334 0
1377 1375 1357 0
1401 1377 1378 0
1401 1400 1377 0
1376 1356 1375 0
1487 1463 1486 0
1375 1400 1376 0
1400 1425 1398 0
1376 1400 1398 0
1429 1428 1400 0
1402 1429 1401 0
1455 1428 1429 0
1478 1452 1477 0
1421 1448 1424 0
1453 1427 1454 0
1453 1426 1427 0
1425 1428 1452 0
1401 1378 1402 0
1426 1429 1402 0
1399 1426 1402 0
1453 1455 1429 0
1400 1375 1377 0
1509 1507 1487 0
1510 1509 1487 0
1533 1532 1509 0
2371 2381 2382 0
2370 2371 2382 0
2354 2369 2371 0
2354 2371 2370 0
2371 2369 2381 0
2354 2370 2353 0
2336 2354 2353 0
2352 2369 2354 0
2336 2352 2354 0
2316 2335 2315 0
2352 2336 2348 0
2353 2335 2336 0
2336 2332 2348 0
2335 2316 2336 0
2316 2332 2336 0
2298 2316 2315 0
2298 2314 2316 0
2297 2298 2315 0
2316 2314 2332 0
2280 2281 2297 0
2296 2314 2298 0
2281 2296 2298 0
2297 2281 2298 0
2280 2264 2265 0
2281 2279 2296 0
2280 2265 2281 0
2265 2279 2281 0
2247 2265 2264 0
2247 2263 2265 0
2264 2246 2247 0
2247 2246 2230 0
2245 2247 2230 0
2263 2279 2265 0
2246 2229 2230 0
2247 2245 2263 0
2215 2230 2229 0
2215 2228 2230 0
2229 2214 2215 0
2230 2228 2245 0
2211 2199 2214 0
2213 2228 2215 0
2199 2213 2215 0
2214 2199 2215 0
2211 2196 2199 0
2184 2198 2199 0
2196 2184 2199 0
2199 2198 2213 0
2181 2184 2196 0
2168 2183 2184 0
2181 2168 2184 0
2168 2167 2183 0
2198 2184 2183 0
2181 2165 2168 0
2165 2149 2152 0
2152 2167 2168 0
2135 2149 2132 0
2167 2152 2151 0
2168 2165 2152 0
2151 2152 2135 0
2119 2132 2115 0
2151 2135 2134 0
2152 2149 2135 0
2119 2134 2135 0
2135 2132 2119 0
2119 2115 2102 0
2118 2119 2101 0
2118 2134 2119 0
2102 2103 2119 0
2103 2086 2087 0
2119 2103 2101 0
2102 2085 2103 0
2085 2086 2103 0
2069 2068 2086 0
2086 2068 2070 0
2101 2103 2087 0
2085 2069 2086 0
2086 2070 2087 0
2053 2068 2069 0
2053 2037 2052 0
2054 2070 2068 0
2052 2036 2038 0
2053 2052 2068 0
2037 2036 2052 0
2052 2054 2068 0
2036 2023 2038 0
2054 2052 2038 0
2037 2022 2036 0
2022 2007 2021 0
2021 2023 2036 0
2022 2021 2036 0
2007 2008 2021 0
2006 2007 2022 0
2021 2008 2023 0
1987 1988 2006 0
1989 2008 2007 0
1988 1968 1969 0
2007 1988 1989 0
1987 1968 1988 0
1980 1960 1970 0
1990 1980 1970 0
1989 1969 1980 0
2008 1989 1990 0
2007 2006 1988 0
1989 1980 1990 0
1988 1969 1989 0
1981 1966 1967 0
1969 1960 1980 0
1943 1945 1969 0
1967 1943 1968 0
1959 1935 1943 0
1943 1935 1917 0
1967 1959 1943 0
1987 1967 1968 0
1987 1981 1967 0
1942 1964 1940 0
1936 1919 1946 0
1916 1936 1944 0
1916 1919 1936 0
1944 1960 1969 0
1944 1936 1960 0
1942 1966 1964 0
1970 1960 1946 0
1960 1936 1946 0
1919 1891 1890 0
1919 1916 1891 0
1983 2003 1982 0
1859 1890 1860 0
2384 2373 2372 0
2373 2357 2372 0
2357 2367 2350 0
2372 2357 2356 0
2373 2367 2357 0
2372 2356 2355 0
2349 2365 2366 0
2368 2351 2366 0
2350 2339 2357 0
2355 2356 2338 0
2350 2365 2349 0
2350 2333 2339 0
2365 2350 2367 0
2338 2321 2319 0
2357 2339 2356 0
2333 2320 2339 0
2349 2333 2350 0
2349 2351 2334 0
2301 2295 2300 0
2319 2301 2318 0
2302 2284 2301 0
2320 2303 2321 0
2284 2278 2295 0
2303 2284 2302 0
2288 2286 2270 0
2318 2337 2319 0
2334 2320 2333 0
2360 2342 2343 0
2324 2322 2306 0
2344 2340 2358 0
2326 2322 2340 0
2346 2330 2344 0
2308 2312 2293 0
2327 2309 2312 0
2327 2329 2311 0
2268 2285 2271 0
2326 2340 2344 0
2304 2322 2308 0
2287 2269 2286 0
2271 2285 2289 0
2268 2269 2285 0
2305 2288 2307 0
2323 2305 2307 0
2325 2323 2307 0
2342 2341 2324 0
2306 2287 2305 0
2341 2359 2358 0
2322 2324 2340 0
2342 2359 2341 0
2334 2351 2343 0
2341 2358 2340 0
2337 2355 2338 0
2351 2368 2360 0
2317 2337 2318 0
2389 2383 2380 0
2364 2363 2379 0
2379 2363 2378 0
2380 2379 2389 0
2380 2364 2379 0
2363 2346 2362 0
2345 2347 2331 0
2346 2345 2328 0
2363 2347 2345 0
2378 2363 2362 0
2361 2378 2362 0
2388 2389 2379 0
2387 2388 2378 0
2387 2391 2388 0
2364 2347 2363 0
2331 2328 2345 0
2387 2390 2391 0
2389 2388 2391 0
2362 2344 2361 0
2388 2379 2378 0
2346 2344 2362 0
2274 2292 2276 0
2276 2292 2294 0
2257 2273 2274 0
2311 2329 2310 0
2292 2311 2310 0
2291 2309 2311 0
2290 2291 2273 0
2290 2309 2291 0
2328 2313 2310 0
2306 2305 2323 0
2304 2306 2322 0
2287 2286 2305 0
2278 2262 2277 0
2301 2284 2295 0
2270 2252 2262 0
2284 2270 2278 0
2286 2269 2270 0
2375 2359 2360 0
2375 2385 2374 0
2322 2326 2308 0
2374 2385 2377 0
2359 2374 2358 0
2359 2375 2374 0
2376 2375 2360 0
2386 2390 2385 0
2254 2260 2258 0
2330 2327 2312 0
2344 2330 2326 0
2346 2327 2330 0
2292 2310 2294 0
2273 2292 2274 0
2291 2311 2292 0
2309 2327 2311 0
2312 2326 2330 0
2293 2312 2309 0
2308 2326 2312 0
2290 2293 2309 0
2289 2304 2308 0
2346 2329 2327 0
2346 2328 2329 0
2361 2377 2378 0
2358 2361 2344 0
2385 2390 2387 0
2361 2374 2377 0
2375 2386 2385 0
2310 2313 2294 0
2363 2345 2346 0
2331 2313 2328 0
2259 2256 2274 0
2377 2385 2387 0
2378 2377 2387 0
2361 2358 2374 0
2325 2320 2334 0
2324 2306 2323 0
2342 2324 2323 0
2341 2340 2324 0
2307 2303 2320 0
2342 2323 2325 0
2288 2303 2307 0
2289 2285 2304 0
2307 2320 2325 0
2284 2303 2288 0
2302 2321 2303 0
2338 2339 2321 0
2337 2338 2319 0
2356 2339 2338 0
2342 2360 2359 0
2333 2349 2334 0
2349 2366 2351 0
2376 2360 2368 0
2376 2386 2375 0
2273 2272 2290 0
2243 2256 2259 0
2257 2255 2272 0
2240 2257 2256 0
2240 2255 2257 0
2261 2262 2244 0
2278 2277 2295 0
2236 2244 2252 0
2261 2277 2262 0
2267 2261 2250 0
2267 2277 2261 0
2300 2299 2318 0
2283 2300 2295 0
2283 2282 2300 0
2299 2300 2282 0
2302 2319 2321 0
2283 2295 2277 0
2301 2319 2302 0
2300 2318 2301 0
2299 2317 2318 0
2292 2273 2291 0
2259 2274 2276 0
2256 2257 2274 0
2267 2266 2283 0
2277 2267 2283 0
2249 2231 2232 0
2250 2249 2267 0
2250 2235 2249 0
2283 2266 2282 0
2222 2239 2226 0
2237 2254 2242 0
2239 2243 2226 0
2222 2226 2210 0
2205 2189 2206 0
2239 2256 2243 0
2223 2239 2222 0
2240 2256 2239 0
2237 2220 2236 0
2244 2250 2261 0
2244 2234 2250 0
2252 2244 2262 0
2236 2234 2244 0
2251 2236 2252 0
2268 2251 2252 0
2268 2253 2251 0
2253 2237 2236 0
2217 2235 2233 0
2225 2208 2219 0
2186 2195 2201 0
2186 2180 2195 0
2200 2186 2201 0
2200 2203 2186 0
2220 2203 2217 0
2234 2220 2217 0
2219 2208 2203 0
2237 2219 2220 0
2237 2225 2219 0
2193 2207 2204 0
2192 2209 2191 0
2208 2225 2209 0
2212 2227 2218 0
2248 2266 2267 0
2176 2194 2177 0
2187 2188 2171 0
2205 2222 2210 0
2194 2205 2210 0
2206 2223 2205 0
2204 2206 2188 0
2240 2238 2255 0
2223 2240 2239 0
2223 2238 2240 0
2205 2223 2222 0
2221 2238 2223 0
2204 2221 2206 0
2204 2207 2221 0
2268 2271 2253 0
2328 2310 2329 0
2271 2254 2253 0
2255 2258 2272 0
2273 2257 2272 0
2238 2241 2255 0
2241 2224 2242 0
2258 2241 2242 0
2238 2224 2241 0
2140 2139 2123 0
2162 2157 2147 0
2173 2155 2156 0
2186 2203 2190 0
2158 2154 2141 0
2172 2158 2155 0
2170 2154 2158 0
2249 2248 2267 0
2249 2232 2248 0
2233 2235 2250 0
2234 2233 2250 0
2234 2217 2233 0
2218 2232 2231 0
2189 2188 2206 0
2194 2189 2205 0
2176 2171 2189 0
2189 2171 2188 0
2160 2176 2177 0
2160 2159 2176 0
2159 2170 2171 0
2227 2232 2218 0
2161 2160 2177 0
2212 2218 2202 0
2251 2253 2236 0
2343 2325 2334 0
2360 2343 2351 0
2342 2325 2343 0
2288 2270 2284 0
2321 2339 2320 0
2260 2275 2258 0
2271 2260 2254 0
2271 2275 2260 0
2304 2287 2306 0
2305 2286 2288 0
2285 2287 2304 0
2285 2269 2287 0
2252 2269 2268 0
2252 2270 2269 0
2270 2262 2278 0
2275 2272 2258 0
2289 2275 2271 0
2290 2272 2275 0
2242 2225 2237 0
2255 2241 2258 0
2224 2225 2242 0
2293 2275 2289 0
2308 2293 2289 0
2290 2275 2293 0
2237 2253 2254 0
2236 2220 2234 0
2171 2170 2187 0
2161 2144 2160 0
2154 2170 2159 0
2202 2197 2212 0
2235 2217 2216 0
2218 2235 2216 0
2231 2249 2235 0
2195 2185 2202 0
2169 2163 2153 0
2218 2201 2202 0
2178 2163 2179 0
2180 2178 2195 0
2180 2164 2178 0
2200 2217 2203 0
2190 2174 2186 0
2208 2190 2203 0
2208 2192 2190 0
2235 2218 2231 0
2201 2216 2200 0
2201 2218 2216 0
2202 2201 2195 0
2216 2217 2200 0
2187 2204 2188 0
2158 2175 2170 0
2170 2175 2187 0
2192 2191 2173 0
2157 2174 2173 0
2209 2225 2207 0
2174 2190 2192 0
2203 2220 2219 0
2192 2208 2209 0
2131 2120 2137 0
2147 2131 2137 0
2140 2157 2156 0
2131 2140 2123 0
2147 2157 2140 0
2162 2147 2148 0
2178 2162 2163 0
2174 2192 2173 0
2162 2164 2157 0
2180 2186 2174 0
2120 2105 2121 0
2123 2107 2120 0
2147 2140 2131 0
2139 2122 2123 0
2123 2122 2107 0
2144 2126 2128 0
2146 2144 2142 0
2143 2127 2144 0
2145 2156 2155 0
2140 2156 2139 0
2164 2174 2157 0
2178 2164 2162 0
2180 2174 2164 0
2173 2156 2157 0
2120 2121 2137 0
2107 2105 2120 0
2131 2123 2120 0
2106 2090 2107 0
2122 2106 2107 0
2130 2122 2139 0
2114 2098 2106 0
2130 2114 2122 0
2130 2124 2114 0
2072 2077 2059 0
2073 2072 2059 0
2073 2089 2072 0
2106 2089 2090 0
2092 2077 2089 0
2098 2092 2089 0
2098 2108 2092 0
2071 2075 2058 0
2104 2088 2100 0
2091 2075 2088 0
2185 2197 2202 0
2178 2179 2195 0
2182 2197 2185 0
2144 2128 2142 0
2111 2126 2127 0
2112 2128 2126 0
2169 2182 2185 0
2179 2169 2185 0
2195 2179 2185 0
2163 2169 2179 0
2153 2166 2169 0
2206 2221 2223 0
2189 2194 2176 0
2172 2155 2173 0
2175 2158 2172 0
2191 2175 2172 0
2193 2187 2175 0
2191 2193 2175 0
2172 2173 2191 0
2141 2155 2158 0
2145 2139 2156 0
2207 2224 2221 0
2193 2209 2207 0
2187 2193 2204 0
2191 2209 2193 0
2224 2238 2221 0
2225 2224 2207 0
2242 2254 2258 0
2110 2111 2094 0
2126 2110 2112 0
2126 2111 2110 0
2129 2121 2117 0
2166 2153 2150 0
2137 2121 2136 0
2153 2148 2137 0
2150 2153 2136 0
2166 2182 2169 0
2148 2147 2137 0
2136 2153 2137 0
2163 2162 2148 0
2125 2109 2124 0
2100 2084 2099 0
2116 2117 2099 0
2104 2091 2088 0
2105 2104 2121 0
2075 2074 2057 0
2055 2071 2058 0
2091 2090 2075 0
2105 2091 2104 0
2091 2107 2090 0
2153 2163 2148 0
2094 2082 2097 0
2129 2117 2133 0
2136 2129 2133 0
2136 2121 2129 0
2150 2136 2133 0
2106 2122 2114 0
2142 2154 2159 0
2146 2142 2159 0
2160 2146 2159 0
2160 2144 2146 0
2171 2176 2159 0
2161 2143 2144 0
2128 2125 2142 0
2127 2126 2144 0
2124 2108 2114 0
2141 2125 2124 0
2145 2141 2130 0
2139 2145 2130 0
2155 2141 2145 0
2138 2125 2141 0
2154 2138 2141 0
2154 2142 2138 0
2109 2108 2124 0
2113 2109 2125 0
2112 2113 2128 0
2112 2109 2113 0
2112 2095 2096 0
2079 2082 2094 0
2025 2041 2040 0
2009 2025 2024 0
2019 2035 2025 0
2071 2088 2075 0
2067 2071 2055 0
2084 2088 2071 0
2057 2040 2058 0
2075 2057 2058 0
2074 2073 2057 0
2090 2074 2075 0
2105 2107 2091 0
2106 2098 2089 0
2077 2093 2076 0
2065 2062 2048 0
2082 2065 2064 0
2082 2079 2065 0
2121 2104 2117 0
2097 2112 2110 0
2094 2097 2110 0
2082 2080 2095 0
2062 2065 2079 0
2080 2063 2081 0
2045 2048 2062 0
2108 2098 2114 0
2096 2108 2109 0
2093 2092 2108 0
2078 2076 2093 0
2081 2078 2093 0
2063 2061 2078 0
2031 2030 2046 0
2044 2043 2060 0
2056 2039 2040 0
2090 2089 2074 0
2060 2061 2044 0
2042 2060 2043 0
2076 2078 2060 0
2078 2061 2060 0
2081 2063 2078 0
2108 2096 2093 0
2095 2097 2082 0
2046 2030 2044 0
2064 2046 2063 0
2047 2048 2032 0
2064 2047 2046 0
2064 2048 2047 0
2043 2027 2026 0
2059 2060 2042 0
2044 2028 2043 0
2084 2083 2099 0
2117 2104 2100 0
2099 2117 2100 0
2116 2133 2117 0
2050 2049 2066 0
2055 2051 2067 0
2084 2071 2067 0
2058 2041 2055 0
2035 2041 2025 0
2029 2016 2032 0
2030 2031 2014 0
2028 2030 2014 0
2044 2061 2046 0
2077 2092 2093 0
2059 2077 2076 0
2077 2072 2089 0
2073 2074 2089 0
2056 2073 2059 0
2056 2057 2073 0
2042 2056 2059 0
2040 2057 2056 0
2125 2138 2142 0
2113 2125 2128 0
2124 2130 2141 0
2061 2063 2046 0
2013 2016 2029 0
2011 2012 1994 0
2015 1997 2014 0
2016 2015 2031 0
2016 1999 2015 0
1997 1976 1996 0
2088 2084 2100 0
2066 2067 2050 0
2066 2083 2067 0
2067 2083 2084 0
2013 1995 1998 0
2034 2049 2050 0
2049 2034 2033 0
1999 1979 1997 0
2013 1998 2016 0
1995 1974 1977 0
2019 2025 2009 0
2002 2004 2019 0
1983 2002 2003 0
1983 1984 2002 0
2041 2051 2055 0
2024 2025 2040 0
2035 2051 2041 0
2004 2020 2019 0
2034 2051 2035 0
2080 2082 2064 0
2063 2080 2064 0
2095 2112 2097 0
2081 2095 2080 0
2096 2109 2112 0
2081 2096 2095 0
2081 2093 2096 0
2032 2016 2031 0
2047 2032 2031 0
2048 2045 2032 0
1991 1992 1973 0
2009 1991 2003 0
2009 2010 1991 0
2019 2009 2003 0
2024 2026 2010 0
2010 2027 2011 0
2039 2026 2024 0
2039 2056 2042 0
1876 1903 1904 0
1877 1876 1907 0
1908 1877 1907 0
1848 1845 1877 0
1845 1874 1876 0
1976 1975 1996 0
1996 2014 1997 0
1954 1975 1976 0
1993 2012 1996 0
1999 2016 1998 0
1978 1999 1998 0
1997 2015 1999 0
1976 1997 1979 0
2014 2031 2015 0
2012 2011 2028 0
2032 2045 2029 0
2046 2047 2031 0
2064 2065 2048 0
1720 1744 1718 0
1742 1768 1767 0
1744 1742 1741 0
1744 1768 1742 0
1727 1725 1749 0
1726 1709 1702 0
1733 1726 1750 0
1733 1709 1726 0
1798 1775 1799 0
1751 1773 1777 0
1776 1751 1777 0
1727 1749 1751 0
1749 1748 1775 0
1742 1767 1741 0
1844 1843 1874 0
1818 1844 1845 0
1848 1818 1845 0
1794 1791 1815 0
1816 1791 1807 0
1818 1815 1844 0
1818 1794 1815 0
1816 1815 1791 0
1843 1816 1833 0
1843 1844 1816 0
1848 1820 1818 0
1793 1768 1794 0
1781 1783 1807 0
1756 1781 1769 0
1782 1757 1776 0
1801 1782 1776 0
1800 1807 1782 0
1793 1767 1768 0
1769 1794 1768 0
1820 1849 1819 0
1769 1791 1794 0
1902 1874 1873 0
1902 1920 1928 0
1892 1893 1873 0
1892 1921 1893 0
1958 1979 1978 0
1907 1931 1933 0
1954 1976 1957 0
1820 1848 1849 0
1794 1820 1793 0
1794 1818 1820 0
1903 1876 1874 0
1956 1958 1978 0
1845 1876 1877 0
1957 1976 1979 0
1929 1928 1953 0
1931 1929 1954 0
1931 1904 1929 0
1876 1904 1907 0
1903 1928 1904 0
1948 1920 1947 0
1957 1931 1954 0
1902 1893 1920 0
1903 1902 1928 0
1903 1874 1902 0
1878 1875 1846 0
1927 1952 1951 0
1871 1900 1901 0
1926 1952 1927 0
1899 1926 1900 0
1817 1838 1811 0
1878 1908 1906 0
1849 1879 1847 0
1877 1908 1879 0
1899 1898 1925 0
1846 1875 1868 0
1906 1932 1905 0
1841 1814 1838 0
1869 1841 1868 0
1840 1814 1841 0
1790 1787 1811 0
1788 1789 1813 0
1764 1739 1761 0
1771 1770 1795 0
1978 1979 1999 0
1931 1907 1904 0
1928 1929 1904 0
1934 1933 1931 0
1957 1934 1931 0
1957 1958 1934 0
1955 1930 1956 0
1977 1955 1956 0
1974 1952 1955 0
1898 1905 1925 0
1868 1898 1899 0
1875 1905 1898 0
1925 1930 1952 0
1899 1925 1926 0
1905 1930 1925 0
1906 1905 1875 0
1932 1930 1905 0
1958 1932 1933 0
1958 1956 1932 0
1932 1956 1930 0
1934 1958 1933 0
1957 1979 1958 0
1978 1977 1956 0
1952 1926 1925 0
1879 1848 1877 0
2001 2000 2017 0
1977 1998 1995 0
1952 1930 1955 0
1978 1998 1977 0
1868 1875 1898 0
2024 2040 2039 0
1973 1994 1971 0
2003 1991 1982 0
2011 1994 1992 0
2010 2011 1992 0
2027 2028 2011 0
2042 2043 2026 0
2039 2042 2026 0
2059 2076 2060 0
2012 2014 1996 0
1994 2012 1993 0
2028 2014 2012 0
2043 2028 2027 0
2044 2030 2028 0
2020 2035 2019 0
1985 2005 2004 0
2034 2035 2020 0
2051 2034 2050 0
2067 2051 2050 0
2058 2040 2041 0
2005 1985 1986 0
2018 2005 2001 0
2020 2004 2005 0
2017 2018 2001 0
2019 2003 2002 0
2010 1992 1991 0
2024 2010 2009 0
2026 2027 2010 0
1975 1993 1996 0
1929 1953 1954 0
1948 1947 1971 0
1953 1948 1972 0
1954 1953 1975 0
1928 1948 1953 0
1928 1920 1948 0
1772 1781 1756 0
1782 1801 1800 0
1750 1776 1757 0
1777 1802 1776 0
1844 1874 1845 0
1883 1911 1912 0
1873 1862 1892 0
1855 1882 1883 0
1862 1855 1883 0
1853 1826 1854 0
1833 1853 1855 0
1833 1807 1825 0
1816 1807 1833 0
1850 1829 1822 0
1856 1828 1857 0
1827 1802 1828 0
1938 1921 1912 0
1961 1938 1937 0
1961 1962 1938 0
1939 1961 1937 0
1982 1973 1962 0
1843 1873 1874 0
1855 1853 1882 0
1781 1807 1791 0
1800 1801 1826 0
1783 1782 1807 0
1783 1757 1782 0
1862 1873 1843 0
1921 1947 1920 0
1937 1938 1912 0
1949 1947 1921 0
1938 1949 1921 0
1962 1973 1949 0
1893 1902 1873 0
1912 1921 1892 0
1972 1971 1994 0
1975 1972 1993 0
1948 1971 1972 0
1949 1971 1947 0
1991 1973 1982 0
1992 1994 1973 0
1994 1993 1972 0
1781 1791 1769 0
2034 2018 2033 0
2001 1986 1981 0
2018 2020 2005 0
2033 2018 2017 0
2034 2020 2018 0
2005 1986 2001 0
2002 1984 2004 0
1984 1983 1963 0
1981 1987 2000 0
1966 1981 1986 0
1966 1959 1967 0
1418 1416 1443 0
1393 1418 1392 0
1393 1416 1418 0
1418 1417 1392 0
1416 1419 1443 0
1417 1418 1443 0
1469 1444 1470 0
1442 1469 1445 0
1443 1444 1469 0
1417 1443 1442 0
1419 1444 1443 0
1469 1442 1443 0
1492 1469 1470 0
1471 1469 1492 0
1516 1493 1517 0
1445 1469 1471 0
1470 1493 1492 0
1492 1494 1471 0
1540 1516 1517 0
1516 1540 1518 0
1492 1516 1494 0
1492 1493 1516 0
1540 1541 1565 0
1540 1517 1541 0
1542 1540 1565 0
1518 1494 1516 0
1565 1541 1564 0
1590 1565 1564 0
1542 1518 1540 0
1566 1542 1565 0
1564 1567 1590 0
1566 1565 1590 0
1590 1592 1613 0
1566 1590 1591 0
1567 1592 1590 0
1590 1613 1591 0
1637 1615 1639 0
1614 1637 1638 0
1613 1615 1637 0
1591 1613 1614 0
1592 1615 1613 0
1637 1614 1613 0
1637 1639 1661 0
1661 1638 1637 0
1661 1662 1687 0
1661 1640 1638 0
1662 1661 1639 0
1687 1663 1661 0
1688 1687 1662 0
1711 1688 1712 0
1663 1687 1689 0
1663 1640 1661 0
1734 1711 1712 0
1711 1689 1687 0
1688 1711 1687 0
1734 1713 1711 0
1712 1735 1734 0
1759 1735 1758 0
1713 1734 1736 0
1713 1689 1711 0
1734 1735 1759 0
1734 1759 1736 0
1784 1785 1759 0
1785 1786 1760 0
1759 1785 1760 0
1736 1759 1760 0
1758 1784 1759 0
1784 1809 1785 0
1834 1809 1835 0
1786 1808 1810 0
1785 1809 1808 0
1786 1785 1808 0
1810 1808 1834 0
1834 1808 1809 0
1863 1834 1835 0
1836 1810 1834 0
1836 1834 1863 0
1863 1837 1866 0
1836 1863 1864 0
1835 1837 1863 0
1894 1863 1866 0
1837 1865 1866 0
1895 1865 1867 0
1895 1866 1865 0
1896 1895 1867 0
1922 1894 1895 0
1894 1864 1863 0
1895 1894 1866 0
1923 1896 1924 0
1922 1895 1923 0
1901 1897 1872 0
1950 1923 1951 0
1896 1897 1924 0
1923 1950 1922 0
1896 1923 1895 0
1924 1951 1923 0
1901 1900 1927 0
1924 1901 1927 0
1872 1871 1901 0
1952 1974 1951 0
1901 1924 1897 0
1926 1927 1900 0
1951 1924 1927 0
1870 1871 1842 0
1870 1842 1869 0
1869 1842 1839 0
1950 1951 1974 0
1840 1839 1813 0
1840 1869 1839 0
1814 1811 1838 0
1813 1814 1840 0
1790 1811 1814 0
1789 1790 1813 0
1765 1787 1790 0
1811 1796 1817 0
1868 1841 1838 0
1787 1796 1811 0
1870 1900 1871 0
1899 1870 1869 0
1899 1900 1870 0
1813 1839 1812 0
1788 1813 1812 0
1766 1740 1741 0
1767 1766 1741 0
1746 1721 1740 0
1770 1746 1766 0
1770 1745 1746 0
1819 1849 1821 0
1762 1745 1770 0
1764 1789 1763 0
1767 1792 1766 0
1761 1739 1762 0
1787 1761 1762 0
1765 1764 1761 0
1787 1765 1761 0
1763 1737 1764 0
1714 1738 1715 0
1847 1846 1817 0
1933 1908 1907 0
1878 1846 1847 0
1879 1878 1847 0
1906 1875 1878 0
1933 1906 1908 0
1933 1932 1906 0
1814 1813 1790 0
1819 1795 1792 0
1817 1796 1821 0
1849 1847 1821 0
1846 1838 1817 0
1878 1879 1908 0
1821 1847 1817 0
1849 1848 1879 0
1841 1869 1840 0
1846 1868 1838 0
1899 1869 1868 0
1787 1762 1771 0
1789 1764 1765 0
1790 1789 1765 0
1788 1763 1789 0
1745 1722 1746 0
1755 1753 1730 0
1778 1755 1752 0
1755 1780 1753 0
1945 1918 1944 0
1880 1861 1888 0
1823 1851 1850 0
1823 1799 1824 0
1891 1916 1888 0
1861 1860 1891 0
1880 1851 1861 0
1918 1909 1889 0
1822 1829 1803 0
1887 1917 1910 0
1888 1918 1889 0
1918 1917 1909 0
1885 1884 1857 0
1832 1805 1830 0
1860 1890 1891 0
1702 1725 1727 0
1634 1653 1659 0
1729 1728 1753 0
1748 1729 1754 0
1775 1748 1754 0
1725 1701 1724 0
1703 1678 1679 0
1676 1700 1701 0
1700 1678 1703 0
1806 1799 1780 0
1779 1805 1780 0
1861 1891 1888 0
1832 1830 1860 0
1851 1832 1861 0
1824 1806 1832 0
1851 1824 1832 0
1851 1823 1824 0
1831 1859 1860 0
1862 1883 1892 0
1833 1862 1843 0
1833 1855 1862 0
1844 1815 1816 0
1825 1800 1826 0
1833 1825 1853 0
1807 1800 1825 0
1780 1799 1774 0
1754 1780 1774 0
1830 1804 1831 0
1780 1805 1806 0
1779 1804 1805 0
1945 1944 1969 0
1968 1943 1969 0
1918 1888 1916 0
1943 1917 1945 0
1886 1885 1857 0
1852 1881 1857 0
1828 1852 1857 0
1829 1850 1858 0
1910 1915 1886 0
1910 1881 1887 0
1917 1935 1910 0
1941 1939 1914 0
1918 1916 1944 0
2000 2001 1981 0
1690 1664 1669 0
1832 1860 1861 0
1804 1830 1805 0
1831 1860 1830 0
1649 1664 1641 0
1696 1669 1672 0
1691 1690 1669 0
1719 1740 1717 0
1718 1719 1694 0
1741 1740 1719 0
1744 1769 1768 0
1719 1744 1741 0
1720 1743 1744 0
1693 1684 1707 0
1747 1733 1757 0
1720 1707 1732 0
1723 1733 1747 0
1732 1723 1747 0
1707 1708 1732 0
1718 1707 1720 0
1684 1708 1707 0
1684 1683 1708 0
1718 1693 1707 0
1667 1658 1683 0
1775 1754 1774 0
1799 1775 1774 0
1749 1725 1748 0
1773 1749 1775 0
1773 1751 1749 0
1698 1686 1674 0
1685 1698 1674 0
1685 1709 1698 0
1727 1726 1702 0
1710 1686 1698 0
1733 1710 1709 0
1733 1723 1710 0
1685 1674 1659 0
1676 1677 1659 0
1702 1709 1685 0
1955 1977 1974 0
1792 1767 1793 0
1795 1770 1792 0
1821 1795 1819 0
1771 1762 1770 0
1796 1771 1795 0
1796 1787 1771 0
1770 1766 1792 0
1819 1792 1793 0
1820 1819 1793 0
1821 1796 1795 0
1683 1684 1667 0
1675 1683 1658 0
1699 1708 1683 0
1714 1715 1691 0
1696 1714 1691 0
1669 1696 1691 0
1697 1722 1696 0
1738 1737 1715 0
1743 1769 1744 0
1732 1743 1720 0
1756 1769 1743 0
1732 1747 1756 0
1743 1732 1756 0
1708 1723 1732 0
1772 1783 1781 0
1747 1772 1756 0
1747 1757 1772 0
1772 1757 1783 0
1699 1710 1723 0
1702 1701 1725 0
1750 1726 1727 0
1659 1650 1634 0
1709 1710 1698 0
1686 1660 1674 0
1964 1966 1986 0
1965 1964 1986 0
1984 1965 1985 0
1984 1963 1965 0
2004 1984 1985 0
1884 1856 1857 0
1911 1884 1913 0
1882 1856 1884 0
1883 1882 1911 0
1854 1856 1882 0
1853 1854 1882 0
1826 1827 1854 0
1797 1803 1777 0
1911 1937 1912 0
1892 1883 1912 0
1884 1885 1913 0
1963 1939 1941 0
1964 1965 1941 0
1983 1962 1961 0
1938 1962 1949 0
1963 1961 1939 0
1963 1983 1961 0
1937 1911 1913 0
1777 1803 1802 0
1850 1851 1880 0
1801 1776 1802 0
1827 1801 1802 0
1803 1828 1802 0
1856 1854 1827 0
1826 1853 1825 0
1822 1797 1798 0
1915 1935 1942 0
1889 1880 1888 0
1881 1852 1858 0
1887 1881 1858 0
1889 1887 1858 0
1909 1917 1887 0
1910 1886 1881 0
1858 1880 1889 0
1918 1945 1917 0
1914 1885 1886 0
1941 1914 1940 0
1913 1885 1914 0
1937 1913 1939 0
1911 1882 1884 0
1801 1827 1826 0
1823 1822 1798 0
1806 1824 1799 0
1850 1822 1823 0
1857 1881 1886 0
1829 1828 1803 0
1858 1852 1829 0
1880 1858 1850 0
1889 1909 1887 0
1852 1828 1829 0
1965 1963 1941 0
1822 1803 1797 0
1750 1751 1776 0
1733 1750 1757 0
1727 1751 1750 0
1828 1856 1827 0
1915 1914 1886 0
1915 1940 1914 0
1935 1915 1910 0
1942 1940 1915 0
1959 1942 1935 0
1959 1966 1942 0
1964 1941 1940 0
1914 1939 1913 0
1971 1949 1973 0
1972 1975 1953 0
1920 1893 1921 0
1962 1983 1982 0
1965 1986 1985 0
1744 1719 1718 0
1693 1667 1684 0
1571 1595 1570 0
1624 1649 1623 0
1599 1574 1576 0
1624 1625 1649 0
1622 1620 1647 0
1671 1695 1697 0
1692 1671 1665 0
1668 1692 1665 0
1717 1695 1692 0
1716 1722 1739 0
1738 1716 1739 0
1696 1722 1716 0
1624 1623 1600 0
1601 1624 1599 0
1649 1672 1669 0
1625 1648 1649 0
1625 1622 1646 0
1666 1667 1693 0
1668 1666 1693 0
1645 1618 1644 0
1668 1665 1645 0
1718 1694 1693 0
1692 1695 1671 0
1719 1717 1694 0
1740 1721 1717 0
1571 1569 1594 0
1596 1571 1594 0
1596 1595 1571 0
1617 1596 1594 0
1570 1572 1547 0
1571 1570 1569 0
1595 1572 1570 0
1619 1595 1596 0
1619 1616 1595 0
1642 1619 1645 0
1593 1572 1595 0
1616 1593 1595 0
1616 1597 1593 0
1489 1504 1481 0
1491 1515 1514 0
1537 1528 1513 0
1602 1585 1610 0
1594 1602 1608 0
1578 1585 1602 0
1544 1545 1521 0
1543 1544 1520 0
1569 1545 1544 0
1601 1625 1624 0
1620 1622 1598 0
1616 1620 1597 0
1647 1665 1671 0
1621 1642 1647 0
1616 1621 1620 0
1616 1642 1621 0
1616 1619 1642 0
1670 1672 1648 0
1625 1646 1648 0
1671 1697 1670 0
1717 1692 1694 0
1697 1672 1670 0
1721 1722 1695 0
1696 1672 1697 0
1716 1714 1696 0
1762 1739 1745 0
1738 1714 1716 0
1764 1738 1739 0
1764 1737 1738 0
1715 1690 1691 0
1649 1669 1664 0
1623 1649 1641 0
1648 1672 1649 0
1673 1678 1652 0
1704 1728 1703 0
1703 1729 1724 0
1680 1704 1679 0
1728 1729 1703 0
1675 1651 1660 0
1631 1606 1630 0
1657 1654 1631 0
1632 1657 1630 0
1656 1681 1657 0
1604 1609 1586 0
1580 1604 1586 0
1673 1655 1679 0
1678 1673 1679 0
1652 1655 1673 0
1629 1652 1627 0
1629 1655 1652 0
1604 1629 1609 0
1628 1655 1629 0
1603 1628 1604 0
1603 1606 1628 0
1654 1655 1631 0
1630 1657 1631 0
1680 1679 1655 0
1657 1680 1654 0
1682 1705 1704 0
1652 1653 1627 0
1626 1602 1610 0
1635 1626 1610 0
1602 1594 1578 0
1633 1608 1626 0
1633 1617 1608 0
1604 1580 1603 0
1779 1778 1804 0
1753 1728 1730 0
1779 1780 1755 0
1780 1754 1753 0
1578 1568 1558 0
1626 1608 1602 0
1594 1568 1578 0
1617 1594 1608 0
1658 1643 1633 0
1643 1618 1617 0
1569 1568 1594 0
1630 1607 1632 0
1544 1568 1569 0
1543 1558 1568 0
1519 1543 1520 0
1496 1519 1520 0
1495 1511 1519 0
1535 1558 1543 0
1519 1535 1543 0
1511 1528 1535 0
1513 1528 1504 0
1552 1558 1535 0
1537 1552 1528 0
1537 1559 1552 0
1552 1559 1558 0
1562 1588 1584 0
1559 1562 1584 0
1563 1588 1562 0
1589 1587 1611 0
1612 1589 1611 0
1612 1588 1589 0
1585 1584 1610 0
1563 1561 1588 0
1513 1514 1538 0
1561 1587 1588 0
1539 1561 1563 0
1539 1536 1561 0
1586 1609 1611 0
1660 1650 1674 0
1675 1660 1686 0
1710 1699 1686 0
1658 1651 1675 0
1651 1635 1660 0
1626 1635 1651 0
1589 1588 1587 0
1584 1588 1610 0
1559 1584 1585 0
1558 1559 1585 0
1537 1563 1562 0
1559 1537 1562 0
1611 1609 1634 0
1650 1636 1634 0
1587 1586 1611 0
1651 1633 1626 0
1636 1660 1635 0
1658 1633 1651 0
1699 1683 1675 0
1686 1699 1675 0
1723 1708 1699 0
1667 1643 1658 0
1644 1643 1667 0
1666 1644 1667 0
1666 1645 1644 0
1596 1618 1619 0
1596 1617 1618 0
1463 1459 1437 0
1463 1483 1459 0
1510 1487 1486 0
1510 1533 1509 0
1488 1506 1512 0
1491 1488 1512 0
1464 1485 1488 0
1507 1508 1484 0
1529 1553 1531 0
1508 1529 1531 0
1579 1603 1580 0
1532 1556 1555 0
1555 1556 1582 0
1553 1555 1579 0
1553 1532 1555 0
1514 1513 1489 0
1491 1514 1490 0
1515 1539 1538 0
1560 1587 1561 0
1560 1586 1587 0
1554 1560 1536 0
1580 1586 1560 0
1554 1580 1560 0
1512 1531 1530 0
1553 1579 1554 0
1531 1553 1554 0
1529 1532 1553 0
1628 1631 1655 0
1636 1611 1634 0
1610 1612 1635 0
1610 1588 1612 0
1585 1578 1558 0
1388 1391 1413 0
1366 1388 1368 0
1369 1391 1388 0
1345 1349 1366 0
1384 1391 1369 0
1349 1362 1369 0
1340 1359 1339 0
1318 1319 1339 0
1323 1344 1342 0
1366 1369 1388 0
1367 1348 1368 0
1381 1359 1382 0
1384 1381 1404 0
1362 1359 1381 0
1369 1362 1384 0
1349 1341 1362 0
1366 1349 1369 0
1345 1324 1328 0
1348 1327 1345 0
1368 1348 1366 0
1367 1347 1346 0
1328 1308 1320 0
1345 1328 1349 0
1324 1308 1328 0
1382 1403 1404 0
1360 1382 1359 0
1360 1380 1382 0
1461 1460 1484 0
1464 1461 1485 0
1435 1456 1461 0
1465 1490 1466 0
1415 1391 1412 0
1414 1413 1439 0
1414 1389 1390 0
1438 1464 1441 0
1459 1460 1434 0
1437 1459 1433 0
1407 1410 1433 0
1436 1462 1437 0
1484 1508 1485 0
1483 1484 1460 0
1483 1507 1484 0
1431 1457 1458 0
1405 1431 1432 0
1414 1405 1389 0
1414 1431 1405 0
1440 1457 1431 0
1415 1441 1439 0
1466 1457 1440 0
1465 1466 1440 0
1414 1439 1440 0
1441 1467 1465 0
1489 1513 1504 0
1490 1489 1466 0
1490 1514 1489 0
1538 1563 1537 0
1513 1538 1537 0
1514 1515 1538 0
1512 1515 1491 0
1512 1536 1515 0
1481 1457 1466 0
1489 1481 1466 0
1504 1482 1481 0
1755 1778 1779 0
1624 1600 1599 0
1755 1731 1752 0
1730 1705 1706 0
1755 1730 1731 0
1728 1704 1730 0
1570 1545 1569 0
1665 1642 1645 0
1668 1694 1692 0
1666 1668 1645 0
1693 1694 1668 0
1722 1745 1739 0
1695 1722 1697 0
1721 1746 1722 0
1717 1721 1695 0
1740 1766 1746 0
1599 1600 1575 0
1576 1550 1551 0
1601 1576 1577 0
1622 1601 1598 0
1599 1576 1601 0
1574 1550 1576 0
1572 1597 1573 0
1670 1647 1671 0
1647 1620 1621 0
1665 1647 1642 0
1646 1622 1647 0
1670 1646 1647 0
1670 1648 1646 0
1575 1549 1574 0
1705 1682 1706 0
1731 1730 1706 0
1704 1703 1679 0
1682 1704 1680 0
1705 1730 1704 0
1724 1701 1700 0
1676 1678 1700 0
1676 1653 1678 0
1702 1677 1701 0
1659 1653 1676 0
1677 1685 1659 0
1701 1677 1676 0
1702 1685 1677 0
1674 1650 1659 0
1634 1609 1627 0
1636 1612 1611 0
1660 1636 1650 0
1635 1612 1636 0
1653 1652 1678 0
1634 1627 1653 0
1609 1629 1627 0
1579 1580 1554 0
1631 1628 1606 0
1628 1629 1604 0
1657 1682 1680 0
1681 1706 1682 0
1547 1546 1523 0
1570 1547 1545 0
1475 1498 1479 0
1449 1475 1454 0
1476 1498 1475 0
1473 1496 1474 0
1499 1498 1476 0
1497 1499 1476 0
1523 1522 1499 0
1547 1523 1545 0
1522 1498 1499 0
1573 1551 1546 0
1527 1550 1526 0
1546 1551 1527 0
1523 1546 1522 0
1547 1573 1546 0
1577 1597 1598 0
1525 1548 1549 0
1798 1773 1775 0
1798 1797 1773 0
1806 1805 1832 0
1799 1823 1798 0
1777 1773 1797 0
1724 1700 1703 0
1748 1724 1729 0
1748 1725 1724 0
1729 1753 1754 0
1524 1525 1501 0
1547 1572 1573 0
1548 1525 1524 0
1581 1582 1606 0
1605 1606 1582 0
1607 1605 1582 0
1630 1606 1605 0
1656 1657 1632 0
1657 1681 1682 0
1655 1654 1680 0
1579 1581 1603 0
1581 1555 1582 0
1603 1581 1606 0
1579 1555 1581 0
1533 1556 1532 0
1557 1582 1556 0
1583 1607 1582 0
1478 1477 1501 0
1607 1630 1605 0
1501 1477 1500 0
1402 1378 1379 0
1427 1426 1399 0
1426 1453 1429 0
1472 1446 1458 0
1473 1472 1495 0
1496 1473 1495 0
1519 1496 1495 0
1497 1474 1496 0
1450 1447 1473 0
1473 1448 1472 0
1520 1497 1496 0
1397 1423 1399 0
1373 1374 1399 0
1396 1422 1421 0
1476 1449 1450 0
1454 1427 1449 0
1479 1454 1475 0
1522 1503 1498 0
1455 1452 1428 0
1479 1455 1453 0
1480 1477 1455 0
1397 1399 1374 0
1530 1554 1536 0
1512 1530 1536 0
1531 1554 1530 0
1488 1485 1506 0
1508 1532 1529 0
1485 1461 1484 0
1506 1485 1508 0
1531 1506 1508 0
1531 1512 1506 0
1464 1438 1461 0
1534 1557 1556 0
1582 1557 1583 0
1400 1428 1425 0
1533 1510 1534 0
1556 1533 1534 0
1507 1483 1487 0
1532 1507 1509 0
1532 1508 1507 0

SubDomainFromMesh
1
3 1 1 0

SubDomainFromGeom
1
2 1 1 0

VertexOnGeometricVertex
360
 1 1
 2 2
 3 3
 4 4
 5 5
 6 6
 7 7
 9 8
 10 9
 11 10
 12 11
 13 12
 16 13
 17 14
 18 15
 20 16
 21 17
 22 18
 23 19
 37 20
 41 21
 61 22
 62 23
 66 24
 85 25
 86 26
 88 27
 108 28
 111 29
 132 30
 134 31
 153 32
 155 33
 176 34
 179 35
 199 36
 202 37
 223 38
 225 39
 247 40
 248 41
 267 42
 268 43
 289 44
 290 45
 303 46
 310 47
 324 48
 331 49
 344 50
 353 51
 364 52
 373 53
 384 54
 392 55
 404 56
 413 57
 414 58
 436 59
 438 60
 456 61
 458 62
 477 63
 480 64
 497 65
 499 66
 517 67
 520 68
 539 69
 542 70
 560 71
 563 72
 581 73
 585 74
 587 75
 604 76
 609 77
 627 78
 632 79
 653 80
 656 81
 674 82
 678 83
 679 84
 695 85
 701 86
 716 87
 720 88
 737 89
 738 90
 760 91
 761 92
 778 93
 783 94
 800 95
 805 96
 822 97
 828 98
 842 99
 849 100
 863 101
 871 102
 885 103
 893 104
 908 105
 916 106
 930 107
 937 108
 950 109
 959 110
 969 111
 973 112
 990 113
 994 114
 1014 115
 1017 116
 1035 117
 1038 118
 1056 119
 1061 120
 1078 121
 1082 122
 1099 123
 1104 124
 1120 125
 1125 126
 1131 127
 1142 128
 1152 129
 1166 130
 1175 131
 1188 132
 1198 133
 1208 134
 1218 135
 1229 136
 1239 137
 1251 138
 1259 139
 1272 140
 1280 141
 1293 142
 1300 143
 1313 144
 1321 145
 1334 146
 1343 147
 1356 148
 1364 149
 1376 150
 1386 151
 1392 152
 1393 153
 1398 154
 1411 155
 1416 156
 1417 157
 1419 158
 1425 159
 1436 160
 1442 161
 1444 162
 1445 163
 1451 164
 1462 165
 1470 166
 1471 167
 1478 168
 1486 169
 1493 170
 1494 171
 1501 172
 1510 173
 1517 174
 1518 175
 1525 176
 1534 177
 1541 178
 1542 179
 1549 180
 1557 181
 1564 182
 1566 183
 1567 184
 1575 185
 1583 186
 1591 187
 1592 188
 1600 189
 1607 190
 1614 191
 1615 192
 1623 193
 1632 194
 1638 195
 1639 196
 1640 197
 1641 198
 1656 199
 1662 200
 1663 201
 1664 202
 1681 203
 1688 204
 1689 205
 1690 206
 1706 207
 1712 208
 1713 209
 1715 210
 1731 211
 1735 212
 1736 213
 1737 214
 1752 215
 1758 216
 1760 217
 1763 218
 1778 219
 1784 220
 1786 221
 1788 222
 1804 223
 1809 224
 1810 225
 1812 226
 1831 227
 1835 228
 1836 229
 1837 230
 1839 231
 1842 232
 1859 233
 1864 234
 1865 235
 1867 236
 1871 237
 1872 238
 1890 239
 1894 240
 1896 241
 1897 242
 1919 243
 1922 244
 1946 245
 1950 246
 1970 247
 1974 248
 1987 249
 1990 250
 1995 251
 2000 252
 2006 253
 2008 254
 2013 255
 2017 256
 2022 257
 2023 258
 2029 259
 2033 260
 2037 261
 2038 262
 2045 263
 2049 264
 2053 265
 2054 266
 2062 267
 2066 268
 2069 269
 2070 270
 2079 271
 2083 272
 2085 273
 2087 274
 2094 275
 2099 276
 2101 277
 2102 278
 2111 279
 2115 280
 2116 281
 2118 282
 2127 283
 2132 284
 2133 285
 2134 286
 2143 287
 2149 288
 2150 289
 2151 290
 2161 291
 2165 292
 2166 293
 2167 294
 2177 295
 2181 296
 2182 297
 2183 298
 2194 299
 2196 300
 2197 301
 2198 302
 2210 303
 2211 304
 2212 305
 2213 306
 2214 307
 2226 308
 2227 309
 2228 310
 2229 311
 2232 312
 2243 313
 2245 314
 2246 315
 2248 316
 2259 317
 2263 318
 2264 319
 2266 320
 2276 321
 2279 322
 2280 323
 2282 324
 2294 325
 2296 326
 2297 327
 2299 328
 2313 329
 2314 330
 2315 331
 2317 332
 2331 333
 2332 334
 2335 335
 2337 336
 2347 337
 2348 338
 2352 339
 2353 340
 2355 341
 2364 342
 2365 343
 2366 344
 2367 345
 2368 346
 2369 347
 2370 348
 2372 349
 2373 350
 2376 351
 2380 352
 2381 353
 2382 354
 2383 355
 2384 356
 2386 357
 2389 358
 2390 359
 2391 360

VertexOnGeometricEdge
0

EdgeOnGeometricEdge
360
1 1
2 2
3 3
4 4
5 5
6 6
7 7
8 8
9 9
10 10
11 11
12 12
13 13
14 14
15 15
16 16
17 17
18 18
19 19
20 20
21 21
22 22
23 23
24 24
25 25
26 26
27 27
28 28
29 29
30 30
31 31
32 32
33 33
34 34
35 35
36 36
37 37
38 38
39 39
40 40
41 41
42 42
43 43
44 44
45 45
46 46
47 47
48 48
49 49
50 50
51 51
52 52
53 53
54 54
55 55
56 56
57 57
58 58
59 59
60 60
61 61
62 62
63 63
64 64
65 65
66 66
67 67
68 68
69 69
70 70
71 71
72 72
73 73
74 74
75 75
76 76
77 77
78 78
79 79
80 80
81 81
82 82
83 83
84 84
85 85
86 86
87 87
88 88
89 89
90 90
91 91
92 92
93 93
94 94
95 95
96 96
97 97
98 98
99 99
100 100
101 101
102 102
103 103
104 104
105 105
106 106
107 107
108 108
109 109
110 110
111 111
112 112
113 113
114 114
115 115
116 116
117 117
118 118
119 119
120 120
121 121
122 122
123 123
124 124
125 125
126 126
127 127
128 128
129 129
130 130
131 131
132 132
133 133
134 134
135 135
136 136
137 137
138 138
139 139
140 140
141 141
142 142
143 143
144 144
145 145
146 146
147 147
148 148
149 149
150 150
151 151
152 152
153 153
154 154
155 155
156 156
157 157
158 158
159 159
160 160
161 161
162 162
163 163
164 164
165 165
166 166
167 167
168 168
169 169
170 170
171 171
172 172
173 173
174 174
175 175
176 176
177 177
178 178
179 179
180 180
181 181
182 182
183 183
184 184
185 185
186 186
187 187
188 188
189 189
190 190
191 191
192 192
193 193
194 194
195 195
196 196
197 197
198 198
199 199
200 200
201 201
202 202
203 203
204 204
205 205
206 206
207 207
208 208
209 209
210 210
211 211
212 212
213 213
214 214
215 215
216 216
217 217
218 218
219 219
220 220
221 221
222 222
223 223
224 224
225 225
226 226
227 227
228 228
229 229
230 230
231 231
232 232
233 233
234 234
235 235
236 236
237 237
238 238
239 239
240 240
241 241
242 242
243 243
244 244
245 245
246 246
247 247
248 248
249 249
250 250
251 251
252 252
253 253
254 254
255 255
256 256
257 257
258 258
259 259
260 260
261 261
262 262
263 263
264 264
265 265
266 266
267 267
268 268
269 269
270 270
271 271
272 272
273 273
274 274
275 275
276 276
277 277
278 278
279 279
280 280
281 281
282 282
283 283
284 284
285 285
286 286
287 287
288 288
289 289
290 290
291 291
292 292
293 293
294 294
295 295
296 296
297 297
298 298
299 299
300 300
301 301
302 302
303 303
304 304
305 305
306 306
307 307
308 308
309 309
310 310
311 311
312 312
313 313
314 314
315 315
316 316
317 317
318 318
319 319
320 320
321 321
322 322
323 323
324 324
325 325
326 326
327 327
328 328
329 329
330 330
331 331
332 332
333 333
334 334
335 335
336 336
337 337
338 338
339 339
340 340
341 341
342 342
343 343
344 344
345 345
346 346
347 347
348 348
349 349
350 350
351 351
352 352
353 353
354 354
355 355
356 356
357 357
358 358
359 359
360 360

End
